ticker,valuation_date,maturity_years,maturity_days,strike,moneyness,spot_price,call_price,implied_vol,heston_v0,heston_kappa,heston_theta,heston_sigma,heston_rho,risk_free_rate
NFLX,2026-03-11,0.005479,2,50.0,0.515783,96.94000244140625,46.96369919507138,3.1298169688596915,0.5381547483646649,10.0,0.14259448737260563,2.0,-0.18125143832496582,0.05
NFLX,2026-03-11,0.005479,2,60.0,0.61894,96.94000244140625,36.966438540802706,2.317803581804681,0.5381547483646649,10.0,0.14259448737260563,2.0,-0.18125143832496582,0.05
NFLX,2026-03-11,0.005479,2,65.0,0.670518,96.94000244140625,31.977808224603933,2.1043882572175905,0.5381547483646649,10.0,0.14259448737260563,2.0,-0.18125143832496582,0.05
NFLX,2026-03-11,0.005479,2,66.0,0.680833,96.94000244140625,30.97808217505178,2.0310081193179754,0.5381547483646649,10.0,0.14259448737260563,2.0,-0.18125143832496582,0.05
NFLX,2026-03-11,0.005479,2,67.0,0.691149,96.94000244140625,29.968356091477744,1.8210930975063966,0.5381547483646649,10.0,0.14259448737260563,2.0,-0.18125143832496582,0.05
NFLX,2026-03-11,0.005479,2,68.0,0.701465,96.94000244140625,28.968630034883873,1.7539258797282484,0.5381547483646649,10.0,0.14259448737260563,2.0,-0.18125143832496582,0.05
NFLX,2026-03-11,0.005479,2,69.0,0.71178,96.94000244140625,27.968903961536668,1.687600122721806,0.5381547483646649,10.0,0.14259448737260563,2.0,-0.18125143832496582,0.05
NFLX,2026-03-11,0.005479,2,70.0,0.722096,96.94000244140625,26.969177911440966,1.622083765633047,0.5381547483646649,10.0,0.14259448737260563,2.0,-0.18125143832496582,0.05
NFLX,2026-03-11,0.005479,2,71.0,0.732412,96.94000244140625,25.969451831793194,1.557343966790977,0.5381547483646649,10.0,0.14259448737260563,2.0,-0.18125143832496582,0.05
NFLX,2026-03-11,0.005479,2,72.0,0.742727,96.94000244140625,24.98972576356489,1.6888456982547426,0.5381547483646649,10.0,0.14259448737260563,2.0,-0.18125143832496582,0.05
NFLX,2026-03-11,0.005479,2,73.0,0.753043,96.94000244140625,23.969999700801296,1.430071228886077,0.5381547483646649,10.0,0.14259448737260563,2.0,-0.18125143832496582,0.05
NFLX,2026-03-11,0.005479,2,74.0,0.763359,96.94000244140625,22.97027363913905,1.3674769209572801,0.5381547483646649,10.0,0.14259448737260563,2.0,-0.18125143832496582,0.05
NFLX,2026-03-11,0.005479,2,75.0,0.773674,96.94000244140625,21.97054756996907,1.3055368839983403,0.5381547483646649,10.0,0.14259448737260563,2.0,-0.18125143832496582,0.05
NFLX,2026-03-11,0.005479,2,76.0,0.78399,96.94000244140625,20.970821494605488,1.2442210681172219,0.5381547483646649,10.0,0.14259448737260563,2.0,-0.18125143832496582,0.05
NFLX,2026-03-11,0.005479,2,77.0,0.794306,96.94000244140625,19.971095458899512,1.1834998787921887,0.5381547483646649,10.0,0.14259448737260563,2.0,-0.18125143832496582,0.05
NFLX,2026-03-11,0.005479,2,78.0,0.804621,96.94000244140625,18.971369376757707,1.123341736365955,0.5381547483646649,10.0,0.14259448737260563,2.0,-0.18125143832496582,0.05
NFLX,2026-03-11,0.005479,2,79.0,0.814937,96.94000244140625,18.01164331142604,1.2994615118227606,0.5381547483646649,10.0,0.14259448737260563,2.0,-0.18125143832496582,0.05
NFLX,2026-03-11,0.005479,2,80.0,0.825253,96.94000244140625,16.971917260442638,1.004591993637165,0.5381547483646649,10.0,0.14259448737260563,2.0,-0.18125143832496582,0.05
NFLX,2026-03-11,0.005479,2,81.0,0.835568,96.94000244140625,15.97219118143039,0.9459349888917369,0.5381547483646649,10.0,0.14259448737260563,2.0,-0.18125143832496582,0.05
NFLX,2026-03-11,0.005479,2,82.0,0.845884,96.94000244140625,15.022465188718584,1.1226673411323524,0.5381547483646649,10.0,0.14259448737260563,2.0,-0.18125143832496582,0.05
NFLX,2026-03-11,0.005479,2,83.0,0.8562,96.94000244140625,13.982739035475078,0.9013909796023991,0.5381547483646649,10.0,0.14259448737260563,2.0,-0.18125143832496582,0.05
NFLX,2026-03-11,0.005479,2,84.0,0.866515,96.94000244140625,12.993012992815537,0.8866443802560829,0.5381547483646649,10.0,0.14259448737260563,2.0,-0.18125143832496582,0.05
NFLX,2026-03-11,0.005479,2,85.0,0.876831,96.94000244140625,12.003286923065417,0.8578385472614234,0.5381547483646649,10.0,0.14259448737260563,2.0,-0.18125143832496582,0.05
NFLX,2026-03-11,0.005479,2,86.0,0.887147,96.94000244140625,10.99356085792374,0.7590142627191696,0.5381547483646649,10.0,0.14259448737260563,2.0,-0.18125143832496582,0.05
NFLX,2026-03-11,0.005479,2,87.0,0.897462,96.94000244140625,10.023834693637284,0.7757591914104769,0.5381547483646649,10.0,0.14259448737260563,2.0,-0.18125143832496582,0.05
NFLX,2026-03-11,0.005479,2,88.0,0.907778,96.94000244140625,9.034108688751132,0.7262728318981563,0.5381547483646649,10.0,0.14259448737260563,2.0,-0.18125143832496582,0.05
NFLX,2026-03-11,0.005479,2,89.0,0.918094,96.94000244140625,8.054382663095936,0.6879289299376524,0.5381547483646649,10.0,0.14259448737260563,2.0,-0.18125143832496582,0.05
NFLX,2026-03-11,0.005479,2,90.0,0.928409,96.94000244140625,7.084656537479589,0.6530051958741867,0.5381547483646649,10.0,0.14259448737260563,2.0,-0.18125143832496582,0.05
NFLX,2026-03-11,0.005479,2,91.0,0.938725,96.94000244140625,6.134930532524265,0.6258223228420758,0.5381547483646649,10.0,0.14259448737260563,2.0,-0.18125143832496582,0.05
NFLX,2026-03-11,0.005479,2,92.0,0.949041,96.94000244140625,5.205204485066162,0.5977079144767378,0.5381547483646649,10.0,0.14259448737260563,2.0,-0.18125143832496582,0.05
NFLX,2026-03-11,0.005479,2,93.0,0.959356,96.94000244140625,4.3254786181366995,0.5814410891900749,0.5381547483646649,10.0,0.14259448737260563,2.0,-0.18125143832496582,0.05
NFLX,2026-03-11,0.005479,2,94.0,0.969672,96.94000244140625,3.455752337687656,0.5461336670425179,0.5381547483646649,10.0,0.14259448737260563,2.0,-0.18125143832496582,0.05
NFLX,2026-03-11,0.005479,2,95.0,0.979988,96.94000244140625,2.7060262385892884,0.5384792323605981,0.5381547483646649,10.0,0.14259448737260563,2.0,-0.18125143832496582,0.05
NFLX,2026-03-11,0.005479,2,96.0,0.990303,96.94000244140625,1.9863002087375108,0.5098817157810733,0.5381547483646649,10.0,0.14259448737260563,2.0,-0.18125143832496582,0.05
NFLX,2026-03-11,0.005479,2,97.0,1.000619,96.94000244140625,1.450000000042209,0.5122673392595587,0.5381547483646649,10.0,0.14259448737260563,2.0,-0.18125143832496582,0.05
NFLX,2026-03-11,0.005479,2,98.0,1.010935,96.94000244140625,0.9700000003567197,0.49603145861890824,0.5381547483646649,10.0,0.14259448737260563,2.0,-0.18125143832496582,0.05
NFLX,2026-03-11,0.005479,2,99.0,1.02125,96.94000244140625,0.6499994330470464,0.4994260584214276,0.5381547483646649,10.0,0.14259448737260563,2.0,-0.18125143832496582,0.05
NFLX,2026-03-11,0.005479,2,100.0,1.031566,96.94000244140625,0.4000003260888647,0.4933663610651871,0.5381547483646649,10.0,0.14259448737260563,2.0,-0.18125143832496582,0.05
NFLX,2026-03-11,0.005479,2,101.0,1.041882,96.94000244140625,0.25000000065874595,0.4995699199945426,0.5381547483646649,10.0,0.14259448737260563,2.0,-0.18125143832496582,0.05
NFLX,2026-03-11,0.005479,2,102.0,1.052197,96.94000244140625,0.13999984608131122,0.49568994733173716,0.5381547483646649,10.0,0.14259448737260563,2.0,-0.18125143832496582,0.05
NFLX,2026-03-11,0.005479,2,103.0,1.062513,96.94000244140625,0.09000000026739663,0.5125718599654582,0.5381547483646649,10.0,0.14259448737260563,2.0,-0.18125143832496582,0.05
NFLX,2026-03-11,0.005479,2,104.0,1.072829,96.94000244140625,0.05999999769045683,0.5326406175771659,0.5381547483646649,10.0,0.14259448737260563,2.0,-0.18125143832496582,0.05
NFLX,2026-03-11,0.005479,2,105.0,1.083144,96.94000244140625,0.03999999536059384,0.5515826614843696,0.5381547483646649,10.0,0.14259448737260563,2.0,-0.18125143832496582,0.05
NFLX,2026-03-11,0.005479,2,106.0,1.09346,96.94000244140625,0.03000000212387155,0.5795012541343015,0.5381547483646649,10.0,0.14259448737260563,2.0,-0.18125143832496582,0.05
NFLX,2026-03-11,0.005479,2,107.0,1.103776,96.94000244140625,0.010000000460226532,0.5457883634831752,0.5381547483646649,10.0,0.14259448737260563,2.0,-0.18125143832496582,0.05
NFLX,2026-03-11,0.005479,2,108.0,1.114091,96.94000244140625,0.030000000063836296,0.6809072141918314,0.5381547483646649,10.0,0.14259448737260563,2.0,-0.18125143832496582,0.05
NFLX,2026-03-11,0.005479,2,109.0,1.124407,96.94000244140625,0.00999999931354878,0.6348258781521587,0.5381547483646649,10.0,0.14259448737260563,2.0,-0.18125143832496582,0.05
NFLX,2026-03-11,0.005479,2,110.0,1.134722,96.94000244140625,0.01000000000091894,0.6781796095472808,0.5381547483646649,10.0,0.14259448737260563,2.0,-0.18125143832496582,0.05
NFLX,2026-03-11,0.005479,2,111.0,1.145038,96.94000244140625,0.010000018332313676,0.72082033689719,0.5381547483646649,10.0,0.14259448737260563,2.0,-0.18125143832496582,0.05
NFLX,2026-03-11,0.005479,2,112.0,1.155354,96.94000244140625,0.009999994252662958,0.7627870101400804,0.5381547483646649,10.0,0.14259448737260563,2.0,-0.18125143832496582,0.05
NFLX,2026-03-11,0.005479,2,113.0,1.165669,96.94000244140625,0.010000000001812004,0.804114722065977,0.5381547483646649,10.0,0.14259448737260563,2.0,-0.18125143832496582,0.05
NFLX,2026-03-11,0.005479,2,114.0,1.175985,96.94000244140625,0.01999999986382095,0.9150548382983337,0.5381547483646649,10.0,0.14259448737260563,2.0,-0.18125143832496582,0.05
NFLX,2026-03-11,0.005479,2,115.0,1.186301,96.94000244140625,0.010000001835812344,0.8849712412548417,0.5381547483646649,10.0,0.14259448737260563,2.0,-0.18125143832496582,0.05
NFLX,2026-03-11,0.005479,2,116.0,1.196616,96.94000244140625,0.019999993741345534,0.9999031975655636,0.5381547483646649,10.0,0.14259448737260563,2.0,-0.18125143832496582,0.05
NFLX,2026-03-11,0.005479,2,117.0,1.206932,96.94000244140625,0.009999999935775716,0.9635977698497867,0.5381547483646649,10.0,0.14259448737260563,2.0,-0.18125143832496582,0.05
NFLX,2026-03-11,0.005479,2,118.0,1.217248,96.94000244140625,0.010000000001782805,1.0021293209298667,0.5381547483646649,10.0,0.14259448737260563,2.0,-0.18125143832496582,0.05
NFLX,2026-03-11,0.005479,2,119.0,1.227563,96.94000244140625,0.010000015095525283,1.0401652723477617,0.5381547483646649,10.0,0.14259448737260563,2.0,-0.18125143832496582,0.05
NFLX,2026-03-11,0.005479,2,120.0,1.237879,96.94000244140625,0.009999999160605177,1.0777222987680677,0.5381547483646649,10.0,0.14259448737260563,2.0,-0.18125143832496582,0.05
NFLX,2026-03-11,0.005479,2,121.0,1.248195,96.94000244140625,0.02000000000779434,1.2020842342036422,0.5381547483646649,10.0,0.14259448737260563,2.0,-0.18125143832496582,0.05
NFLX,2026-03-11,0.005479,2,122.0,1.25851,96.94000244140625,0.009999999881028787,1.151463466672475,0.5381547483646649,10.0,0.14259448737260563,2.0,-0.18125143832496582,0.05
NFLX,2026-03-11,0.005479,2,123.0,1.268826,96.94000244140625,0.020000000481409375,1.2793983373217195,0.5381547483646649,10.0,0.14259448737260563,2.0,-0.18125143832496582,0.05
NFLX,2026-03-11,0.005479,2,124.0,1.279142,96.94000244140625,0.009999997266975591,1.223467451545304,0.5381547483646649,10.0,0.14259448737260563,2.0,-0.18125143832496582,0.05
NFLX,2026-03-11,0.005479,2,125.0,1.289457,96.94000244140625,0.0100000135382865,1.2588501257188291,0.5381547483646649,10.0,0.14259448737260563,2.0,-0.18125143832496582,0.05
NFLX,2026-03-11,0.005479,2,127.0,1.310089,96.94000244140625,0.019999988439259875,1.4286127616720767,0.5381547483646649,10.0,0.14259448737260563,2.0,-0.18125143832496582,0.05
NFLX,2026-03-11,0.005479,2,130.0,1.341036,96.94000244140625,0.020000000000273688,1.5361784838377412,0.5381547483646649,10.0,0.14259448737260563,2.0,-0.18125143832496582,0.05
NFLX,2026-03-11,0.005479,2,131.0,1.351351,96.94000244140625,0.01000000000335638,1.4631558246204601,0.5381547483646649,10.0,0.14259448737260563,2.0,-0.18125143832496582,0.05
NFLX,2026-03-11,0.005479,2,133.0,1.371983,96.94000244140625,0.010000000188360003,1.5284397807792844,0.5381547483646649,10.0,0.14259448737260563,2.0,-0.18125143832496582,0.05
NFLX,2026-03-11,0.005479,2,134.0,1.382298,96.94000244140625,0.009999999813843474,1.5605907528597918,0.5381547483646649,10.0,0.14259448737260563,2.0,-0.18125143832496582,0.05
NFLX,2026-03-11,0.005479,2,135.0,1.392614,96.94000244140625,0.019999999855685735,1.7080006856390755,0.5381547483646649,10.0,0.14259448737260563,2.0,-0.18125143832496582,0.05
NFLX,2026-03-11,0.005479,2,140.0,1.444192,96.94000244140625,0.010000006064188494,1.7470659152963794,0.5381547483646649,10.0,0.14259448737260563,2.0,-0.18125143832496582,0.05
NFLX,2026-03-11,0.005479,2,145.0,1.495771,96.94000244140625,0.009999999854478386,1.8947154191564701,0.5381547483646649,10.0,0.14259448737260563,2.0,-0.18125143832496582,0.05
NFLX,2026-03-11,0.005479,2,150.0,1.547349,96.94000244140625,0.009999998192911336,2.036025502372331,0.5381547483646649,10.0,0.14259448737260563,2.0,-0.18125143832496582,0.05
NFLX,2026-03-11,0.005479,2,155.0,1.598927,96.94000244140625,0.010000000000074255,2.171549588428322,0.5381547483646649,10.0,0.14259448737260563,2.0,-0.18125143832496582,0.05
NFLX,2026-03-11,0.005479,2,160.0,1.650505,96.94000244140625,0.009999997241769698,2.3017637068139996,0.5381547483646649,10.0,0.14259448737260563,2.0,-0.18125143832496582,0.05
NFLX,2026-03-11,0.005479,2,165.0,1.702084,96.94000244140625,4.0026205144902764e-35,0.5865113513439719,0.5381547483646649,10.0,0.14259448737260563,2.0,-0.18125143832496582,0.05
NFLX,2026-03-11,0.024658,9,49.0,0.505467,96.94000244140625,48.02037614930819,1.626350606767101,0.5381547483646649,10.0,0.14259448737260563,2.0,-0.18125143832496582,0.05
NFLX,2026-03-11,0.024658,9,50.0,0.515783,96.94000244140625,47.011608293741126,1.477415067724499,0.5381547483646649,10.0,0.14259448737260563,2.0,-0.18125143832496582,0.05
NFLX,2026-03-11,0.024658,9,51.0,0.526099,96.94000244140625,46.012840410043616,1.435993044506049,0.5381547483646649,10.0,0.14259448737260563,2.0,-0.18125143832496582,0.05
NFLX,2026-03-11,0.024658,9,52.0,0.536414,96.94000244140625,45.024072527074104,1.494241359461951,0.5381547483646649,10.0,0.14259448737260563,2.0,-0.18125143832496582,0.05
NFLX,2026-03-11,0.024658,9,53.0,0.54673,96.94000244140625,44.01530465821398,1.3554489727867098,0.5381547483646649,10.0,0.14259448737260563,2.0,-0.18125143832496582,0.05
NFLX,2026-03-11,0.024658,9,54.0,0.557046,96.94000244140625,43.106536787627185,1.713181056769247,0.5381547483646649,10.0,0.14259448737260563,2.0,-0.18125143832496582,0.05
NFLX,2026-03-11,0.024658,9,55.0,0.567361,96.94000244140625,42.027768880744,1.3692551742910624,0.5381547483646649,10.0,0.14259448737260563,2.0,-0.18125143832496582,0.05
NFLX,2026-03-11,0.024658,9,56.0,0.577677,96.94000244140625,41.01900097986807,1.2399241869073596,0.5381547483646649,10.0,0.14259448737260563,2.0,-0.18125143832496582,0.05
NFLX,2026-03-11,0.024658,9,57.0,0.587993,96.94000244140625,40.020233112032656,1.2027164416714398,0.5381547483646649,10.0,0.14259448737260563,2.0,-0.18125143832496582,0.05
NFLX,2026-03-11,0.024658,9,58.0,0.598308,96.94000244140625,39.04146522925011,1.3076644381163514,0.5381547483646649,10.0,0.14259448737260563,2.0,-0.18125143832496582,0.05
NFLX,2026-03-11,0.024658,9,59.0,0.608624,96.94000244140625,38.1526973463415,1.5543675627555298,0.5381547483646649,10.0,0.14259448737260563,2.0,-0.18125143832496582,0.05
NFLX,2026-03-11,0.024658,9,60.0,0.61894,96.94000244140625,37.02392945424638,1.0946471635462371,0.5381547483646649,10.0,0.14259448737260563,2.0,-0.18125143832496582,0.05
NFLX,2026-03-11,0.024658,9,61.0,0.629255,96.94000244140625,36.03516157945148,1.1374264435495334,0.5381547483646649,10.0,0.14259448737260563,2.0,-0.18125143832496582,0.05
NFLX,2026-03-11,0.024658,9,62.0,0.639571,96.94000244140625,35.04639372269253,1.1520143151617015,0.5381547483646649,10.0,0.14259448737260563,2.0,-0.18125143832496582,0.05
NFLX,2026-03-11,0.024658,9,63.0,0.649887,96.94000244140625,34.03762582664486,1.064791343841909,0.5381547483646649,10.0,0.14259448737260563,2.0,-0.18125143832496582,0.05
NFLX,2026-03-11,0.024658,9,64.0,0.660202,96.94000244140625,33.03885793125664,1.0292456691895038,0.5381547483646649,10.0,0.14259448737260563,2.0,-0.18125143832496582,0.05
NFLX,2026-03-11,0.024658,9,65.0,0.670518,96.94000244140625,32.04009004892042,0.9941884942108343,0.5381547483646649,10.0,0.14259448737260563,2.0,-0.18125143832496582,0.05
NFLX,2026-03-11,0.024658,9,66.0,0.680833,96.94000244140625,31.051322163194598,1.005123088289749,0.5381547483646649,10.0,0.14259448737260563,2.0,-0.18125143832496582,0.05
NFLX,2026-03-11,0.024658,9,67.0,0.691149,96.94000244140625,30.05255428242255,0.9696138032098814,0.5381547483646649,10.0,0.14259448737260563,2.0,-0.18125143832496582,0.05
NFLX,2026-03-11,0.024658,9,68.0,0.701465,96.94000244140625,29.043786407081328,0.8917626188601696,0.5381547483646649,10.0,0.14259448737260563,2.0,-0.18125143832496582,0.05
NFLX,2026-03-11,0.024658,9,69.0,0.71178,96.94000244140625,28.045018516619407,0.8584770390692307,0.5381547483646649,10.0,0.14259448737260563,2.0,-0.18125143832496582,0.05
NFLX,2026-03-11,0.024658,9,70.0,0.722096,96.94000244140625,27.06625058395916,0.8972473341995457,0.5381547483646649,10.0,0.14259448737260563,2.0,-0.18125143832496582,0.05
NFLX,2026-03-11,0.024658,9,71.0,0.732412,96.94000244140625,26.057482748093776,0.8318739444644402,0.5381547483646649,10.0,0.14259448737260563,2.0,-0.18125143832496582,0.05
NFLX,2026-03-11,0.024658,9,72.0,0.742727,96.94000244140625,25.04871486616932,0.7609556351543403,0.5381547483646649,10.0,0.14259448737260563,2.0,-0.18125143832496582,0.05
NFLX,2026-03-11,0.024658,9,73.0,0.753043,96.94000244140625,24.069947012675627,0.7938385634409003,0.5381547483646649,10.0,0.14259448737260563,2.0,-0.18125143832496582,0.05
NFLX,2026-03-11,0.024658,9,74.0,0.763359,96.94000244140625,23.071179104061883,0.7600939267558318,0.5381547483646649,10.0,0.14259448737260563,2.0,-0.18125143832496582,0.05
NFLX,2026-03-11,0.024658,9,75.0,0.773674,96.94000244140625,22.08241121886084,0.7489969153355038,0.5381547483646649,10.0,0.14259448737260563,2.0,-0.18125143832496582,0.05
NFLX,2026-03-11,0.024658,9,76.0,0.78399,96.94000244140625,21.093643287089037,0.7338776517366432,0.5381547483646649,10.0,0.14259448737260563,2.0,-0.18125143832496582,0.05
NFLX,2026-03-11,0.024658,9,77.0,0.794306,96.94000244140625,20.094875452296577,0.6995552280595198,0.5381547483646649,10.0,0.14259448737260563,2.0,-0.18125143832496582,0.05
NFLX,2026-03-11,0.024658,9,78.0,0.804621,96.94000244140625,19.096107567150497,0.665518657097545,0.5381547483646649,10.0,0.14259448737260563,2.0,-0.18125143832496582,0.05
NFLX,2026-03-11,0.024658,9,79.0,0.814937,96.94000244140625,18.11733987648408,0.660390592002233,0.5381547483646649,10.0,0.14259448737260563,2.0,-0.18125143832496582,0.05
NFLX,2026-03-11,0.024658,9,80.0,0.825253,96.94000244140625,17.12857179417513,0.6378023504850413,0.5381547483646649,10.0,0.14259448737260563,2.0,-0.18125143832496582,0.05
NFLX,2026-03-11,0.024658,9,81.0,0.835568,96.94000244140625,16.139804027583352,0.6136455377220523,0.5381547483646649,10.0,0.14259448737260563,2.0,-0.18125143832496582,0.05
NFLX,2026-03-11,0.024658,9,82.0,0.845884,96.94000244140625,15.151036036472988,0.5881300028354186,0.5381547483646649,10.0,0.14259448737260563,2.0,-0.18125143832496582,0.05
NFLX,2026-03-11,0.024658,9,83.0,0.8562,96.94000244140625,14.27226779215816,0.6392234355604874,0.5381547483646649,10.0,0.14259448737260563,2.0,-0.18125143832496582,0.05
NFLX,2026-03-11,0.024658,9,84.0,0.866515,96.94000244140625,13.193500299718295,0.5486377847453034,0.5381547483646649,10.0,0.14259448737260563,2.0,-0.18125143832496582,0.05
NFLX,2026-03-11,0.024658,9,85.0,0.876831,96.94000244140625,12.214732639285216,0.5250538092108371,0.5381547483646649,10.0,0.14259448737260563,2.0,-0.18125143832496582,0.05
NFLX,2026-03-11,0.024658,9,86.0,0.887147,96.94000244140625,11.26596449172392,0.5160014287419479,0.5381547483646649,10.0,0.14259448737260563,2.0,-0.18125143832496582,0.05
NFLX,2026-03-11,0.024658,9,87.0,0.897462,96.94000244140625,10.32719640736569,0.505537446881927,0.5381547483646649,10.0,0.14259448737260563,2.0,-0.18125143832496582,0.05
NFLX,2026-03-11,0.024658,9,88.0,0.907778,96.94000244140625,9.408428631416697,0.49699908409546534,0.5381547483646649,10.0,0.14259448737260563,2.0,-0.18125143832496582,0.05
NFLX,2026-03-11,0.024658,9,89.0,0.918094,96.94000244140625,8.459661320987308,0.47183783741342333,0.5381547483646649,10.0,0.14259448737260563,2.0,-0.18125143832496582,0.05
NFLX,2026-03-11,0.024658,9,90.0,0.928409,96.94000244140625,7.560892163632218,0.4586384829597292,0.5381547483646649,10.0,0.14259448737260563,2.0,-0.18125143832496582,0.05
NFLX,2026-03-11,0.024658,9,91.0,0.938725,96.94000244140625,6.692125108536558,0.447157001839606,0.5381547483646649,10.0,0.14259448737260563,2.0,-0.18125143832496582,0.05
NFLX,2026-03-11,0.024658,9,92.0,0.949041,96.94000244140625,5.853357197917305,0.4356681492639814,0.5381547483646649,10.0,0.14259448737260563,2.0,-0.18125143832496582,0.05
NFLX,2026-03-11,0.024658,9,93.0,0.959356,96.94000244140625,5.074589325969612,0.4291858063725931,0.5381547483646649,10.0,0.14259448737260563,2.0,-0.18125143832496582,0.05
NFLX,2026-03-11,0.024658,9,94.0,0.969672,96.94000244140625,4.305821430518712,0.4158146657806187,0.5381547483646649,10.0,0.14259448737260563,2.0,-0.18125143832496582,0.05
NFLX,2026-03-11,0.024658,9,95.0,0.979988,96.94000244140625,3.617053568862147,0.40826606488684886,0.5381547483646649,10.0,0.14259448737260563,2.0,-0.18125143832496582,0.05
NFLX,2026-03-11,0.024658,9,96.0,0.990303,96.94000244140625,3.0182854988732686,0.40620624242743675,0.5381547483646649,10.0,0.14259448737260563,2.0,-0.18125143832496582,0.05
NFLX,2026-03-11,0.024658,9,97.0,1.000619,96.94000244140625,2.420000002415385,0.39376299448734675,0.5381547483646649,10.0,0.14259448737260563,2.0,-0.18125143832496582,0.05
NFLX,2026-03-11,0.024658,9,98.0,1.010935,96.94000244140625,1.89999991546523,0.3834770460607016,0.5381547483646649,10.0,0.14259448737260563,2.0,-0.18125143832496582,0.05
NFLX,2026-03-11,0.024658,9,99.0,1.02125,96.94000244140625,1.4500000113607072,0.37337691128692724,0.5381547483646649,10.0,0.14259448737260563,2.0,-0.18125143832496582,0.05
NFLX,2026-03-11,0.024658,9,100.0,1.031566,96.94000244140625,1.1299999625011985,0.37432791652370323,0.5381547483646649,10.0,0.14259448737260563,2.0,-0.18125143832496582,0.05
NFLX,2026-03-11,0.024658,9,101.0,1.041882,96.94000244140625,0.8500000338534051,0.37166577574546383,0.5381547483646649,10.0,0.14259448737260563,2.0,-0.18125143832496582,0.05
NFLX,2026-03-11,0.024658,9,102.0,1.052197,96.94000244140625,0.6500002468233781,0.3746898601429383,0.5381547483646649,10.0,0.14259448737260563,2.0,-0.18125143832496582,0.05
NFLX,2026-03-11,0.024658,9,103.0,1.062513,96.94000244140625,0.45000088680571615,0.3664854569512445,0.5381547483646649,10.0,0.14259448737260563,2.0,-0.18125143832496582,0.05
NFLX,2026-03-11,0.024658,9,104.0,1.072829,96.94000244140625,0.3299998804576827,0.3685066346106529,0.5381547483646649,10.0,0.14259448737260563,2.0,-0.18125143832496582,0.05
NFLX,2026-03-11,0.024658,9,105.0,1.083144,96.94000244140625,0.2500000199004493,0.3747999044659824,0.5381547483646649,10.0,0.14259448737260563,2.0,-0.18125143832496582,0.05
NFLX,2026-03-11,0.024658,9,106.0,1.09346,96.94000244140625,0.17000001503949935,0.37196617558448447,0.5381547483646649,10.0,0.14259448737260563,2.0,-0.18125143832496582,0.05
NFLX,2026-03-11,0.024658,9,107.0,1.103776,96.94000244140625,0.1299998587190263,0.37989877141790823,0.5381547483646649,10.0,0.14259448737260563,2.0,-0.18125143832496582,0.05
NFLX,2026-03-11,0.024658,9,108.0,1.114091,96.94000244140625,0.08999999905729839,0.38053625928687135,0.5381547483646649,10.0,0.14259448737260563,2.0,-0.18125143832496582,0.05
NFLX,2026-03-11,0.024658,9,109.0,1.124407,96.94000244140625,0.08000000099044824,0.3985383028050705,0.5381547483646649,10.0,0.14259448737260563,2.0,-0.18125143832496582,0.05
NFLX,2026-03-11,0.024658,9,110.0,1.134722,96.94000244140625,0.06999999702527582,0.4145723385170663,0.5381547483646649,10.0,0.14259448737260563,2.0,-0.18125143832496582,0.05
NFLX,2026-03-11,0.024658,9,111.0,1.145038,96.94000244140625,0.05000000001293525,0.4164967106509253,0.5381547483646649,10.0,0.14259448737260563,2.0,-0.18125143832496582,0.05
NFLX,2026-03-11,0.024658,9,112.0,1.155354,96.94000244140625,0.04000000079542887,0.4255989450922022,0.5381547483646649,10.0,0.14259448737260563,2.0,-0.18125143832496582,0.05
NFLX,2026-03-11,0.024658,9,114.0,1.175985,96.94000244140625,0.030000022596345266,0.4518376468460007,0.5381547483646649,10.0,0.14259448737260563,2.0,-0.18125143832496582,0.05
NFLX,2026-03-11,0.024658,9,115.0,1.186301,96.94000244140625,0.029999996040489307,0.47280584496305,0.5381547483646649,10.0,0.14259448737260563,2.0,-0.18125143832496582,0.05
NFLX,2026-03-11,0.024658,9,116.0,1.196616,96.94000244140625,0.029999999902638352,0.49346446737095007,0.5381547483646649,10.0,0.14259448737260563,2.0,-0.18125143832496582,0.05
NFLX,2026-03-11,0.024658,9,116.5,1.201774,96.94000244140625,0.03999999357448458,0.5232012741764024,0.5381547483646649,10.0,0.14259448737260563,2.0,-0.18125143832496582,0.05
NFLX,2026-03-11,0.024658,9,117.0,1.206932,96.94000244140625,0.019999999918658085,0.4887533270170404,0.5381547483646649,10.0,0.14259448737260563,2.0,-0.18125143832496582,0.05
NFLX,2026-03-11,0.024658,9,117.5,1.21209,96.94000244140625,0.06000000056620558,0.5757877114651725,0.5381547483646649,10.0,0.14259448737260563,2.0,-0.18125143832496582,0.05
NFLX,2026-03-11,0.024658,9,118.0,1.217248,96.94000244140625,0.039999998622101796,0.5543028340659997,0.5381547483646649,10.0,0.14259448737260563,2.0,-0.18125143832496582,0.05
NFLX,2026-03-11,0.024658,9,118.5,1.222406,96.94000244140625,0.030000075072863064,0.543840775997438,0.5381547483646649,10.0,0.14259448737260563,2.0,-0.18125143832496582,0.05
NFLX,2026-03-11,0.024658,9,119.0,1.227563,96.94000244140625,0.05000005664749407,0.592335170346658,0.5381547483646649,10.0,0.14259448737260563,2.0,-0.18125143832496582,0.05
NFLX,2026-03-11,0.024658,9,119.5,1.232721,96.94000244140625,0.07999999969976024,0.6450540325462958,0.5381547483646649,10.0,0.14259448737260563,2.0,-0.18125143832496582,0.05
NFLX,2026-03-11,0.024658,9,120.0,1.237879,96.94000244140625,0.020000004641461344,0.545951450875817,0.5381547483646649,10.0,0.14259448737260563,2.0,-0.18125143832496582,0.05
NFLX,2026-03-11,0.024658,9,120.5,1.243037,96.94000244140625,0.04999998762617053,0.6230710730686968,0.5381547483646649,10.0,0.14259448737260563,2.0,-0.18125143832496582,0.05
NFLX,2026-03-11,0.024658,9,121.0,1.248195,96.94000244140625,0.02000002462800099,0.56452688080521,0.5381547483646649,10.0,0.14259448737260563,2.0,-0.18125143832496582,0.05
NFLX,2026-03-11,0.024658,9,121.5,1.253353,96.94000244140625,0.09000000001210573,0.700025446427108,0.5381547483646649,10.0,0.14259448737260563,2.0,-0.18125143832496582,0.05
NFLX,2026-03-11,0.024658,9,122.0,1.25851,96.94000244140625,0.009999998541269595,0.5407957463972961,0.5381547483646649,10.0,0.14259448737260563,2.0,-0.18125143832496582,0.05
NFLX,2026-03-11,0.024658,9,122.5,1.263668,96.94000244140625,0.009999997025893714,0.5493600098891461,0.5381547483646649,10.0,0.14259448737260563,2.0,-0.18125143832496582,0.05
NFLX,2026-03-11,0.024658,9,123.0,1.268826,96.94000244140625,0.059999989046302105,0.6899335250451711,0.5381547483646649,10.0,0.14259448737260563,2.0,-0.18125143832496582,0.05
NFLX,2026-03-11,0.024658,9,123.5,1.273984,96.94000244140625,0.040000025791828486,0.6630987430448146,0.5381547483646649,10.0,0.14259448737260563,2.0,-0.18125143832496582,0.05
NFLX,2026-03-11,0.024658,9,124.0,1.279142,96.94000244140625,0.01999999907157879,0.6188930936179117,0.5381547483646649,10.0,0.14259448737260563,2.0,-0.18125143832496582,0.05
NFLX,2026-03-11,0.024658,9,124.5,1.2843,96.94000244140625,0.08000000000227603,0.7495638508429292,0.5381547483646649,10.0,0.14259448737260563,2.0,-0.18125143832496582,0.05
NFLX,2026-03-11,0.024658,9,125.0,1.289457,96.94000244140625,0.009999999031410023,0.591439246266765,0.5381547483646649,10.0,0.14259448737260563,2.0,-0.18125143832496582,0.05
NFLX,2026-03-11,0.024658,9,125.5,1.294615,96.94000244140625,0.05000000002209215,0.7213111992943141,0.5381547483646649,10.0,0.14259448737260563,2.0,-0.18125143832496582,0.05
NFLX,2026-03-11,0.024658,9,126.0,1.299773,96.94000244140625,0.009999960502973304,0.6079375096251114,0.5381547483646649,10.0,0.14259448737260563,2.0,-0.18125143832496582,0.05
NFLX,2026-03-11,0.024658,9,126.5,1.304931,96.94000244140625,0.050000000493726215,0.7402428228344955,0.5381547483646649,10.0,0.14259448737260563,2.0,-0.18125143832496582,0.05
NFLX,2026-03-11,0.024658,9,127.0,1.310089,96.94000244140625,0.030000000232146218,0.7033822134010091,0.5381547483646649,10.0,0.14259448737260563,2.0,-0.18125143832496582,0.05
NFLX,2026-03-11,0.024658,9,127.5,1.315247,96.94000244140625,0.02000000002997404,0.679932995569001,0.5381547483646649,10.0,0.14259448737260563,2.0,-0.18125143832496582,0.05
NFLX,2026-03-11,0.024658,9,128.0,1.320404,96.94000244140625,0.009999999860727304,0.6403919340206594,0.5381547483646649,10.0,0.14259448737260563,2.0,-0.18125143832496582,0.05
NFLX,2026-03-11,0.024658,9,128.5,1.325562,96.94000244140625,0.030000017158795078,0.7298935487244006,0.5381547483646649,10.0,0.14259448737260563,2.0,-0.18125143832496582,0.05
NFLX,2026-03-11,0.024658,9,129.0,1.33072,96.94000244140625,0.030000048252921685,0.738632026080172,0.5381547483646649,10.0,0.14259448737260563,2.0,-0.18125143832496582,0.05
NFLX,2026-03-11,0.024658,9,129.5,1.335878,96.94000244140625,0.02000003689857488,0.7137490329360228,0.5381547483646649,10.0,0.14259448737260563,2.0,-0.18125143832496582,0.05
NFLX,2026-03-11,0.024658,9,130.0,1.341036,96.94000244140625,0.01999998852871565,0.7220882734583541,0.5381547483646649,10.0,0.14259448737260563,2.0,-0.18125143832496582,0.05
NFLX,2026-03-11,0.024658,9,130.5,1.346193,96.94000244140625,0.039999999522230545,0.7913570378200497,0.5381547483646649,10.0,0.14259448737260563,2.0,-0.18125143832496582,0.05
NFLX,2026-03-11,0.024658,9,131.0,1.351351,96.94000244140625,0.029999997537579537,0.7731090669199497,0.5381547483646649,10.0,0.14259448737260563,2.0,-0.18125143832496582,0.05
NFLX,2026-03-11,0.024658,9,131.5,1.356509,96.94000244140625,0.049999999652769134,0.8316889962740092,0.5381547483646649,10.0,0.14259448737260563,2.0,-0.18125143832496582,0.05
NFLX,2026-03-11,0.024658,9,132.0,1.361667,96.94000244140625,0.009999999009836447,0.703256261057221,0.5381547483646649,10.0,0.14259448737260563,2.0,-0.18125143832496582,0.05
NFLX,2026-03-11,0.024658,9,132.5,1.366825,96.94000244140625,0.0399999961973998,0.8261830055712077,0.5381547483646649,10.0,0.14259448737260563,2.0,-0.18125143832496582,0.05
NFLX,2026-03-11,0.024658,9,133.0,1.371983,96.94000244140625,0.06000012631218876,0.8784823644895258,0.5381547483646649,10.0,0.14259448737260563,2.0,-0.18125143832496582,0.05
NFLX,2026-03-11,0.024658,9,133.5,1.37714,96.94000244140625,0.029999952088184068,0.81517814238071,0.5381547483646649,10.0,0.14259448737260563,2.0,-0.18125143832496582,0.05
NFLX,2026-03-11,0.024658,9,134.0,1.382298,96.94000244140625,0.010000000007427179,0.7337314608490395,0.5381547483646649,10.0,0.14259448737260563,2.0,-0.18125143832496582,0.05
NFLX,2026-03-11,0.024658,9,134.5,1.387456,96.94000244140625,0.02000000001915425,0.7951984697271418,0.5381547483646649,10.0,0.14259448737260563,2.0,-0.18125143832496582,0.05
NFLX,2026-03-11,0.024658,9,135.0,1.392614,96.94000244140625,0.010000000332677395,0.7487426256165697,0.5381547483646649,10.0,0.14259448737260563,2.0,-0.18125143832496582,0.05
NFLX,2026-03-11,0.024658,9,135.5,1.397772,96.94000244140625,0.030000027025559817,0.8480545640931753,0.5381547483646649,10.0,0.14259448737260563,2.0,-0.18125143832496582,0.05
NFLX,2026-03-11,0.024658,9,136.0,1.40293,96.94000244140625,0.010000000292088806,0.7636072996719224,0.5381547483646649,10.0,0.14259448737260563,2.0,-0.18125143832496582,0.05
NFLX,2026-03-11,0.024658,9,138.0,1.423561,96.94000244140625,0.019999999483421627,0.8497985676724267,0.5381547483646649,10.0,0.14259448737260563,2.0,-0.18125143832496582,0.05
NFLX,2026-03-11,0.024658,9,140.0,1.444192,96.94000244140625,0.020000001935056855,0.8801741667337858,0.5381547483646649,10.0,0.14259448737260563,2.0,-0.18125143832496582,0.05
NFLX,2026-03-11,0.024658,9,142.0,1.464824,96.94000244140625,0.5099996057122453,1.4438153529940319,0.5381547483646649,10.0,0.14259448737260563,2.0,-0.18125143832496582,0.05
NFLX,2026-03-11,0.024658,9,144.0,1.485455,96.94000244140625,0.030000022179840102,0.9807709728546803,0.5381547483646649,10.0,0.14259448737260563,2.0,-0.18125143832496582,0.05
NFLX,2026-03-11,0.024658,9,145.0,1.495771,96.94000244140625,0.030000000392085835,0.9956975729787549,0.5381547483646649,10.0,0.14259448737260563,2.0,-0.18125143832496582,0.05
NFLX,2026-03-11,0.024658,9,146.0,1.506086,96.94000244140625,0.01000000005710222,0.9048409875203453,0.5381547483646649,10.0,0.14259448737260563,2.0,-0.18125143832496582,0.05
NFLX,2026-03-11,0.024658,9,148.0,1.526718,96.94000244140625,0.10000000000706977,1.2028398023585367,0.5381547483646649,10.0,0.14259448737260563,2.0,-0.18125143832496582,0.05
NFLX,2026-03-11,0.024658,9,150.0,1.547349,96.94000244140625,0.019999976319143187,1.023960325365106,0.5381547483646649,10.0,0.14259448737260563,2.0,-0.18125143832496582,0.05
NFLX,2026-03-11,0.024658,9,152.0,1.56798,96.94000244140625,0.00999998948839037,0.9837902939863095,0.5381547483646649,10.0,0.14259448737260563,2.0,-0.18125143832496582,0.05
NFLX,2026-03-11,0.024658,9,154.0,1.588611,96.94000244140625,0.009999999797732473,1.0092439690809774,0.5381547483646649,10.0,0.14259448737260563,2.0,-0.18125143832496582,0.05
NFLX,2026-03-11,0.024658,9,155.0,1.598927,96.94000244140625,0.019999990210704643,1.0913145718845656,0.5381547483646649,10.0,0.14259448737260563,2.0,-0.18125143832496582,0.05
NFLX,2026-03-11,0.024658,9,156.0,1.609243,96.94000244140625,0.11999999986175514,1.3601670550906793,0.5381547483646649,10.0,0.14259448737260563,2.0,-0.18125143832496582,0.05
NFLX,2026-03-11,0.024658,9,158.0,1.629874,96.94000244140625,0.010000000000211146,1.0589429886586073,0.5381547483646649,10.0,0.14259448737260563,2.0,-0.18125143832496582,0.05
NFLX,2026-03-11,0.024658,9,160.0,1.650505,96.94000244140625,0.010000004306378152,1.083214475546579,0.5381547483646649,10.0,0.14259448737260563,2.0,-0.18125143832496582,0.05
NFLX,2026-03-11,0.024658,9,162.0,1.671137,96.94000244140625,0.009999988811886074,1.107116605782678,0.5381547483646649,10.0,0.14259448737260563,2.0,-0.18125143832496582,0.05
NFLX,2026-03-11,0.024658,9,164.0,1.691768,96.94000244140625,0.0700000000991432,1.3812835435508397,0.5381547483646649,10.0,0.14259448737260563,2.0,-0.18125143832496582,0.05
NFLX,2026-03-11,0.024658,9,165.0,1.702084,96.94000244140625,0.09000000255674023,1.438546596814157,0.5381547483646649,10.0,0.14259448737260563,2.0,-0.18125143832496582,0.05
NFLX,2026-03-11,0.024658,9,166.0,1.712399,96.94000244140625,0.010000018398848676,1.1538589773393257,0.5381547483646649,10.0,0.14259448737260563,2.0,-0.18125143832496582,0.05
NFLX,2026-03-11,0.024658,9,168.0,1.733031,96.94000244140625,0.5100000608474309,1.914871959661451,0.5381547483646649,10.0,0.14259448737260563,2.0,-0.18125143832496582,0.05
NFLX,2026-03-11,0.024658,9,170.0,1.753662,96.94000244140625,0.009999997788742693,1.1992538244834139,0.5381547483646649,10.0,0.14259448737260563,2.0,-0.18125143832496582,0.05
NFLX,2026-03-11,0.024658,9,172.0,1.774293,96.94000244140625,0.00999999429772705,1.2214704774947842,0.5381547483646649,10.0,0.14259448737260563,2.0,-0.18125143832496582,0.05
NFLX,2026-03-11,0.024658,9,174.0,1.794925,96.94000244140625,0.09999999907008905,1.5794613012339664,0.5381547483646649,10.0,0.14259448737260563,2.0,-0.18125143832496582,0.05
NFLX,2026-03-11,0.043836,16,50.0,0.515783,96.94000244140625,47.07947147256816,1.2403661417438936,0.5381547483646649,10.0,0.14259448737260563,2.0,-0.18125143832496582,0.05
NFLX,2026-03-11,0.043836,16,60.0,0.61894,96.94000244140625,37.11136527736944,0.9549929415768964,0.5381547483646649,10.0,0.14259448737260563,2.0,-0.18125143832496582,0.05
NFLX,2026-03-11,0.043836,16,65.0,0.670518,96.94000244140625,32.12231218125753,0.8101728244407083,0.5381547483646649,10.0,0.14259448737260563,2.0,-0.18125143832496582,0.05
NFLX,2026-03-11,0.043836,16,66.0,0.680833,96.94000244140625,31.144501592669727,0.8245278492689058,0.5381547483646649,10.0,0.14259448737260563,2.0,-0.18125143832496582,0.05
NFLX,2026-03-11,0.043836,16,67.0,0.691149,96.94000244140625,30.13669095632612,0.7768250486299728,0.5381547483646649,10.0,0.14259448737260563,2.0,-0.18125143832496582,0.05
NFLX,2026-03-11,0.043836,16,68.0,0.701465,96.94000244140625,29.15888032456533,0.784100624435821,0.5381547483646649,10.0,0.14259448737260563,2.0,-0.18125143832496582,0.05
NFLX,2026-03-11,0.043836,16,69.0,0.71178,96.94000244140625,28.131069704479117,0.7011346290528178,0.5381547483646649,10.0,0.14259448737260563,2.0,-0.18125143832496582,0.05
NFLX,2026-03-11,0.043836,16,70.0,0.722096,96.94000244140625,27.143259083415884,0.694617475958976,0.5381547483646649,10.0,0.14259448737260563,2.0,-0.18125143832496582,0.05
NFLX,2026-03-11,0.043836,16,71.0,0.732412,96.94000244140625,26.15544857594672,0.6846771243557116,0.5381547483646649,10.0,0.14259448737260563,2.0,-0.18125143832496582,0.05
NFLX,2026-03-11,0.043836,16,72.0,0.742727,96.94000244140625,25.157637844079204,0.6576583764844781,0.5381547483646649,10.0,0.14259448737260563,2.0,-0.18125143832496582,0.05
NFLX,2026-03-11,0.043836,16,73.0,0.753043,96.94000244140625,24.159827224385253,0.6309243410166054,0.5381547483646649,10.0,0.14259448737260563,2.0,-0.18125143832496582,0.05
NFLX,2026-03-11,0.043836,16,74.0,0.763359,96.94000244140625,23.232016557234147,0.6810630127140301,0.5381547483646649,10.0,0.14259448737260563,2.0,-0.18125143832496582,0.05
NFLX,2026-03-11,0.043836,16,75.0,0.773674,96.94000244140625,22.19420598822461,0.6144295471644987,0.5381547483646649,10.0,0.14259448737260563,2.0,-0.18125143832496582,0.05
NFLX,2026-03-11,0.043836,16,76.0,0.78399,96.94000244140625,21.20639544028505,0.5971265507457448,0.5381547483646649,10.0,0.14259448737260563,2.0,-0.18125143832496582,0.05
NFLX,2026-03-11,0.043836,16,77.0,0.794306,96.94000244140625,20.268584483335218,0.6176686477248805,0.5381547483646649,10.0,0.14259448737260563,2.0,-0.18125143832496582,0.05
NFLX,2026-03-11,0.043836,16,78.0,0.804621,96.94000244140625,19.240774121917568,0.5672982887172129,0.5381547483646649,10.0,0.14259448737260563,2.0,-0.18125143832496582,0.05
NFLX,2026-03-11,0.043836,16,79.0,0.814937,96.94000244140625,18.272963509277474,0.5600940243174621,0.5381547483646649,10.0,0.14259448737260563,2.0,-0.18125143832496582,0.05
NFLX,2026-03-11,0.043836,16,80.0,0.825253,96.94000244140625,17.28515305986471,0.5377404144051693,0.5381547483646649,10.0,0.14259448737260563,2.0,-0.18125143832496582,0.05
NFLX,2026-03-11,0.043836,16,81.0,0.835568,96.94000244140625,16.307342278253202,0.5204099258409975,0.5381547483646649,10.0,0.14259448737260563,2.0,-0.18125143832496582,0.05
NFLX,2026-03-11,0.043836,16,82.0,0.845884,96.94000244140625,15.34953170337998,0.5113669319146493,0.5381547483646649,10.0,0.14259448737260563,2.0,-0.18125143832496582,0.05
NFLX,2026-03-11,0.043836,16,83.0,0.8562,96.94000244140625,14.391720983868638,0.4991097994659021,0.5381547483646649,10.0,0.14259448737260563,2.0,-0.18125143832496582,0.05
NFLX,2026-03-11,0.043836,16,84.0,0.866515,96.94000244140625,13.413909807633416,0.47669087168886404,0.5381547483646649,10.0,0.14259448737260563,2.0,-0.18125143832496582,0.05
NFLX,2026-03-11,0.043836,16,85.0,0.876831,96.94000244140625,12.496100313533987,0.47384855318079927,0.5381547483646649,10.0,0.14259448737260563,2.0,-0.18125143832496582,0.05
NFLX,2026-03-11,0.043836,16,86.0,0.887147,96.94000244140625,11.578288893171461,0.46600220158841743,0.5381547483646649,10.0,0.14259448737260563,2.0,-0.18125143832496582,0.05
NFLX,2026-03-11,0.043836,16,87.0,0.897462,96.94000244140625,10.640477852303079,0.44908356715204845,0.5381547483646649,10.0,0.14259448737260563,2.0,-0.18125143832496582,0.05
NFLX,2026-03-11,0.043836,16,88.0,0.907778,96.94000244140625,9.742667936416453,0.4392341530167124,0.5381547483646649,10.0,0.14259448737260563,2.0,-0.18125143832496582,0.05
NFLX,2026-03-11,0.043836,16,89.0,0.918094,96.94000244140625,8.884856196628007,0.43387331788493777,0.5381547483646649,10.0,0.14259448737260563,2.0,-0.18125143832496582,0.05
NFLX,2026-03-11,0.043836,16,90.0,0.928409,96.94000244140625,8.027046697599971,0.4236788229515956,0.5381547483646649,10.0,0.14259448737260563,2.0,-0.18125143832496582,0.05
NFLX,2026-03-11,0.043836,16,91.0,0.938725,96.94000244140625,7.199235407290857,0.4144575684346834,0.5381547483646649,10.0,0.14259448737260563,2.0,-0.18125143832496582,0.05
NFLX,2026-03-11,0.043836,16,92.0,0.949041,96.94000244140625,6.421425459442617,0.4085254114368183,0.5381547483646649,10.0,0.14259448737260563,2.0,-0.18125143832496582,0.05
NFLX,2026-03-11,0.043836,16,93.0,0.959356,96.94000244140625,5.673614772170488,0.40172174069513616,0.5381547483646649,10.0,0.14259448737260563,2.0,-0.18125143832496582,0.05
NFLX,2026-03-11,0.043836,16,94.0,0.969672,96.94000244140625,4.985803647901712,0.39779269804173517,0.5381547483646649,10.0,0.14259448737260563,2.0,-0.18125143832496582,0.05
NFLX,2026-03-11,0.043836,16,95.0,0.979988,96.94000244140625,4.297993600864565,0.3880859456766924,0.5381547483646649,10.0,0.14259448737260563,2.0,-0.18125143832496582,0.05
NFLX,2026-03-11,0.043836,16,96.0,0.990303,96.94000244140625,3.5701829317872864,0.36779152553332917,0.5381547483646649,10.0,0.14259448737260563,2.0,-0.18125143832496582,0.05
NFLX,2026-03-11,0.043836,16,97.0,1.000619,96.94000244140625,3.0800000189243235,0.37128575622873505,0.5381547483646649,10.0,0.14259448737260563,2.0,-0.18125143832496582,0.05
NFLX,2026-03-11,0.043836,16,98.0,1.010935,96.94000244140625,2.54999999826169,0.3632664944509025,0.5381547483646649,10.0,0.14259448737260563,2.0,-0.18125143832496582,0.05
NFLX,2026-03-11,0.043836,16,99.0,1.02125,96.94000244140625,2.090000000024304,0.35726207393579235,0.5381547483646649,10.0,0.14259448737260563,2.0,-0.18125143832496582,0.05
NFLX,2026-03-11,0.043836,16,100.0,1.031566,96.94000244140625,1.6999995667982617,0.3533265652983161,0.5381547483646649,10.0,0.14259448737260563,2.0,-0.18125143832496582,0.05
NFLX,2026-03-11,0.043836,16,101.0,1.041882,96.94000244140625,1.409999921909531,0.3560796855829288,0.5381547483646649,10.0,0.14259448737260563,2.0,-0.18125143832496582,0.05
NFLX,2026-03-11,0.043836,16,102.0,1.052197,96.94000244140625,1.1200000052478707,0.35245180039451685,0.5381547483646649,10.0,0.14259448737260563,2.0,-0.18125143832496582,0.05
NFLX,2026-03-11,0.043836,16,103.0,1.062513,96.94000244140625,0.8699999180882152,0.34790581323895525,0.5381547483646649,10.0,0.14259448737260563,2.0,-0.18125143832496582,0.05
NFLX,2026-03-11,0.043836,16,104.0,1.072829,96.94000244140625,0.6900001918609604,0.34835894375065496,0.5381547483646649,10.0,0.14259448737260563,2.0,-0.18125143832496582,0.05
NFLX,2026-03-11,0.043836,16,105.0,1.083144,96.94000244140625,0.5100000057263436,0.34199450304480894,0.5381547483646649,10.0,0.14259448737260563,2.0,-0.18125143832496582,0.05
NFLX,2026-03-11,0.043836,16,106.0,1.09346,96.94000244140625,0.39000000001472657,0.3413842737825876,0.5381547483646649,10.0,0.14259448737260563,2.0,-0.18125143832496582,0.05
NFLX,2026-03-11,0.043836,16,107.0,1.103776,96.94000244140625,0.3100001782655255,0.34522189088089944,0.5381547483646649,10.0,0.14259448737260563,2.0,-0.18125143832496582,0.05
NFLX,2026-03-11,0.043836,16,108.0,1.114091,96.94000244140625,0.23999978285129586,0.34707153281295944,0.5381547483646649,10.0,0.14259448737260563,2.0,-0.18125143832496582,0.05
NFLX,2026-03-11,0.043836,16,109.0,1.124407,96.94000244140625,0.21000000778477013,0.3587579249920479,0.5381547483646649,10.0,0.14259448737260563,2.0,-0.18125143832496582,0.05
NFLX,2026-03-11,0.043836,16,110.0,1.134722,96.94000244140625,0.15000000007400427,0.3548303679322887,0.5381547483646649,10.0,0.14259448737260563,2.0,-0.18125143832496582,0.05
NFLX,2026-03-11,0.043836,16,111.0,1.145038,96.94000244140625,0.10999961286483195,0.3538895014096978,0.5381547483646649,10.0,0.14259448737260563,2.0,-0.18125143832496582,0.05
NFLX,2026-03-11,0.043836,16,112.0,1.155354,96.94000244140625,0.10999999761221613,0.3730206801928755,0.5381547483646649,10.0,0.14259448737260563,2.0,-0.18125143832496582,0.05
NFLX,2026-03-11,0.043836,16,113.0,1.165669,96.94000244140625,0.1300000016401106,0.4036961020869067,0.5381547483646649,10.0,0.14259448737260563,2.0,-0.18125143832496582,0.05
NFLX,2026-03-11,0.043836,16,114.0,1.175985,96.94000244140625,0.06999983271851207,0.38083915255453443,0.5381547483646649,10.0,0.14259448737260563,2.0,-0.18125143832496582,0.05
NFLX,2026-03-11,0.043836,16,115.0,1.186301,96.94000244140625,0.05999988087126518,0.38882196590878504,0.5381547483646649,10.0,0.14259448737260563,2.0,-0.18125143832496582,0.05
NFLX,2026-03-11,0.043836,16,116.0,1.196616,96.94000244140625,0.05000000005488414,0.39487212556285783,0.5381547483646649,10.0,0.14259448737260563,2.0,-0.18125143832496582,0.05
NFLX,2026-03-11,0.043836,16,120.0,1.237879,96.94000244140625,0.029999999496620355,0.42826246970841647,0.5381547483646649,10.0,0.14259448737260563,2.0,-0.18125143832496582,0.05
NFLX,2026-03-11,0.043836,16,121.0,1.248195,96.94000244140625,0.040000027894713686,0.45924402698520855,0.5381547483646649,10.0,0.14259448737260563,2.0,-0.18125143832496582,0.05
NFLX,2026-03-11,0.043836,16,122.0,1.25851,96.94000244140625,0.06000000553143847,0.5005696791930119,0.5381547483646649,10.0,0.14259448737260563,2.0,-0.18125143832496582,0.05
NFLX,2026-03-11,0.043836,16,123.0,1.268826,96.94000244140625,0.08999999476086673,0.5468998386475622,0.5381547483646649,10.0,0.14259448737260563,2.0,-0.18125143832496582,0.05
NFLX,2026-03-11,0.043836,16,125.0,1.289457,96.94000244140625,0.02999994418805918,0.4988469770396847,0.5381547483646649,10.0,0.14259448737260563,2.0,-0.18125143832496582,0.05
NFLX,2026-03-11,0.043836,16,126.0,1.299773,96.94000244140625,0.06999999868189666,0.571950738377562,0.5381547483646649,10.0,0.14259448737260563,2.0,-0.18125143832496582,0.05
NFLX,2026-03-11,0.043836,16,127.0,1.310089,96.94000244140625,0.06000006133901681,0.5742670972844086,0.5381547483646649,10.0,0.14259448737260563,2.0,-0.18125143832496582,0.05
NFLX,2026-03-11,0.043836,16,130.0,1.341036,96.94000244140625,0.05000000015694339,0.6019050329896889,0.5381547483646649,10.0,0.14259448737260563,2.0,-0.18125143832496582,0.05
NFLX,2026-03-11,0.043836,16,132.0,1.361667,96.94000244140625,0.030000007564075615,0.590950848866712,0.5381547483646649,10.0,0.14259448737260563,2.0,-0.18125143832496582,0.05
NFLX,2026-03-11,0.043836,16,135.0,1.392614,96.94000244140625,0.02999994239475534,0.6283355508415208,0.5381547483646649,10.0,0.14259448737260563,2.0,-0.18125143832496582,0.05
NFLX,2026-03-11,0.043836,16,145.0,1.495771,96.94000244140625,0.010000000819425842,0.6670433224152448,0.5381547483646649,10.0,0.14259448737260563,2.0,-0.18125143832496582,0.05
NFLX,2026-03-11,0.043836,16,150.0,1.547349,96.94000244140625,0.010000000004936255,0.7170291787768064,0.5381547483646649,10.0,0.14259448737260563,2.0,-0.18125143832496582,0.05
NFLX,2026-03-11,0.043836,16,165.0,1.702084,96.94000244140625,1.5323213330862905e-06,0.5203982277337259,0.5381547483646649,10.0,0.14259448737260563,2.0,-0.18125143832496582,0.05
NFLX,2026-03-11,0.060274,22,50.0,0.515783,96.94000244140625,47.120460517751894,1.0590018762334825,0.5381547483646649,10.0,0.14259448737260563,2.0,-0.18125143832496582,0.05
NFLX,2026-03-11,0.060274,22,60.0,0.61894,96.94000244140625,37.15055214628134,0.7885090219482391,0.5381547483646649,10.0,0.14259448737260563,2.0,-0.18125143832496582,0.05
NFLX,2026-03-11,0.060274,22,65.0,0.670518,96.94000244140625,32.175598048119966,0.6921919696118757,0.5381547483646649,10.0,0.14259448737260563,2.0,-0.18125143832496582,0.05
NFLX,2026-03-11,0.060274,22,66.0,0.680833,96.94000244140625,31.198607113119664,0.7044935164716074,0.5381547483646649,10.0,0.14259448737260563,2.0,-0.18125143832496582,0.05
NFLX,2026-03-11,0.060274,22,67.0,0.691149,96.94000244140625,30.20161626946245,0.6800618344679821,0.5381547483646649,10.0,0.14259448737260563,2.0,-0.18125143832496582,0.05
NFLX,2026-03-11,0.060274,22,68.0,0.701465,96.94000244140625,29.19462539253955,0.6401408821718313,0.5381547483646649,10.0,0.14259448737260563,2.0,-0.18125143832496582,0.05
NFLX,2026-03-11,0.060274,22,69.0,0.71178,96.94000244140625,28.21763445618126,0.6457889541202501,0.5381547483646649,10.0,0.14259448737260563,2.0,-0.18125143832496582,0.05
NFLX,2026-03-11,0.060274,22,70.0,0.722096,96.94000244140625,27.21064378133876,0.6085381551115673,0.5381547483646649,10.0,0.14259448737260563,2.0,-0.18125143832496582,0.05
NFLX,2026-03-11,0.060274,22,71.0,0.732412,96.94000244140625,26.253652919112824,0.6306507648744042,0.5381547483646649,10.0,0.14259448737260563,2.0,-0.18125143832496582,0.05
NFLX,2026-03-11,0.060274,22,72.0,0.742727,96.94000244140625,25.236662105566296,0.5859939905576708,0.5381547483646649,10.0,0.14259448737260563,2.0,-0.18125143832496582,0.05
NFLX,2026-03-11,0.060274,22,73.0,0.753043,96.94000244140625,24.249671462146537,0.5725393431237401,0.5381547483646649,10.0,0.14259448737260563,2.0,-0.18125143832496582,0.05
NFLX,2026-03-11,0.060274,22,74.0,0.763359,96.94000244140625,23.292680428010797,0.5823133888786792,0.5381547483646649,10.0,0.14259448737260563,2.0,-0.18125143832496582,0.05
NFLX,2026-03-11,0.060274,22,75.0,0.773674,96.94000244140625,22.28568957004667,0.5503238794236639,0.5381547483646649,10.0,0.14259448737260563,2.0,-0.18125143832496582,0.05
NFLX,2026-03-11,0.060274,22,76.0,0.78399,96.94000244140625,21.298698695821955,0.5334109511884398,0.5381547483646649,10.0,0.14259448737260563,2.0,-0.18125143832496582,0.05
NFLX,2026-03-11,0.060274,22,77.0,0.794306,96.94000244140625,20.311707861354037,0.5158849580407974,0.5381547483646649,10.0,0.14259448737260563,2.0,-0.18125143832496582,0.05
NFLX,2026-03-11,0.060274,22,78.0,0.804621,96.94000244140625,19.564717261589124,0.604532565214014,0.5381547483646649,10.0,0.14259448737260563,2.0,-0.18125143832496582,0.05
NFLX,2026-03-11,0.060274,22,79.0,0.814937,96.94000244140625,18.43772609552184,0.5273049789949462,0.5381547483646649,10.0,0.14259448737260563,2.0,-0.18125143832496582,0.05
NFLX,2026-03-11,0.060274,22,80.0,0.825253,96.94000244140625,17.420735401327647,0.4928901122297947,0.5381547483646649,10.0,0.14259448737260563,2.0,-0.18125143832496582,0.05
NFLX,2026-03-11,0.060274,22,81.0,0.835568,96.94000244140625,16.433744522306966,0.47133915137160054,0.5381547483646649,10.0,0.14259448737260563,2.0,-0.18125143832496582,0.05
NFLX,2026-03-11,0.060274,22,82.0,0.845884,96.94000244140625,15.486754207401646,0.46408497831936557,0.5381547483646649,10.0,0.14259448737260563,2.0,-0.18125143832496582,0.05
NFLX,2026-03-11,0.060274,22,83.0,0.8562,96.94000244140625,14.539762886735573,0.45403140444169326,0.5381547483646649,10.0,0.14259448737260563,2.0,-0.18125143832496582,0.05
NFLX,2026-03-11,0.060274,22,84.0,0.866515,96.94000244140625,13.642772049335377,0.45540439726659854,0.5381547483646649,10.0,0.14259448737260563,2.0,-0.18125143832496582,0.05
NFLX,2026-03-11,0.060274,22,85.0,0.876831,96.94000244140625,12.735781183055394,0.44955357877857177,0.5381547483646649,10.0,0.14259448737260563,2.0,-0.18125143832496582,0.05
NFLX,2026-03-11,0.060274,22,86.0,0.887147,96.94000244140625,11.808790661480757,0.43614030423009836,0.5381547483646649,10.0,0.14259448737260563,2.0,-0.18125143832496582,0.05
NFLX,2026-03-11,0.060274,22,87.0,0.897462,96.94000244140625,10.921800000222987,0.42859218899638907,0.5381547483646649,10.0,0.14259448737260563,2.0,-0.18125143832496582,0.05
NFLX,2026-03-11,0.060274,22,88.0,0.907778,96.94000244140625,10.024808695992519,0.41613663415037594,0.5381547483646649,10.0,0.14259448737260563,2.0,-0.18125143832496582,0.05
NFLX,2026-03-11,0.060274,22,89.0,0.918094,96.94000244140625,9.107817862791734,0.39791881060745915,0.5381547483646649,10.0,0.14259448737260563,2.0,-0.18125143832496582,0.05
NFLX,2026-03-11,0.060274,22,90.0,0.928409,96.94000244140625,8.29082698153293,0.3931794910144443,0.5381547483646649,10.0,0.14259448737260563,2.0,-0.18125143832496582,0.05
NFLX,2026-03-11,0.060274,22,91.0,0.938725,96.94000244140625,7.513836225367228,0.39001954415341383,0.5381547483646649,10.0,0.14259448737260563,2.0,-0.18125143832496582,0.05
NFLX,2026-03-11,0.060274,22,92.0,0.949041,96.94000244140625,6.796843671525679,0.39028350535952877,0.5381547483646649,10.0,0.14259448737260563,2.0,-0.18125143832496582,0.05
NFLX,2026-03-11,0.060274,22,93.0,0.959356,96.94000244140625,5.8798544891696025,0.3615447546144623,0.5381547483646649,10.0,0.14259448737260563,2.0,-0.18125143832496582,0.05
NFLX,2026-03-11,0.060274,22,94.0,0.969672,96.94000244140625,5.362863714112841,0.37708063364492034,0.5381547483646649,10.0,0.14259448737260563,2.0,-0.18125143832496582,0.05
NFLX,2026-03-11,0.060274,22,95.0,0.979988,96.94000244140625,4.6758728313310485,0.36764572647704297,0.5381547483646649,10.0,0.14259448737260563,2.0,-0.18125143832496582,0.05
NFLX,2026-03-11,0.060274,22,96.0,0.990303,96.94000244140625,4.07888197852828,0.3636295459241213,0.5381547483646649,10.0,0.14259448737260563,2.0,-0.18125143832496582,0.05
NFLX,2026-03-11,0.060274,22,97.0,1.000619,96.94000244140625,3.3500000425703504,0.3409873829228447,0.5381547483646649,10.0,0.14259448737260563,2.0,-0.18125143832496582,0.05
NFLX,2026-03-11,0.060274,22,98.0,1.010935,96.94000244140625,3.000002017805187,0.35352220618467245,0.5381547483646649,10.0,0.14259448737260563,2.0,-0.18125143832496582,0.05
NFLX,2026-03-11,0.060274,22,99.0,1.02125,96.94000244140625,2.4999987990801102,0.345235958775807,0.5381547483646649,10.0,0.14259448737260563,2.0,-0.18125143832496582,0.05
NFLX,2026-03-11,0.060274,22,100.0,1.031566,96.94000244140625,2.10000000690102,0.34255382575429916,0.5381547483646649,10.0,0.14259448737260563,2.0,-0.18125143832496582,0.05
NFLX,2026-03-11,0.060274,22,101.0,1.041882,96.94000244140625,1.6899999985174539,0.33346410898899576,0.5381547483646649,10.0,0.14259448737260563,2.0,-0.18125143832496582,0.05
NFLX,2026-03-11,0.060274,22,102.0,1.052197,96.94000244140625,1.4000013262883897,0.3328666608311445,0.5381547483646649,10.0,0.14259448737260563,2.0,-0.18125143832496582,0.05
NFLX,2026-03-11,0.060274,22,103.0,1.062513,96.94000244140625,1.1600001202978767,0.33360452273659075,0.5381547483646649,10.0,0.14259448737260563,2.0,-0.18125143832496582,0.05
NFLX,2026-03-11,0.060274,22,104.0,1.072829,96.94000244140625,1.0199999547976084,0.3435506068107215,0.5381547483646649,10.0,0.14259448737260563,2.0,-0.18125143832496582,0.05
NFLX,2026-03-11,0.060274,22,105.0,1.083144,96.94000244140625,0.7800001800396643,0.33493257232228196,0.5381547483646649,10.0,0.14259448737260563,2.0,-0.18125143832496582,0.05
NFLX,2026-03-11,0.060274,22,106.0,1.09346,96.94000244140625,0.6200000000650512,0.333240409965037,0.5381547483646649,10.0,0.14259448737260563,2.0,-0.18125143832496582,0.05
NFLX,2026-03-11,0.060274,22,107.0,1.103776,96.94000244140625,0.5299999971508846,0.3399394467351924,0.5381547483646649,10.0,0.14259448737260563,2.0,-0.18125143832496582,0.05
NFLX,2026-03-11,0.060274,22,108.0,1.114091,96.94000244140625,0.4000000128247354,0.3346756701912774,0.5381547483646649,10.0,0.14259448737260563,2.0,-0.18125143832496582,0.05
NFLX,2026-03-11,0.060274,22,109.0,1.124407,96.94000244140625,0.3299999978824033,0.3383918161428837,0.5381547483646649,10.0,0.14259448737260563,2.0,-0.18125143832496582,0.05
NFLX,2026-03-11,0.060274,22,110.0,1.134722,96.94000244140625,0.2899998646125095,0.34722614498213317,0.5381547483646649,10.0,0.14259448737260563,2.0,-0.18125143832496582,0.05
NFLX,2026-03-11,0.060274,22,111.0,1.145038,96.94000244140625,0.24000001289959982,0.3509092970731853,0.5381547483646649,10.0,0.14259448737260563,2.0,-0.18125143832496582,0.05
NFLX,2026-03-11,0.060274,22,112.0,1.155354,96.94000244140625,0.19999975779590784,0.35508332543697313,0.5381547483646649,10.0,0.14259448737260563,2.0,-0.18125143832496582,0.05
NFLX,2026-03-11,0.060274,22,113.0,1.165669,96.94000244140625,0.22999975773202141,0.3832982578967504,0.5381547483646649,10.0,0.14259448737260563,2.0,-0.18125143832496582,0.05
NFLX,2026-03-11,0.060274,22,114.0,1.175985,96.94000244140625,0.1799999518761375,0.38139308844258296,0.5381547483646649,10.0,0.14259448737260563,2.0,-0.18125143832496582,0.05
NFLX,2026-03-11,0.060274,22,115.0,1.186301,96.94000244140625,0.10999999668085092,0.3639048812759654,0.5381547483646649,10.0,0.14259448737260563,2.0,-0.18125143832496582,0.05
NFLX,2026-03-11,0.060274,22,116.0,1.196616,96.94000244140625,0.25000011703431557,0.4417797735088867,0.5381547483646649,10.0,0.14259448737260563,2.0,-0.18125143832496582,0.05
NFLX,2026-03-11,0.060274,22,117.0,1.206932,96.94000244140625,0.08999998807582177,0.3814323063262259,0.5381547483646649,10.0,0.14259448737260563,2.0,-0.18125143832496582,0.05
NFLX,2026-03-11,0.060274,22,118.0,1.217248,96.94000244140625,0.08999999524970193,0.3958679098020208,0.5381547483646649,10.0,0.14259448737260563,2.0,-0.18125143832496582,0.05
NFLX,2026-03-11,0.060274,22,119.0,1.227563,96.94000244140625,0.42655777727120103,0.5497329347933191,0.5381547483646649,10.0,0.14259448737260563,2.0,-0.18125143832496582,0.05
NFLX,2026-03-11,0.060274,22,120.0,1.237879,96.94000244140625,0.07000000005738105,0.4083105923677759,0.5381547483646649,10.0,0.14259448737260563,2.0,-0.18125143832496582,0.05
NFLX,2026-03-11,0.060274,22,122.0,1.25851,96.94000244140625,0.149999786768098,0.4903195615308703,0.5381547483646649,10.0,0.14259448737260563,2.0,-0.18125143832496582,0.05
NFLX,2026-03-11,0.060274,22,124.0,1.279142,96.94000244140625,0.13999971656474752,0.5127453389790204,0.5381547483646649,10.0,0.14259448737260563,2.0,-0.18125143832496582,0.05
NFLX,2026-03-11,0.060274,22,125.0,1.289457,96.94000244140625,0.03999983665020723,0.4395989728036634,0.5381547483646649,10.0,0.14259448737260563,2.0,-0.18125143832496582,0.05
NFLX,2026-03-11,0.060274,22,127.0,1.310089,96.94000244140625,0.08000027230626605,0.5084383821490275,0.5381547483646649,10.0,0.14259448737260563,2.0,-0.18125143832496582,0.05
NFLX,2026-03-11,0.060274,22,128.0,1.320404,96.94000244140625,0.08999997155569095,0.5298409288156597,0.5381547483646649,10.0,0.14259448737260563,2.0,-0.18125143832496582,0.05
NFLX,2026-03-11,0.060274,22,129.0,1.33072,96.94000244140625,0.05000017617838659,0.5004323548748671,0.5381547483646649,10.0,0.14259448737260563,2.0,-0.18125143832496582,0.05
NFLX,2026-03-11,0.060274,22,130.0,1.341036,96.94000244140625,0.04999997984006899,0.5120700053083993,0.5381547483646649,10.0,0.14259448737260563,2.0,-0.18125143832496582,0.05
NFLX,2026-03-11,0.060274,22,135.0,1.392614,96.94000244140625,0.0400000018673935,0.5530331962589737,0.5381547483646649,10.0,0.14259448737260563,2.0,-0.18125143832496582,0.05
NFLX,2026-03-11,0.060274,22,140.0,1.444192,96.94000244140625,0.040000000015714354,0.605407035288345,0.5381547483646649,10.0,0.14259448737260563,2.0,-0.18125143832496582,0.05
NFLX,2026-03-11,0.060274,22,145.0,1.495771,96.94000244140625,0.039999998983670015,0.655304089726799,0.5381547483646649,10.0,0.14259448737260563,2.0,-0.18125143832496582,0.05
NFLX,2026-03-11,0.060274,22,150.0,1.547349,96.94000244140625,0.030000000170705476,0.6808974621054898,0.5381547483646649,10.0,0.14259448737260563,2.0,-0.18125143832496582,0.05
NFLX,2026-03-11,0.060274,22,155.0,1.598927,96.94000244140625,0.029999998761268798,0.7254367289760534,0.5381547483646649,10.0,0.14259448737260563,2.0,-0.18125143832496582,0.05
NFLX,2026-03-11,0.082192,30,50.0,0.515783,96.94000244140625,47.1750602535821,0.908261400232904,0.5381547483646649,10.0,0.14259448737260563,2.0,-0.18125143832496582,0.05
NFLX,2026-03-11,0.082192,30,60.0,0.61894,96.94000244140625,37.22607181560846,0.699951593135551,0.5381547483646649,10.0,0.14259448737260563,2.0,-0.18125143832496582,0.05
NFLX,2026-03-11,0.082192,30,65.0,0.670518,96.94000244140625,32.26657759177561,0.6260047449227611,0.5381547483646649,10.0,0.14259448737260563,2.0,-0.18125143832496582,0.05
NFLX,2026-03-11,0.082192,30,70.0,0.722096,96.94000244140625,27.327083377087973,0.5628731655301124,0.5381547483646649,10.0,0.14259448737260563,2.0,-0.18125143832496582,0.05
NFLX,2026-03-11,0.082192,30,71.0,0.732412,96.94000244140625,26.361184528884095,0.5646858702843837,0.5381547483646649,10.0,0.14259448737260563,2.0,-0.18125143832496582,0.05
NFLX,2026-03-11,0.082192,30,72.0,0.742727,96.94000244140625,25.39528567569276,0.5623298061596245,0.5381547483646649,10.0,0.14259448737260563,2.0,-0.18125143832496582,0.05
NFLX,2026-03-11,0.082192,30,73.0,0.753043,96.94000244140625,24.399386808536264,0.5403029331869161,0.5381547483646649,10.0,0.14259448737260563,2.0,-0.18125143832496582,0.05
NFLX,2026-03-11,0.082192,30,74.0,0.763359,96.94000244140625,23.40348794326397,0.5184892247456633,0.5381547483646649,10.0,0.14259448737260563,2.0,-0.18125143832496582,0.05
NFLX,2026-03-11,0.082192,30,75.0,0.773674,96.94000244140625,22.437589156617307,0.5125442785136229,0.5381547483646649,10.0,0.14259448737260563,2.0,-0.18125143832496582,0.05
NFLX,2026-03-11,0.082192,30,76.0,0.78399,96.94000244140625,21.491690302374124,0.5130697105367833,0.5381547483646649,10.0,0.14259448737260563,2.0,-0.18125143832496582,0.05
NFLX,2026-03-11,0.082192,30,77.0,0.794306,96.94000244140625,20.495791622982836,0.49056869499029215,0.5381547483646649,10.0,0.14259448737260563,2.0,-0.18125143832496582,0.05
NFLX,2026-03-11,0.082192,30,78.0,0.804621,96.94000244140625,19.50989262796773,0.47213044354392464,0.5381547483646649,10.0,0.14259448737260563,2.0,-0.18125143832496582,0.05
NFLX,2026-03-11,0.082192,30,79.0,0.814937,96.94000244140625,18.573993549371735,0.4708509458665127,0.5381547483646649,10.0,0.14259448737260563,2.0,-0.18125143832496582,0.05
NFLX,2026-03-11,0.082192,30,80.0,0.825253,96.94000244140625,17.628095036267553,0.4633292458156401,0.5381547483646649,10.0,0.14259448737260563,2.0,-0.18125143832496582,0.05
NFLX,2026-03-11,0.082192,30,81.0,0.835568,96.94000244140625,16.642196094829487,0.44282468117279866,0.5381547483646649,10.0,0.14259448737260563,2.0,-0.18125143832496582,0.05
NFLX,2026-03-11,0.082192,30,82.0,0.845884,96.94000244140625,15.76629725282767,0.4499370654214876,0.5381547483646649,10.0,0.14259448737260563,2.0,-0.18125143832496582,0.05
NFLX,2026-03-11,0.082192,30,83.0,0.8562,96.94000244140625,14.78039840907455,0.4278281031384002,0.5381547483646649,10.0,0.14259448737260563,2.0,-0.18125143832496582,0.05
NFLX,2026-03-11,0.082192,30,84.0,0.866515,96.94000244140625,13.87449947821554,0.42240665760180396,0.5381547483646649,10.0,0.14259448737260563,2.0,-0.18125143832496582,0.05
NFLX,2026-03-11,0.082192,30,85.0,0.876831,96.94000244140625,13.0286007306688,0.4253652320210831,0.5381547483646649,10.0,0.14259448737260563,2.0,-0.18125143832496582,0.05
NFLX,2026-03-11,0.082192,30,86.0,0.887147,96.94000244140625,12.14270158850772,0.4176456130074246,0.5381547483646649,10.0,0.14259448737260563,2.0,-0.18125143832496582,0.05
NFLX,2026-03-11,0.082192,30,87.0,0.897462,96.94000244140625,11.266803563899373,0.40918001711107144,0.5381547483646649,10.0,0.14259448737260563,2.0,-0.18125143832496582,0.05
NFLX,2026-03-11,0.082192,30,88.0,0.907778,96.94000244140625,10.410904190198735,0.4012842444874476,0.5381547483646649,10.0,0.14259448737260563,2.0,-0.18125143832496582,0.05
NFLX,2026-03-11,0.082192,30,89.0,0.918094,96.94000244140625,9.605005339342455,0.39745720480289887,0.5381547483646649,10.0,0.14259448737260563,2.0,-0.18125143832496582,0.05
NFLX,2026-03-11,0.082192,30,90.0,0.928409,96.94000244140625,8.759106598460406,0.38578752425008944,0.5381547483646649,10.0,0.14259448737260563,2.0,-0.18125143832496582,0.05
NFLX,2026-03-11,0.082192,30,91.0,0.938725,96.94000244140625,8.023207658886136,0.38442893903417796,0.5381547483646649,10.0,0.14259448737260563,2.0,-0.18125143832496582,0.05
NFLX,2026-03-11,0.082192,30,92.0,0.949041,96.94000244140625,7.217308737904588,0.3721793628510718,0.5381547483646649,10.0,0.14259448737260563,2.0,-0.18125143832496582,0.05
NFLX,2026-03-11,0.082192,30,93.0,0.959356,96.94000244140625,6.501412362574136,0.36667966096872195,0.5381547483646649,10.0,0.14259448737260563,2.0,-0.18125143832496582,0.05
NFLX,2026-03-11,0.082192,30,94.0,0.969672,96.94000244140625,5.875511132067857,0.36676390828220345,0.5381547483646649,10.0,0.14259448737260563,2.0,-0.18125143832496582,0.05
NFLX,2026-03-11,0.082192,30,95.0,0.979988,96.94000244140625,5.229614754330484,0.3613351135764766,0.5381547483646649,10.0,0.14259448737260563,2.0,-0.18125143832496582,0.05
NFLX,2026-03-11,0.082192,30,96.0,0.990303,96.94000244140625,4.613713435781172,0.3553216020265351,0.5381547483646649,10.0,0.14259448737260563,2.0,-0.18125143832496582,0.05
NFLX,2026-03-11,0.082192,30,97.0,1.000619,96.94000244140625,4.000000186431322,0.3460687379864589,0.5381547483646649,10.0,0.14259448737260563,2.0,-0.18125143832496582,0.05
NFLX,2026-03-11,0.082192,30,98.0,1.010935,96.94000244140625,3.5999999954535156,0.35253464878756996,0.5381547483646649,10.0,0.14259448737260563,2.0,-0.18125143832496582,0.05
NFLX,2026-03-11,0.082192,30,99.0,1.02125,96.94000244140625,3.0499999153838857,0.3417806942430262,0.5381547483646649,10.0,0.14259448737260563,2.0,-0.18125143832496582,0.05
NFLX,2026-03-11,0.082192,30,100.0,1.031566,96.94000244140625,2.5700000001356216,0.33352450438080455,0.5381547483646649,10.0,0.14259448737260563,2.0,-0.18125143832496582,0.05
NFLX,2026-03-11,0.082192,30,101.0,1.041882,96.94000244140625,2.1899997103097917,0.33064467412567533,0.5381547483646649,10.0,0.14259448737260563,2.0,-0.18125143832496582,0.05
NFLX,2026-03-11,0.082192,30,102.0,1.052197,96.94000244140625,1.8499999889509766,0.32777713754229343,0.5381547483646649,10.0,0.14259448737260563,2.0,-0.18125143832496582,0.05
NFLX,2026-03-11,0.082192,30,103.0,1.062513,96.94000244140625,1.4800000000760498,0.31765466118030156,0.5381547483646649,10.0,0.14259448737260563,2.0,-0.18125143832496582,0.05
NFLX,2026-03-11,0.082192,30,104.0,1.072829,96.94000244140625,1.250000393489067,0.3182334853327839,0.5381547483646649,10.0,0.14259448737260563,2.0,-0.18125143832496582,0.05
NFLX,2026-03-11,0.082192,30,105.0,1.083144,96.94000244140625,1.0799997858313723,0.3224288609083451,0.5381547483646649,10.0,0.14259448737260563,2.0,-0.18125143832496582,0.05
NFLX,2026-03-11,0.082192,30,106.0,1.09346,96.94000244140625,0.9200000148388341,0.32492296641006885,0.5381547483646649,10.0,0.14259448737260563,2.0,-0.18125143832496582,0.05
NFLX,2026-03-11,0.082192,30,107.0,1.103776,96.94000244140625,0.7100005401469716,0.31691561467689217,0.5381547483646649,10.0,0.14259448737260563,2.0,-0.18125143832496582,0.05
NFLX,2026-03-11,0.082192,30,108.0,1.114091,96.94000244140625,0.589999997487384,0.318083372570467,0.5381547483646649,10.0,0.14259448737260563,2.0,-0.18125143832496582,0.05
NFLX,2026-03-11,0.082192,30,109.0,1.124407,96.94000244140625,0.5000000001424034,0.32135584197345085,0.5381547483646649,10.0,0.14259448737260563,2.0,-0.18125143832496582,0.05
NFLX,2026-03-11,0.082192,30,110.0,1.134722,96.94000244140625,0.45000004403164695,0.32986727214043643,0.5381547483646649,10.0,0.14259448737260563,2.0,-0.18125143832496582,0.05
NFLX,2026-03-11,0.082192,30,111.0,1.145038,96.94000244140625,0.3499999138833729,0.3258911425809745,0.5381547483646649,10.0,0.14259448737260563,2.0,-0.18125143832496582,0.05
NFLX,2026-03-11,0.082192,30,115.0,1.186301,96.94000244140625,0.19000000015664664,0.34251457370402283,0.5381547483646649,10.0,0.14259448737260563,2.0,-0.18125143832496582,0.05
NFLX,2026-03-11,0.082192,30,120.0,1.237879,96.94000244140625,0.1400000000164483,0.38862623887657716,0.5381547483646649,10.0,0.14259448737260563,2.0,-0.18125143832496582,0.05
NFLX,2026-03-11,0.082192,30,125.0,1.289457,96.94000244140625,0.07000000043133059,0.4042896573692175,0.5381547483646649,10.0,0.14259448737260563,2.0,-0.18125143832496582,0.05
NFLX,2026-03-11,0.082192,30,130.0,1.341036,96.94000244140625,0.039999998724310704,0.42498239217841527,0.5381547483646649,10.0,0.14259448737260563,2.0,-0.18125143832496582,0.05
NFLX,2026-03-11,0.082192,30,135.0,1.392614,96.94000244140625,0.06999983587726577,0.5069263389795267,0.5381547483646649,10.0,0.14259448737260563,2.0,-0.18125143832496582,0.05
NFLX,2026-03-11,0.082192,30,140.0,1.444192,96.94000244140625,0.10999994397440394,0.5894092328208306,0.5381547483646649,10.0,0.14259448737260563,2.0,-0.18125143832496582,0.05
NFLX,2026-03-11,0.082192,30,145.0,1.495771,96.94000244140625,0.01999996311194796,0.519065648120677,0.5381547483646649,10.0,0.14259448737260563,2.0,-0.18125143832496582,0.05
NFLX,2026-03-11,0.082192,30,155.0,1.598927,96.94000244140625,0.029999999697793878,0.6199578263770403,0.5381547483646649,10.0,0.14259448737260563,2.0,-0.18125143832496582,0.05
NFLX,2026-03-11,0.10137,37,50.0,0.515783,96.94000244140625,47.23278588888702,0.8460724641795837,0.5381547483646649,10.0,0.14259448737260563,2.0,-0.18125143832496582,0.05
NFLX,2026-03-11,0.10137,37,55.0,0.567361,96.94000244140625,42.248064301450036,0.7101765501830136,0.5381547483646649,10.0,0.14259448737260563,2.0,-0.18125143832496582,0.05
NFLX,2026-03-11,0.10137,37,58.0,0.598308,96.94000244140625,39.28323124049073,0.6900545586325668,0.5381547483646649,10.0,0.14259448737260563,2.0,-0.18125143832496582,0.05
NFLX,2026-03-11,0.10137,37,60.0,0.61894,96.94000244140625,37.3133427725365,0.6779596033921502,0.5381547483646649,10.0,0.14259448737260563,2.0,-0.18125143832496582,0.05
NFLX,2026-03-11,0.10137,37,62.0,0.639571,96.94000244140625,35.33345391317747,0.6483885655866234,0.5381547483646649,10.0,0.14259448737260563,2.0,-0.18125143832496582,0.05
NFLX,2026-03-11,0.10137,37,64.0,0.660202,96.94000244140625,33.39356532202577,0.6527236578371822,0.5381547483646649,10.0,0.14259448737260563,2.0,-0.18125143832496582,0.05
NFLX,2026-03-11,0.10137,37,65.0,0.670518,96.94000244140625,32.3786209922587,0.6155688172478448,0.5381547483646649,10.0,0.14259448737260563,2.0,-0.18125143832496582,0.05
NFLX,2026-03-11,0.10137,37,66.0,0.680833,96.94000244140625,31.41367666454329,0.6178340770715752,0.5381547483646649,10.0,0.14259448737260563,2.0,-0.18125143832496582,0.05
NFLX,2026-03-11,0.10137,37,68.0,0.701465,96.94000244140625,29.443788001496202,0.5891777937578176,0.5381547483646649,10.0,0.14259448737260563,2.0,-0.18125143832496582,0.05
NFLX,2026-03-11,0.10137,37,70.0,0.722096,96.94000244140625,27.47389932021622,0.5591821768314198,0.5381547483646649,10.0,0.14259448737260563,2.0,-0.18125143832496582,0.05
NFLX,2026-03-11,0.10137,37,72.0,0.742727,96.94000244140625,25.544010682086252,0.5462443439867702,0.5381547483646649,10.0,0.14259448737260563,2.0,-0.18125143832496582,0.05
NFLX,2026-03-11,0.10137,37,74.0,0.763359,96.94000244140625,23.594122023990607,0.5199986687971316,0.5381547483646649,10.0,0.14259448737260563,2.0,-0.18125143832496582,0.05
NFLX,2026-03-11,0.10137,37,75.0,0.773674,96.94000244140625,22.649177726304373,0.5161614661656102,0.5381547483646649,10.0,0.14259448737260563,2.0,-0.18125143832496582,0.05
NFLX,2026-03-11,0.10137,37,76.0,0.78399,96.94000244140625,21.624233363152797,0.48490224091732465,0.5381547483646649,10.0,0.14259448737260563,2.0,-0.18125143832496582,0.05
NFLX,2026-03-11,0.10137,37,78.0,0.804621,96.94000244140625,19.804343923460323,0.49061676006765137,0.5381547483646649,10.0,0.14259448737260563,2.0,-0.18125143832496582,0.05
NFLX,2026-03-11,0.10137,37,80.0,0.825253,96.94000244140625,17.96445604246354,0.47935315390670236,0.5381547483646649,10.0,0.14259448737260563,2.0,-0.18125143832496582,0.05
NFLX,2026-03-11,0.10137,37,82.0,0.845884,96.94000244140625,16.134567908207714,0.4628551211789347,0.5381547483646649,10.0,0.14259448737260563,2.0,-0.18125143832496582,0.05
NFLX,2026-03-11,0.10137,37,84.0,0.866515,96.94000244140625,14.394678669545414,0.4541290681298977,0.5381547483646649,10.0,0.14259448737260563,2.0,-0.18125143832496582,0.05
NFLX,2026-03-11,0.10137,37,85.0,0.876831,96.94000244140625,13.52973466321987,0.44729536653511043,0.5381547483646649,10.0,0.14259448737260563,2.0,-0.18125143832496582,0.05
NFLX,2026-03-11,0.10137,37,86.0,0.887147,96.94000244140625,12.704790062562296,0.44374945343254524,0.5381547483646649,10.0,0.14259448737260563,2.0,-0.18125143832496582,0.05
NFLX,2026-03-11,0.10137,37,88.0,0.907778,96.94000244140625,11.034902126705745,0.42772884834984376,0.5381547483646649,10.0,0.14259448737260563,2.0,-0.18125143832496582,0.05
NFLX,2026-03-11,0.10137,37,90.0,0.928409,96.94000244140625,9.535010609227264,0.4218620661988923,0.5381547483646649,10.0,0.14259448737260563,2.0,-0.18125143832496582,0.05
NFLX,2026-03-11,0.10137,37,92.0,0.949041,96.94000244140625,8.085121506217178,0.4112044090305987,0.5381547483646649,10.0,0.14259448737260563,2.0,-0.18125143832496582,0.05
NFLX,2026-03-11,0.10137,37,94.0,0.969672,96.94000244140625,6.785235422700687,0.4044978745375275,0.5381547483646649,10.0,0.14259448737260563,2.0,-0.18125143832496582,0.05
NFLX,2026-03-11,0.10137,37,95.0,0.979988,96.94000244140625,6.2102908159933605,0.40372592859007195,0.5381547483646649,10.0,0.14259448737260563,2.0,-0.18125143832496582,0.05
NFLX,2026-03-11,0.10137,37,96.0,0.990303,96.94000244140625,5.635348210712017,0.4003285130020363,0.5381547483646649,10.0,0.14259448737260563,2.0,-0.18125143832496582,0.05
NFLX,2026-03-11,0.10137,37,98.0,1.010935,96.94000244140625,4.500000513703654,0.38707722531970595,0.5381547483646649,10.0,0.14259448737260563,2.0,-0.18125143832496582,0.05
NFLX,2026-03-11,0.10137,37,100.0,1.031566,96.94000244140625,3.599999230605185,0.3825113796069147,0.5381547483646649,10.0,0.14259448737260563,2.0,-0.18125143832496582,0.05
NFLX,2026-03-11,0.10137,37,102.0,1.052197,96.94000244140625,2.7799998165981634,0.3738310241874172,0.5381547483646649,10.0,0.14259448737260563,2.0,-0.18125143832496582,0.05
NFLX,2026-03-11,0.10137,37,104.0,1.072829,96.94000244140625,2.0799995137183274,0.364285404419275,0.5381547483646649,10.0,0.14259448737260563,2.0,-0.18125143832496582,0.05
NFLX,2026-03-11,0.10137,37,105.0,1.083144,96.94000244140625,1.890000000156551,0.37032887171460166,0.5381547483646649,10.0,0.14259448737260563,2.0,-0.18125143832496582,0.05
NFLX,2026-03-11,0.10137,37,106.0,1.09346,96.94000244140625,1.640000158831306,0.3683609576708827,0.5381547483646649,10.0,0.14259448737260563,2.0,-0.18125143832496582,0.05
NFLX,2026-03-11,0.10137,37,108.0,1.114091,96.94000244140625,1.1800000007103257,0.36032475065722813,0.5381547483646649,10.0,0.14259448737260563,2.0,-0.18125143832496582,0.05
NFLX,2026-03-11,0.10137,37,110.0,1.134722,96.94000244140625,0.9299991662219185,0.3669004126341547,0.5381547483646649,10.0,0.14259448737260563,2.0,-0.18125143832496582,0.05
NFLX,2026-03-11,0.10137,37,112.0,1.155354,96.94000244140625,0.7199999868092579,0.3714231455786277,0.5381547483646649,10.0,0.14259448737260563,2.0,-0.18125143832496582,0.05
NFLX,2026-03-11,0.10137,37,114.0,1.175985,96.94000244140625,0.5300000258946884,0.3712084695451971,0.5381547483646649,10.0,0.14259448737260563,2.0,-0.18125143832496582,0.05
NFLX,2026-03-11,0.10137,37,115.0,1.186301,96.94000244140625,0.46000074198427754,0.3725581162616987,0.5381547483646649,10.0,0.14259448737260563,2.0,-0.18125143832496582,0.05
NFLX,2026-03-11,0.10137,37,116.0,1.196616,96.94000244140625,0.3799999247529593,0.36975851351837624,0.5381547483646649,10.0,0.14259448737260563,2.0,-0.18125143832496582,0.05
NFLX,2026-03-11,0.10137,37,118.0,1.217248,96.94000244140625,0.280000500662168,0.37153558438694545,0.5381547483646649,10.0,0.14259448737260563,2.0,-0.18125143832496582,0.05
NFLX,2026-03-11,0.10137,37,120.0,1.237879,96.94000244140625,0.20999993137829964,0.37496327713300565,0.5381547483646649,10.0,0.14259448737260563,2.0,-0.18125143832496582,0.05
NFLX,2026-03-11,0.10137,37,122.0,1.25851,96.94000244140625,0.17000010614208527,0.38352954369779546,0.5381547483646649,10.0,0.14259448737260563,2.0,-0.18125143832496582,0.05
NFLX,2026-03-11,0.10137,37,124.0,1.279142,96.94000244140625,0.14999999147486065,0.3971872424810069,0.5381547483646649,10.0,0.14259448737260563,2.0,-0.18125143832496582,0.05
NFLX,2026-03-11,0.10137,37,125.0,1.289457,96.94000244140625,0.1199999986453939,0.39339408774208817,0.5381547483646649,10.0,0.14259448737260563,2.0,-0.18125143832496582,0.05
NFLX,2026-03-11,0.10137,37,126.0,1.299773,96.94000244140625,0.1299999544439321,0.4088741365132691,0.5381547483646649,10.0,0.14259448737260563,2.0,-0.18125143832496582,0.05
NFLX,2026-03-11,0.10137,37,128.0,1.320404,96.94000244140625,0.100000000043456,0.412375909145822,0.5381547483646649,10.0,0.14259448737260563,2.0,-0.18125143832496582,0.05
NFLX,2026-03-11,0.10137,37,130.0,1.341036,96.94000244140625,0.0800000021371241,0.4181060537732456,0.5381547483646649,10.0,0.14259448737260563,2.0,-0.18125143832496582,0.05
NFLX,2026-03-11,0.10137,37,132.0,1.361667,96.94000244140625,0.09000000281885479,0.4439224239769682,0.5381547483646649,10.0,0.14259448737260563,2.0,-0.18125143832496582,0.05
NFLX,2026-03-11,0.10137,37,134.0,1.382298,96.94000244140625,0.08000000954776731,0.4547225453308514,0.5381547483646649,10.0,0.14259448737260563,2.0,-0.18125143832496582,0.05
NFLX,2026-03-11,0.10137,37,135.0,1.392614,96.94000244140625,0.07000002780635883,0.455330695988429,0.5381547483646649,10.0,0.14259448737260563,2.0,-0.18125143832496582,0.05
NFLX,2026-03-11,0.10137,37,136.0,1.40293,96.94000244140625,0.060000086386495566,0.45475464215854106,0.5381547483646649,10.0,0.14259448737260563,2.0,-0.18125143832496582,0.05
NFLX,2026-03-11,0.10137,37,138.0,1.423561,96.94000244140625,0.03999999611381655,0.4486365167767238,0.5381547483646649,10.0,0.14259448737260563,2.0,-0.18125143832496582,0.05
NFLX,2026-03-11,0.10137,37,140.0,1.444192,96.94000244140625,0.029999959395863862,0.4494496842318383,0.5381547483646649,10.0,0.14259448737260563,2.0,-0.18125143832496582,0.05
NFLX,2026-03-11,0.10137,37,142.0,1.464824,96.94000244140625,0.02999994982395926,0.4646792917184027,0.5381547483646649,10.0,0.14259448737260563,2.0,-0.18125143832496582,0.05
NFLX,2026-03-11,0.10137,37,144.0,1.485455,96.94000244140625,0.07000008178132178,0.5305188121709764,0.5381547483646649,10.0,0.14259448737260563,2.0,-0.18125143832496582,0.05
NFLX,2026-03-11,0.10137,37,145.0,1.495771,96.94000244140625,0.05000013984339824,0.5164755784334583,0.5381547483646649,10.0,0.14259448737260563,2.0,-0.18125143832496582,0.05
NFLX,2026-03-11,0.10137,37,146.0,1.506086,96.94000244140625,0.05999994360486882,0.5358805584412915,0.5381547483646649,10.0,0.14259448737260563,2.0,-0.18125143832496582,0.05
NFLX,2026-03-11,0.10137,37,148.0,1.526718,96.94000244140625,0.010000000018175942,0.4557480796320322,0.5381547483646649,10.0,0.14259448737260563,2.0,-0.18125143832496582,0.05
NFLX,2026-03-11,0.10137,37,150.0,1.547349,96.94000244140625,0.040000012780624594,0.5398414682789043,0.5381547483646649,10.0,0.14259448737260563,2.0,-0.18125143832496582,0.05
NFLX,2026-03-11,0.10137,37,152.0,1.56798,96.94000244140625,0.050000023650048075,0.5685326230625891,0.5381547483646649,10.0,0.14259448737260563,2.0,-0.18125143832496582,0.05
NFLX,2026-03-11,0.10137,37,154.0,1.588611,96.94000244140625,0.06000001084946338,0.5955698455046229,0.5381547483646649,10.0,0.14259448737260563,2.0,-0.18125143832496582,0.05
NFLX,2026-03-11,0.10137,37,155.0,1.598927,96.94000244140625,0.04000013780490086,0.5750516111177831,0.5381547483646649,10.0,0.14259448737260563,2.0,-0.18125143832496582,0.05
NFLX,2026-03-11,0.10137,37,156.0,1.609243,96.94000244140625,0.02999999859986957,0.5639437230611017,0.5381547483646649,10.0,0.14259448737260563,2.0,-0.18125143832496582,0.05
NFLX,2026-03-11,0.10137,37,158.0,1.629874,96.94000244140625,0.18999999869480844,0.7271537942405945,0.5381547483646649,10.0,0.14259448737260563,2.0,-0.18125143832496582,0.05
NFLX,2026-03-11,0.10137,37,160.0,1.650505,96.94000244140625,0.010000044690190474,0.5305917531351009,0.5381547483646649,10.0,0.14259448737260563,2.0,-0.18125143832496582,0.05
NFLX,2026-03-11,0.10137,37,162.0,1.671137,96.94000244140625,0.03999999977197699,0.621965563979315,0.5381547483646649,10.0,0.14259448737260563,2.0,-0.18125143832496582,0.05
NFLX,2026-03-11,0.10137,37,164.0,1.691768,96.94000244140625,0.020000007198954395,0.5909451263074347,0.5381547483646649,10.0,0.14259448737260563,2.0,-0.18125143832496582,0.05
NFLX,2026-03-11,0.10137,37,166.0,1.712399,96.94000244140625,0.04999999805739175,0.6638653057601452,0.5381547483646649,10.0,0.14259448737260563,2.0,-0.18125143832496582,0.05
NFLX,2026-03-11,0.10137,37,168.0,1.733031,96.94000244140625,0.030000104016319695,0.6403733218349534,0.5381547483646649,10.0,0.14259448737260563,2.0,-0.18125143832496582,0.05
NFLX,2026-03-11,0.10137,37,170.0,1.753662,96.94000244140625,0.029999999040734915,0.6524480384252092,0.5381547483646649,10.0,0.14259448737260563,2.0,-0.18125143832496582,0.05
NFLX,2026-03-11,0.10137,37,172.0,1.774293,96.94000244140625,0.030000000003370664,0.6643485536590396,0.5381547483646649,10.0,0.14259448737260563,2.0,-0.18125143832496582,0.05
NFLX,2026-03-11,0.10137,37,174.0,1.794925,96.94000244140625,0.01999999280647391,0.6494721746888671,0.5381547483646649,10.0,0.14259448737260563,2.0,-0.18125143832496582,0.05
NFLX,2026-03-11,0.120548,44,65.0,0.670518,96.94000244140625,32.48060513659185,0.5936353438598353,0.5381547483646649,10.0,0.14259448737260563,2.0,-0.18125143832496582,0.05
NFLX,2026-03-11,0.120548,44,70.0,0.722096,96.94000244140625,27.660651331916725,0.5648418181414357,0.5381547483646649,10.0,0.14259448737260563,2.0,-0.18125143832496582,0.05
NFLX,2026-03-11,0.120548,44,75.0,0.773674,96.94000244140625,22.895697464668885,0.5219754874782293,0.5381547483646649,10.0,0.14259448737260563,2.0,-0.18125143832496582,0.05
NFLX,2026-03-11,0.120548,44,80.0,0.825253,96.94000244140625,18.3207440957014,0.49017421892542057,0.5381547483646649,10.0,0.14259448737260563,2.0,-0.18125143832496582,0.05
NFLX,2026-03-11,0.120548,44,85.0,0.876831,96.94000244140625,14.070789967716905,0.46736120575952866,0.5381547483646649,10.0,0.14259448737260563,2.0,-0.18125143832496582,0.05
NFLX,2026-03-11,0.120548,44,86.0,0.887147,96.94000244140625,13.10679954718961,0.44540595520195697,0.5381547483646649,10.0,0.14259448737260563,2.0,-0.18125143832496582,0.05
NFLX,2026-03-11,0.120548,44,87.0,0.897462,96.94000244140625,12.4828089007963,0.45870060431714615,0.5381547483646649,10.0,0.14259448737260563,2.0,-0.18125143832496582,0.05
NFLX,2026-03-11,0.120548,44,88.0,0.907778,96.94000244140625,11.628818109327561,0.44582617213543924,0.5381547483646649,10.0,0.14259448737260563,2.0,-0.18125143832496582,0.05
NFLX,2026-03-11,0.120548,44,89.0,0.918094,96.94000244140625,11.034826618551811,0.4560816890453589,0.5381547483646649,10.0,0.14259448737260563,2.0,-0.18125143832496582,0.05
NFLX,2026-03-11,0.120548,44,90.0,0.928409,96.94000244140625,10.2308366238995,0.4445723957676678,0.5381547483646649,10.0,0.14259448737260563,2.0,-0.18125143832496582,0.05
NFLX,2026-03-11,0.120548,44,91.0,0.938725,96.94000244140625,9.596848685026487,0.446291974436594,0.5381547483646649,10.0,0.14259448737260563,2.0,-0.18125143832496582,0.05
NFLX,2026-03-11,0.120548,44,92.0,0.949041,96.94000244140625,8.792855263619863,0.431651112527579,0.5381547483646649,10.0,0.14259448737260563,2.0,-0.18125143832496582,0.05
NFLX,2026-03-11,0.120548,44,93.0,0.959356,96.94000244140625,8.148864453930123,0.42858379756269704,0.5381547483646649,10.0,0.14259448737260563,2.0,-0.18125143832496582,0.05
NFLX,2026-03-11,0.120548,44,94.0,0.969672,96.94000244140625,7.624870804244182,0.43291532781662284,0.5381547483646649,10.0,0.14259448737260563,2.0,-0.18125143832496582,0.05
NFLX,2026-03-11,0.120548,44,95.0,0.979988,96.94000244140625,6.760882912359541,0.408787135788928,0.5381547483646649,10.0,0.14259448737260563,2.0,-0.18125143832496582,0.05
NFLX,2026-03-11,0.120548,44,96.0,0.990303,96.94000244140625,7.610830937317573,0.5130271778444037,0.5381547483646649,10.0,0.14259448737260563,2.0,-0.18125143832496582,0.05
NFLX,2026-03-11,0.120548,44,97.0,1.000619,96.94000244140625,5.550002297426438,0.3949295229168976,0.5381547483646649,10.0,0.14259448737260563,2.0,-0.18125143832496582,0.05
NFLX,2026-03-11,0.120548,44,98.0,1.010935,96.94000244140625,5.1500026842972275,0.40019192504003304,0.5381547483646649,10.0,0.14259448737260563,2.0,-0.18125143832496582,0.05
NFLX,2026-03-11,0.120548,44,99.0,1.02125,96.94000244140625,4.699999835933568,0.3995429976544263,0.5381547483646649,10.0,0.14259448737260563,2.0,-0.18125143832496582,0.05
NFLX,2026-03-11,0.120548,44,100.0,1.031566,96.94000244140625,4.2999999435139955,0.4005083166977175,0.5381547483646649,10.0,0.14259448737260563,2.0,-0.18125143832496582,0.05
NFLX,2026-03-11,0.120548,44,101.0,1.041882,96.94000244140625,4.049996910331515,0.4107471213224085,0.5381547483646649,10.0,0.14259448737260563,2.0,-0.18125143832496582,0.05
NFLX,2026-03-11,0.120548,44,102.0,1.052197,96.94000244140625,3.6000000010316597,0.4038775616847271,0.5381547483646649,10.0,0.14259448737260563,2.0,-0.18125143832496582,0.05
NFLX,2026-03-11,0.120548,44,103.0,1.062513,96.94000244140625,3.199999762794967,0.39866087218195445,0.5381547483646649,10.0,0.14259448737260563,2.0,-0.18125143832496582,0.05
NFLX,2026-03-11,0.120548,44,104.0,1.072829,96.94000244140625,3.349998833678793,0.43514951404095054,0.5381547483646649,10.0,0.14259448737260563,2.0,-0.18125143832496582,0.05
NFLX,2026-03-11,0.120548,44,105.0,1.083144,96.94000244140625,2.559999912997089,0.39454565510554473,0.5381547483646649,10.0,0.14259448737260563,2.0,-0.18125143832496582,0.05
NFLX,2026-03-11,0.120548,44,106.0,1.09346,96.94000244140625,2.290000685113892,0.3935850483478394,0.5381547483646649,10.0,0.14259448737260563,2.0,-0.18125143832496582,0.05
NFLX,2026-03-11,0.120548,44,107.0,1.103776,96.94000244140625,2.000000009989055,0.3887904796001665,0.5381547483646649,10.0,0.14259448737260563,2.0,-0.18125143832496582,0.05
NFLX,2026-03-11,0.120548,44,108.0,1.114091,96.94000244140625,1.7200025841174238,0.38252044257795415,0.5381547483646649,10.0,0.14259448737260563,2.0,-0.18125143832496582,0.05
NFLX,2026-03-11,0.120548,44,109.0,1.124407,96.94000244140625,1.7899999979733394,0.40814368014175334,0.5381547483646649,10.0,0.14259448737260563,2.0,-0.18125143832496582,0.05
NFLX,2026-03-11,0.120548,44,110.0,1.134722,96.94000244140625,1.4700000000185263,0.39448126658415417,0.5381547483646649,10.0,0.14259448737260563,2.0,-0.18125143832496582,0.05
NFLX,2026-03-11,0.120548,44,111.0,1.145038,96.94000244140625,1.2700002484087456,0.39036390356019196,0.5381547483646649,10.0,0.14259448737260563,2.0,-0.18125143832496582,0.05
NFLX,2026-03-11,0.120548,44,115.0,1.186301,96.94000244140625,0.7300015747734729,0.3840567174154071,0.5381547483646649,10.0,0.14259448737260563,2.0,-0.18125143832496582,0.05
NFLX,2026-03-11,0.120548,44,120.0,1.237879,96.94000244140625,0.3499992874349793,0.3795903688580473,0.5381547483646649,10.0,0.14259448737260563,2.0,-0.18125143832496582,0.05
NFLX,2026-03-11,0.120548,44,125.0,1.289457,96.94000244140625,0.25000007343505715,0.4080955021375453,0.5381547483646649,10.0,0.14259448737260563,2.0,-0.18125143832496582,0.05
NFLX,2026-03-11,0.120548,44,130.0,1.341036,96.94000244140625,0.20999999279991366,0.4445126962822549,0.5381547483646649,10.0,0.14259448737260563,2.0,-0.18125143832496582,0.05
NFLX,2026-03-11,0.178082,65,49.0,0.505467,96.94000244140625,48.474367126109556,0.7401818169428706,0.5381547483646649,10.0,0.14259448737260563,2.0,-0.18125143832496582,0.05
NFLX,2026-03-11,0.178082,65,50.0,0.515783,96.94000244140625,47.44323159437081,0.6738151251385206,0.5381547483646649,10.0,0.14259448737260563,2.0,-0.18125143832496582,0.05
NFLX,2026-03-11,0.178082,65,51.0,0.526099,96.94000244140625,46.40209627447799,0.5403109763650897,0.5381547483646649,10.0,0.14259448737260563,2.0,-0.18125143832496582,0.05
NFLX,2026-03-11,0.178082,65,52.0,0.536414,96.94000244140625,45.70096062607579,0.8091497355228052,0.5381547483646649,10.0,0.14259448737260563,2.0,-0.18125143832496582,0.05
NFLX,2026-03-11,0.178082,65,53.0,0.54673,96.94000244140625,44.51982560026294,0.6722851498183796,0.5381547483646649,10.0,0.14259448737260563,2.0,-0.18125143832496582,0.05
NFLX,2026-03-11,0.178082,65,54.0,0.557046,96.94000244140625,43.57869025265567,0.6909777847682773,0.5381547483646649,10.0,0.14259448737260563,2.0,-0.18125143832496582,0.05
NFLX,2026-03-11,0.178082,65,55.0,0.567361,96.94000244140625,42.52755461136823,0.6269932446799238,0.5381547483646649,10.0,0.14259448737260563,2.0,-0.18125143832496582,0.05
NFLX,2026-03-11,0.178082,65,56.0,0.577677,96.94000244140625,41.5564191322939,0.6254190894220409,0.5381547483646649,10.0,0.14259448737260563,2.0,-0.18125143832496582,0.05
NFLX,2026-03-11,0.178082,65,57.0,0.587993,96.94000244140625,40.555283771523825,0.5999670570851131,0.5381547483646649,10.0,0.14259448737260563,2.0,-0.18125143832496582,0.05
NFLX,2026-03-11,0.178082,65,58.0,0.598308,96.94000244140625,39.65414835165699,0.638923122447744,0.5381547483646649,10.0,0.14259448737260563,2.0,-0.18125143832496582,0.05
NFLX,2026-03-11,0.178082,65,59.0,0.608624,96.94000244140625,38.61301304067019,0.592554192376524,0.5381547483646649,10.0,0.14259448737260563,2.0,-0.18125143832496582,0.05
NFLX,2026-03-11,0.178082,65,60.0,0.61894,96.94000244140625,37.6518771544944,0.5920191819462314,0.5381547483646649,10.0,0.14259448737260563,2.0,-0.18125143832496582,0.05
NFLX,2026-03-11,0.178082,65,61.0,0.629255,96.94000244140625,36.69074214878404,0.589289356086402,0.5381547483646649,10.0,0.14259448737260563,2.0,-0.18125143832496582,0.05
NFLX,2026-03-11,0.178082,65,62.0,0.639571,96.94000244140625,35.70960672714766,0.5761151779684199,0.5381547483646649,10.0,0.14259448737260563,2.0,-0.18125143832496582,0.05
NFLX,2026-03-11,0.178082,65,63.0,0.649887,96.94000244140625,34.77847131925459,0.5829689061612751,0.5381547483646649,10.0,0.14259448737260563,2.0,-0.18125143832496582,0.05
NFLX,2026-03-11,0.178082,65,64.0,0.660202,96.94000244140625,33.75733588907556,0.5535061050191586,0.5381547483646649,10.0,0.14259448737260563,2.0,-0.18125143832496582,0.05
NFLX,2026-03-11,0.178082,65,65.0,0.670518,96.94000244140625,32.81620049220234,0.5543790797616561,0.5381547483646649,10.0,0.14259448737260563,2.0,-0.18125143832496582,0.05
NFLX,2026-03-11,0.178082,65,66.0,0.680833,96.94000244140625,31.89506508548373,0.5590508210020505,0.5381547483646649,10.0,0.14259448737260563,2.0,-0.18125143832496582,0.05
NFLX,2026-03-11,0.178082,65,67.0,0.691149,96.94000244140625,30.853929576886763,0.5257403752537722,0.5381547483646649,10.0,0.14259448737260563,2.0,-0.18125143832496582,0.05
NFLX,2026-03-11,0.178082,65,68.0,0.701465,96.94000244140625,29.982794251212738,0.5423591993911704,0.5381547483646649,10.0,0.14259448737260563,2.0,-0.18125143832496582,0.05
NFLX,2026-03-11,0.178082,65,69.0,0.71178,96.94000244140625,29.061658829732153,0.5414048161044577,0.5381547483646649,10.0,0.14259448737260563,2.0,-0.18125143832496582,0.05
NFLX,2026-03-11,0.178082,65,70.0,0.722096,96.94000244140625,28.07052338295663,0.5230889362065827,0.5381547483646649,10.0,0.14259448737260563,2.0,-0.18125143832496582,0.05
NFLX,2026-03-11,0.178082,65,71.0,0.732412,96.94000244140625,27.20938779361505,0.5324136341782788,0.5381547483646649,10.0,0.14259448737260563,2.0,-0.18125143832496582,0.05
NFLX,2026-03-11,0.178082,65,72.0,0.742727,96.94000244140625,26.23825210159403,0.5176402431688953,0.5381547483646649,10.0,0.14259448737260563,2.0,-0.18125143832496582,0.05
NFLX,2026-03-11,0.178082,65,73.0,0.753043,96.94000244140625,25.25711618337931,0.5009410643357394,0.5381547483646649,10.0,0.14259448737260563,2.0,-0.18125143832496582,0.05
NFLX,2026-03-11,0.178082,65,74.0,0.763359,96.94000244140625,24.335982138793952,0.4948718198357155,0.5381547483646649,10.0,0.14259448737260563,2.0,-0.18125143832496582,0.05
NFLX,2026-03-11,0.178082,65,75.0,0.773674,96.94000244140625,23.50484632555434,0.5020080057511069,0.5381547483646649,10.0,0.14259448737260563,2.0,-0.18125143832496582,0.05
NFLX,2026-03-11,0.178082,65,76.0,0.78399,96.94000244140625,22.593712320088088,0.49467907141122675,0.5381547483646649,10.0,0.14259448737260563,2.0,-0.18125143832496582,0.05
NFLX,2026-03-11,0.178082,65,77.0,0.794306,96.94000244140625,21.70257559231834,0.48921889799026935,0.5381547483646649,10.0,0.14259448737260563,2.0,-0.18125143832496582,0.05
NFLX,2026-03-11,0.178082,65,78.0,0.804621,96.94000244140625,20.81144010281548,0.48267748821359563,0.5381547483646649,10.0,0.14259448737260563,2.0,-0.18125143832496582,0.05
NFLX,2026-03-11,0.178082,65,79.0,0.814937,96.94000244140625,19.920304352213776,0.4751709873664517,0.5381547483646649,10.0,0.14259448737260563,2.0,-0.18125143832496582,0.05
NFLX,2026-03-11,0.178082,65,80.0,0.825253,96.94000244140625,19.029169269206918,0.4667902070324011,0.5381547483646649,10.0,0.14259448737260563,2.0,-0.18125143832496582,0.05
NFLX,2026-03-11,0.178082,65,81.0,0.835568,96.94000244140625,18.22803388073369,0.4673163433660388,0.5381547483646649,10.0,0.14259448737260563,2.0,-0.18125143832496582,0.05
NFLX,2026-03-11,0.178082,65,82.0,0.845884,96.94000244140625,17.336898444444927,0.45694237008551636,0.5381547483646649,10.0,0.14259448737260563,2.0,-0.18125143832496582,0.05
NFLX,2026-03-11,0.178082,65,83.0,0.8562,96.94000244140625,16.48576254645822,0.44979887397454743,0.5381547483646649,10.0,0.14259448737260563,2.0,-0.18125143832496582,0.05
NFLX,2026-03-11,0.178082,65,84.0,0.866515,96.94000244140625,15.694627612833486,0.4472149197752727,0.5381547483646649,10.0,0.14259448737260563,2.0,-0.18125143832496582,0.05
NFLX,2026-03-11,0.178082,65,85.0,0.876831,96.94000244140625,14.873492492867221,0.44058038367830427,0.5381547483646649,10.0,0.14259448737260563,2.0,-0.18125143832496582,0.05
NFLX,2026-03-11,0.178082,65,86.0,0.887147,96.94000244140625,14.122356789710466,0.43875122844841935,0.5381547483646649,10.0,0.14259448737260563,2.0,-0.18125143832496582,0.05
NFLX,2026-03-11,0.178082,65,87.0,0.897462,96.94000244140625,13.311221371372326,0.43063100079893935,0.5381547483646649,10.0,0.14259448737260563,2.0,-0.18125143832496582,0.05
NFLX,2026-03-11,0.178082,65,88.0,0.907778,96.94000244140625,12.600085506419312,0.4292309995350833,0.5381547483646649,10.0,0.14259448737260563,2.0,-0.18125143832496582,0.05
NFLX,2026-03-11,0.178082,65,89.0,0.918094,96.94000244140625,11.978950536312446,0.4329655070944349,0.5381547483646649,10.0,0.14259448737260563,2.0,-0.18125143832496582,0.05
NFLX,2026-03-11,0.178082,65,90.0,0.928409,96.94000244140625,11.237812051806685,0.42629742858430614,0.5381547483646649,10.0,0.14259448737260563,2.0,-0.18125143832496582,0.05
NFLX,2026-03-11,0.178082,65,91.0,0.938725,96.94000244140625,10.596679779177478,0.4253946104567106,0.5381547483646649,10.0,0.14259448737260563,2.0,-0.18125143832496582,0.05
NFLX,2026-03-11,0.178082,65,92.0,0.949041,96.94000244140625,9.825544300808232,0.4142385733926104,0.5381547483646649,10.0,0.14259448737260563,2.0,-0.18125143832496582,0.05
NFLX,2026-03-11,0.178082,65,93.0,0.959356,96.94000244140625,9.314408883756933,0.4191840354740445,0.5381547483646649,10.0,0.14259448737260563,2.0,-0.18125143832496582,0.05
NFLX,2026-03-11,0.178082,65,94.0,0.969672,96.94000244140625,8.623273092773552,0.41080381171394276,0.5381547483646649,10.0,0.14259448737260563,2.0,-0.18125143832496582,0.05
NFLX,2026-03-11,0.178082,65,95.0,0.979988,96.94000244140625,8.032138053631257,0.40754550560612096,0.5381547483646649,10.0,0.14259448737260563,2.0,-0.18125143832496582,0.05
NFLX,2026-03-11,0.178082,65,96.0,0.990303,96.94000244140625,7.5909993343004345,0.4122476475692401,0.5381547483646649,10.0,0.14259448737260563,2.0,-0.18125143832496582,0.05
NFLX,2026-03-11,0.178082,65,97.0,1.000619,96.94000244140625,6.900000000200556,0.39992942893224914,0.5381547483646649,10.0,0.14259448737260563,2.0,-0.18125143832496582,0.05
NFLX,2026-03-11,0.178082,65,98.0,1.010935,96.94000244140625,6.349998619088979,0.39499011128584466,0.5381547483646649,10.0,0.14259448737260563,2.0,-0.18125143832496582,0.05
NFLX,2026-03-11,0.178082,65,99.0,1.02125,96.94000244140625,5.899996799192174,0.3947457426461611,0.5381547483646649,10.0,0.14259448737260563,2.0,-0.18125143832496582,0.05
NFLX,2026-03-11,0.178082,65,100.0,1.031566,96.94000244140625,5.409998950180118,0.3905949303827386,0.5381547483646649,10.0,0.14259448737260563,2.0,-0.18125143832496582,0.05
NFLX,2026-03-11,0.178082,65,101.0,1.041882,96.94000244140625,4.799999950279215,0.3775668246394039,0.5381547483646649,10.0,0.14259448737260563,2.0,-0.18125143832496582,0.05
NFLX,2026-03-11,0.178082,65,102.0,1.052197,96.94000244140625,4.5899978893224045,0.3877844210557197,0.5381547483646649,10.0,0.14259448737260563,2.0,-0.18125143832496582,0.05
NFLX,2026-03-11,0.178082,65,103.0,1.062513,96.94000244140625,4.120000000350707,0.380423612145413,0.5381547483646649,10.0,0.14259448737260563,2.0,-0.18125143832496582,0.05
NFLX,2026-03-11,0.178082,65,104.0,1.072829,96.94000244140625,3.7000000331515324,0.3746263341221879,0.5381547483646649,10.0,0.14259448737260563,2.0,-0.18125143832496582,0.05
NFLX,2026-03-11,0.178082,65,105.0,1.083144,96.94000244140625,3.5899991702077756,0.38748566026135156,0.5381547483646649,10.0,0.14259448737260563,2.0,-0.18125143832496582,0.05
NFLX,2026-03-11,0.178082,65,106.0,1.09346,96.94000244140625,3.0999999956153204,0.37412489361187234,0.5381547483646649,10.0,0.14259448737260563,2.0,-0.18125143832496582,0.05
NFLX,2026-03-11,0.178082,65,107.0,1.103776,96.94000244140625,2.9099998603142225,0.37935471918250224,0.5381547483646649,10.0,0.14259448737260563,2.0,-0.18125143832496582,0.05
NFLX,2026-03-11,0.178082,65,108.0,1.114091,96.94000244140625,2.520000000024588,0.36932174606189794,0.5381547483646649,10.0,0.14259448737260563,2.0,-0.18125143832496582,0.05
NFLX,2026-03-11,0.178082,65,109.0,1.124407,96.94000244140625,2.3400000035385204,0.3727658239306387,0.5381547483646649,10.0,0.14259448737260563,2.0,-0.18125143832496582,0.05
NFLX,2026-03-11,0.178082,65,110.0,1.134722,96.94000244140625,2.200000132701902,0.3781838089427012,0.5381547483646649,10.0,0.14259448737260563,2.0,-0.18125143832496582,0.05
NFLX,2026-03-11,0.178082,65,111.0,1.145038,96.94000244140625,1.899999990246144,0.3700299120960582,0.5381547483646649,10.0,0.14259448737260563,2.0,-0.18125143832496582,0.05
NFLX,2026-03-11,0.178082,65,112.0,1.155354,96.94000244140625,1.7599992972477594,0.37319763104383497,0.5381547483646649,10.0,0.14259448737260563,2.0,-0.18125143832496582,0.05
NFLX,2026-03-11,0.178082,65,114.0,1.175985,96.94000244140625,1.430000720120944,0.37200015918255647,0.5381547483646649,10.0,0.14259448737260563,2.0,-0.18125143832496582,0.05
NFLX,2026-03-11,0.178082,65,115.0,1.186301,96.94000244140625,1.31999995962296,0.3747263656923619,0.5381547483646649,10.0,0.14259448737260563,2.0,-0.18125143832496582,0.05
NFLX,2026-03-11,0.178082,65,116.0,1.196616,96.94000244140625,1.2200012468504156,0.37754343335519774,0.5381547483646649,10.0,0.14259448737260563,2.0,-0.18125143832496582,0.05
NFLX,2026-03-11,0.178082,65,118.0,1.217248,96.94000244140625,0.9499999765931566,0.3726497933064297,0.5381547483646649,10.0,0.14259448737260563,2.0,-0.18125143832496582,0.05
NFLX,2026-03-11,0.178082,65,120.0,1.237879,96.94000244140625,0.7600000053420821,0.37180787387662284,0.5381547483646649,10.0,0.14259448737260563,2.0,-0.18125143832496582,0.05
NFLX,2026-03-11,0.178082,65,122.0,1.25851,96.94000244140625,0.6900000794149648,0.38336718039003964,0.5381547483646649,10.0,0.14259448737260563,2.0,-0.18125143832496582,0.05
NFLX,2026-03-11,0.178082,65,124.0,1.279142,96.94000244140625,0.5599999941185283,0.383884918251385,0.5381547483646649,10.0,0.14259448737260563,2.0,-0.18125143832496582,0.05
NFLX,2026-03-11,0.178082,65,125.0,1.289457,96.94000244140625,0.5199999720386668,0.3868783806648802,0.5381547483646649,10.0,0.14259448737260563,2.0,-0.18125143832496582,0.05
NFLX,2026-03-11,0.178082,65,126.0,1.299773,96.94000244140625,0.6600000981621941,0.4186941198457604,0.5381547483646649,10.0,0.14259448737260563,2.0,-0.18125143832496582,0.05
NFLX,2026-03-11,0.178082,65,128.0,1.320404,96.94000244140625,0.3999998015596704,0.3920846156904981,0.5381547483646649,10.0,0.14259448737260563,2.0,-0.18125143832496582,0.05
NFLX,2026-03-11,0.178082,65,130.0,1.341036,96.94000244140625,0.36999998448382954,0.40299588285226895,0.5381547483646649,10.0,0.14259448737260563,2.0,-0.18125143832496582,0.05
NFLX,2026-03-11,0.178082,65,132.0,1.361667,96.94000244140625,0.29000025256252027,0.40067784758582015,0.5381547483646649,10.0,0.14259448737260563,2.0,-0.18125143832496582,0.05
NFLX,2026-03-11,0.178082,65,134.0,1.382298,96.94000244140625,0.34000000105628114,0.4289403706139889,0.5381547483646649,10.0,0.14259448737260563,2.0,-0.18125143832496582,0.05
NFLX,2026-03-11,0.178082,65,135.0,1.392614,96.94000244140625,0.2099999846911329,0.4010017259261791,0.5381547483646649,10.0,0.14259448737260563,2.0,-0.18125143832496582,0.05
NFLX,2026-03-11,0.178082,65,136.0,1.40293,96.94000244140625,0.26999996730314013,0.4264198429881882,0.5381547483646649,10.0,0.14259448737260563,2.0,-0.18125143832496582,0.05
NFLX,2026-03-11,0.178082,65,138.0,1.423561,96.94000244140625,0.16999986259465683,0.40872838782619764,0.5381547483646649,10.0,0.14259448737260563,2.0,-0.18125143832496582,0.05
NFLX,2026-03-11,0.178082,65,140.0,1.444192,96.94000244140625,0.16000000000896053,0.4186631400945095,0.5381547483646649,10.0,0.14259448737260563,2.0,-0.18125143832496582,0.05
NFLX,2026-03-11,0.178082,65,142.0,1.464824,96.94000244140625,0.12000000054787985,0.4141333838763336,0.5381547483646649,10.0,0.14259448737260563,2.0,-0.18125143832496582,0.05
NFLX,2026-03-11,0.178082,65,144.0,1.485455,96.94000244140625,0.16000000018057836,0.4454351850109987,0.5381547483646649,10.0,0.14259448737260563,2.0,-0.18125143832496582,0.05
NFLX,2026-03-11,0.178082,65,145.0,1.495771,96.94000244140625,0.14000000091223042,0.4430802518383618,0.5381547483646649,10.0,0.14259448737260563,2.0,-0.18125143832496582,0.05
NFLX,2026-03-11,0.178082,65,146.0,1.506086,96.94000244140625,0.23000014947206004,0.4851299028849004,0.5381547483646649,10.0,0.14259448737260563,2.0,-0.18125143832496582,0.05
NFLX,2026-03-11,0.178082,65,148.0,1.526718,96.94000244140625,0.1700000001698747,0.4754755110652152,0.5381547483646649,10.0,0.14259448737260563,2.0,-0.18125143832496582,0.05
NFLX,2026-03-11,0.178082,65,150.0,1.547349,96.94000244140625,0.10000003230333832,0.4526875703734577,0.5381547483646649,10.0,0.14259448737260563,2.0,-0.18125143832496582,0.05
NFLX,2026-03-11,0.178082,65,152.0,1.56798,96.94000244140625,0.14000000054175232,0.48648511623051194,0.5381547483646649,10.0,0.14259448737260563,2.0,-0.18125143832496582,0.05
NFLX,2026-03-11,0.178082,65,154.0,1.588611,96.94000244140625,0.1500000064845881,0.5033169689326197,0.5381547483646649,10.0,0.14259448737260563,2.0,-0.18125143832496582,0.05
NFLX,2026-03-11,0.178082,65,155.0,1.598927,96.94000244140625,0.08000007060427916,0.4678854419525135,0.5381547483646649,10.0,0.14259448737260563,2.0,-0.18125143832496582,0.05
NFLX,2026-03-11,0.178082,65,156.0,1.609243,96.94000244140625,0.0999999983325841,0.48723636229568007,0.5381547483646649,10.0,0.14259448737260563,2.0,-0.18125143832496582,0.05
NFLX,2026-03-11,0.178082,65,158.0,1.629874,96.94000244140625,0.1699999710596929,0.5362171271079001,0.5381547483646649,10.0,0.14259448737260563,2.0,-0.18125143832496582,0.05
NFLX,2026-03-11,0.178082,65,160.0,1.650505,96.94000244140625,0.11999996608932362,0.5217571250710181,0.5381547483646649,10.0,0.14259448737260563,2.0,-0.18125143832496582,0.05
NFLX,2026-03-11,0.178082,65,162.0,1.671137,96.94000244140625,0.300000112121638,0.6096087942883348,0.5381547483646649,10.0,0.14259448737260563,2.0,-0.18125143832496582,0.05
NFLX,2026-03-11,0.178082,65,164.0,1.691768,96.94000244140625,0.1300000217025199,0.5493604744946774,0.5381547483646649,10.0,0.14259448737260563,2.0,-0.18125143832496582,0.05
NFLX,2026-03-11,0.178082,65,165.0,1.702084,96.94000244140625,0.11000000346133931,0.5425522570880432,0.5381547483646649,10.0,0.14259448737260563,2.0,-0.18125143832496582,0.05
NFLX,2026-03-11,0.178082,65,166.0,1.712399,96.94000244140625,0.049999968649204196,0.49777414445499624,0.5381547483646649,10.0,0.14259448737260563,2.0,-0.18125143832496582,0.05
NFLX,2026-03-11,0.178082,65,168.0,1.733031,96.94000244140625,0.05999997210978936,0.518125395623149,0.5381547483646649,10.0,0.14259448737260563,2.0,-0.18125143832496582,0.05
NFLX,2026-03-11,0.178082,65,170.0,1.753662,96.94000244140625,0.11000000007614608,0.5683469424594761,0.5381547483646649,10.0,0.14259448737260563,2.0,-0.18125143832496582,0.05
NFLX,2026-03-11,0.178082,65,172.0,1.774293,96.94000244140625,0.1300000000486461,0.5911351828639414,0.5381547483646649,10.0,0.14259448737260563,2.0,-0.18125143832496582,0.05
NFLX,2026-03-11,0.178082,65,174.0,1.794925,96.94000244140625,0.049999965191753426,0.5355407707809451,0.5381547483646649,10.0,0.14259448737260563,2.0,-0.18125143832496582,0.05
NFLX,2026-03-11,0.271233,99,49.0,0.505467,96.94000244140625,48.700037294552416,0.6034499753610512,0.5381547483646649,10.0,0.14259448737260563,2.0,-0.18125143832496582,0.05
NFLX,2026-03-11,0.271233,99,50.0,0.515783,96.94000244140625,47.86350751330228,0.6746554577153198,0.5381547483646649,10.0,0.14259448737260563,2.0,-0.18125143832496582,0.05
NFLX,2026-03-11,0.271233,99,51.0,0.526099,96.94000244140625,46.886977489551015,0.6613136235685331,0.5381547483646649,10.0,0.14259448737260563,2.0,-0.18125143832496582,0.05
NFLX,2026-03-11,0.271233,99,52.0,0.536414,96.94000244140625,46.140447085304444,0.7256508816219505,0.5381547483646649,10.0,0.14259448737260563,2.0,-0.18125143832496582,0.05
NFLX,2026-03-11,0.271233,99,53.0,0.54673,96.94000244140625,45.16391769074244,0.709528448711232,0.5381547483646649,10.0,0.14259448737260563,2.0,-0.18125143832496582,0.05
NFLX,2026-03-11,0.271233,99,54.0,0.557046,96.94000244140625,43.86738778830124,0.5839531233885314,0.5381547483646649,10.0,0.14259448737260563,2.0,-0.18125143832496582,0.05
NFLX,2026-03-11,0.271233,99,55.0,0.567361,96.94000244140625,42.88085787895881,0.5680147607521474,0.5381547483646649,10.0,0.14259448737260563,2.0,-0.18125143832496582,0.05
NFLX,2026-03-11,0.271233,99,56.0,0.577677,96.94000244140625,41.91432795952692,0.5610635100421653,0.5381547483646649,10.0,0.14259448737260563,2.0,-0.18125143832496582,0.05
NFLX,2026-03-11,0.271233,99,57.0,0.587993,96.94000244140625,40.94779803770257,0.5535077478181576,0.5381547483646649,10.0,0.14259448737260563,2.0,-0.18125143832496582,0.05
NFLX,2026-03-11,0.271233,99,58.0,0.598308,96.94000244140625,39.9812681382132,0.5454441801796978,0.5381547483646649,10.0,0.14259448737260563,2.0,-0.18125143832496582,0.05
NFLX,2026-03-11,0.271233,99,59.0,0.608624,96.94000244140625,39.06473828390488,0.5532122706411415,0.5381547483646649,10.0,0.14259448737260563,2.0,-0.18125143832496582,0.05
NFLX,2026-03-11,0.271233,99,60.0,0.61894,96.94000244140625,38.03820837221217,0.5248481428461969,0.5381547483646649,10.0,0.14259448737260563,2.0,-0.18125143832496582,0.05
NFLX,2026-03-11,0.271233,99,61.0,0.629255,96.94000244140625,36.7916785161091,0.36749742429599147,0.5381547483646649,10.0,0.14259448737260563,2.0,-0.18125143832496582,0.05
NFLX,2026-03-11,0.271233,99,62.0,0.639571,96.94000244140625,36.145148555351156,0.5177643234819596,0.5381547483646649,10.0,0.14259448737260563,2.0,-0.18125143832496582,0.05
NFLX,2026-03-11,0.271233,99,63.0,0.649887,96.94000244140625,35.3086190489574,0.5384292236323515,0.5381547483646649,10.0,0.14259448737260563,2.0,-0.18125143832496582,0.05
NFLX,2026-03-11,0.271233,99,64.0,0.660202,96.94000244140625,34.24208878022794,0.5044682285354937,0.5381547483646649,10.0,0.14259448737260563,2.0,-0.18125143832496582,0.05
NFLX,2026-03-11,0.271233,99,65.0,0.670518,96.94000244140625,33.33555883985173,0.506638902727811,0.5381547483646649,10.0,0.14259448737260563,2.0,-0.18125143832496582,0.05
NFLX,2026-03-11,0.271233,99,66.0,0.680833,96.94000244140625,32.3890286774059,0.4990932542526075,0.5381547483646649,10.0,0.14259448737260563,2.0,-0.18125143832496582,0.05
NFLX,2026-03-11,0.271233,99,67.0,0.691149,96.94000244140625,31.47249807492637,0.4965877030065754,0.5381547483646649,10.0,0.14259448737260563,2.0,-0.18125143832496582,0.05
NFLX,2026-03-11,0.271233,99,68.0,0.701465,96.94000244140625,30.625967879615303,0.5044631604604798,0.5381547483646649,10.0,0.14259448737260563,2.0,-0.18125143832496582,0.05
NFLX,2026-03-11,0.271233,99,69.0,0.71178,96.94000244140625,29.579439274948264,0.4787765979652492,0.5381547483646649,10.0,0.14259448737260563,2.0,-0.18125143832496582,0.05
NFLX,2026-03-11,0.271233,99,70.0,0.722096,96.94000244140625,28.72290937448767,0.48297358944329893,0.5381547483646649,10.0,0.14259448737260563,2.0,-0.18125143832496582,0.05
NFLX,2026-03-11,0.271233,99,71.0,0.732412,96.94000244140625,27.76637947364224,0.4712557878123664,0.5381547483646649,10.0,0.14259448737260563,2.0,-0.18125143832496582,0.05
NFLX,2026-03-11,0.271233,99,72.0,0.742727,96.94000244140625,26.949849557680686,0.4778550800068634,0.5381547483646649,10.0,0.14259448737260563,2.0,-0.18125143832496582,0.05
NFLX,2026-03-11,0.271233,99,73.0,0.753043,96.94000244140625,25.953319658663062,0.4602848142214391,0.5381547483646649,10.0,0.14259448737260563,2.0,-0.18125143832496582,0.05
NFLX,2026-03-11,0.271233,99,74.0,0.763359,96.94000244140625,25.196789779223955,0.47105166708709023,0.5381547483646649,10.0,0.14259448737260563,2.0,-0.18125143832496582,0.05
NFLX,2026-03-11,0.271233,99,75.0,0.773674,96.94000244140625,24.200259872588212,0.45330104336415394,0.5381547483646649,10.0,0.14259448737260563,2.0,-0.18125143832496582,0.05
NFLX,2026-03-11,0.271233,99,76.0,0.78399,96.94000244140625,23.473729920413554,0.4637513337714816,0.5381547483646649,10.0,0.14259448737260563,2.0,-0.18125143832496582,0.05
NFLX,2026-03-11,0.271233,99,77.0,0.794306,96.94000244140625,22.517200060380688,0.4496611392506939,0.5381547483646649,10.0,0.14259448737260563,2.0,-0.18125143832496582,0.05
NFLX,2026-03-11,0.271233,99,78.0,0.804621,96.94000244140625,21.77067018227168,0.45487799226328823,0.5381547483646649,10.0,0.14259448737260563,2.0,-0.18125143832496582,0.05
NFLX,2026-03-11,0.271233,99,79.0,0.814937,96.94000244140625,21.024142848057885,0.45821675114987775,0.5381547483646649,10.0,0.14259448737260563,2.0,-0.18125143832496582,0.05
NFLX,2026-03-11,0.271233,99,80.0,0.825253,96.94000244140625,20.05760965441361,0.4420903994760871,0.5381547483646649,10.0,0.14259448737260563,2.0,-0.18125143832496582,0.05
NFLX,2026-03-11,0.271233,99,81.0,0.835568,96.94000244140625,19.251080452233843,0.4386901261715249,0.5381547483646649,10.0,0.14259448737260563,2.0,-0.18125143832496582,0.05
NFLX,2026-03-11,0.271233,99,82.0,0.845884,96.94000244140625,18.364552816316916,0.42833259510543537,0.5381547483646649,10.0,0.14259448737260563,2.0,-0.18125143832496582,0.05
NFLX,2026-03-11,0.271233,99,83.0,0.8562,96.94000244140625,17.558020775600262,0.4234427334888891,0.5381547483646649,10.0,0.14259448737260563,2.0,-0.18125143832496582,0.05
NFLX,2026-03-11,0.271233,99,84.0,0.866515,96.94000244140625,16.84149076272236,0.4240373170643345,0.5381547483646649,10.0,0.14259448737260563,2.0,-0.18125143832496582,0.05
NFLX,2026-03-11,0.271233,99,85.0,0.876831,96.94000244140625,16.054960860146423,0.4187224857997801,0.5381547483646649,10.0,0.14259448737260563,2.0,-0.18125143832496582,0.05
NFLX,2026-03-11,0.271233,99,86.0,0.887147,96.94000244140625,15.29843019605525,0.41457071485967434,0.5381547483646649,10.0,0.14259448737260563,2.0,-0.18125143832496582,0.05
NFLX,2026-03-11,0.271233,99,87.0,0.897462,96.94000244140625,14.611901031085125,0.41392003668107946,0.5381547483646649,10.0,0.14259448737260563,2.0,-0.18125143832496582,0.05
NFLX,2026-03-11,0.271233,99,88.0,0.907778,96.94000244140625,13.865371156291559,0.408559274870292,0.5381547483646649,10.0,0.14259448737260563,2.0,-0.18125143832496582,0.05
NFLX,2026-03-11,0.271233,99,89.0,0.918094,96.94000244140625,13.238840393140364,0.40942156109231753,0.5381547483646649,10.0,0.14259448737260563,2.0,-0.18125143832496582,0.05
NFLX,2026-03-11,0.271233,99,90.0,0.928409,96.94000244140625,12.652311374963254,0.41139980236640034,0.5381547483646649,10.0,0.14259448737260563,2.0,-0.18125143832496582,0.05
NFLX,2026-03-11,0.271233,99,91.0,0.938725,96.94000244140625,12.065781454827658,0.4121951579301363,0.5381547483646649,10.0,0.14259448737260563,2.0,-0.18125143832496582,0.05
NFLX,2026-03-11,0.271233,99,92.0,0.949041,96.94000244140625,11.379254737805702,0.40648470540343745,0.5381547483646649,10.0,0.14259448737260563,2.0,-0.18125143832496582,0.05
NFLX,2026-03-11,0.271233,99,93.0,0.959356,96.94000244140625,10.642721324626095,0.397298305113797,0.5381547483646649,10.0,0.14259448737260563,2.0,-0.18125143832496582,0.05
NFLX,2026-03-11,0.271233,99,94.0,0.969672,96.94000244140625,10.186191732929736,0.40201683075274164,0.5381547483646649,10.0,0.14259448737260563,2.0,-0.18125143832496582,0.05
NFLX,2026-03-11,0.271233,99,95.0,0.979988,96.94000244140625,9.349661850929841,0.3860102118714142,0.5381547483646649,10.0,0.14259448737260563,2.0,-0.18125143832496582,0.05
NFLX,2026-03-11,0.271233,99,96.0,0.990303,96.94000244140625,9.033127898223803,0.39582046103985546,0.5381547483646649,10.0,0.14259448737260563,2.0,-0.18125143832496582,0.05
NFLX,2026-03-11,0.271233,99,97.0,1.000619,96.94000244140625,8.130000001883715,0.3748916020658431,0.5381547483646649,10.0,0.14259448737260563,2.0,-0.18125143832496582,0.05
NFLX,2026-03-11,0.271233,99,98.0,1.010935,96.94000244140625,7.500000000316746,0.36692870889157186,0.5381547483646649,10.0,0.14259448737260563,2.0,-0.18125143832496582,0.05
NFLX,2026-03-11,0.271233,99,99.0,1.02125,96.94000244140625,7.05000000192657,0.3669689082828628,0.5381547483646649,10.0,0.14259448737260563,2.0,-0.18125143832496582,0.05
NFLX,2026-03-11,0.271233,99,100.0,1.031566,96.94000244140625,6.7500000002257465,0.37343316088171036,0.5381547483646649,10.0,0.14259448737260563,2.0,-0.18125143832496582,0.05
NFLX,2026-03-11,0.271233,99,101.0,1.041882,96.94000244140625,6.150000000639821,0.3639942469895777,0.5381547483646649,10.0,0.14259448737260563,2.0,-0.18125143832496582,0.05
NFLX,2026-03-11,0.271233,99,102.0,1.052197,96.94000244140625,5.880000000023756,0.369977965496414,0.5381547483646649,10.0,0.14259448737260563,2.0,-0.18125143832496582,0.05
NFLX,2026-03-11,0.271233,99,103.0,1.062513,96.94000244140625,5.349999914632363,0.36200144963708103,0.5381547483646649,10.0,0.14259448737260563,2.0,-0.18125143832496582,0.05
NFLX,2026-03-11,0.271233,99,104.0,1.072829,96.94000244140625,4.94999564936073,0.3595178458412024,0.5381547483646649,10.0,0.14259448737260563,2.0,-0.18125143832496582,0.05
NFLX,2026-03-11,0.271233,99,105.0,1.083144,96.94000244140625,4.750000000232049,0.36628617790022105,0.5381547483646649,10.0,0.14259448737260563,2.0,-0.18125143832496582,0.05
NFLX,2026-03-11,0.271233,99,106.0,1.09346,96.94000244140625,4.250000020668459,0.35668742805530246,0.5381547483646649,10.0,0.14259448737260563,2.0,-0.18125143832496582,0.05
NFLX,2026-03-11,0.271233,99,107.0,1.103776,96.94000244140625,4.099999566638875,0.3643877266359918,0.5381547483646649,10.0,0.14259448737260563,2.0,-0.18125143832496582,0.05
NFLX,2026-03-11,0.271233,99,108.0,1.114091,96.94000244140625,3.700001044266692,0.3579720525233711,0.5381547483646649,10.0,0.14259448737260563,2.0,-0.18125143832496582,0.05
NFLX,2026-03-11,0.271233,99,109.0,1.124407,96.94000244140625,3.499999986536224,0.36142164631664125,0.5381547483646649,10.0,0.14259448737260563,2.0,-0.18125143832496582,0.05
NFLX,2026-03-11,0.271233,99,110.0,1.134722,96.94000244140625,3.2999997509679098,0.3641416513292513,0.5381547483646649,10.0,0.14259448737260563,2.0,-0.18125143832496582,0.05
NFLX,2026-03-11,0.271233,99,111.0,1.145038,96.94000244140625,3.1999980948581026,0.37187035102235355,0.5381547483646649,10.0,0.14259448737260563,2.0,-0.18125143832496582,0.05
NFLX,2026-03-11,0.271233,99,112.0,1.155354,96.94000244140625,2.7900000008018644,0.36086511088695933,0.5381547483646649,10.0,0.14259448737260563,2.0,-0.18125143832496582,0.05
NFLX,2026-03-11,0.271233,99,112.5,1.160512,96.94000244140625,2.7500000033330423,0.3647326957426274,0.5381547483646649,10.0,0.14259448737260563,2.0,-0.18125143832496582,0.05
NFLX,2026-03-11,0.271233,99,113.0,1.165669,96.94000244140625,2.530000074006171,0.357489501960709,0.5381547483646649,10.0,0.14259448737260563,2.0,-0.18125143832496582,0.05
NFLX,2026-03-11,0.271233,99,113.5,1.170827,96.94000244140625,2.840000007914977,0.3824701034783771,0.5381547483646649,10.0,0.14259448737260563,2.0,-0.18125143832496582,0.05
NFLX,2026-03-11,0.271233,99,114.0,1.175985,96.94000244140625,2.460000553975071,0.3650967018000083,0.5381547483646649,10.0,0.14259448737260563,2.0,-0.18125143832496582,0.05
NFLX,2026-03-11,0.271233,99,114.5,1.181143,96.94000244140625,2.6200002485477043,0.38099782827745593,0.5381547483646649,10.0,0.14259448737260563,2.0,-0.18125143832496582,0.05
NFLX,2026-03-11,0.271233,99,115.0,1.186301,96.94000244140625,2.0199997701650645,0.34805784923483535,0.5381547483646649,10.0,0.14259448737260563,2.0,-0.18125143832496582,0.05
NFLX,2026-03-11,0.271233,99,115.5,1.191459,96.94000244140625,2.4299968030873984,0.3805967691262639,0.5381547483646649,10.0,0.14259448737260563,2.0,-0.18125143832496582,0.05
NFLX,2026-03-11,0.271233,99,116.0,1.196616,96.94000244140625,2.159999852643505,0.3685645891408496,0.5381547483646649,10.0,0.14259448737260563,2.0,-0.18125143832496582,0.05
NFLX,2026-03-11,0.271233,99,116.5,1.201774,96.94000244140625,1.9999971255843114,0.36321817938369017,0.5381547483646649,10.0,0.14259448737260563,2.0,-0.18125143832496582,0.05
NFLX,2026-03-11,0.271233,99,117.0,1.206932,96.94000244140625,1.950000000035537,0.36514226977183434,0.5381547483646649,10.0,0.14259448737260563,2.0,-0.18125143832496582,0.05
NFLX,2026-03-11,0.271233,99,117.5,1.21209,96.94000244140625,2.109997539056465,0.38153535797080634,0.5381547483646649,10.0,0.14259448737260563,2.0,-0.18125143832496582,0.05
NFLX,2026-03-11,0.271233,99,118.0,1.217248,96.94000244140625,2.1999985554038233,0.39302218066826705,0.5381547483646649,10.0,0.14259448737260563,2.0,-0.18125143832496582,0.05
NFLX,2026-03-11,0.271233,99,118.5,1.222406,96.94000244140625,2.249998566082464,0.4017455962899065,0.5381547483646649,10.0,0.14259448737260563,2.0,-0.18125143832496582,0.05
NFLX,2026-03-11,0.271233,99,119.0,1.227563,96.94000244140625,1.9200000064201248,0.38397195828029906,0.5381547483646649,10.0,0.14259448737260563,2.0,-0.18125143832496582,0.05
NFLX,2026-03-11,0.271233,99,119.5,1.232721,96.94000244140625,2.1800000000325745,0.4074502239609416,0.5381547483646649,10.0,0.14259448737260563,2.0,-0.18125143832496582,0.05
NFLX,2026-03-11,0.271233,99,120.0,1.237879,96.94000244140625,1.4899995274112712,0.3616197359435778,0.5381547483646649,10.0,0.14259448737260563,2.0,-0.18125143832496582,0.05
NFLX,2026-03-11,0.271233,99,120.5,1.243037,96.94000244140625,1.2700000060088623,0.3483805775069324,0.5381547483646649,10.0,0.14259448737260563,2.0,-0.18125143832496582,0.05
NFLX,2026-03-11,0.271233,99,121.0,1.248195,96.94000244140625,1.8500008756459252,0.3989792289933486,0.5381547483646649,10.0,0.14259448737260563,2.0,-0.18125143832496582,0.05
NFLX,2026-03-11,0.271233,99,121.5,1.253353,96.94000244140625,1.6699999596806698,0.3901995108232068,0.5381547483646649,10.0,0.14259448737260563,2.0,-0.18125143832496582,0.05
NFLX,2026-03-11,0.271233,99,122.0,1.25851,96.94000244140625,1.4300000001279187,0.37576611260623494,0.5381547483646649,10.0,0.14259448737260563,2.0,-0.18125143832496582,0.05
NFLX,2026-03-11,0.271233,99,122.5,1.263668,96.94000244140625,0.17999998259294037,0.23312047040319347,0.5381547483646649,10.0,0.14259448737260563,2.0,-0.18125143832496582,0.05
NFLX,2026-03-11,0.271233,99,123.0,1.268826,96.94000244140625,1.3900000046116308,0.38164339952665455,0.5381547483646649,10.0,0.14259448737260563,2.0,-0.18125143832496582,0.05
NFLX,2026-03-11,0.271233,99,123.5,1.273984,96.94000244140625,1.3900000110548305,0.38618588513658725,0.5381547483646649,10.0,0.14259448737260563,2.0,-0.18125143832496582,0.05
NFLX,2026-03-11,0.271233,99,124.0,1.279142,96.94000244140625,1.1299999267157919,0.36756916434377557,0.5381547483646649,10.0,0.14259448737260563,2.0,-0.18125143832496582,0.05
NFLX,2026-03-11,0.271233,99,124.5,1.2843,96.94000244140625,1.350000244147795,0.3917088221140496,0.5381547483646649,10.0,0.14259448737260563,2.0,-0.18125143832496582,0.05
NFLX,2026-03-11,0.271233,99,125.0,1.289457,96.94000244140625,0.9800000006396647,0.3616683307033243,0.5381547483646649,10.0,0.14259448737260563,2.0,-0.18125143832496582,0.05
NFLX,2026-03-11,0.271233,99,125.5,1.294615,96.94000244140625,1.0700024716292287,0.37473206697702766,0.5381547483646649,10.0,0.14259448737260563,2.0,-0.18125143832496582,0.05
NFLX,2026-03-11,0.271233,99,126.0,1.299773,96.94000244140625,1.1199991995471148,0.3837589390127603,0.5381547483646649,10.0,0.14259448737260563,2.0,-0.18125143832496582,0.05
NFLX,2026-03-11,0.271233,99,126.5,1.304931,96.94000244140625,0.9100000165164062,0.3668689698723817,0.5381547483646649,10.0,0.14259448737260563,2.0,-0.18125143832496582,0.05
NFLX,2026-03-11,0.271233,99,127.0,1.310089,96.94000244140625,1.0700000000357015,0.3872518292432993,0.5381547483646649,10.0,0.14259448737260563,2.0,-0.18125143832496582,0.05
NFLX,2026-03-11,0.271233,99,127.5,1.315247,96.94000244140625,0.9000000266941015,0.37386481427107976,0.5381547483646649,10.0,0.14259448737260563,2.0,-0.18125143832496582,0.05
NFLX,2026-03-11,0.271233,99,128.0,1.320404,96.94000244140625,0.9300000122543821,0.3810575618147554,0.5381547483646649,10.0,0.14259448737260563,2.0,-0.18125143832496582,0.05
NFLX,2026-03-11,0.271233,99,128.5,1.325562,96.94000244140625,1.0400000015200543,0.39647950400801935,0.5381547483646649,10.0,0.14259448737260563,2.0,-0.18125143832496582,0.05
NFLX,2026-03-11,0.271233,99,129.0,1.33072,96.94000244140625,0.8800000558317098,0.3835415241503776,0.5381547483646649,10.0,0.14259448737260563,2.0,-0.18125143832496582,0.05
NFLX,2026-03-11,0.271233,99,129.5,1.335878,96.94000244140625,0.9500000083887272,0.3950495495261344,0.5381547483646649,10.0,0.14259448737260563,2.0,-0.18125143832496582,0.05
NFLX,2026-03-11,0.271233,99,130.0,1.341036,96.94000244140625,0.6899999791541491,0.36889628737321656,0.5381547483646649,10.0,0.14259448737260563,2.0,-0.18125143832496582,0.05
NFLX,2026-03-11,0.271233,99,130.5,1.346193,96.94000244140625,0.6999999879356045,0.37386292992103465,0.5381547483646649,10.0,0.14259448737260563,2.0,-0.18125143832496582,0.05
NFLX,2026-03-11,0.271233,99,131.0,1.351351,96.94000244140625,0.6299997393074932,0.3685134994369408,0.5381547483646649,10.0,0.14259448737260563,2.0,-0.18125143832496582,0.05
NFLX,2026-03-11,0.271233,99,131.5,1.356509,96.94000244140625,0.9700000053563098,0.4126933313069033,0.5381547483646649,10.0,0.14259448737260563,2.0,-0.18125143832496582,0.05
NFLX,2026-03-11,0.271233,99,132.0,1.361667,96.94000244140625,0.6200003238574654,0.37437879834279714,0.5381547483646649,10.0,0.14259448737260563,2.0,-0.18125143832496582,0.05
NFLX,2026-03-11,0.271233,99,134.0,1.382298,96.94000244140625,0.6999999962802264,0.39923453962545774,0.5381547483646649,10.0,0.14259448737260563,2.0,-0.18125143832496582,0.05
NFLX,2026-03-11,0.271233,99,135.0,1.392614,96.94000244140625,0.5199984087174032,0.38080948556266203,0.5381547483646649,10.0,0.14259448737260563,2.0,-0.18125143832496582,0.05
NFLX,2026-03-11,0.271233,99,136.0,1.40293,96.94000244140625,0.5399994125170542,0.39057919125769824,0.5381547483646649,10.0,0.14259448737260563,2.0,-0.18125143832496582,0.05
NFLX,2026-03-11,0.271233,99,138.0,1.423561,96.94000244140625,0.4999998314476901,0.3974730167955743,0.5381547483646649,10.0,0.14259448737260563,2.0,-0.18125143832496582,0.05
NFLX,2026-03-11,0.271233,99,140.0,1.444192,96.94000244140625,0.3899999723097807,0.39087134391144157,0.5381547483646649,10.0,0.14259448737260563,2.0,-0.18125143832496582,0.05
NFLX,2026-03-11,0.271233,99,142.0,1.464824,96.94000244140625,0.21999945246546204,0.36455521589400036,0.5381547483646649,10.0,0.14259448737260563,2.0,-0.18125143832496582,0.05
NFLX,2026-03-11,0.271233,99,144.0,1.485455,96.94000244140625,0.3500000145329514,0.4067949474420839,0.5381547483646649,10.0,0.14259448737260563,2.0,-0.18125143832496582,0.05
NFLX,2026-03-11,0.271233,99,145.0,1.495771,96.94000244140625,0.3500000002026482,0.4125792752068783,0.5381547483646649,10.0,0.14259448737260563,2.0,-0.18125143832496582,0.05
NFLX,2026-03-11,0.271233,99,146.0,1.506086,96.94000244140625,0.29000023936352193,0.40476400894719744,0.5381547483646649,10.0,0.14259448737260563,2.0,-0.18125143832496582,0.05
NFLX,2026-03-11,0.271233,99,148.0,1.526718,96.94000244140625,0.4300001036283918,0.44594284932714356,0.5381547483646649,10.0,0.14259448737260563,2.0,-0.18125143832496582,0.05
NFLX,2026-03-11,0.271233,99,150.0,1.547349,96.94000244140625,0.21999994931637712,0.4078257509497218,0.5381547483646649,10.0,0.14259448737260563,2.0,-0.18125143832496582,0.05
NFLX,2026-03-11,0.271233,99,152.0,1.56798,96.94000244140625,0.12000000004138878,0.3823521311188274,0.5381547483646649,10.0,0.14259448737260563,2.0,-0.18125143832496582,0.05
NFLX,2026-03-11,0.271233,99,154.0,1.588611,96.94000244140625,0.20000000002260876,0.4220071341532767,0.5381547483646649,10.0,0.14259448737260563,2.0,-0.18125143832496582,0.05
NFLX,2026-03-11,0.271233,99,155.0,1.598927,96.94000244140625,0.16000000026339722,0.4130088485620091,0.5381547483646649,10.0,0.14259448737260563,2.0,-0.18125143832496582,0.05
NFLX,2026-03-11,0.271233,99,156.0,1.609243,96.94000244140625,0.3499997624511919,0.4726313981068089,0.5381547483646649,10.0,0.14259448737260563,2.0,-0.18125143832496582,0.05
NFLX,2026-03-11,0.271233,99,158.0,1.629874,96.94000244140625,0.14000000378743582,0.41922744691356706,0.5381547483646649,10.0,0.14259448737260563,2.0,-0.18125143832496582,0.05
NFLX,2026-03-11,0.271233,99,160.0,1.650505,96.94000244140625,0.2000000003875706,0.45103868877408615,0.5381547483646649,10.0,0.14259448737260563,2.0,-0.18125143832496582,0.05
NFLX,2026-03-11,0.271233,99,162.0,1.671137,96.94000244140625,0.08000039167101103,0.40644695861754226,0.5381547483646649,10.0,0.14259448737260563,2.0,-0.18125143832496582,0.05
NFLX,2026-03-11,0.271233,99,164.0,1.691768,96.94000244140625,0.15000001012866981,0.450586034798179,0.5381547483646649,10.0,0.14259448737260563,2.0,-0.18125143832496582,0.05
NFLX,2026-03-11,0.271233,99,165.0,1.702084,96.94000244140625,0.21000000030948307,0.47757225527344804,0.5381547483646649,10.0,0.14259448737260563,2.0,-0.18125143832496582,0.05
NFLX,2026-03-11,0.271233,99,166.0,1.712399,96.94000244140625,0.13000003815792005,0.4504763877467543,0.5381547483646649,10.0,0.14259448737260563,2.0,-0.18125143832496582,0.05
NFLX,2026-03-11,0.271233,99,168.0,1.733031,96.94000244140625,0.12000007110432631,0.45414861333222956,0.5381547483646649,10.0,0.14259448737260563,2.0,-0.18125143832496582,0.05
NFLX,2026-03-11,0.271233,99,170.0,1.753662,96.94000244140625,0.10000029070929828,0.45172434298722536,0.5381547483646649,10.0,0.14259448737260563,2.0,-0.18125143832496582,0.05
NFLX,2026-03-11,0.271233,99,172.0,1.774293,96.94000244140625,0.24999955170531507,0.5218930326093125,0.5381547483646649,10.0,0.14259448737260563,2.0,-0.18125143832496582,0.05
NFLX,2026-03-11,0.271233,99,174.0,1.794925,96.94000244140625,0.0399999909517218,0.4205451471389294,0.5381547483646649,10.0,0.14259448737260563,2.0,-0.18125143832496582,0.05
NFLX,2026-03-11,0.350685,128,50.0,0.515783,96.94000244140625,48.00907324946437,0.5752424537657933,0.5381547483646649,10.0,0.14259448737260563,2.0,-0.18125143832496582,0.05
NFLX,2026-03-11,0.350685,128,55.0,0.567361,96.94000244140625,43.175980262429796,0.5317800447191068,0.5381547483646649,10.0,0.14259448737260563,2.0,-0.18125143832496582,0.05
NFLX,2026-03-11,0.350685,128,60.0,0.61894,96.94000244140625,38.512886220097734,0.522527701047431,0.5381547483646649,10.0,0.14259448737260563,2.0,-0.18125143832496582,0.05
NFLX,2026-03-11,0.350685,128,65.0,0.670518,96.94000244140625,33.87979559384999,0.4969331723128268,0.5381547483646649,10.0,0.14259448737260563,2.0,-0.18125143832496582,0.05
NFLX,2026-03-11,0.350685,128,70.0,0.722096,96.94000244140625,29.376702972768676,0.47403312273227516,0.5381547483646649,10.0,0.14259448737260563,2.0,-0.18125143832496582,0.05
NFLX,2026-03-11,0.350685,128,75.0,0.773674,96.94000244140625,25.05360898562494,0.4537481446267177,0.5381547483646649,10.0,0.14259448737260563,2.0,-0.18125143832496582,0.05
NFLX,2026-03-11,0.350685,128,80.0,0.825253,96.94000244140625,20.950516384318156,0.43461104236723813,0.5381547483646649,10.0,0.14259448737260563,2.0,-0.18125143832496582,0.05
NFLX,2026-03-11,0.350685,128,85.0,0.876831,96.94000244140625,17.167422758644356,0.4191190960758573,0.5381547483646649,10.0,0.14259448737260563,2.0,-0.18125143832496582,0.05
NFLX,2026-03-11,0.350685,128,90.0,0.928409,96.94000244140625,13.804329902593835,0.408369872899216,0.5381547483646649,10.0,0.14259448737260563,2.0,-0.18125143832496582,0.05
NFLX,2026-03-11,0.350685,128,95.0,0.979988,96.94000244140625,10.861236989328702,0.3992010809360628,0.5381547483646649,10.0,0.14259448737260563,2.0,-0.18125143832496582,0.05
NFLX,2026-03-11,0.350685,128,100.0,1.031566,96.94000244140625,8.000000012725508,0.3756958696782081,0.5381547483646649,10.0,0.14259448737260563,2.0,-0.18125143832496582,0.05
NFLX,2026-03-11,0.350685,128,105.0,1.083144,96.94000244140625,5.699999835857959,0.35843314463926923,0.5381547483646649,10.0,0.14259448737260563,2.0,-0.18125143832496582,0.05
NFLX,2026-03-11,0.350685,128,110.0,1.134722,96.94000244140625,4.309997491873283,0.3636397357764687,0.5381547483646649,10.0,0.14259448737260563,2.0,-0.18125143832496582,0.05
NFLX,2026-03-11,0.350685,128,115.0,1.186301,96.94000244140625,3.1000000007699775,0.36125557922262996,0.5381547483646649,10.0,0.14259448737260563,2.0,-0.18125143832496582,0.05
NFLX,2026-03-11,0.350685,128,120.0,1.237879,96.94000244140625,2.1400016314151316,0.35611044849498136,0.5381547483646649,10.0,0.14259448737260563,2.0,-0.18125143832496582,0.05
NFLX,2026-03-11,0.350685,128,125.0,1.289457,96.94000244140625,1.5700000000254786,0.36083541589176826,0.5381547483646649,10.0,0.14259448737260563,2.0,-0.18125143832496582,0.05
NFLX,2026-03-11,0.350685,128,130.0,1.341036,96.94000244140625,1.130000000188172,0.3635791105673361,0.5381547483646649,10.0,0.14259448737260563,2.0,-0.18125143832496582,0.05
NFLX,2026-03-11,0.350685,128,135.0,1.392614,96.94000244140625,0.8599978470395779,0.37144519998097547,0.5381547483646649,10.0,0.14259448737260563,2.0,-0.18125143832496582,0.05
NFLX,2026-03-11,0.350685,128,140.0,1.444192,96.94000244140625,0.6700000392098886,0.38033180155765894,0.5381547483646649,10.0,0.14259448737260563,2.0,-0.18125143832496582,0.05
NFLX,2026-03-11,0.350685,128,145.0,1.495771,96.94000244140625,0.6099997395954446,0.4006047173177066,0.5381547483646649,10.0,0.14259448737260563,2.0,-0.18125143832496582,0.05
NFLX,2026-03-11,0.350685,128,150.0,1.547349,96.94000244140625,0.3199993509404262,0.37870017112288235,0.5381547483646649,10.0,0.14259448737260563,2.0,-0.18125143832496582,0.05
NFLX,2026-03-11,0.350685,128,155.0,1.598927,96.94000244140625,0.330000101521307,0.404146584507383,0.5381547483646649,10.0,0.14259448737260563,2.0,-0.18125143832496582,0.05
NFLX,2026-03-11,0.350685,128,160.0,1.650505,96.94000244140625,0.24999993234877227,0.4077668427018967,0.5381547483646649,10.0,0.14259448737260563,2.0,-0.18125143832496582,0.05
NFLX,2026-03-11,0.350685,128,165.0,1.702084,96.94000244140625,0.17000000027704565,0.40470001400904415,0.5381547483646649,10.0,0.14259448737260563,2.0,-0.18125143832496582,0.05
NFLX,2026-03-11,0.350685,128,170.0,1.753662,96.94000244140625,0.2750000000467874,0.45520177120830335,0.5381547483646649,10.0,0.14259448737260563,2.0,-0.18125143832496582,0.05
NFLX,2026-03-11,0.446575,163,50.0,0.515783,96.94000244140625,48.32406861389986,0.5421167161617773,0.5381547483646649,10.0,0.14259448737260563,2.0,-0.18125143832496582,0.05
NFLX,2026-03-11,0.446575,163,55.0,0.567361,96.94000244140625,43.61447533386791,0.5202198932841587,0.5381547483646649,10.0,0.14259448737260563,2.0,-0.18125143832496582,0.05
NFLX,2026-03-11,0.446575,163,56.0,0.577677,96.94000244140625,42.796556653476415,0.5383148220898402,0.5381547483646649,10.0,0.14259448737260563,2.0,-0.18125143832496582,0.05
NFLX,2026-03-11,0.446575,163,58.0,0.598308,96.94000244140625,40.920719034407725,0.5237462105437669,0.5381547483646649,10.0,0.14259448737260563,2.0,-0.18125143832496582,0.05
NFLX,2026-03-11,0.446575,163,60.0,0.61894,96.94000244140625,39.03488037354365,0.5066497264024831,0.5381547483646649,10.0,0.14259448737260563,2.0,-0.18125143832496582,0.05
NFLX,2026-03-11,0.446575,163,61.0,0.629255,96.94000244140625,38.096964049411916,0.4986121295895751,0.5381547483646649,10.0,0.14259448737260563,2.0,-0.18125143832496582,0.05
NFLX,2026-03-11,0.446575,163,62.0,0.639571,96.94000244140625,37.1990451028734,0.4958571923572881,0.5381547483646649,10.0,0.14259448737260563,2.0,-0.18125143832496582,0.05
NFLX,2026-03-11,0.446575,163,63.0,0.649887,96.94000244140625,37.72112605749823,0.6375622321584705,0.5381547483646649,10.0,0.14259448737260563,2.0,-0.18125143832496582,0.05
NFLX,2026-03-11,0.446575,163,64.0,0.660202,96.94000244140625,35.433205543321236,0.49182163225774356,0.5381547483646649,10.0,0.14259448737260563,2.0,-0.18125143832496582,0.05
NFLX,2026-03-11,0.446575,163,65.0,0.670518,96.94000244140625,34.385288586966496,0.46959497715625154,0.5381547483646649,10.0,0.14259448737260563,2.0,-0.18125143832496582,0.05
NFLX,2026-03-11,0.446575,163,66.0,0.680833,96.94000244140625,33.65736966598607,0.48374652266788626,0.5381547483646649,10.0,0.14259448737260563,2.0,-0.18125143832496582,0.05
NFLX,2026-03-11,0.446575,163,67.0,0.691149,96.94000244140625,32.619451225559175,0.46339549679156306,0.5381547483646649,10.0,0.14259448737260563,2.0,-0.18125143832496582,0.05
NFLX,2026-03-11,0.446575,163,68.0,0.701465,96.94000244140625,31.971532563065075,0.4821281903168311,0.5381547483646649,10.0,0.14259448737260563,2.0,-0.18125143832496582,0.05
NFLX,2026-03-11,0.446575,163,69.0,0.71178,96.94000244140625,30.903613891412704,0.4594776096143791,0.5381547483646649,10.0,0.14259448737260563,2.0,-0.18125143832496582,0.05
NFLX,2026-03-11,0.446575,163,70.0,0.722096,96.94000244140625,30.225695157255906,0.4721454264415203,0.5381547483646649,10.0,0.14259448737260563,2.0,-0.18125143832496582,0.05
NFLX,2026-03-11,0.446575,163,71.0,0.732412,96.94000244140625,29.317776533382535,0.4636170388522296,0.5381547483646649,10.0,0.14259448737260563,2.0,-0.18125143832496582,0.05
NFLX,2026-03-11,0.446575,163,72.0,0.742727,96.94000244140625,28.549857904420435,0.4659512997698448,0.5381547483646649,10.0,0.14259448737260563,2.0,-0.18125143832496582,0.05
NFLX,2026-03-11,0.446575,163,73.0,0.753043,96.94000244140625,27.581939197813078,0.4521774857324619,0.5381547483646649,10.0,0.14259448737260563,2.0,-0.18125143832496582,0.05
NFLX,2026-03-11,0.446575,163,74.0,0.763359,96.94000244140625,26.77402051471281,0.4502675502534275,0.5381547483646649,10.0,0.14259448737260563,2.0,-0.18125143832496582,0.05
NFLX,2026-03-11,0.446575,163,75.0,0.773674,96.94000244140625,26.00610160540581,0.45043806188993,0.5381547483646649,10.0,0.14259448737260563,2.0,-0.18125143832496582,0.05
NFLX,2026-03-11,0.446575,163,76.0,0.78399,96.94000244140625,25.24818316216387,0.45040930738359236,0.5381547483646649,10.0,0.14259448737260563,2.0,-0.18125143832496582,0.05
NFLX,2026-03-11,0.446575,163,77.0,0.794306,96.94000244140625,24.370266131243667,0.4419262889596591,0.5381547483646649,10.0,0.14259448737260563,2.0,-0.18125143832496582,0.05
NFLX,2026-03-11,0.446575,163,78.0,0.804621,96.94000244140625,23.562345965019183,0.43756062621934544,0.5381547483646649,10.0,0.14259448737260563,2.0,-0.18125143832496582,0.05
NFLX,2026-03-11,0.446575,163,79.0,0.814937,96.94000244140625,22.984427143046943,0.44629699787610877,0.5381547483646649,10.0,0.14259448737260563,2.0,-0.18125143832496582,0.05
NFLX,2026-03-11,0.446575,163,80.0,0.825253,96.94000244140625,22.10650846674585,0.43658762466510503,0.5381547483646649,10.0,0.14259448737260563,2.0,-0.18125143832496582,0.05
NFLX,2026-03-11,0.446575,163,81.0,0.835568,96.94000244140625,21.528588042451133,0.4432246466965693,0.5381547483646649,10.0,0.14259448737260563,2.0,-0.18125143832496582,0.05
NFLX,2026-03-11,0.446575,163,82.0,0.845884,96.94000244140625,20.61067064514613,0.43062490791342994,0.5381547483646649,10.0,0.14259448737260563,2.0,-0.18125143832496582,0.05
NFLX,2026-03-11,0.446575,163,83.0,0.8562,96.94000244140625,19.982752420320274,0.43301418746902864,0.5381547483646649,10.0,0.14259448737260563,2.0,-0.18125143832496582,0.05
NFLX,2026-03-11,0.446575,163,84.0,0.866515,96.94000244140625,19.044833763163503,0.41894364403780554,0.5381547483646649,10.0,0.14259448737260563,2.0,-0.18125143832496582,0.05
NFLX,2026-03-11,0.446575,163,85.0,0.876831,96.94000244140625,18.566912761855356,0.4274517112535045,0.5381547483646649,10.0,0.14259448737260563,2.0,-0.18125143832496582,0.05
NFLX,2026-03-11,0.446575,163,86.0,0.887147,96.94000244140625,17.868996135294218,0.4243129207701083,0.5381547483646649,10.0,0.14259448737260563,2.0,-0.18125143832496582,0.05
NFLX,2026-03-11,0.446575,163,87.0,0.897462,96.94000244140625,17.22107775662927,0.42295542649781465,0.5381547483646649,10.0,0.14259448737260563,2.0,-0.18125143832496582,0.05
NFLX,2026-03-11,0.446575,163,88.0,0.907778,96.94000244140625,16.58315906960577,0.42143221732692104,0.5381547483646649,10.0,0.14259448737260563,2.0,-0.18125143832496582,0.05
NFLX,2026-03-11,0.446575,163,89.0,0.918094,96.94000244140625,15.755240394429904,0.41085609378174115,0.5381547483646649,10.0,0.14259448737260563,2.0,-0.18125143832496582,0.05
NFLX,2026-03-11,0.446575,163,90.0,0.928409,96.94000244140625,15.207321308191474,0.412244564978083,0.5381547483646649,10.0,0.14259448737260563,2.0,-0.18125143832496582,0.05
NFLX,2026-03-11,0.446575,163,91.0,0.938725,96.94000244140625,14.549403145054576,0.408213241545701,0.5381547483646649,10.0,0.14259448737260563,2.0,-0.18125143832496582,0.05
NFLX,2026-03-11,0.446575,163,92.0,0.949041,96.94000244140625,14.121484392899468,0.4133504912061701,0.5381547483646649,10.0,0.14259448737260563,2.0,-0.18125143832496582,0.05
NFLX,2026-03-11,0.446575,163,93.0,0.959356,96.94000244140625,13.543565758913687,0.41147901794116265,0.5381547483646649,10.0,0.14259448737260563,2.0,-0.18125143832496582,0.05
NFLX,2026-03-11,0.446575,163,94.0,0.969672,96.94000244140625,12.955647076008432,0.40863118183738145,0.5381547483646649,10.0,0.14259448737260563,2.0,-0.18125143832496582,0.05
NFLX,2026-03-11,0.446575,163,95.0,0.979988,96.94000244140625,12.48772834803981,0.4100888336306554,0.5381547483646649,10.0,0.14259448737260563,2.0,-0.18125143832496582,0.05
NFLX,2026-03-11,0.446575,163,96.0,0.990303,96.94000244140625,11.80980969034043,0.4025235162528101,0.5381547483646649,10.0,0.14259448737260563,2.0,-0.18125143832496582,0.05
NFLX,2026-03-11,0.446575,163,97.0,1.000619,96.94000244140625,10.450000037323534,0.3675198808198839,0.5381547483646649,10.0,0.14259448737260563,2.0,-0.18125143832496582,0.05
NFLX,2026-03-11,0.446575,163,98.0,1.010935,96.94000244140625,10.050000037620904,0.37016525461625266,0.5381547483646649,10.0,0.14259448737260563,2.0,-0.18125143832496582,0.05
NFLX,2026-03-11,0.446575,163,99.0,1.02125,96.94000244140625,10.140000000488648,0.3912753771711554,0.5381547483646649,10.0,0.14259448737260563,2.0,-0.18125143832496582,0.05
NFLX,2026-03-11,0.446575,163,100.0,1.031566,96.94000244140625,9.380000025697527,0.3785497365023117,0.5381547483646649,10.0,0.14259448737260563,2.0,-0.18125143832496582,0.05
NFLX,2026-03-11,0.446575,163,101.0,1.041882,96.94000244140625,8.950000058418006,0.3781166028667136,0.5381547483646649,10.0,0.14259448737260563,2.0,-0.18125143832496582,0.05
NFLX,2026-03-11,0.446575,163,102.0,1.052197,96.94000244140625,8.350000005781325,0.370527207627721,0.5381547483646649,10.0,0.14259448737260563,2.0,-0.18125143832496582,0.05
NFLX,2026-03-11,0.446575,163,103.0,1.062513,96.94000244140625,8.100000011598944,0.37591163570303915,0.5381547483646649,10.0,0.14259448737260563,2.0,-0.18125143832496582,0.05
NFLX,2026-03-11,0.446575,163,104.0,1.072829,96.94000244140625,7.700000058897565,0.3749283617811739,0.5381547483646649,10.0,0.14259448737260563,2.0,-0.18125143832496582,0.05
NFLX,2026-03-11,0.446575,163,105.0,1.083144,96.94000244140625,7.1500000591329,0.3675476029247523,0.5381547483646649,10.0,0.14259448737260563,2.0,-0.18125143832496582,0.05
NFLX,2026-03-11,0.446575,163,106.0,1.09346,96.94000244140625,6.950000020760989,0.37323937089593123,0.5381547483646649,10.0,0.14259448737260563,2.0,-0.18125143832496582,0.05
NFLX,2026-03-11,0.446575,163,107.0,1.103776,96.94000244140625,6.249998305676563,0.35876277163908277,0.5381547483646649,10.0,0.14259448737260563,2.0,-0.18125143832496582,0.05
NFLX,2026-03-11,0.446575,163,108.0,1.114091,96.94000244140625,6.29999975017752,0.37331185318703786,0.5381547483646649,10.0,0.14259448737260563,2.0,-0.18125143832496582,0.05
NFLX,2026-03-11,0.446575,163,109.0,1.124407,96.94000244140625,5.7000000000377185,0.36154450485884676,0.5381547483646649,10.0,0.14259448737260563,2.0,-0.18125143832496582,0.05
NFLX,2026-03-11,0.446575,163,110.0,1.134722,96.94000244140625,5.550000000866216,0.3672446477755894,0.5381547483646649,10.0,0.14259448737260563,2.0,-0.18125143832496582,0.05
NFLX,2026-03-11,0.446575,163,111.0,1.145038,96.94000244140625,5.250000018709045,0.3664115152945028,0.5381547483646649,10.0,0.14259448737260563,2.0,-0.18125143832496582,0.05
NFLX,2026-03-11,0.446575,163,112.0,1.155354,96.94000244140625,5.049999735372424,0.3692051172516264,0.5381547483646649,10.0,0.14259448737260563,2.0,-0.18125143832496582,0.05
NFLX,2026-03-11,0.446575,163,114.0,1.175985,96.94000244140625,4.399999997740547,0.36286163347148753,0.5381547483646649,10.0,0.14259448737260563,2.0,-0.18125143832496582,0.05
NFLX,2026-03-11,0.446575,163,115.0,1.186301,96.94000244140625,4.099999951384529,0.3598826044993361,0.5381547483646649,10.0,0.14259448737260563,2.0,-0.18125143832496582,0.05
NFLX,2026-03-11,0.446575,163,116.0,1.196616,96.94000244140625,4.349999954165547,0.38061036398359527,0.5381547483646649,10.0,0.14259448737260563,2.0,-0.18125143832496582,0.05
NFLX,2026-03-11,0.446575,163,118.0,1.217248,96.94000244140625,3.450000000188407,0.35890989312828125,0.5381547483646649,10.0,0.14259448737260563,2.0,-0.18125143832496582,0.05
NFLX,2026-03-11,0.446575,163,120.0,1.237879,96.94000244140625,3.25000002067015,0.367110194048251,0.5381547483646649,10.0,0.14259448737260563,2.0,-0.18125143832496582,0.05
NFLX,2026-03-11,0.446575,163,122.0,1.25851,96.94000244140625,2.75999686635614,0.3596157357002444,0.5381547483646649,10.0,0.14259448737260563,2.0,-0.18125143832496582,0.05
NFLX,2026-03-11,0.446575,163,124.0,1.279142,96.94000244140625,2.8099999868610475,0.3781514826094313,0.5381547483646649,10.0,0.14259448737260563,2.0,-0.18125143832496582,0.05
NFLX,2026-03-11,0.446575,163,125.0,1.289457,96.94000244140625,2.370000000024657,0.36245339796559173,0.5381547483646649,10.0,0.14259448737260563,2.0,-0.18125143832496582,0.05
NFLX,2026-03-11,0.446575,163,126.0,1.299773,96.94000244140625,2.529995974235554,0.3786958315816811,0.5381547483646649,10.0,0.14259448737260563,2.0,-0.18125143832496582,0.05
NFLX,2026-03-11,0.446575,163,128.0,1.320404,96.94000244140625,2.3400000070834643,0.3828500712554336,0.5381547483646649,10.0,0.14259448737260563,2.0,-0.18125143832496582,0.05
NFLX,2026-03-11,0.446575,163,130.0,1.341036,96.94000244140625,1.7999972817962266,0.364535449398404,0.5381547483646649,10.0,0.14259448737260563,2.0,-0.18125143832496582,0.05
NFLX,2026-03-11,0.446575,163,132.0,1.361667,96.94000244140625,1.9999996034358318,0.39036748847238567,0.5381547483646649,10.0,0.14259448737260563,2.0,-0.18125143832496582,0.05
NFLX,2026-03-11,0.446575,163,134.0,1.382298,96.94000244140625,1.9100000000268142,0.39774623226860095,0.5381547483646649,10.0,0.14259448737260563,2.0,-0.18125143832496582,0.05
NFLX,2026-03-11,0.446575,163,135.0,1.392614,96.94000244140625,1.6700002623140264,0.3882571819967735,0.5381547483646649,10.0,0.14259448737260563,2.0,-0.18125143832496582,0.05
NFLX,2026-03-11,0.446575,163,136.0,1.40293,96.94000244140625,1.5199999797171007,0.38395378490716203,0.5381547483646649,10.0,0.14259448737260563,2.0,-0.18125143832496582,0.05
NFLX,2026-03-11,0.446575,163,138.0,1.423561,96.94000244140625,1.3800029257366315,0.3855551672880395,0.5381547483646649,10.0,0.14259448737260563,2.0,-0.18125143832496582,0.05
NFLX,2026-03-11,0.446575,163,140.0,1.444192,96.94000244140625,1.1000001500629963,0.3745053344200245,0.5381547483646649,10.0,0.14259448737260563,2.0,-0.18125143832496582,0.05
NFLX,2026-03-11,0.446575,163,142.0,1.464824,96.94000244140625,1.0900002216396611,0.38451997381076164,0.5381547483646649,10.0,0.14259448737260563,2.0,-0.18125143832496582,0.05
NFLX,2026-03-11,0.446575,163,144.0,1.485455,96.94000244140625,1.1500000648708255,0.40035723881312363,0.5381547483646649,10.0,0.14259448737260563,2.0,-0.18125143832496582,0.05
NFLX,2026-03-11,0.446575,163,145.0,1.495771,96.94000244140625,1.0500005460645792,0.39679158808302395,0.5381547483646649,10.0,0.14259448737260563,2.0,-0.18125143832496582,0.05
NFLX,2026-03-11,0.446575,163,146.0,1.506086,96.94000244140625,1.0400006422073425,0.40102368531367927,0.5381547483646649,10.0,0.14259448737260563,2.0,-0.18125143832496582,0.05
NFLX,2026-03-11,0.446575,163,148.0,1.526718,96.94000244140625,0.7850000979273295,0.3858421267971699,0.5381547483646649,10.0,0.14259448737260563,2.0,-0.18125143832496582,0.05
NFLX,2026-03-11,0.446575,163,150.0,1.547349,96.94000244140625,0.6300000000211794,0.37760290592164236,0.5381547483646649,10.0,0.14259448737260563,2.0,-0.18125143832496582,0.05
NFLX,2026-03-11,0.446575,163,152.0,1.56798,96.94000244140625,0.30999998000881757,0.33910081552054855,0.5381547483646649,10.0,0.14259448737260563,2.0,-0.18125143832496582,0.05
NFLX,2026-03-11,0.446575,163,154.0,1.588611,96.94000244140625,0.6399995408945749,0.3968959044664323,0.5381547483646649,10.0,0.14259448737260563,2.0,-0.18125143832496582,0.05
NFLX,2026-03-11,0.446575,163,155.0,1.598927,96.94000244140625,0.5099996603833432,0.38399231710975706,0.5381547483646649,10.0,0.14259448737260563,2.0,-0.18125143832496582,0.05
NFLX,2026-03-11,0.446575,163,156.0,1.609243,96.94000244140625,0.5499998595099775,0.3938535423945923,0.5381547483646649,10.0,0.14259448737260563,2.0,-0.18125143832496582,0.05
NFLX,2026-03-11,0.446575,163,158.0,1.629874,96.94000244140625,0.389999975282854,0.377852948576505,0.5381547483646649,10.0,0.14259448737260563,2.0,-0.18125143832496582,0.05
NFLX,2026-03-11,0.446575,163,160.0,1.650505,96.94000244140625,0.42999867646545376,0.39253318854071123,0.5381547483646649,10.0,0.14259448737260563,2.0,-0.18125143832496582,0.05
NFLX,2026-03-11,0.446575,163,162.0,1.671137,96.94000244140625,0.32500003738961425,0.3817394181632019,0.5381547483646649,10.0,0.14259448737260563,2.0,-0.18125143832496582,0.05
NFLX,2026-03-11,0.446575,163,164.0,1.691768,96.94000244140625,0.6500002229150263,0.4405855901802741,0.5381547483646649,10.0,0.14259448737260563,2.0,-0.18125143832496582,0.05
NFLX,2026-03-11,0.446575,163,165.0,1.702084,96.94000244140625,0.4400000000139661,0.4138050874102075,0.5381547483646649,10.0,0.14259448737260563,2.0,-0.18125143832496582,0.05
NFLX,2026-03-11,0.446575,163,166.0,1.712399,96.94000244140625,0.11000000264516818,0.33856326438838685,0.5381547483646649,10.0,0.14259448737260563,2.0,-0.18125143832496582,0.05
NFLX,2026-03-11,0.446575,163,168.0,1.733031,96.94000244140625,0.4499998701110903,0.42688125440507746,0.5381547483646649,10.0,0.14259448737260563,2.0,-0.18125143832496582,0.05
NFLX,2026-03-11,0.446575,163,170.0,1.753662,96.94000244140625,0.0899997182040908,0.34272103805986825,0.5381547483646649,10.0,0.14259448737260563,2.0,-0.18125143832496582,0.05
NFLX,2026-03-11,0.446575,163,172.0,1.774293,96.94000244140625,0.29499990946849364,0.411984803705491,0.5381547483646649,10.0,0.14259448737260563,2.0,-0.18125143832496582,0.05
NFLX,2026-03-11,0.446575,163,174.0,1.794925,96.94000244140625,0.12000000004675027,0.3683661066859311,0.5381547483646649,10.0,0.14259448737260563,2.0,-0.18125143832496582,0.05
NFLX,2026-03-11,0.523288,191,50.0,0.515783,96.94000244140625,48.831255394631484,0.5801972110731588,0.5381547483646649,10.0,0.14259448737260563,2.0,-0.18125143832496582,0.05
NFLX,2026-03-11,0.523288,191,55.0,0.567361,96.94000244140625,44.020380700490634,0.520400706006216,0.5381547483646649,10.0,0.14259448737260563,2.0,-0.18125143832496582,0.05
NFLX,2026-03-11,0.523288,191,56.0,0.577677,96.94000244140625,43.13620526669022,0.5212926179316154,0.5381547483646649,10.0,0.14259448737260563,2.0,-0.18125143832496582,0.05
NFLX,2026-03-11,0.523288,191,58.0,0.598308,96.94000244140625,41.207856588173435,0.4972712171191843,0.5381547483646649,10.0,0.14259448737260563,2.0,-0.18125143832496582,0.05
NFLX,2026-03-11,0.523288,191,60.0,0.61894,96.94000244140625,39.52950615569195,0.5061979059417684,0.5381547483646649,10.0,0.14259448737260563,2.0,-0.18125143832496582,0.05
NFLX,2026-03-11,0.523288,191,61.0,0.629255,96.94000244140625,38.53533121734062,0.4902440360962595,0.5381547483646649,10.0,0.14259448737260563,2.0,-0.18125143832496582,0.05
NFLX,2026-03-11,0.523288,191,62.0,0.639571,96.94000244140625,37.65115843792384,0.4873150084565865,0.5381547483646649,10.0,0.14259448737260563,2.0,-0.18125143832496582,0.05
NFLX,2026-03-11,0.523288,191,63.0,0.649887,96.94000244140625,36.736981058175736,0.4805467885860703,0.5381547483646649,10.0,0.14259448737260563,2.0,-0.18125143832496582,0.05
NFLX,2026-03-11,0.523288,191,64.0,0.660202,96.94000244140625,35.842806389510876,0.4756128112094321,0.5381547483646649,10.0,0.14259448737260563,2.0,-0.18125143832496582,0.05
NFLX,2026-03-11,0.523288,191,65.0,0.670518,96.94000244140625,34.948633579961715,0.47028662705850294,0.5381547483646649,10.0,0.14259448737260563,2.0,-0.18125143832496582,0.05
NFLX,2026-03-11,0.523288,191,66.0,0.680833,96.94000244140625,34.14445653161191,0.4729483619307853,0.5381547483646649,10.0,0.14259448737260563,2.0,-0.18125143832496582,0.05
NFLX,2026-03-11,0.523288,191,67.0,0.691149,96.94000244140625,33.340279570503064,0.47441842846422544,0.5381547483646649,10.0,0.14259448737260563,2.0,-0.18125143832496582,0.05
NFLX,2026-03-11,0.523288,191,68.0,0.701465,96.94000244140625,32.35610535474941,0.4599926451631947,0.5381547483646649,10.0,0.14259448737260563,2.0,-0.18125143832496582,0.05
NFLX,2026-03-11,0.523288,191,69.0,0.71178,96.94000244140625,31.511931685329593,0.45717516134591074,0.5381547483646649,10.0,0.14259448737260563,2.0,-0.18125143832496582,0.05
NFLX,2026-03-11,0.523288,191,70.0,0.722096,96.94000244140625,30.69775738342063,0.4560942984957805,0.5381547483646649,10.0,0.14259448737260563,2.0,-0.18125143832496582,0.05
NFLX,2026-03-11,0.523288,191,71.0,0.732412,96.94000244140625,30.34358138043404,0.4866203521741821,0.5381547483646649,10.0,0.14259448737260563,2.0,-0.18125143832496582,0.05
NFLX,2026-03-11,0.523288,191,72.0,0.742727,96.94000244140625,29.159403976338247,0.4581038157366447,0.5381547483646649,10.0,0.14259448737260563,2.0,-0.18125143832496582,0.05
NFLX,2026-03-11,0.523288,191,73.0,0.753043,96.94000244140625,28.295231675419018,0.4515630257033137,0.5381547483646649,10.0,0.14259448737260563,2.0,-0.18125143832496582,0.05
NFLX,2026-03-11,0.523288,191,74.0,0.763359,96.94000244140625,27.49105701337338,0.4485992732695371,0.5381547483646649,10.0,0.14259448737260563,2.0,-0.18125143832496582,0.05
NFLX,2026-03-11,0.523288,191,75.0,0.773674,96.94000244140625,26.586878517993583,0.438961104744495,0.5381547483646649,10.0,0.14259448737260563,2.0,-0.18125143832496582,0.05
NFLX,2026-03-11,0.523288,191,76.0,0.78399,96.94000244140625,25.49270504253623,0.4176577955429477,0.5381547483646649,10.0,0.14259448737260563,2.0,-0.18125143832496582,0.05
NFLX,2026-03-11,0.523288,191,77.0,0.794306,96.94000244140625,25.178532217861594,0.44251100264141263,0.5381547483646649,10.0,0.14259448737260563,2.0,-0.18125143832496582,0.05
NFLX,2026-03-11,0.523288,191,78.0,0.804621,96.94000244140625,24.40435727011264,0.439202522634156,0.5381547483646649,10.0,0.14259448737260563,2.0,-0.18125143832496582,0.05
NFLX,2026-03-11,0.523288,191,79.0,0.814937,96.94000244140625,23.58018233153588,0.4327666690493337,0.5381547483646649,10.0,0.14259448737260563,2.0,-0.18125143832496582,0.05
NFLX,2026-03-11,0.523288,191,80.0,0.825253,96.94000244140625,22.806005367306824,0.4286347388898462,0.5381547483646649,10.0,0.14259448737260563,2.0,-0.18125143832496582,0.05
NFLX,2026-03-11,0.523288,191,81.0,0.835568,96.94000244140625,22.23183236499029,0.43407797836032663,0.5381547483646649,10.0,0.14259448737260563,2.0,-0.18125143832496582,0.05
NFLX,2026-03-11,0.523288,191,82.0,0.845884,96.94000244140625,21.357657500344004,0.42401515614074714,0.5381547483646649,10.0,0.14259448737260563,2.0,-0.18125143832496582,0.05
NFLX,2026-03-11,0.523288,191,83.0,0.8562,96.94000244140625,20.78348497536153,0.4280094422079381,0.5381547483646649,10.0,0.14259448737260563,2.0,-0.18125143832496582,0.05
NFLX,2026-03-11,0.523288,191,84.0,0.866515,96.94000244140625,20.059306273073375,0.4242781449016088,0.5381547483646649,10.0,0.14259448737260563,2.0,-0.18125143832496582,0.05
NFLX,2026-03-11,0.523288,191,85.0,0.876831,96.94000244140625,19.385132553132422,0.4223506783853605,0.5381547483646649,10.0,0.14259448737260563,2.0,-0.18125143832496582,0.05
NFLX,2026-03-11,0.523288,191,86.0,0.887147,96.94000244140625,18.560957779076652,0.41334774357419884,0.5381547483646649,10.0,0.14259448737260563,2.0,-0.18125143832496582,0.05
NFLX,2026-03-11,0.523288,191,87.0,0.897462,96.94000244140625,17.88678282735645,0.4105598369591299,0.5381547483646649,10.0,0.14259448737260563,2.0,-0.18125143832496582,0.05
NFLX,2026-03-11,0.523288,191,88.0,0.907778,96.94000244140625,17.31261350036052,0.41148242660196027,0.5381547483646649,10.0,0.14259448737260563,2.0,-0.18125143832496582,0.05
NFLX,2026-03-11,0.523288,191,89.0,0.918094,96.94000244140625,16.738432905498968,0.41177819766291157,0.5381547483646649,10.0,0.14259448737260563,2.0,-0.18125143832496582,0.05
NFLX,2026-03-11,0.523288,191,90.0,0.928409,96.94000244140625,16.16425801969418,0.4114878801622866,0.5381547483646649,10.0,0.14259448737260563,2.0,-0.18125143832496582,0.05
NFLX,2026-03-11,0.523288,191,91.0,0.938725,96.94000244140625,15.390083154900985,0.4027301666539696,0.5381547483646649,10.0,0.14259448737260563,2.0,-0.18125143832496582,0.05
NFLX,2026-03-11,0.523288,191,92.0,0.949041,96.94000244140625,14.975908378278412,0.4077180532431294,0.5381547483646649,10.0,0.14259448737260563,2.0,-0.18125143832496582,0.05
NFLX,2026-03-11,0.523288,191,93.0,0.959356,96.94000244140625,14.291733455619898,0.4016453708827553,0.5381547483646649,10.0,0.14259448737260563,2.0,-0.18125143832496582,0.05
NFLX,2026-03-11,0.523288,191,94.0,0.969672,96.94000244140625,14.047558356801957,0.4118644216276828,0.5381547483646649,10.0,0.14259448737260563,2.0,-0.18125143832496582,0.05
NFLX,2026-03-11,0.523288,191,95.0,0.979988,96.94000244140625,12.993383326639304,0.39098451180787797,0.5381547483646649,10.0,0.14259448737260563,2.0,-0.18125143832496582,0.05
NFLX,2026-03-11,0.523288,191,96.0,0.990303,96.94000244140625,12.869208471626422,0.4044915639384447,0.5381547483646649,10.0,0.14259448737260563,2.0,-0.18125143832496582,0.05
NFLX,2026-03-11,0.523288,191,97.0,1.000619,96.94000244140625,11.60000012110671,0.3751849903987422,0.5381547483646649,10.0,0.14259448737260563,2.0,-0.18125143832496582,0.05
NFLX,2026-03-11,0.523288,191,98.0,1.010935,96.94000244140625,11.200000118941603,0.37750037721917007,0.5381547483646649,10.0,0.14259448737260563,2.0,-0.18125143832496582,0.05
NFLX,2026-03-11,0.523288,191,99.0,1.02125,96.94000244140625,10.70000000831196,0.37564124602044413,0.5381547483646649,10.0,0.14259448737260563,2.0,-0.18125143832496582,0.05
NFLX,2026-03-11,0.523288,191,100.0,1.031566,96.94000244140625,10.150000007244813,0.3714877987288005,0.5381547483646649,10.0,0.14259448737260563,2.0,-0.18125143832496582,0.05
NFLX,2026-03-11,0.523288,191,101.0,1.041882,96.94000244140625,10.350000133743066,0.3937611302736087,0.5381547483646649,10.0,0.14259448737260563,2.0,-0.18125143832496582,0.05
NFLX,2026-03-11,0.523288,191,102.0,1.052197,96.94000244140625,9.900000185636983,0.39216235421215145,0.5381547483646649,10.0,0.14259448737260563,2.0,-0.18125143832496582,0.05
NFLX,2026-03-11,0.523288,191,103.0,1.062513,96.94000244140625,8.950000007982553,0.372227828195167,0.5381547483646649,10.0,0.14259448737260563,2.0,-0.18125143832496582,0.05
NFLX,2026-03-11,0.523288,191,104.0,1.072829,96.94000244140625,8.45000003953394,0.3679165107874037,0.5381547483646649,10.0,0.14259448737260563,2.0,-0.18125143832496582,0.05
NFLX,2026-03-11,0.523288,191,105.0,1.083144,96.94000244140625,8.030000191596073,0.3659802420676301,0.5381547483646649,10.0,0.14259448737260563,2.0,-0.18125143832496582,0.05
NFLX,2026-03-11,0.523288,191,106.0,1.09346,96.94000244140625,8.860000214845847,0.4084125906584822,0.5381547483646649,10.0,0.14259448737260563,2.0,-0.18125143832496582,0.05
NFLX,2026-03-11,0.523288,191,107.0,1.103776,96.94000244140625,7.350000205281432,0.36642662989933555,0.5381547483646649,10.0,0.14259448737260563,2.0,-0.18125143832496582,0.05
NFLX,2026-03-11,0.523288,191,108.0,1.114091,96.94000244140625,6.9500000535175275,0.36378125896246416,0.5381547483646649,10.0,0.14259448737260563,2.0,-0.18125143832496582,0.05
NFLX,2026-03-11,0.523288,191,109.0,1.124407,96.94000244140625,6.95000000617101,0.37526137001281334,0.5381547483646649,10.0,0.14259448737260563,2.0,-0.18125143832496582,0.05
NFLX,2026-03-11,0.523288,191,110.0,1.134722,96.94000244140625,6.249999420573488,0.36070449474284755,0.5381547483646649,10.0,0.14259448737260563,2.0,-0.18125143832496582,0.05
NFLX,2026-03-11,0.523288,191,111.0,1.145038,96.94000244140625,6.000001324578182,0.36218392319499026,0.5381547483646649,10.0,0.14259448737260563,2.0,-0.18125143832496582,0.05
NFLX,2026-03-11,0.523288,191,112.0,1.155354,96.94000244140625,5.700000001035978,0.36137801033437833,0.5381547483646649,10.0,0.14259448737260563,2.0,-0.18125143832496582,0.05
NFLX,2026-03-11,0.523288,191,114.0,1.175985,96.94000244140625,5.1999997285804795,0.3622820018073323,0.5381547483646649,10.0,0.14259448737260563,2.0,-0.18125143832496582,0.05
NFLX,2026-03-11,0.523288,191,115.0,1.186301,96.94000244140625,4.849997142314415,0.35821522566454644,0.5381547483646649,10.0,0.14259448737260563,2.0,-0.18125143832496582,0.05
NFLX,2026-03-11,0.523288,191,116.0,1.196616,96.94000244140625,4.599999998471237,0.35759168202642494,0.5381547483646649,10.0,0.14259448737260563,2.0,-0.18125143832496582,0.05
NFLX,2026-03-11,0.523288,191,118.0,1.217248,96.94000244140625,4.749999990449059,0.38148228098841247,0.5381547483646649,10.0,0.14259448737260563,2.0,-0.18125143832496582,0.05
NFLX,2026-03-11,0.523288,191,120.0,1.237879,96.94000244140625,3.700000000033917,0.35501885959687046,0.5381547483646649,10.0,0.14259448737260563,2.0,-0.18125143832496582,0.05
NFLX,2026-03-11,0.523288,191,122.0,1.25851,96.94000244140625,3.4000000094951695,0.35786737410161684,0.5381547483646649,10.0,0.14259448737260563,2.0,-0.18125143832496582,0.05
NFLX,2026-03-11,0.523288,191,124.0,1.279142,96.94000244140625,3.000001257339971,0.35481495556209963,0.5381547483646649,10.0,0.14259448737260563,2.0,-0.18125143832496582,0.05
NFLX,2026-03-11,0.523288,191,125.0,1.289457,96.94000244140625,2.980003460836244,0.3611792732235893,0.5381547483646649,10.0,0.14259448737260563,2.0,-0.18125143832496582,0.05
NFLX,2026-03-11,0.523288,191,126.0,1.299773,96.94000244140625,2.709999920667425,0.35536832110791794,0.5381547483646649,10.0,0.14259448737260563,2.0,-0.18125143832496582,0.05
NFLX,2026-03-11,0.523288,191,128.0,1.320404,96.94000244140625,2.7999997800102143,0.3736339371289062,0.5381547483646649,10.0,0.14259448737260563,2.0,-0.18125143832496582,0.05
NFLX,2026-03-11,0.523288,191,130.0,1.341036,96.94000244140625,2.2500000669375346,0.3587430654175713,0.5381547483646649,10.0,0.14259448737260563,2.0,-0.18125143832496582,0.05
NFLX,2026-03-11,0.523288,191,132.0,1.361667,96.94000244140625,2.2500007166337213,0.3714169654992957,0.5381547483646649,10.0,0.14259448737260563,2.0,-0.18125143832496582,0.05
NFLX,2026-03-11,0.523288,191,134.0,1.382298,96.94000244140625,2.179999989088145,0.37985502546462285,0.5381547483646649,10.0,0.14259448737260563,2.0,-0.18125143832496582,0.05
NFLX,2026-03-11,0.523288,191,135.0,1.392614,96.94000244140625,1.930003356381647,0.37147045873718565,0.5381547483646649,10.0,0.14259448737260563,2.0,-0.18125143832496582,0.05
NFLX,2026-03-11,0.523288,191,136.0,1.40293,96.94000244140625,1.7200000389816523,0.3645390714062636,0.5381547483646649,10.0,0.14259448737260563,2.0,-0.18125143832496582,0.05
NFLX,2026-03-11,0.523288,191,138.0,1.423561,96.94000244140625,1.8300000122755726,0.38265062987699594,0.5381547483646649,10.0,0.14259448737260563,2.0,-0.18125143832496582,0.05
NFLX,2026-03-11,0.523288,191,140.0,1.444192,96.94000244140625,1.6999965498043696,0.38548662860610194,0.5381547483646649,10.0,0.14259448737260563,2.0,-0.18125143832496582,0.05
NFLX,2026-03-11,0.523288,191,142.0,1.464824,96.94000244140625,1.4500014677877786,0.3793150747732402,0.5381547483646649,10.0,0.14259448737260563,2.0,-0.18125143832496582,0.05
NFLX,2026-03-11,0.523288,191,144.0,1.485455,96.94000244140625,1.1600002861371337,0.3679338277403473,0.5381547483646649,10.0,0.14259448737260563,2.0,-0.18125143832496582,0.05
NFLX,2026-03-11,0.523288,191,145.0,1.495771,96.94000244140625,1.380000005599058,0.38951988303822577,0.5381547483646649,10.0,0.14259448737260563,2.0,-0.18125143832496582,0.05
NFLX,2026-03-11,0.523288,191,146.0,1.506086,96.94000244140625,1.1000012764119944,0.3727933087604996,0.5381547483646649,10.0,0.14259448737260563,2.0,-0.18125143832496582,0.05
NFLX,2026-03-11,0.523288,191,148.0,1.526718,96.94000244140625,1.0499980988447515,0.37803025843849397,0.5381547483646649,10.0,0.14259448737260563,2.0,-0.18125143832496582,0.05
NFLX,2026-03-11,0.523288,191,150.0,1.547349,96.94000244140625,0.9099997702271265,0.3747397935574509,0.5381547483646649,10.0,0.14259448737260563,2.0,-0.18125143832496582,0.05
NFLX,2026-03-11,0.523288,191,152.0,1.56798,96.94000244140625,0.8500004382026765,0.3778513607671687,0.5381547483646649,10.0,0.14259448737260563,2.0,-0.18125143832496582,0.05
NFLX,2026-03-11,0.523288,191,154.0,1.588611,96.94000244140625,0.7900000152991691,0.3804226906916525,0.5381547483646649,10.0,0.14259448737260563,2.0,-0.18125143832496582,0.05
NFLX,2026-03-11,0.523288,191,155.0,1.598927,96.94000244140625,0.6499995961762366,0.36946146611415426,0.5381547483646649,10.0,0.14259448737260563,2.0,-0.18125143832496582,0.05
NFLX,2026-03-11,0.523288,191,156.0,1.609243,96.94000244140625,0.7400007607002284,0.38350088302356755,0.5381547483646649,10.0,0.14259448737260563,2.0,-0.18125143832496582,0.05
NFLX,2026-03-11,0.523288,191,158.0,1.629874,96.94000244140625,0.6600008238537347,0.38266982792420823,0.5381547483646649,10.0,0.14259448737260563,2.0,-0.18125143832496582,0.05
NFLX,2026-03-11,0.523288,191,160.0,1.650505,96.94000244140625,0.639998564329666,0.3881753296582687,0.5381547483646649,10.0,0.14259448737260563,2.0,-0.18125143832496582,0.05
NFLX,2026-03-11,0.523288,191,162.0,1.671137,96.94000244140625,0.5799996182868679,0.38844732662282105,0.5381547483646649,10.0,0.14259448737260563,2.0,-0.18125143832496582,0.05
NFLX,2026-03-11,0.523288,191,164.0,1.691768,96.94000244140625,0.6449999054881639,0.40404573898176654,0.5381547483646649,10.0,0.14259448737260563,2.0,-0.18125143832496582,0.05
NFLX,2026-03-11,0.523288,191,165.0,1.702084,96.94000244140625,0.8599999732952259,0.4319306305803453,0.5381547483646649,10.0,0.14259448737260563,2.0,-0.18125143832496582,0.05
NFLX,2026-03-11,0.523288,191,166.0,1.712399,96.94000244140625,1.3349999974861682,0.4797778662841299,0.5381547483646649,10.0,0.14259448737260563,2.0,-0.18125143832496582,0.05
NFLX,2026-03-11,0.523288,191,168.0,1.733031,96.94000244140625,0.5299985419789541,0.4037460257541026,0.5381547483646649,10.0,0.14259448737260563,2.0,-0.18125143832496582,0.05
NFLX,2026-03-11,0.523288,191,170.0,1.753662,96.94000244140625,0.48000015670552765,0.4035652805338809,0.5381547483646649,10.0,0.14259448737260563,2.0,-0.18125143832496582,0.05
NFLX,2026-03-11,0.523288,191,172.0,1.774293,96.94000244140625,0.40000000013385373,0.3977315229141672,0.5381547483646649,10.0,0.14259448737260563,2.0,-0.18125143832496582,0.05
NFLX,2026-03-11,0.523288,191,174.0,1.794925,96.94000244140625,0.4400000008048446,0.4109224561732237,0.5381547483646649,10.0,0.14259448737260563,2.0,-0.18125143832496582,0.05
NFLX,2026-03-11,0.772603,282,49.0,0.505467,96.94000244140625,50.686783205212464,0.5410206555574752,0.5381547483646649,10.0,0.14259448737260563,2.0,-0.18125143832496582,0.05
NFLX,2026-03-11,0.772603,282,50.0,0.515783,96.94000244140625,49.59467913431604,0.509761838920622,0.5381547483646649,10.0,0.14259448737260563,2.0,-0.18125143832496582,0.05
NFLX,2026-03-11,0.772603,282,51.0,0.526099,96.94000244140625,49.02257154219668,0.5470656618876293,0.5381547483646649,10.0,0.14259448737260563,2.0,-0.18125143832496582,0.05
NFLX,2026-03-11,0.772603,282,52.0,0.536414,96.94000244140625,47.76046491050904,0.4972181729598766,0.5381547483646649,10.0,0.14259448737260563,2.0,-0.18125143832496582,0.05
NFLX,2026-03-11,0.772603,282,53.0,0.54673,96.94000244140625,46.83835841865592,0.49005331666046437,0.5381547483646649,10.0,0.14259448737260563,2.0,-0.18125143832496582,0.05
NFLX,2026-03-11,0.772603,282,54.0,0.557046,96.94000244140625,46.086251930263956,0.5025310399672646,0.5381547483646649,10.0,0.14259448737260563,2.0,-0.18125143832496582,0.05
NFLX,2026-03-11,0.772603,282,55.0,0.567361,96.94000244140625,45.35414542102544,0.5141481675939201,0.5381547483646649,10.0,0.14259448737260563,2.0,-0.18125143832496582,0.05
NFLX,2026-03-11,0.772603,282,56.0,0.577677,96.94000244140625,44.262037751464725,0.488395833458302,0.5381547483646649,10.0,0.14259448737260563,2.0,-0.18125143832496582,0.05
NFLX,2026-03-11,0.772603,282,57.0,0.587993,96.94000244140625,43.40993242895383,0.4870638479031674,0.5381547483646649,10.0,0.14259448737260563,2.0,-0.18125143832496582,0.05
NFLX,2026-03-11,0.772603,282,58.0,0.598308,96.94000244140625,42.537823868045315,0.48327097758696014,0.5381547483646649,10.0,0.14259448737260563,2.0,-0.18125143832496582,0.05
NFLX,2026-03-11,0.772603,282,59.0,0.608624,96.94000244140625,41.715719504199214,0.4834919707935237,0.5381547483646649,10.0,0.14259448737260563,2.0,-0.18125143832496582,0.05
NFLX,2026-03-11,0.772603,282,60.0,0.61894,96.94000244140625,40.843612984607056,0.4788272274056337,0.5381547483646649,10.0,0.14259448737260563,2.0,-0.18125143832496582,0.05
NFLX,2026-03-11,0.772603,282,61.0,0.629255,96.94000244140625,39.87150649352397,0.465807411035281,0.5381547483646649,10.0,0.14259448737260563,2.0,-0.18125143832496582,0.05
NFLX,2026-03-11,0.772603,282,62.0,0.639571,96.94000244140625,39.04939907955214,0.4648460457999283,0.5381547483646649,10.0,0.14259448737260563,2.0,-0.18125143832496582,0.05
NFLX,2026-03-11,0.772603,282,63.0,0.649887,96.94000244140625,38.2072934862085,0.46181399434469717,0.5381547483646649,10.0,0.14259448737260563,2.0,-0.18125143832496582,0.05
NFLX,2026-03-11,0.772603,282,64.0,0.660202,96.94000244140625,37.62518702342265,0.4764337192051711,0.5381547483646649,10.0,0.14259448737260563,2.0,-0.18125143832496582,0.05
NFLX,2026-03-11,0.772603,282,65.0,0.670518,96.94000244140625,36.64308053130577,0.4627127215472334,0.5381547483646649,10.0,0.14259448737260563,2.0,-0.18125143832496582,0.05
NFLX,2026-03-11,0.772603,282,66.0,0.680833,96.94000244140625,35.62097404148578,0.44655970584063065,0.5381547483646649,10.0,0.14259448737260563,2.0,-0.18125143832496582,0.05
NFLX,2026-03-11,0.772603,282,67.0,0.691149,96.94000244140625,34.87886417602418,0.4486443331902297,0.5381547483646649,10.0,0.14259448737260563,2.0,-0.18125143832496582,0.05
NFLX,2026-03-11,0.772603,282,68.0,0.701465,96.94000244140625,34.25676104351926,0.4570536275026685,0.5381547483646649,10.0,0.14259448737260563,2.0,-0.18125143832496582,0.05
NFLX,2026-03-11,0.772603,282,69.0,0.71178,96.94000244140625,33.2446545539217,0.44183222796712246,0.5381547483646649,10.0,0.14259448737260563,2.0,-0.18125143832496582,0.05
NFLX,2026-03-11,0.772603,282,70.0,0.722096,96.94000244140625,32.58254880643452,0.44658204763070525,0.5381547483646649,10.0,0.14259448737260563,2.0,-0.18125143832496582,0.05
NFLX,2026-03-11,0.772603,282,71.0,0.732412,96.94000244140625,31.770441747433956,0.4423788408673764,0.5381547483646649,10.0,0.14259448737260563,2.0,-0.18125143832496582,0.05
NFLX,2026-03-11,0.772603,282,72.0,0.742727,96.94000244140625,30.968335118443655,0.43842510406284635,0.5381547483646649,10.0,0.14259448737260563,2.0,-0.18125143832496582,0.05
NFLX,2026-03-11,0.772603,282,73.0,0.753043,96.94000244140625,30.266228602809868,0.43919633348906445,0.5381547483646649,10.0,0.14259448737260563,2.0,-0.18125143832496582,0.05
NFLX,2026-03-11,0.772603,282,74.0,0.763359,96.94000244140625,29.414122110981516,0.4321229207295628,0.5381547483646649,10.0,0.14259448737260563,2.0,-0.18125143832496582,0.05
NFLX,2026-03-11,0.772603,282,75.0,0.773674,96.94000244140625,28.8320136805657,0.43763197082412875,0.5381547483646649,10.0,0.14259448737260563,2.0,-0.18125143832496582,0.05
NFLX,2026-03-11,0.772603,282,76.0,0.78399,96.94000244140625,28.06990881960791,0.4341251893413358,0.5381547483646649,10.0,0.14259448737260563,2.0,-0.18125143832496582,0.05
NFLX,2026-03-11,0.772603,282,77.0,0.794306,96.94000244140625,27.227802570076392,0.42678519242651286,0.5381547483646649,10.0,0.14259448737260563,2.0,-0.18125143832496582,0.05
NFLX,2026-03-11,0.772603,282,78.0,0.804621,96.94000244140625,26.575696143054316,0.42752433705443393,0.5381547483646649,10.0,0.14259448737260563,2.0,-0.18125143832496582,0.05
NFLX,2026-03-11,0.772603,282,79.0,0.814937,96.94000244140625,25.703590644719,0.4185267610158307,0.5381547483646649,10.0,0.14259448737260563,2.0,-0.18125143832496582,0.05
NFLX,2026-03-11,0.772603,282,80.0,0.825253,96.94000244140625,25.301482653920047,0.42868320932089743,0.5381547483646649,10.0,0.14259448737260563,2.0,-0.18125143832496582,0.05
NFLX,2026-03-11,0.772603,282,81.0,0.835568,96.94000244140625,24.509376586432154,0.422391426816313,0.5381547483646649,10.0,0.14259448737260563,2.0,-0.18125143832496582,0.05
NFLX,2026-03-11,0.772603,282,82.0,0.845884,96.94000244140625,23.99727018485232,0.426773347571085,0.5381547483646649,10.0,0.14259448737260563,2.0,-0.18125143832496582,0.05
NFLX,2026-03-11,0.772603,282,83.0,0.8562,96.94000244140625,22.98516369266695,0.4115871808075492,0.5381547483646649,10.0,0.14259448737260563,2.0,-0.18125143832496582,0.05
NFLX,2026-03-11,0.772603,282,84.0,0.866515,96.94000244140625,22.91305720136866,0.4314220577590413,0.5381547483646649,10.0,0.14259448737260563,2.0,-0.18125143832496582,0.05
NFLX,2026-03-11,0.772603,282,85.0,0.876831,96.94000244140625,22.110950785276216,0.42358425891808277,0.5381547483646649,10.0,0.14259448737260563,2.0,-0.18125143832496582,0.05
NFLX,2026-03-11,0.772603,282,86.0,0.887147,96.94000244140625,21.648845539828443,0.42768580737160833,0.5381547483646649,10.0,0.14259448737260563,2.0,-0.18125143832496582,0.05
NFLX,2026-03-11,0.772603,282,87.0,0.897462,96.94000244140625,20.68674007859653,0.41381499377744013,0.5381547483646649,10.0,0.14259448737260563,2.0,-0.18125143832496582,0.05
NFLX,2026-03-11,0.772603,282,88.0,0.907778,96.94000244140625,20.274636328864965,0.41886967738842923,0.5381547483646649,10.0,0.14259448737260563,2.0,-0.18125143832496582,0.05
NFLX,2026-03-11,0.772603,282,89.0,0.918094,96.94000244140625,19.21253040663997,0.40142547339931595,0.5381547483646649,10.0,0.14259448737260563,2.0,-0.18125143832496582,0.05
NFLX,2026-03-11,0.772603,282,90.0,0.928409,96.94000244140625,19.35042400094124,0.4240067083480519,0.5381547483646649,10.0,0.14259448737260563,2.0,-0.18125143832496582,0.05
NFLX,2026-03-11,0.772603,282,91.0,0.938725,96.94000244140625,18.108316896793887,0.4003687903358996,0.5381547483646649,10.0,0.14259448737260563,2.0,-0.18125143832496582,0.05
NFLX,2026-03-11,0.772603,282,92.0,0.949041,96.94000244140625,17.606208324306316,0.4009013622864704,0.5381547483646649,10.0,0.14259448737260563,2.0,-0.18125143832496582,0.05
NFLX,2026-03-11,0.772603,282,93.0,0.959356,96.94000244140625,17.464099003575903,0.4125289365718515,0.5381547483646649,10.0,0.14259448737260563,2.0,-0.18125143832496582,0.05
NFLX,2026-03-11,0.772603,282,94.0,0.969672,96.94000244140625,16.8419917684828,0.4083820157337873,0.5381547483646649,10.0,0.14259448737260563,2.0,-0.18125143832496582,0.05
NFLX,2026-03-11,0.772603,282,95.0,0.979988,96.94000244140625,16.35988612183082,0.40833921585150945,0.5381547483646649,10.0,0.14259448737260563,2.0,-0.18125143832496582,0.05
NFLX,2026-03-11,0.772603,282,96.0,0.990303,96.94000244140625,15.82778081071735,0.4064041691359291,0.5381547483646649,10.0,0.14259448737260563,2.0,-0.18125143832496582,0.05
NFLX,2026-03-11,0.772603,282,97.0,1.000619,96.94000244140625,14.30000111752144,0.37368173277181255,0.5381547483646649,10.0,0.14259448737260563,2.0,-0.18125143832496582,0.05
NFLX,2026-03-11,0.772603,282,98.0,1.010935,96.94000244140625,14.15000134385594,0.3829824135962206,0.5381547483646649,10.0,0.14259448737260563,2.0,-0.18125143832496582,0.05
NFLX,2026-03-11,0.772603,282,99.0,1.02125,96.94000244140625,13.750000611874334,0.3842594123547753,0.5381547483646649,10.0,0.14259448737260563,2.0,-0.18125143832496582,0.05
NFLX,2026-03-11,0.772603,282,100.0,1.031566,96.94000244140625,13.000000018180366,0.37469522397287136,0.5381547483646649,10.0,0.14259448737260563,2.0,-0.18125143832496582,0.05
NFLX,2026-03-11,0.772603,282,101.0,1.041882,96.94000244140625,12.790000053621696,0.38098381137798215,0.5381547483646649,10.0,0.14259448737260563,2.0,-0.18125143832496582,0.05
NFLX,2026-03-11,0.772603,282,102.0,1.052197,96.94000244140625,11.90000022501355,0.36671382037548556,0.5381547483646649,10.0,0.14259448737260563,2.0,-0.18125143832496582,0.05
NFLX,2026-03-11,0.772603,282,103.0,1.062513,96.94000244140625,12.540001075265401,0.3974521459037037,0.5381547483646649,10.0,0.14259448737260563,2.0,-0.18125143832496582,0.05
NFLX,2026-03-11,0.772603,282,104.0,1.072829,96.94000244140625,11.10000117014836,0.3663475483652246,0.5381547483646649,10.0,0.14259448737260563,2.0,-0.18125143832496582,0.05
NFLX,2026-03-11,0.772603,282,105.0,1.083144,96.94000244140625,10.65000067075048,0.3642019840166428,0.5381547483646649,10.0,0.14259448737260563,2.0,-0.18125143832496582,0.05
NFLX,2026-03-11,0.772603,282,106.0,1.09346,96.94000244140625,11.370000852649184,0.39616174501507834,0.5381547483646649,10.0,0.14259448737260563,2.0,-0.18125143832496582,0.05
NFLX,2026-03-11,0.772603,282,107.0,1.103776,96.94000244140625,10.349999598855263,0.37661207764247046,0.5381547483646649,10.0,0.14259448737260563,2.0,-0.18125143832496582,0.05
NFLX,2026-03-11,0.772603,282,108.0,1.114091,96.94000244140625,10.599999652600665,0.39413839489633623,0.5381547483646649,10.0,0.14259448737260563,2.0,-0.18125143832496582,0.05
NFLX,2026-03-11,0.772603,282,109.0,1.124407,96.94000244140625,10.250001118725486,0.39373134432134316,0.5381547483646649,10.0,0.14259448737260563,2.0,-0.18125143832496582,0.05
NFLX,2026-03-11,0.772603,282,110.0,1.134722,96.94000244140625,8.800004962837257,0.3605239131468731,0.5381547483646649,10.0,0.14259448737260563,2.0,-0.18125143832496582,0.05
NFLX,2026-03-11,0.772603,282,111.0,1.145038,96.94000244140625,9.550005156007373,0.39208471007999385,0.5381547483646649,10.0,0.14259448737260563,2.0,-0.18125143832496582,0.05
NFLX,2026-03-11,0.772603,282,112.0,1.155354,96.94000244140625,9.150006566145365,0.3893642892278529,0.5381547483646649,10.0,0.14259448737260563,2.0,-0.18125143832496582,0.05
NFLX,2026-03-11,0.772603,282,114.0,1.175985,96.94000244140625,8.150004563139277,0.37705120790797275,0.5381547483646649,10.0,0.14259448737260563,2.0,-0.18125143832496582,0.05
NFLX,2026-03-11,0.772603,282,115.0,1.186301,96.94000244140625,7.470001377836695,0.3649222256489607,0.5381547483646649,10.0,0.14259448737260563,2.0,-0.18125143832496582,0.05
NFLX,2026-03-11,0.772603,282,116.0,1.196616,96.94000244140625,7.250000288196869,0.3664004011202664,0.5381547483646649,10.0,0.14259448737260563,2.0,-0.18125143832496582,0.05
NFLX,2026-03-11,0.772603,282,118.0,1.217248,96.94000244140625,7.550000028314468,0.39144370968902,0.5381547483646649,10.0,0.14259448737260563,2.0,-0.18125143832496582,0.05
NFLX,2026-03-11,0.772603,282,120.0,1.237879,96.94000244140625,5.9999999892416795,0.3581799159081479,0.5381547483646649,10.0,0.14259448737260563,2.0,-0.18125143832496582,0.05
NFLX,2026-03-11,0.772603,282,122.0,1.25851,96.94000244140625,6.029999890569368,0.3734582217179052,0.5381547483646649,10.0,0.14259448737260563,2.0,-0.18125143832496582,0.05
NFLX,2026-03-11,0.772603,282,124.0,1.279142,96.94000244140625,5.989999154688732,0.3859752983319482,0.5381547483646649,10.0,0.14259448737260563,2.0,-0.18125143832496582,0.05
NFLX,2026-03-11,0.772603,282,125.0,1.289457,96.94000244140625,4.999999990052025,0.3599059314521722,0.5381547483646649,10.0,0.14259448737260563,2.0,-0.18125143832496582,0.05
NFLX,2026-03-11,0.772603,282,126.0,1.299773,96.94000244140625,5.449999997700004,0.3814840560819433,0.5381547483646649,10.0,0.14259448737260563,2.0,-0.18125143832496582,0.05
NFLX,2026-03-11,0.772603,282,128.0,1.320404,96.94000244140625,5.099999909869073,0.3823770726689844,0.5381547483646649,10.0,0.14259448737260563,2.0,-0.18125143832496582,0.05
NFLX,2026-03-11,0.772603,282,130.0,1.341036,96.94000244140625,4.100000000254074,0.3593078937815863,0.5381547483646649,10.0,0.14259448737260563,2.0,-0.18125143832496582,0.05
NFLX,2026-03-11,0.772603,282,132.0,1.361667,96.94000244140625,4.080000002354097,0.3700936428577016,0.5381547483646649,10.0,0.14259448737260563,2.0,-0.18125143832496582,0.05
NFLX,2026-03-11,0.772603,282,134.0,1.382298,96.94000244140625,4.000000024858874,0.3782978196676584,0.5381547483646649,10.0,0.14259448737260563,2.0,-0.18125143832496582,0.05
NFLX,2026-03-11,0.772603,282,135.0,1.392614,96.94000244140625,3.3500028373733457,0.35872814746918474,0.5381547483646649,10.0,0.14259448737260563,2.0,-0.18125143832496582,0.05
NFLX,2026-03-11,0.772603,282,136.0,1.40293,96.94000244140625,3.1999999921262123,0.3579664125784506,0.5381547483646649,10.0,0.14259448737260563,2.0,-0.18125143832496582,0.05
NFLX,2026-03-11,0.772603,282,138.0,1.423561,96.94000244140625,3.099999840750719,0.36408927084113796,0.5381547483646649,10.0,0.14259448737260563,2.0,-0.18125143832496582,0.05
NFLX,2026-03-11,0.772603,282,140.0,1.444192,96.94000244140625,2.9999978122616575,0.369815970367073,0.5381547483646649,10.0,0.14259448737260563,2.0,-0.18125143832496582,0.05
NFLX,2026-03-11,0.772603,282,142.0,1.464824,96.94000244140625,2.6700000112095506,0.36508654559375714,0.5381547483646649,10.0,0.14259448737260563,2.0,-0.18125143832496582,0.05
NFLX,2026-03-11,0.772603,282,144.0,1.485455,96.94000244140625,2.3799999931297506,0.36102230926098827,0.5381547483646649,10.0,0.14259448737260563,2.0,-0.18125143832496582,0.05
NFLX,2026-03-11,0.772603,282,145.0,1.495771,96.94000244140625,2.4099999901777984,0.3669057273533909,0.5381547483646649,10.0,0.14259448737260563,2.0,-0.18125143832496582,0.05
NFLX,2026-03-11,0.772603,282,146.0,1.506086,96.94000244140625,2.5500034418005875,0.37787402920142044,0.5381547483646649,10.0,0.14259448737260563,2.0,-0.18125143832496582,0.05
NFLX,2026-03-11,0.772603,282,148.0,1.526718,96.94000244140625,2.239995537481363,0.3718083508291605,0.5381547483646649,10.0,0.14259448737260563,2.0,-0.18125143832496582,0.05
NFLX,2026-03-11,0.772603,282,150.0,1.547349,96.94000244140625,1.9500002719993166,0.3654277446617383,0.5381547483646649,10.0,0.14259448737260563,2.0,-0.18125143832496582,0.05
NFLX,2026-03-11,0.772603,282,152.0,1.56798,96.94000244140625,1.9800006142378486,0.3751160776244644,0.5381547483646649,10.0,0.14259448737260563,2.0,-0.18125143832496582,0.05
NFLX,2026-03-11,0.772603,282,154.0,1.588611,96.94000244140625,1.8699999489492392,0.3771207550503612,0.5381547483646649,10.0,0.14259448737260563,2.0,-0.18125143832496582,0.05
NFLX,2026-03-11,0.772603,282,155.0,1.598927,96.94000244140625,1.889999959178013,0.3821021790090818,0.5381547483646649,10.0,0.14259448737260563,2.0,-0.18125143832496582,0.05
NFLX,2026-03-11,0.772603,282,156.0,1.609243,96.94000244140625,0.48000000319612646,0.28369141413535026,0.5381547483646649,10.0,0.14259448737260563,2.0,-0.18125143832496582,0.05
NFLX,2026-03-11,0.772603,282,158.0,1.629874,96.94000244140625,1.740003273705426,0.3850563379123279,0.5381547483646649,10.0,0.14259448737260563,2.0,-0.18125143832496582,0.05
NFLX,2026-03-11,0.772603,282,160.0,1.650505,96.94000244140625,1.3000025492930458,0.36507382124290166,0.5381547483646649,10.0,0.14259448737260563,2.0,-0.18125143832496582,0.05
NFLX,2026-03-11,0.772603,282,162.0,1.671137,96.94000244140625,1.5400000393505167,0.3875617091723907,0.5381547483646649,10.0,0.14259448737260563,2.0,-0.18125143832496582,0.05
NFLX,2026-03-11,0.772603,282,164.0,1.691768,96.94000244140625,1.1399998407204945,0.36759922713231113,0.5381547483646649,10.0,0.14259448737260563,2.0,-0.18125143832496582,0.05
NFLX,2026-03-11,0.772603,282,165.0,1.702084,96.94000244140625,1.2899969026770393,0.38154509253229607,0.5381547483646649,10.0,0.14259448737260563,2.0,-0.18125143832496582,0.05
NFLX,2026-03-11,0.772603,282,166.0,1.712399,96.94000244140625,0.4199999977304625,0.30711857812523785,0.5381547483646649,10.0,0.14259448737260563,2.0,-0.18125143832496582,0.05
NFLX,2026-03-11,0.772603,282,168.0,1.733031,96.94000244140625,1.1499998853881506,0.3814260035730104,0.5381547483646649,10.0,0.14259448737260563,2.0,-0.18125143832496582,0.05
NFLX,2026-03-11,0.772603,282,170.0,1.753662,96.94000244140625,1.199999972447463,0.3914977458727924,0.5381547483646649,10.0,0.14259448737260563,2.0,-0.18125143832496582,0.05
NFLX,2026-03-11,0.772603,282,172.0,1.774293,96.94000244140625,0.3599988999849786,0.3158089266728781,0.5381547483646649,10.0,0.14259448737260563,2.0,-0.18125143832496582,0.05
NFLX,2026-03-11,0.772603,282,174.0,1.794925,96.94000244140625,1.0200001602183484,0.39008171734953206,0.5381547483646649,10.0,0.14259448737260563,2.0,-0.18125143832496582,0.05
NFLX,2026-03-11,0.849315,310,49.0,0.505467,96.94000244140625,50.67726134463379,0.49194437419345916,0.5381547483646649,10.0,0.14259448737260563,2.0,-0.18125143832496582,0.05
NFLX,2026-03-11,0.849315,310,50.0,0.515783,96.94000244140625,49.898838056512666,0.5045853728745328,0.5381547483646649,10.0,0.14259448737260563,2.0,-0.18125143832496582,0.05
NFLX,2026-03-11,0.849315,310,51.0,0.526099,96.94000244140625,48.86041476567251,0.48197383786000797,0.5381547483646649,10.0,0.14259448737260563,2.0,-0.18125143832496582,0.05
NFLX,2026-03-11,0.849315,310,52.0,0.536414,96.94000244140625,48.09199148284369,0.4935899111469762,0.5381547483646649,10.0,0.14259448737260563,2.0,-0.18125143832496582,0.05
NFLX,2026-03-11,0.849315,310,53.0,0.54673,96.94000244140625,47.09356819695132,0.47691216288521965,0.5381547483646649,10.0,0.14259448737260563,2.0,-0.18125143832496582,0.05
NFLX,2026-03-11,0.849315,310,54.0,0.557046,96.94000244140625,46.475144830787194,0.5013212364252164,0.5381547483646649,10.0,0.14259448737260563,2.0,-0.18125143832496582,0.05
NFLX,2026-03-11,0.849315,310,55.0,0.567361,96.94000244140625,45.60672161483443,0.49771078075249203,0.5381547483646649,10.0,0.14259448737260563,2.0,-0.18125143832496582,0.05
NFLX,2026-03-11,0.849315,310,56.0,0.577677,96.94000244140625,44.59829831275712,0.4808583816660873,0.5381547483646649,10.0,0.14259448737260563,2.0,-0.18125143832496582,0.05
NFLX,2026-03-11,0.849315,310,57.0,0.587993,96.94000244140625,43.75987623472587,0.47982880506299597,0.5381547483646649,10.0,0.14259448737260563,2.0,-0.18125143832496582,0.05
NFLX,2026-03-11,0.849315,310,58.0,0.598308,96.94000244140625,42.891451779378194,0.47566262277786997,0.5381547483646649,10.0,0.14259448737260563,2.0,-0.18125143832496582,0.05
NFLX,2026-03-11,0.849315,310,59.0,0.608624,96.94000244140625,42.023028468928125,0.4712043804910772,0.5381547483646649,10.0,0.14259448737260563,2.0,-0.18125143832496582,0.05
NFLX,2026-03-11,0.849315,310,60.0,0.61894,96.94000244140625,41.22460451866942,0.4718968777642201,0.5381547483646649,10.0,0.14259448737260563,2.0,-0.18125143832496582,0.05
NFLX,2026-03-11,0.849315,310,61.0,0.629255,96.94000244140625,40.286181625879856,0.4615272080795004,0.5381547483646649,10.0,0.14259448737260563,2.0,-0.18125143832496582,0.05
NFLX,2026-03-11,0.849315,310,62.0,0.639571,96.94000244140625,39.54775949195192,0.4656089915596111,0.5381547483646649,10.0,0.14259448737260563,2.0,-0.18125143832496582,0.05
NFLX,2026-03-11,0.849315,310,63.0,0.649887,96.94000244140625,38.70933534357744,0.4619444095624729,0.5381547483646649,10.0,0.14259448737260563,2.0,-0.18125143832496582,0.05
NFLX,2026-03-11,0.849315,310,64.0,0.660202,96.94000244140625,37.91091203042587,0.46056608903958285,0.5381547483646649,10.0,0.14259448737260563,2.0,-0.18125143832496582,0.05
NFLX,2026-03-11,0.849315,310,65.0,0.670518,96.94000244140625,37.10248673664423,0.4580918050097201,0.5381547483646649,10.0,0.14259448737260563,2.0,-0.18125143832496582,0.05
NFLX,2026-03-11,0.849315,310,66.0,0.680833,96.94000244140625,36.354065399629526,0.45879890376023513,0.5381547483646649,10.0,0.14259448737260563,2.0,-0.18125143832496582,0.05
NFLX,2026-03-11,0.849315,310,67.0,0.691149,96.94000244140625,35.415642149379,0.44800038753610416,0.5381547483646649,10.0,0.14259448737260563,2.0,-0.18125143832496582,0.05
NFLX,2026-03-11,0.849315,310,68.0,0.701465,96.94000244140625,34.75721985526862,0.4529393060954708,0.5381547483646649,10.0,0.14259448737260563,2.0,-0.18125143832496582,0.05
NFLX,2026-03-11,0.849315,310,69.0,0.71178,96.94000244140625,33.958795800769366,0.44952109084308517,0.5381547483646649,10.0,0.14259448737260563,2.0,-0.18125143832496582,0.05
NFLX,2026-03-11,0.849315,310,70.0,0.722096,96.94000244140625,33.11037236252849,0.4432333589191863,0.5381547483646649,10.0,0.14259448737260563,2.0,-0.18125143832496582,0.05
NFLX,2026-03-11,0.849315,310,71.0,0.732412,96.94000244140625,32.42194901910074,0.4448180450008778,0.5381547483646649,10.0,0.14259448737260563,2.0,-0.18125143832496582,0.05
NFLX,2026-03-11,0.849315,310,72.0,0.742727,96.94000244140625,31.683525728974566,0.4433859116634833,0.5381547483646649,10.0,0.14259448737260563,2.0,-0.18125143832496582,0.05
NFLX,2026-03-11,0.849315,310,73.0,0.753043,96.94000244140625,30.805102769352786,0.4350153409563653,0.5381547483646649,10.0,0.14259448737260563,2.0,-0.18125143832496582,0.05
NFLX,2026-03-11,0.849315,310,74.0,0.763359,96.94000244140625,30.116677877864397,0.43528033036101604,0.5381547483646649,10.0,0.14259448737260563,2.0,-0.18125143832496582,0.05
NFLX,2026-03-11,0.849315,310,75.0,0.773674,96.94000244140625,29.508255784897784,0.4385555901463941,0.5381547483646649,10.0,0.14259448737260563,2.0,-0.18125143832496582,0.05
NFLX,2026-03-11,0.849315,310,76.0,0.78399,96.94000244140625,28.599832551923257,0.42838200138114824,0.5381547483646649,10.0,0.14259448737260563,2.0,-0.18125143832496582,0.05
NFLX,2026-03-11,0.849315,310,77.0,0.794306,96.94000244140625,27.891409288415602,0.4266174598471187,0.5381547483646649,10.0,0.14259448737260563,2.0,-0.18125143832496582,0.05
NFLX,2026-03-11,0.849315,310,78.0,0.804621,96.94000244140625,27.332984005291337,0.4305712083307072,0.5381547483646649,10.0,0.14259448737260563,2.0,-0.18125143832496582,0.05
NFLX,2026-03-11,0.849315,310,79.0,0.814937,96.94000244140625,25.90456807261895,0.399242009251938,0.5381547483646649,10.0,0.14259448737260563,2.0,-0.18125143832496582,0.05
NFLX,2026-03-11,0.849315,310,80.0,0.825253,96.94000244140625,25.966139406445514,0.4269875566128005,0.5381547483646649,10.0,0.14259448737260563,2.0,-0.18125143832496582,0.05
NFLX,2026-03-11,0.849315,310,81.0,0.835568,96.94000244140625,25.297710328350774,0.42525740381946475,0.5381547483646649,10.0,0.14259448737260563,2.0,-0.18125143832496582,0.05
NFLX,2026-03-11,0.849315,310,82.0,0.845884,96.94000244140625,24.649288711597386,0.42392815312028714,0.5381547483646649,10.0,0.14259448737260563,2.0,-0.18125143832496582,0.05
NFLX,2026-03-11,0.849315,310,83.0,0.8562,96.94000244140625,24.150869574413505,0.4276328551006461,0.5381547483646649,10.0,0.14259448737260563,2.0,-0.18125143832496582,0.05
NFLX,2026-03-11,0.849315,310,84.0,0.866515,96.94000244140625,23.612447187507165,0.42938339758886757,0.5381547483646649,10.0,0.14259448737260563,2.0,-0.18125143832496582,0.05
NFLX,2026-03-11,0.849315,310,85.0,0.876831,96.94000244140625,22.734025392042284,0.4189753241789611,0.5381547483646649,10.0,0.14259448737260563,2.0,-0.18125143832496582,0.05
NFLX,2026-03-11,0.849315,310,86.0,0.887147,96.94000244140625,22.16560620766002,0.41905940139022424,0.5381547483646649,10.0,0.14259448737260563,2.0,-0.18125143832496582,0.05
NFLX,2026-03-11,0.849315,310,87.0,0.897462,96.94000244140625,21.557171799261404,0.4174360888909647,0.5381547483646649,10.0,0.14259448737260563,2.0,-0.18125143832496582,0.05
NFLX,2026-03-11,0.849315,310,88.0,0.907778,96.94000244140625,21.048750666819878,0.4187734692923555,0.5381547483646649,10.0,0.14259448737260563,2.0,-0.18125143832496582,0.05
NFLX,2026-03-11,0.849315,310,89.0,0.918094,96.94000244140625,20.390326763708522,0.41487982866505985,0.5381547483646649,10.0,0.14259448737260563,2.0,-0.18125143832496582,0.05
NFLX,2026-03-11,0.849315,310,90.0,0.928409,96.94000244140625,19.83190073693215,0.41392379259013784,0.5381547483646649,10.0,0.14259448737260563,2.0,-0.18125143832496582,0.05
NFLX,2026-03-11,0.849315,310,91.0,0.938725,96.94000244140625,19.193489779779426,0.4101442500241367,0.5381547483646649,10.0,0.14259448737260563,2.0,-0.18125143832496582,0.05
NFLX,2026-03-11,0.849315,310,92.0,0.949041,96.94000244140625,18.615062749802426,0.4079769086183235,0.5381547483646649,10.0,0.14259448737260563,2.0,-0.18125143832496582,0.05
NFLX,2026-03-11,0.849315,310,93.0,0.959356,96.94000244140625,17.97663662082649,0.4036946250098899,0.5381547483646649,10.0,0.14259448737260563,2.0,-0.18125143832496582,0.05
NFLX,2026-03-11,0.849315,310,94.0,0.969672,96.94000244140625,17.45821246441225,0.4028021925622329,0.5381547483646649,10.0,0.14259448737260563,2.0,-0.18125143832496582,0.05
NFLX,2026-03-11,0.849315,310,95.0,0.979988,96.94000244140625,17.15979101547091,0.4081750199788093,0.5381547483646649,10.0,0.14259448737260563,2.0,-0.18125143832496582,0.05
NFLX,2026-03-11,0.849315,310,96.0,0.990303,96.94000244140625,16.601369434500334,0.40543029099714023,0.5381547483646649,10.0,0.14259448737260563,2.0,-0.18125143832496582,0.05
NFLX,2026-03-11,0.849315,310,97.0,1.000619,96.94000244140625,15.230002108397514,0.3785903524118776,0.5381547483646649,10.0,0.14259448737260563,2.0,-0.18125143832496582,0.05
NFLX,2026-03-11,0.849315,310,98.0,1.010935,96.94000244140625,14.81000219014549,0.37954243228813955,0.5381547483646649,10.0,0.14259448737260563,2.0,-0.18125143832496582,0.05
NFLX,2026-03-11,0.849315,310,99.0,1.02125,96.94000244140625,14.200001165308983,0.3746783026354462,0.5381547483646649,10.0,0.14259448737260563,2.0,-0.18125143832496582,0.05
NFLX,2026-03-11,0.849315,310,100.0,1.031566,96.94000244140625,13.650000153967376,0.37128254459631665,0.5381547483646649,10.0,0.14259448737260563,2.0,-0.18125143832496582,0.05
NFLX,2026-03-11,0.849315,310,101.0,1.041882,96.94000244140625,13.500000143850649,0.3790114000381617,0.5381547483646649,10.0,0.14259448737260563,2.0,-0.18125143832496582,0.05
NFLX,2026-03-11,0.849315,310,102.0,1.052197,96.94000244140625,13.000000013092695,0.37642955441395887,0.5381547483646649,10.0,0.14259448737260563,2.0,-0.18125143832496582,0.05
NFLX,2026-03-11,0.849315,310,103.0,1.062513,96.94000244140625,13.300000789563057,0.39619604937120656,0.5381547483646649,10.0,0.14259448737260563,2.0,-0.18125143832496582,0.05
NFLX,2026-03-11,0.849315,310,104.0,1.072829,96.94000244140625,13.250002333027105,0.405687167656129,0.5381547483646649,10.0,0.14259448737260563,2.0,-0.18125143832496582,0.05
NFLX,2026-03-11,0.849315,310,105.0,1.083144,96.94000244140625,11.650002090729494,0.3712390359895566,0.5381547483646649,10.0,0.14259448737260563,2.0,-0.18125143832496582,0.05
NFLX,2026-03-11,0.849315,310,106.0,1.09346,96.94000244140625,12.250002910768387,0.39843568493637804,0.5381547483646649,10.0,0.14259448737260563,2.0,-0.18125143832496582,0.05
NFLX,2026-03-11,0.849315,310,107.0,1.103776,96.94000244140625,10.649999684150771,0.36356672248733146,0.5381547483646649,10.0,0.14259448737260563,2.0,-0.18125143832496582,0.05
NFLX,2026-03-11,0.849315,310,108.0,1.114091,96.94000244140625,10.299999429061707,0.36351895563785347,0.5381547483646649,10.0,0.14259448737260563,2.0,-0.18125143832496582,0.05
NFLX,2026-03-11,0.849315,310,109.0,1.124407,96.94000244140625,10.000001236407584,0.36459820151238176,0.5381547483646649,10.0,0.14259448737260563,2.0,-0.18125143832496582,0.05
NFLX,2026-03-11,0.849315,310,110.0,1.134722,96.94000244140625,9.800003848666428,0.36822292257861794,0.5381547483646649,10.0,0.14259448737260563,2.0,-0.18125143832496582,0.05
NFLX,2026-03-11,0.849315,310,111.0,1.145038,96.94000244140625,10.20000489084417,0.3885004998691347,0.5381547483646649,10.0,0.14259448737260563,2.0,-0.18125143832496582,0.05
NFLX,2026-03-11,0.849315,310,112.0,1.155354,96.94000244140625,9.029993313808667,0.3642604417592481,0.5381547483646649,10.0,0.14259448737260563,2.0,-0.18125143832496582,0.05
NFLX,2026-03-11,0.849315,310,114.0,1.175985,96.94000244140625,8.399995283867248,0.3631989240342559,0.5381547483646649,10.0,0.14259448737260563,2.0,-0.18125143832496582,0.05
NFLX,2026-03-11,0.849315,310,115.0,1.186301,96.94000244140625,8.099993101818889,0.3627123595626996,0.5381547483646649,10.0,0.14259448737260563,2.0,-0.18125143832496582,0.05
NFLX,2026-03-11,0.849315,310,116.0,1.196616,96.94000244140625,7.980007846552311,0.367171510254451,0.5381547483646649,10.0,0.14259448737260563,2.0,-0.18125143832496582,0.05
NFLX,2026-03-11,0.849315,310,118.0,1.217248,96.94000244140625,7.55000163598595,0.36997767933598374,0.5381547483646649,10.0,0.14259448737260563,2.0,-0.18125143832496582,0.05
NFLX,2026-03-11,0.849315,310,120.0,1.237879,96.94000244140625,6.839999970754306,0.3636234327326891,0.5381547483646649,10.0,0.14259448737260563,2.0,-0.18125143832496582,0.05
NFLX,2026-03-11,0.849315,310,122.0,1.25851,96.94000244140625,6.520000000289741,0.36793150480392234,0.5381547483646649,10.0,0.14259448737260563,2.0,-0.18125143832496582,0.05
NFLX,2026-03-11,0.849315,310,124.0,1.279142,96.94000244140625,6.19999995440336,0.37151332178596086,0.5381547483646649,10.0,0.14259448737260563,2.0,-0.18125143832496582,0.05
NFLX,2026-03-11,0.849315,310,125.0,1.289457,96.94000244140625,5.719999013750407,0.3630821214629912,0.5381547483646649,10.0,0.14259448737260563,2.0,-0.18125143832496582,0.05
NFLX,2026-03-11,0.849315,310,126.0,1.299773,96.94000244140625,5.6699973470276355,0.3678048755616268,0.5381547483646649,10.0,0.14259448737260563,2.0,-0.18125143832496582,0.05
NFLX,2026-03-11,0.849315,310,128.0,1.320404,96.94000244140625,5.949996013876021,0.3889210673698553,0.5381547483646649,10.0,0.14259448737260563,2.0,-0.18125143832496582,0.05
NFLX,2026-03-11,0.849315,310,130.0,1.341036,96.94000244140625,4.66999919807688,0.359272376407448,0.5381547483646649,10.0,0.14259448737260563,2.0,-0.18125143832496582,0.05
NFLX,2026-03-11,0.849315,310,132.0,1.361667,96.94000244140625,4.859998761601744,0.3768899757075816,0.5381547483646649,10.0,0.14259448737260563,2.0,-0.18125143832496582,0.05
NFLX,2026-03-11,0.849315,310,134.0,1.382298,96.94000244140625,4.450000000093215,0.37386506758656185,0.5381547483646649,10.0,0.14259448737260563,2.0,-0.18125143832496582,0.05
NFLX,2026-03-11,0.849315,310,135.0,1.392614,96.94000244140625,3.970000014456197,0.36226185057101357,0.5381547483646649,10.0,0.14259448737260563,2.0,-0.18125143832496582,0.05
NFLX,2026-03-11,0.849315,310,136.0,1.40293,96.94000244140625,4.500000000418737,0.3861410029261376,0.5381547483646649,10.0,0.14259448737260563,2.0,-0.18125143832496582,0.05
NFLX,2026-03-11,0.849315,310,138.0,1.423561,96.94000244140625,3.8000003760759675,0.3712848501056264,0.5381547483646649,10.0,0.14259448737260563,2.0,-0.18125143832496582,0.05
NFLX,2026-03-11,0.849315,310,140.0,1.444192,96.94000244140625,3.3199999904927253,0.36283919058377656,0.5381547483646649,10.0,0.14259448737260563,2.0,-0.18125143832496582,0.05
NFLX,2026-03-11,0.849315,310,142.0,1.464824,96.94000244140625,3.3699999741709625,0.3741416858941714,0.5381547483646649,10.0,0.14259448737260563,2.0,-0.18125143832496582,0.05
NFLX,2026-03-11,0.849315,310,144.0,1.485455,96.94000244140625,3.1599987515940313,0.37492350597947965,0.5381547483646649,10.0,0.14259448737260563,2.0,-0.18125143832496582,0.05
NFLX,2026-03-11,0.849315,310,145.0,1.495771,96.94000244140625,2.9500000000879574,0.37077650712454596,0.5381547483646649,10.0,0.14259448737260563,2.0,-0.18125143832496582,0.05
NFLX,2026-03-11,0.849315,310,146.0,1.506086,96.94000244140625,3.1000041109318506,0.38132458696826516,0.5381547483646649,10.0,0.14259448737260563,2.0,-0.18125143832496582,0.05
NFLX,2026-03-11,0.849315,310,148.0,1.526718,96.94000244140625,2.870000009735165,0.3803155054405469,0.5381547483646649,10.0,0.14259448737260563,2.0,-0.18125143832496582,0.05
NFLX,2026-03-11,0.849315,310,150.0,1.547349,96.94000244140625,2.399999830098846,0.36782228494244606,0.5381547483646649,10.0,0.14259448737260563,2.0,-0.18125143832496582,0.05
NFLX,2026-03-11,0.849315,310,152.0,1.56798,96.94000244140625,2.0700000091570256,0.3600178063809639,0.5381547483646649,10.0,0.14259448737260563,2.0,-0.18125143832496582,0.05
NFLX,2026-03-11,0.849315,310,154.0,1.588611,96.94000244140625,2.040000126722605,0.3661630047821165,0.5381547483646649,10.0,0.14259448737260563,2.0,-0.18125143832496582,0.05
NFLX,2026-03-11,0.849315,310,155.0,1.598927,96.94000244140625,2.010000635545868,0.3684036742962242,0.5381547483646649,10.0,0.14259448737260563,2.0,-0.18125143832496582,0.05
NFLX,2026-03-11,0.849315,310,156.0,1.609243,96.94000244140625,2.190000009761924,0.38111464451211574,0.5381547483646649,10.0,0.14259448737260563,2.0,-0.18125143832496582,0.05
NFLX,2026-03-11,0.849315,310,158.0,1.629874,96.94000244140625,1.5000001134422885,0.35150281060543487,0.5381547483646649,10.0,0.14259448737260563,2.0,-0.18125143832496582,0.05
NFLX,2026-03-11,0.849315,310,160.0,1.650505,96.94000244140625,1.5600000386977264,0.361927785551801,0.5381547483646649,10.0,0.14259448737260563,2.0,-0.18125143832496582,0.05
NFLX,2026-03-11,0.849315,310,162.0,1.671137,96.94000244140625,1.6300000087655402,0.3728068780520601,0.5381547483646649,10.0,0.14259448737260563,2.0,-0.18125143832496582,0.05
NFLX,2026-03-11,0.849315,310,164.0,1.691768,96.94000244140625,1.7500000002659792,0.386386856243582,0.5381547483646649,10.0,0.14259448737260563,2.0,-0.18125143832496582,0.05
NFLX,2026-03-11,0.849315,310,165.0,1.702084,96.94000244140625,1.2799999878084591,0.36122651982707893,0.5381547483646649,10.0,0.14259448737260563,2.0,-0.18125143832496582,0.05
NFLX,2026-03-11,0.849315,310,166.0,1.712399,96.94000244140625,1.3299974291696,0.3676773522041895,0.5381547483646649,10.0,0.14259448737260563,2.0,-0.18125143832496582,0.05
NFLX,2026-03-11,0.849315,310,168.0,1.733031,96.94000244140625,1.3399972230970363,0.37464724312702874,0.5381547483646649,10.0,0.14259448737260563,2.0,-0.18125143832496582,0.05
NFLX,2026-03-11,0.849315,310,170.0,1.753662,96.94000244140625,1.19999984733938,0.37141862753320554,0.5381547483646649,10.0,0.14259448737260563,2.0,-0.18125143832496582,0.05
NFLX,2026-03-11,0.849315,310,172.0,1.774293,96.94000244140625,1.1399992096748983,0.3731901794499731,0.5381547483646649,10.0,0.14259448737260563,2.0,-0.18125143832496582,0.05
NFLX,2026-03-11,0.849315,310,174.0,1.794925,96.94000244140625,1.0300012784773704,0.37089279745632936,0.5381547483646649,10.0,0.14259448737260563,2.0,-0.18125143832496582,0.05
NFLX,2026-03-11,1.021918,373,50.0,0.515783,96.94000244140625,50.510624829898646,0.48741497368548325,0.5381547483646649,10.0,0.14259448737260563,2.0,-0.18125143832496582,0.05
NFLX,2026-03-11,1.021918,373,55.0,0.567361,96.94000244140625,46.15968723240167,0.46760234908337683,0.5381547483646649,10.0,0.14259448737260563,2.0,-0.18125143832496582,0.05
NFLX,2026-03-11,1.021918,373,60.0,0.61894,96.94000244140625,42.28874930411125,0.4738857364170807,0.5381547483646649,10.0,0.14259448737260563,2.0,-0.18125143832496582,0.05
NFLX,2026-03-11,1.021918,373,65.0,0.670518,96.94000244140625,37.73781149803898,0.4293963550523219,0.5381547483646649,10.0,0.14259448737260563,2.0,-0.18125143832496582,0.05
NFLX,2026-03-11,1.021918,373,70.0,0.722096,96.94000244140625,34.34687854564576,0.4412867183785561,0.5381547483646649,10.0,0.14259448737260563,2.0,-0.18125143832496582,0.05
NFLX,2026-03-11,1.021918,373,75.0,0.773674,96.94000244140625,30.72593316223122,0.4309386877818662,0.5381547483646649,10.0,0.14259448737260563,2.0,-0.18125143832496582,0.05
NFLX,2026-03-11,1.021918,373,80.0,0.825253,96.94000244140625,27.264998258897734,0.41970202245317295,0.5381547483646649,10.0,0.14259448737260563,2.0,-0.18125143832496582,0.05
NFLX,2026-03-11,1.021918,373,85.0,0.876831,96.94000244140625,24.424060492442713,0.4220268950629148,0.5381547483646649,10.0,0.14259448737260563,2.0,-0.18125143832496582,0.05
NFLX,2026-03-11,1.021918,373,90.0,0.928409,96.94000244140625,21.703118845465546,0.4200424415606255,0.5381547483646649,10.0,0.14259448737260563,2.0,-0.18125143832496582,0.05
NFLX,2026-03-11,1.021918,373,95.0,0.979988,96.94000244140625,18.22218592622435,0.3906352172114915,0.5381547483646649,10.0,0.14259448737260563,2.0,-0.18125143832496582,0.05
NFLX,2026-03-11,1.021918,373,100.0,1.031566,96.94000244140625,15.500001195648267,0.3773870921123252,0.5381547483646649,10.0,0.14259448737260563,2.0,-0.18125143832496582,0.05
NFLX,2026-03-11,1.021918,373,105.0,1.083144,96.94000244140625,13.30000347276443,0.37208574239009157,0.5381547483646649,10.0,0.14259448737260563,2.0,-0.18125143832496582,0.05
NFLX,2026-03-11,1.021918,373,110.0,1.134722,96.94000244140625,11.199997423871835,0.36357041891815717,0.5381547483646649,10.0,0.14259448737260563,2.0,-0.18125143832496582,0.05
NFLX,2026-03-11,1.021918,373,115.0,1.186301,96.94000244140625,9.799999998792146,0.3674896486608842,0.5381547483646649,10.0,0.14259448737260563,2.0,-0.18125143832496582,0.05
NFLX,2026-03-11,1.021918,373,120.0,1.237879,96.94000244140625,8.249999995976477,0.3624210738931074,0.5381547483646649,10.0,0.14259448737260563,2.0,-0.18125143832496582,0.05
NFLX,2026-03-11,1.021918,373,125.0,1.289457,96.94000244140625,7.000000012344785,0.3604063464899488,0.5381547483646649,10.0,0.14259448737260563,2.0,-0.18125143832496582,0.05
NFLX,2026-03-11,1.021918,373,130.0,1.341036,96.94000244140625,5.949999558164457,0.35941413517494897,0.5381547483646649,10.0,0.14259448737260563,2.0,-0.18125143832496582,0.05
NFLX,2026-03-11,1.021918,373,135.0,1.392614,96.94000244140625,5.449999983908047,0.37069084594890833,0.5381547483646649,10.0,0.14259448737260563,2.0,-0.18125143832496582,0.05
NFLX,2026-03-11,1.021918,373,140.0,1.444192,96.94000244140625,4.360000000699596,0.3605382321068473,0.5381547483646649,10.0,0.14259448737260563,2.0,-0.18125143832496582,0.05
NFLX,2026-03-11,1.021918,373,145.0,1.495771,96.94000244140625,3.7000019238892143,0.3600551656396727,0.5381547483646649,10.0,0.14259448737260563,2.0,-0.18125143832496582,0.05
NFLX,2026-03-11,1.021918,373,150.0,1.547349,96.94000244140625,3.4499999273269726,0.3712191570200561,0.5381547483646649,10.0,0.14259448737260563,2.0,-0.18125143832496582,0.05
NFLX,2026-03-11,1.021918,373,155.0,1.598927,96.94000244140625,3.0000000030485676,0.3729740548679599,0.5381547483646649,10.0,0.14259448737260563,2.0,-0.18125143832496582,0.05
NFLX,2026-03-11,1.268493,463,49.0,0.505467,96.94000244140625,52.676303982165194,0.5117267642456921,0.5381547483646649,10.0,0.14259448737260563,2.0,-0.18125143832496582,0.05
NFLX,2026-03-11,1.268493,463,50.0,0.515783,96.94000244140625,51.67276099549644,0.4948445957861983,0.5381547483646649,10.0,0.14259448737260563,2.0,-0.18125143832496582,0.05
NFLX,2026-03-11,1.268493,463,52.0,0.536414,96.94000244140625,51.52567139935048,0.5863654253169244,0.5381547483646649,10.0,0.14259448737260563,2.0,-0.18125143832496582,0.05
NFLX,2026-03-11,1.268493,463,54.0,0.557046,96.94000244140625,48.20858280390894,0.47138132634978364,0.5381547483646649,10.0,0.14259448737260563,2.0,-0.18125143832496582,0.05
NFLX,2026-03-11,1.268493,463,55.0,0.567361,96.94000244140625,47.990036812856374,0.5064208098041163,0.5381547483646649,10.0,0.14259448737260563,2.0,-0.18125143832496582,0.05
NFLX,2026-03-11,1.268493,463,56.0,0.577677,96.94000244140625,48.73149562031862,0.5860722422073117,0.5381547483646649,10.0,0.14259448737260563,2.0,-0.18125143832496582,0.05
NFLX,2026-03-11,1.268493,463,58.0,0.598308,96.94000244140625,45.50440291122928,0.4907904283738827,0.5381547483646649,10.0,0.14259448737260563,2.0,-0.18125143832496582,0.05
NFLX,2026-03-11,1.268493,463,60.0,0.61894,96.94000244140625,43.40731562309117,0.4565478560842401,0.5381547483646649,10.0,0.14259448737260563,2.0,-0.18125143832496582,0.05
NFLX,2026-03-11,1.268493,463,62.0,0.639571,96.94000244140625,41.51022472637493,0.434178446813851,0.5381547483646649,10.0,0.14259448737260563,2.0,-0.18125143832496582,0.05
NFLX,2026-03-11,1.268493,463,64.0,0.660202,96.94000244140625,40.36313339242816,0.4491784014633098,0.5381547483646649,10.0,0.14259448737260563,2.0,-0.18125143832496582,0.05
NFLX,2026-03-11,1.268493,463,65.0,0.670518,96.94000244140625,39.9345849273298,0.4616037610319235,0.5381547483646649,10.0,0.14259448737260563,2.0,-0.18125143832496582,0.05
NFLX,2026-03-11,1.268493,463,66.0,0.680833,96.94000244140625,39.18604303864793,0.4589129095637276,0.5381547483646649,10.0,0.14259448737260563,2.0,-0.18125143832496582,0.05
NFLX,2026-03-11,1.268493,463,68.0,0.701465,96.94000244140625,37.11895311891102,0.42917722998194513,0.5381547483646649,10.0,0.14259448737260563,2.0,-0.18125143832496582,0.05
NFLX,2026-03-11,1.268493,463,70.0,0.722096,96.94000244140625,36.26186155051167,0.4488011995085688,0.5381547483646649,10.0,0.14259448737260563,2.0,-0.18125143832496582,0.05
NFLX,2026-03-11,1.268493,463,72.0,0.742727,96.94000244140625,34.714774665402246,0.4393582416719249,0.5381547483646649,10.0,0.14259448737260563,2.0,-0.18125143832496582,0.05
NFLX,2026-03-11,1.268493,463,74.0,0.763359,96.94000244140625,33.76768471509515,0.45053670737067913,0.5381547483646649,10.0,0.14259448737260563,2.0,-0.18125143832496582,0.05
NFLX,2026-03-11,1.268493,463,75.0,0.773674,96.94000244140625,32.79913757728492,0.43836784685345936,0.5381547483646649,10.0,0.14259448737260563,2.0,-0.18125143832496582,0.05
NFLX,2026-03-11,1.268493,463,76.0,0.78399,96.94000244140625,32.16059951258116,0.4374439852019608,0.5381547483646649,10.0,0.14259448737260563,2.0,-0.18125143832496582,0.05
NFLX,2026-03-11,1.268493,463,78.0,0.804621,96.94000244140625,30.753505777130904,0.43064359622436726,0.5381547483646649,10.0,0.14259448737260563,2.0,-0.18125143832496582,0.05
NFLX,2026-03-11,1.268493,463,80.0,0.825253,96.94000244140625,29.806416085444795,0.4374245417425077,0.5381547483646649,10.0,0.14259448737260563,2.0,-0.18125143832496582,0.05
NFLX,2026-03-11,1.268493,463,82.0,0.845884,96.94000244140625,28.179326421208977,0.42240125141624724,0.5381547483646649,10.0,0.14259448737260563,2.0,-0.18125143832496582,0.05
NFLX,2026-03-11,1.268493,463,84.0,0.866515,96.94000244140625,27.132236779044426,0.4240185592099135,0.5381547483646649,10.0,0.14259448737260563,2.0,-0.18125143832496582,0.05
NFLX,2026-03-11,1.268493,463,85.0,0.876831,96.94000244140625,26.713691964343532,0.4273667786076888,0.5381547483646649,10.0,0.14259448737260563,2.0,-0.18125143832496582,0.05
NFLX,2026-03-11,1.268493,463,86.0,0.887147,96.94000244140625,25.33514713320762,0.4035632387945359,0.5381547483646649,10.0,0.14259448737260563,2.0,-0.18125143832496582,0.05
NFLX,2026-03-11,1.268493,463,88.0,0.907778,96.94000244140625,24.828057494918625,0.4183086946179355,0.5381547483646649,10.0,0.14259448737260563,2.0,-0.18125143832496582,0.05
NFLX,2026-03-11,1.268493,463,90.0,0.928409,96.94000244140625,24.170971085708636,0.4273225738822393,0.5381547483646649,10.0,0.14259448737260563,2.0,-0.18125143832496582,0.05
NFLX,2026-03-11,1.268493,463,92.0,0.949041,96.94000244140625,23.203886989123767,0.42702248025376655,0.5381547483646649,10.0,0.14259448737260563,2.0,-0.18125143832496582,0.05
NFLX,2026-03-11,1.268493,463,94.0,0.969672,96.94000244140625,22.166785298343797,0.4241126151506628,0.5381547483646649,10.0,0.14259448737260563,2.0,-0.18125143832496582,0.05
NFLX,2026-03-11,1.268493,463,95.0,0.979988,96.94000244140625,21.208243690733248,0.4113866671120187,0.5381547483646649,10.0,0.14259448737260563,2.0,-0.18125143832496582,0.05
NFLX,2026-03-11,1.268493,463,96.0,0.990303,96.94000244140625,21.18969886356389,0.42197565382249513,0.5381547483646649,10.0,0.14259448737260563,2.0,-0.18125143832496582,0.05
NFLX,2026-03-11,1.268493,463,98.0,1.010935,96.94000244140625,18.42999999970894,0.37573252750435066,0.5381547483646649,10.0,0.14259448737260563,2.0,-0.18125143832496582,0.05
NFLX,2026-03-11,1.268493,463,100.0,1.031566,96.94000244140625,17.499991136083004,0.37394560929427445,0.5381547483646649,10.0,0.14259448737260563,2.0,-0.18125143832496582,0.05
NFLX,2026-03-11,1.268493,463,102.0,1.052197,96.94000244140625,16.50000030530792,0.36972147840940073,0.5381547483646649,10.0,0.14259448737260563,2.0,-0.18125143832496582,0.05
NFLX,2026-03-11,1.268493,463,104.0,1.072829,96.94000244140625,16.020000528467698,0.3769432681415539,0.5381547483646649,10.0,0.14259448737260563,2.0,-0.18125143832496582,0.05
NFLX,2026-03-11,1.268493,463,105.0,1.083144,96.94000244140625,15.500000001256147,0.3736892649454149,0.5381547483646649,10.0,0.14259448737260563,2.0,-0.18125143832496582,0.05
NFLX,2026-03-11,1.268493,463,106.0,1.09346,96.94000244140625,16.16000183395746,0.3976953013818251,0.5381547483646649,10.0,0.14259448737260563,2.0,-0.18125143832496582,0.05
NFLX,2026-03-11,1.268493,463,108.0,1.114091,96.94000244140625,14.479999999909573,0.375398481924443,0.5381547483646649,10.0,0.14259448737260563,2.0,-0.18125143832496582,0.05
NFLX,2026-03-11,1.268493,463,110.0,1.134722,96.94000244140625,14.189999999074814,0.38459563988454504,0.5381547483646649,10.0,0.14259448737260563,2.0,-0.18125143832496582,0.05
NFLX,2026-03-11,1.268493,463,112.0,1.155354,96.94000244140625,13.399999998059315,0.38158124703748597,0.5381547483646649,10.0,0.14259448737260563,2.0,-0.18125143832496582,0.05
NFLX,2026-03-11,1.268493,463,114.0,1.175985,96.94000244140625,12.800010447846553,0.38227804200768645,0.5381547483646649,10.0,0.14259448737260563,2.0,-0.18125143832496582,0.05
NFLX,2026-03-11,1.268493,463,115.0,1.186301,96.94000244140625,11.96999137575584,0.37020778822469735,0.5381547483646649,10.0,0.14259448737260563,2.0,-0.18125143832496582,0.05
NFLX,2026-03-11,1.268493,463,116.0,1.196616,96.94000244140625,12.19999292684524,0.3823393626834531,0.5381547483646649,10.0,0.14259448737260563,2.0,-0.18125143832496582,0.05
NFLX,2026-03-11,1.268493,463,118.0,1.217248,96.94000244140625,11.119999998361777,0.3707086482794903,0.5381547483646649,10.0,0.14259448737260563,2.0,-0.18125143832496582,0.05
NFLX,2026-03-11,1.268493,463,120.0,1.237879,96.94000244140625,10.149999986044651,0.360896314610026,0.5381547483646649,10.0,0.14259448737260563,2.0,-0.18125143832496582,0.05
NFLX,2026-03-11,1.268493,463,122.0,1.25851,96.94000244140625,9.949999971527248,0.3683791411006538,0.5381547483646649,10.0,0.14259448737260563,2.0,-0.18125143832496582,0.05
NFLX,2026-03-11,1.268493,463,124.0,1.279142,96.94000244140625,10.149999961606998,0.3847745831947912,0.5381547483646649,10.0,0.14259448737260563,2.0,-0.18125143832496582,0.05
NFLX,2026-03-11,1.268493,463,125.0,1.289457,96.94000244140625,9.749999949825103,0.38106918453774113,0.5381547483646649,10.0,0.14259448737260563,2.0,-0.18125143832496582,0.05
NFLX,2026-03-11,1.268493,463,126.0,1.299773,96.94000244140625,9.599999944388596,0.38311519147831996,0.5381547483646649,10.0,0.14259448737260563,2.0,-0.18125143832496582,0.05
NFLX,2026-03-11,1.268493,463,128.0,1.320404,96.94000244140625,8.849999952012258,0.3761114208875927,0.5381547483646649,10.0,0.14259448737260563,2.0,-0.18125143832496582,0.05
NFLX,2026-03-11,1.268493,463,130.0,1.341036,96.94000244140625,8.199999981643842,0.37084073797622996,0.5381547483646649,10.0,0.14259448737260563,2.0,-0.18125143832496582,0.05
NFLX,2026-03-11,1.268493,463,132.0,1.361667,96.94000244140625,7.899999995921878,0.3735465535008371,0.5381547483646649,10.0,0.14259448737260563,2.0,-0.18125143832496582,0.05
NFLX,2026-03-11,1.268493,463,134.0,1.382298,96.94000244140625,7.600002813393104,0.3758297235510507,0.5381547483646649,10.0,0.14259448737260563,2.0,-0.18125143832496582,0.05
NFLX,2026-03-11,1.268493,463,135.0,1.392614,96.94000244140625,6.59000202875475,0.3550263203647147,0.5381547483646649,10.0,0.14259448737260563,2.0,-0.18125143832496582,0.05
NFLX,2026-03-11,1.268493,463,136.0,1.40293,96.94000244140625,7.020000085191022,0.3706117124319315,0.5381547483646649,10.0,0.14259448737260563,2.0,-0.18125143832496582,0.05
NFLX,2026-03-11,1.268493,463,138.0,1.423561,96.94000244140625,6.529999977060637,0.36706211544279116,0.5381547483646649,10.0,0.14259448737260563,2.0,-0.18125143832496582,0.05
NFLX,2026-03-11,1.268493,463,140.0,1.444192,96.94000244140625,6.249999318251504,0.3684649637002196,0.5381547483646649,10.0,0.14259448737260563,2.0,-0.18125143832496582,0.05
NFLX,2026-03-11,1.268493,463,142.0,1.464824,96.94000244140625,5.299999965464295,0.35125574296987416,0.5381547483646649,10.0,0.14259448737260563,2.0,-0.18125143832496582,0.05
NFLX,2026-03-11,1.268493,463,144.0,1.485455,96.94000244140625,5.82999999465758,0.3738974847468027,0.5381547483646649,10.0,0.14259448737260563,2.0,-0.18125143832496582,0.05
NFLX,2026-03-11,1.268493,463,145.0,1.495771,96.94000244140625,5.149999467443042,0.35911149742259674,0.5381547483646649,10.0,0.14259448737260563,2.0,-0.18125143832496582,0.05
NFLX,2026-03-11,1.268493,463,146.0,1.506086,96.94000244140625,4.050000006376717,0.3309509416578695,0.5381547483646649,10.0,0.14259448737260563,2.0,-0.18125143832496582,0.05
NFLX,2026-03-11,1.268493,463,148.0,1.526718,96.94000244140625,4.899991503095677,0.3635416478341926,0.5381547483646649,10.0,0.14259448737260563,2.0,-0.18125143832496582,0.05
NFLX,2026-03-11,1.268493,463,150.0,1.547349,96.94000244140625,4.530000001382504,0.360135257253846,0.5381547483646649,10.0,0.14259448737260563,2.0,-0.18125143832496582,0.05
NFLX,2026-03-11,1.268493,463,152.0,1.56798,96.94000244140625,4.480000007806087,0.3658452545629851,0.5381547483646649,10.0,0.14259448737260563,2.0,-0.18125143832496582,0.05
NFLX,2026-03-11,1.268493,463,154.0,1.588611,96.94000244140625,4.000000768860389,0.3581236064265415,0.5381547483646649,10.0,0.14259448737260563,2.0,-0.18125143832496582,0.05
NFLX,2026-03-11,1.268493,463,155.0,1.598927,96.94000244140625,4.200000308552312,0.36777419775587694,0.5381547483646649,10.0,0.14259448737260563,2.0,-0.18125143832496582,0.05
NFLX,2026-03-11,1.268493,463,156.0,1.609243,96.94000244140625,3.0999987224358296,0.3352735022267802,0.5381547483646649,10.0,0.14259448737260563,2.0,-0.18125143832496582,0.05
NFLX,2026-03-11,1.268493,463,158.0,1.629874,96.94000244140625,3.599999989380299,0.3586171155429397,0.5381547483646649,10.0,0.14259448737260563,2.0,-0.18125143832496582,0.05
NFLX,2026-03-11,1.268493,463,160.0,1.650505,96.94000244140625,3.669999984584349,0.3673557046451722,0.5381547483646649,10.0,0.14259448737260563,2.0,-0.18125143832496582,0.05
NFLX,2026-03-11,1.268493,463,162.0,1.671137,96.94000244140625,2.600002587245287,0.33588980267875024,0.5381547483646649,10.0,0.14259448737260563,2.0,-0.18125143832496582,0.05
NFLX,2026-03-11,1.268493,463,164.0,1.691768,96.94000244140625,2.549999985399797,0.33988620707723716,0.5381547483646649,10.0,0.14259448737260563,2.0,-0.18125143832496582,0.05
NFLX,2026-03-11,1.268493,463,166.0,1.712399,96.94000244140625,3.0500000087579515,0.364357479847248,0.5381547483646649,10.0,0.14259448737260563,2.0,-0.18125143832496582,0.05
NFLX,2026-03-11,1.268493,463,168.0,1.733031,96.94000244140625,2.850001257347108,0.3628110144054685,0.5381547483646649,10.0,0.14259448737260563,2.0,-0.18125143832496582,0.05
NFLX,2026-03-11,1.268493,463,170.0,1.753662,96.94000244140625,2.830005255965384,0.36772174498585647,0.5381547483646649,10.0,0.14259448737260563,2.0,-0.18125143832496582,0.05
NFLX,2026-03-11,1.268493,463,172.0,1.774293,96.94000244140625,1.2200041008956566,0.30111524675609463,0.5381547483646649,10.0,0.14259448737260563,2.0,-0.18125143832496582,0.05
NFLX,2026-03-11,1.268493,463,174.0,1.794925,96.94000244140625,2.5100000000708427,0.36621001067451736,0.5381547483646649,10.0,0.14259448737260563,2.0,-0.18125143832496582,0.05
NFLX,2026-03-11,1.769863,646,49.0,0.505467,96.94000244140625,55.63984282376683,0.5540129769233312,0.5381547483646649,10.0,0.14259448737260563,2.0,-0.18125143832496582,0.05
NFLX,2026-03-11,1.769863,646,50.0,0.515783,96.94000244140625,53.41453304756139,0.4688265746635586,0.5381547483646649,10.0,0.14259448737260563,2.0,-0.18125143832496582,0.05
NFLX,2026-03-11,1.769863,646,52.0,0.536414,96.94000244140625,54.00391468098472,0.5722200838046373,0.5381547483646649,10.0,0.14259448737260563,2.0,-0.18125143832496582,0.05
NFLX,2026-03-11,1.769863,646,54.0,0.557046,96.94000244140625,50.713295931954,0.4796648120084502,0.5381547483646649,10.0,0.14259448737260563,2.0,-0.18125143832496582,0.05
NFLX,2026-03-11,1.769863,646,55.0,0.567361,96.94000244140625,49.78798655111002,0.46871533078022576,0.5381547483646649,10.0,0.14259448737260563,2.0,-0.18125143832496582,0.05
NFLX,2026-03-11,1.769863,646,56.0,0.577677,96.94000244140625,50.672676174970235,0.5392621292947815,0.5381547483646649,10.0,0.14259448737260563,2.0,-0.18125143832496582,0.05
NFLX,2026-03-11,1.769863,646,58.0,0.598308,96.94000244140625,47.452062443878944,0.45725843831832846,0.5381547483646649,10.0,0.14259448737260563,2.0,-0.18125143832496582,0.05
NFLX,2026-03-11,1.769863,646,60.0,0.61894,96.94000244140625,45.62143547941741,0.43734484882191693,0.5381547483646649,10.0,0.14259448737260563,2.0,-0.18125143832496582,0.05
NFLX,2026-03-11,1.769863,646,62.0,0.639571,96.94000244140625,44.9908202926795,0.46629523480324864,0.5381547483646649,10.0,0.14259448737260563,2.0,-0.18125143832496582,0.05
NFLX,2026-03-11,1.769863,646,64.0,0.660202,96.94000244140625,43.41020211295886,0.4553722176610413,0.5381547483646649,10.0,0.14259448737260563,2.0,-0.18125143832496582,0.05
NFLX,2026-03-11,1.769863,646,65.0,0.670518,96.94000244140625,42.3948927249064,0.4416917088657532,0.5381547483646649,10.0,0.14259448737260563,2.0,-0.18125143832496582,0.05
NFLX,2026-03-11,1.769863,646,66.0,0.680833,96.94000244140625,44.67958217193545,0.540664419594609,0.5381547483646649,10.0,0.14259448737260563,2.0,-0.18125143832496582,0.05
NFLX,2026-03-11,1.769863,646,68.0,0.701465,96.94000244140625,41.398964357510714,0.4715624246658574,0.5381547483646649,10.0,0.14259448737260563,2.0,-0.18125143832496582,0.05
NFLX,2026-03-11,1.769863,646,70.0,0.722096,96.94000244140625,39.298345655774845,0.44245772576528414,0.5381547483646649,10.0,0.14259448737260563,2.0,-0.18125143832496582,0.05
NFLX,2026-03-11,1.769863,646,72.0,0.742727,96.94000244140625,37.887726477880584,0.4356988855866477,0.5381547483646649,10.0,0.14259448737260563,2.0,-0.18125143832496582,0.05
NFLX,2026-03-11,1.769863,646,74.0,0.763359,96.94000244140625,36.207107444630296,0.42054478807325696,0.5381547483646649,10.0,0.14259448737260563,2.0,-0.18125143832496582,0.05
NFLX,2026-03-11,1.769863,646,75.0,0.773674,96.94000244140625,35.791797706259636,0.4253955275919478,0.5381547483646649,10.0,0.14259448737260563,2.0,-0.18125143832496582,0.05
NFLX,2026-03-11,1.769863,646,76.0,0.78399,96.94000244140625,35.5764882599583,0.4354484026762899,0.5381547483646649,10.0,0.14259448737260563,2.0,-0.18125143832496582,0.05
NFLX,2026-03-11,1.769863,646,78.0,0.804621,96.94000244140625,34.29586981698525,0.430635053903725,0.5381547483646649,10.0,0.14259448737260563,2.0,-0.18125143832496582,0.05
NFLX,2026-03-11,1.769863,646,80.0,0.825253,96.94000244140625,33.21525155681929,0.4305776225440247,0.5381547483646649,10.0,0.14259448737260563,2.0,-0.18125143832496582,0.05
NFLX,2026-03-11,1.769863,646,82.0,0.845884,96.94000244140625,32.364633174245256,0.4355752955505326,0.5381547483646649,10.0,0.14259448737260563,2.0,-0.18125143832496582,0.05
NFLX,2026-03-11,1.769863,646,84.0,0.866515,96.94000244140625,31.254014525180324,0.4331101184711737,0.5381547483646649,10.0,0.14259448737260563,2.0,-0.18125143832496582,0.05
NFLX,2026-03-11,1.769863,646,85.0,0.876831,96.94000244140625,30.25870514518045,0.4209413875431674,0.5381547483646649,10.0,0.14259448737260563,2.0,-0.18125143832496582,0.05
NFLX,2026-03-11,1.769863,646,86.0,0.887147,96.94000244140625,30.023385657964134,0.42717915905615916,0.5381547483646649,10.0,0.14259448737260563,2.0,-0.18125143832496582,0.05
NFLX,2026-03-11,1.769863,646,88.0,0.907778,96.94000244140625,28.51277358686375,0.41429459929987605,0.5381547483646649,10.0,0.14259448737260563,2.0,-0.18125143832496582,0.05
NFLX,2026-03-11,1.769863,646,90.0,0.928409,96.94000244140625,28.202158288045503,0.42879523827963745,0.5381547483646649,10.0,0.14259448737260563,2.0,-0.18125143832496582,0.05
NFLX,2026-03-11,1.769863,646,92.0,0.949041,96.94000244140625,26.951539454211556,0.4209742630823117,0.5381547483646649,10.0,0.14259448737260563,2.0,-0.18125143832496582,0.05
NFLX,2026-03-11,1.769863,646,94.0,0.969672,96.94000244140625,26.550920694486777,0.4315080829617484,0.5381547483646649,10.0,0.14259448737260563,2.0,-0.18125143832496582,0.05
NFLX,2026-03-11,1.769863,646,95.0,0.979988,96.94000244140625,25.205611325043705,0.411499823705874,0.5381547483646649,10.0,0.14259448737260563,2.0,-0.18125143832496582,0.05
NFLX,2026-03-11,1.769863,646,96.0,0.990303,96.94000244140625,24.780301955445346,0.41153092529388663,0.5381547483646649,10.0,0.14259448737260563,2.0,-0.18125143832496582,0.05
NFLX,2026-03-11,1.769863,646,98.0,1.010935,96.94000244140625,22.94999999784217,0.3904237375547615,0.5381547483646649,10.0,0.14259448737260563,2.0,-0.18125143832496582,0.05
NFLX,2026-03-11,1.769863,646,100.0,1.031566,96.94000244140625,21.26999999981288,0.3725611443448956,0.5381547483646649,10.0,0.14259448737260563,2.0,-0.18125143832496582,0.05
NFLX,2026-03-11,1.769863,646,102.0,1.052197,96.94000244140625,20.350002268613736,0.37020042156176336,0.5381547483646649,10.0,0.14259448737260563,2.0,-0.18125143832496582,0.05
NFLX,2026-03-11,1.769863,646,104.0,1.072829,96.94000244140625,19.550009017042818,0.36974809914281603,0.5381547483646649,10.0,0.14259448737260563,2.0,-0.18125143832496582,0.05
NFLX,2026-03-11,1.769863,646,105.0,1.083144,96.94000244140625,20.34999375681977,0.3935081404243773,0.5381547483646649,10.0,0.14259448737260563,2.0,-0.18125143832496582,0.05
NFLX,2026-03-11,1.769863,646,106.0,1.09346,96.94000244140625,19.500004733892617,0.38378098946777095,0.5381547483646649,10.0,0.14259448737260563,2.0,-0.18125143832496582,0.05
NFLX,2026-03-11,1.769863,646,108.0,1.114091,96.94000244140625,19.249990466383323,0.39307630845937,0.5381547483646649,10.0,0.14259448737260563,2.0,-0.18125143832496582,0.05
NFLX,2026-03-11,1.769863,646,110.0,1.134722,96.94000244140625,17.500002201902987,0.3720979401558522,0.5381547483646649,10.0,0.14259448737260563,2.0,-0.18125143832496582,0.05
NFLX,2026-03-11,1.769863,646,112.0,1.155354,96.94000244140625,17.349999999906196,0.38230606776001497,0.5381547483646649,10.0,0.14259448737260563,2.0,-0.18125143832496582,0.05
NFLX,2026-03-11,1.769863,646,114.0,1.175985,96.94000244140625,17.159999998604775,0.39117217294317763,0.5381547483646649,10.0,0.14259448737260563,2.0,-0.18125143832496582,0.05
NFLX,2026-03-11,1.769863,646,115.0,1.186301,96.94000244140625,16.40999999546711,0.3826187966623819,0.5381547483646649,10.0,0.14259448737260563,2.0,-0.18125143832496582,0.05
NFLX,2026-03-11,1.769863,646,116.0,1.196616,96.94000244140625,15.939999990276618,0.3794435285974389,0.5381547483646649,10.0,0.14259448737260563,2.0,-0.18125143832496582,0.05
NFLX,2026-03-11,1.769863,646,118.0,1.217248,96.94000244140625,14.400000444239815,0.36112101674463953,0.5381547483646649,10.0,0.14259448737260563,2.0,-0.18125143832496582,0.05
NFLX,2026-03-11,1.769863,646,120.0,1.237879,96.94000244140625,13.979999942274574,0.36415334941852007,0.5381547483646649,10.0,0.14259448737260563,2.0,-0.18125143832496582,0.05
NFLX,2026-03-11,1.769863,646,122.0,1.25851,96.94000244140625,12.499996824379515,0.3461150378499935,0.5381547483646649,10.0,0.14259448737260563,2.0,-0.18125143832496582,0.05
NFLX,2026-03-11,1.769863,646,124.0,1.279142,96.94000244140625,13.449996869070162,0.37499448012552844,0.5381547483646649,10.0,0.14259448737260563,2.0,-0.18125143832496582,0.05
NFLX,2026-03-11,1.769863,646,125.0,1.289457,96.94000244140625,12.999992492956686,0.3712711732909786,0.5381547483646649,10.0,0.14259448737260563,2.0,-0.18125143832496582,0.05
NFLX,2026-03-11,1.769863,646,126.0,1.299773,96.94000244140625,12.949988619881438,0.375254898464635,0.5381547483646649,10.0,0.14259448737260563,2.0,-0.18125143832496582,0.05
NFLX,2026-03-11,1.769863,646,128.0,1.320404,96.94000244140625,12.640000000088762,0.378859385897445,0.5381547483646649,10.0,0.14259448737260563,2.0,-0.18125143832496582,0.05
NFLX,2026-03-11,1.769863,646,130.0,1.341036,96.94000244140625,10.999999724893812,0.3558842805969938,0.5381547483646649,10.0,0.14259448737260563,2.0,-0.18125143832496582,0.05
NFLX,2026-03-11,1.769863,646,132.0,1.361667,96.94000244140625,11.319999654099622,0.3712186221167528,0.5381547483646649,10.0,0.14259448737260563,2.0,-0.18125143832496582,0.05
NFLX,2026-03-11,1.769863,646,134.0,1.382298,96.94000244140625,11.049999388383181,0.37457531716771425,0.5381547483646649,10.0,0.14259448737260563,2.0,-0.18125143832496582,0.05
NFLX,2026-03-11,1.769863,646,135.0,1.392614,96.94000244140625,10.399999027031985,0.3658263284227628,0.5381547483646649,10.0,0.14259448737260563,2.0,-0.18125143832496582,0.05
NFLX,2026-03-11,1.769863,646,136.0,1.40293,96.94000244140625,9.999998764101296,0.3619420894426693,0.5381547483646649,10.0,0.14259448737260563,2.0,-0.18125143832496582,0.05
NFLX,2026-03-11,1.769863,646,138.0,1.423561,96.94000244140625,9.699998506730942,0.3640011821870362,0.5381547483646649,10.0,0.14259448737260563,2.0,-0.18125143832496582,0.05
NFLX,2026-03-11,1.769863,646,140.0,1.444192,96.94000244140625,9.499998415292822,0.3678175342535219,0.5381547483646649,10.0,0.14259448737260563,2.0,-0.18125143832496582,0.05
NFLX,2026-03-11,1.769863,646,142.0,1.464824,96.94000244140625,9.119998573475943,0.3676601137153623,0.5381547483646649,10.0,0.14259448737260563,2.0,-0.18125143832496582,0.05
NFLX,2026-03-11,1.769863,646,144.0,1.485455,96.94000244140625,7.999999535422155,0.35158685322173444,0.5381547483646649,10.0,0.14259448737260563,2.0,-0.18125143832496582,0.05
NFLX,2026-03-11,1.769863,646,145.0,1.495771,96.94000244140625,8.349999383027718,0.3626209340236319,0.5381547483646649,10.0,0.14259448737260563,2.0,-0.18125143832496582,0.05
NFLX,2026-03-11,1.769863,646,146.0,1.506086,96.94000244140625,7.949999728880194,0.35768646179550717,0.5381547483646649,10.0,0.14259448737260563,2.0,-0.18125143832496582,0.05
NFLX,2026-03-11,1.769863,646,148.0,1.526718,96.94000244140625,8.149999760490271,0.3689607097210457,0.5381547483646649,10.0,0.14259448737260563,2.0,-0.18125143832496582,0.05
NFLX,2026-03-11,1.769863,646,150.0,1.547349,96.94000244140625,7.300000002462667,0.35735116580985804,0.5381547483646649,10.0,0.14259448737260563,2.0,-0.18125143832496582,0.05
NFLX,2026-03-11,1.769863,646,152.0,1.56798,96.94000244140625,3.330000089770838,0.2680249531906519,0.5381547483646649,10.0,0.14259448737260563,2.0,-0.18125143832496582,0.05
NFLX,2026-03-11,1.769863,646,154.0,1.588611,96.94000244140625,3.900000000564436,0.2892572372464059,0.5381547483646649,10.0,0.14259448737260563,2.0,-0.18125143832496582,0.05
NFLX,2026-03-11,1.769863,646,155.0,1.598927,96.94000244140625,6.389999948408597,0.35303855135564766,0.5381547483646649,10.0,0.14259448737260563,2.0,-0.18125143832496582,0.05
NFLX,2026-03-11,1.769863,646,156.0,1.609243,96.94000244140625,6.424999910675503,0.3569312526630823,0.5381547483646649,10.0,0.14259448737260563,2.0,-0.18125143832496582,0.05
NFLX,2026-03-11,1.769863,646,158.0,1.629874,96.94000244140625,6.124997468037076,0.35604357113603313,0.5381547483646649,10.0,0.14259448737260563,2.0,-0.18125143832496582,0.05
NFLX,2026-03-11,1.769863,646,160.0,1.650505,96.94000244140625,6.489999156295134,0.37047364193105325,0.5381547483646649,10.0,0.14259448737260563,2.0,-0.18125143832496582,0.05
NFLX,2026-03-11,1.769863,646,162.0,1.671137,96.94000244140625,2.659997334746203,0.2759106436473903,0.5381547483646649,10.0,0.14259448737260563,2.0,-0.18125143832496582,0.05
NFLX,2026-03-11,1.769863,646,164.0,1.691768,96.94000244140625,2.650007057082675,0.280687751767416,0.5381547483646649,10.0,0.14259448737260563,2.0,-0.18125143832496582,0.05
NFLX,2026-03-11,1.769863,646,166.0,1.712399,96.94000244140625,1.9300019796980692,0.26129221790562773,0.5381547483646649,10.0,0.14259448737260563,2.0,-0.18125143832496582,0.05
NFLX,2026-03-11,1.769863,646,168.0,1.733031,96.94000244140625,1.8600000078001653,0.2634013315938982,0.5381547483646649,10.0,0.14259448737260563,2.0,-0.18125143832496582,0.05
NFLX,2026-03-11,1.769863,646,170.0,1.753662,96.94000244140625,4.750000002034756,0.3555199381409073,0.5381547483646649,10.0,0.14259448737260563,2.0,-0.18125143832496582,0.05
NFLX,2026-03-11,1.769863,646,172.0,1.774293,96.94000244140625,2.2649999264540153,0.2871857013076905,0.5381547483646649,10.0,0.14259448737260563,2.0,-0.18125143832496582,0.05
NFLX,2026-03-11,1.769863,646,174.0,1.794925,96.94000244140625,2.369999982404982,0.29537534231018536,0.5381547483646649,10.0,0.14259448737260563,2.0,-0.18125143832496582,0.05
NFLX,2026-03-11,1.865753,681,49.0,0.505467,96.94000244140625,55.50436317012229,0.5239481004726599,0.5381547483646649,10.0,0.14259448737260563,2.0,-0.18125143832496582,0.05
NFLX,2026-03-11,1.865753,681,50.0,0.515783,96.94000244140625,53.903434003572876,0.47488007448014846,0.5381547483646649,10.0,0.14259448737260563,2.0,-0.18125143832496582,0.05
NFLX,2026-03-11,1.865753,681,51.0,0.526099,96.94000244140625,55.12250145869072,0.5714334661312045,0.5381547483646649,10.0,0.14259448737260563,2.0,-0.18125143832496582,0.05
NFLX,2026-03-11,1.865753,681,52.0,0.536414,96.94000244140625,54.421567210860246,0.5688257496510998,0.5381547483646649,10.0,0.14259448737260563,2.0,-0.18125143832496582,0.05
NFLX,2026-03-11,1.865753,681,53.0,0.54673,96.94000244140625,53.17063750589752,0.5418049262209648,0.5381547483646649,10.0,0.14259448737260563,2.0,-0.18125143832496582,0.05
NFLX,2026-03-11,1.865753,681,54.0,0.557046,96.94000244140625,52.149706088655535,0.5254971221212374,0.5381547483646649,10.0,0.14259448737260563,2.0,-0.18125143832496582,0.05
NFLX,2026-03-11,1.865753,681,55.0,0.567361,96.94000244140625,50.038774682681456,0.4596512320872192,0.5381547483646649,10.0,0.14259448737260563,2.0,-0.18125143832496582,0.05
NFLX,2026-03-11,1.865753,681,56.0,0.577677,96.94000244140625,49.47784654561088,0.4659032943181817,0.5381547483646649,10.0,0.14259448737260563,2.0,-0.18125143832496582,0.05
NFLX,2026-03-11,1.865753,681,57.0,0.587993,96.94000244140625,48.516913800180454,0.45355971164591485,0.5381547483646649,10.0,0.14259448737260563,2.0,-0.18125143832496582,0.05
NFLX,2026-03-11,1.865753,681,58.0,0.598308,96.94000244140625,47.90597983855265,0.45680897281358585,0.5381547483646649,10.0,0.14259448737260563,2.0,-0.18125143832496582,0.05
NFLX,2026-03-11,1.865753,681,59.0,0.608624,96.94000244140625,47.17504894111538,0.45447692625432573,0.5381547483646649,10.0,0.14259448737260563,2.0,-0.18125143832496582,0.05
NFLX,2026-03-11,1.865753,681,60.0,0.61894,96.94000244140625,46.0841172908817,0.4371255006782739,0.5381547483646649,10.0,0.14259448737260563,2.0,-0.18125143832496582,0.05
NFLX,2026-03-11,1.865753,681,61.0,0.629255,96.94000244140625,45.62318619515494,0.4457117688651956,0.5381547483646649,10.0,0.14259448737260563,2.0,-0.18125143832496582,0.05
NFLX,2026-03-11,1.865753,681,62.0,0.639571,96.94000244140625,48.092253411645494,0.5583716581490413,0.5381547483646649,10.0,0.14259448737260563,2.0,-0.18125143832496582,0.05
NFLX,2026-03-11,1.865753,681,63.0,0.649887,96.94000244140625,47.88132127910996,0.5703159326153192,0.5381547483646649,10.0,0.14259448737260563,2.0,-0.18125143832496582,0.05
NFLX,2026-03-11,1.865753,681,64.0,0.660202,96.94000244140625,43.74039310134374,0.44834424154523816,0.5381547483646649,10.0,0.14259448737260563,2.0,-0.18125143832496582,0.05
NFLX,2026-03-11,1.865753,681,65.0,0.670518,96.94000244140625,42.559460534002305,0.4288860444991434,0.5381547483646649,10.0,0.14259448737260563,2.0,-0.18125143832496582,0.05
NFLX,2026-03-11,1.865753,681,66.0,0.680833,96.94000244140625,45.56852692159902,0.5491545866629022,0.5381547483646649,10.0,0.14259448737260563,2.0,-0.18125143832496582,0.05
NFLX,2026-03-11,1.865753,681,67.0,0.691149,96.94000244140625,45.80759639709727,0.5733417415682737,0.5381547483646649,10.0,0.14259448737260563,2.0,-0.18125143832496582,0.05
NFLX,2026-03-11,1.865753,681,68.0,0.701465,96.94000244140625,41.54666581957682,0.4577742591115145,0.5381547483646649,10.0,0.14259448737260563,2.0,-0.18125143832496582,0.05
NFLX,2026-03-11,1.865753,681,69.0,0.71178,96.94000244140625,44.37573400185754,0.5617703614861398,0.5381547483646649,10.0,0.14259448737260563,2.0,-0.18125143832496582,0.05
NFLX,2026-03-11,1.865753,681,70.0,0.722096,96.94000244140625,40.17480223023305,0.4519003909246044,0.5381547483646649,10.0,0.14259448737260563,2.0,-0.18125143832496582,0.05
NFLX,2026-03-11,1.865753,681,71.0,0.732412,96.94000244140625,40.26386984536723,0.47201125633144064,0.5381547483646649,10.0,0.14259448737260563,2.0,-0.18125143832496582,0.05
NFLX,2026-03-11,1.865753,681,72.0,0.742727,96.94000244140625,38.82293869329701,0.44617740492743313,0.5381547483646649,10.0,0.14259448737260563,2.0,-0.18125143832496582,0.05
NFLX,2026-03-11,1.865753,681,73.0,0.753043,96.94000244140625,43.31200923156082,0.5885473594035335,0.5381547483646649,10.0,0.14259448737260563,2.0,-0.18125143832496582,0.05
NFLX,2026-03-11,1.865753,681,74.0,0.763359,96.94000244140625,37.03107575706318,0.42741821414329034,0.5381547483646649,10.0,0.14259448737260563,2.0,-0.18125143832496582,0.05
NFLX,2026-03-11,1.865753,681,75.0,0.773674,96.94000244140625,36.18014430263318,0.4194697699528829,0.5381547483646649,10.0,0.14259448737260563,2.0,-0.18125143832496582,0.05
NFLX,2026-03-11,1.865753,681,76.0,0.78399,96.94000244140625,41.65921368666435,0.5821584513782703,0.5381547483646649,10.0,0.14259448737260563,2.0,-0.18125143832496582,0.05
NFLX,2026-03-11,1.865753,681,77.0,0.794306,96.94000244140625,35.59828206449475,0.43422325973952086,0.5381547483646649,10.0,0.14259448737260563,2.0,-0.18125143832496582,0.05
NFLX,2026-03-11,1.865753,681,78.0,0.804621,96.94000244140625,34.94735097080785,0.4313126230886639,0.5381547483646649,10.0,0.14259448737260563,2.0,-0.18125143832496582,0.05
NFLX,2026-03-11,1.865753,681,79.0,0.814937,96.94000244140625,34.67642010549161,0.4382011559878787,0.5381547483646649,10.0,0.14259448737260563,2.0,-0.18125143832496582,0.05
NFLX,2026-03-11,1.865753,681,80.0,0.825253,96.94000244140625,34.19548898556282,0.43928656143538664,0.5381547483646649,10.0,0.14259448737260563,2.0,-0.18125143832496582,0.05
NFLX,2026-03-11,1.865753,681,81.0,0.835568,96.94000244140625,33.304557923607966,0.4298170880707466,0.5381547483646649,10.0,0.14259448737260563,2.0,-0.18125143832496582,0.05
NFLX,2026-03-11,1.865753,681,82.0,0.845884,96.94000244140625,32.4436265088091,0.42117863602917954,0.5381547483646649,10.0,0.14259448737260563,2.0,-0.18125143832496582,0.05
NFLX,2026-03-11,1.865753,681,83.0,0.8562,96.94000244140625,32.532695093247256,0.435883919407966,0.5381547483646649,10.0,0.14259448737260563,2.0,-0.18125143832496582,0.05
NFLX,2026-03-11,1.865753,681,84.0,0.866515,96.94000244140625,31.851763679209547,0.43140677715252884,0.5381547483646649,10.0,0.14259448737260563,2.0,-0.18125143832496582,0.05
NFLX,2026-03-11,1.865753,681,85.0,0.876831,96.94000244140625,31.38083737348842,0.4318741310029624,0.5381547483646649,10.0,0.14259448737260563,2.0,-0.18125143832496582,0.05
NFLX,2026-03-11,1.865753,681,86.0,0.887147,96.94000244140625,31.04989504614568,0.43544520059975894,0.5381547483646649,10.0,0.14259448737260563,2.0,-0.18125143832496582,0.05
NFLX,2026-03-11,1.865753,681,87.0,0.897462,96.94000244140625,30.188965610654115,0.42647532016254325,0.5381547483646649,10.0,0.14259448737260563,2.0,-0.18125143832496582,0.05
NFLX,2026-03-11,1.865753,681,88.0,0.907778,96.94000244140625,29.698036830003048,0.4260354449630098,0.5381547483646649,10.0,0.14259448737260563,2.0,-0.18125143832496582,0.05
NFLX,2026-03-11,1.865753,681,89.0,0.918094,96.94000244140625,29.967106703342786,0.44264895188609144,0.5381547483646649,10.0,0.14259448737260563,2.0,-0.18125143832496582,0.05
NFLX,2026-03-11,1.865753,681,90.0,0.928409,96.94000244140625,29.036175253895692,0.43187467282662306,0.5381547483646649,10.0,0.14259448737260563,2.0,-0.18125143832496582,0.05
NFLX,2026-03-11,1.865753,681,91.0,0.938725,96.94000244140625,27.89524382611434,0.41653361984669995,0.5381547483646649,10.0,0.14259448737260563,2.0,-0.18125143832496582,0.05
NFLX,2026-03-11,1.865753,681,92.0,0.949041,96.94000244140625,28.064312293781683,0.43006759937628397,0.5381547483646649,10.0,0.14259448737260563,2.0,-0.18125143832496582,0.05
NFLX,2026-03-11,1.865753,681,93.0,0.959356,96.94000244140625,27.783380893738602,0.43342218136708716,0.5381547483646649,10.0,0.14259448737260563,2.0,-0.18125143832496582,0.05
NFLX,2026-03-11,1.865753,681,94.0,0.969672,96.94000244140625,26.81244949983425,0.421735851919626,0.5381547483646649,10.0,0.14259448737260563,2.0,-0.18125143832496582,0.05
NFLX,2026-03-11,1.865753,681,95.0,0.979988,96.94000244140625,26.501518105168827,0.42418134481034314,0.5381547483646649,10.0,0.14259448737260563,2.0,-0.18125143832496582,0.05
NFLX,2026-03-11,1.865753,681,96.0,0.990303,96.94000244140625,26.430586704903227,0.43151687520766085,0.5381547483646649,10.0,0.14259448737260563,2.0,-0.18125143832496582,0.05
NFLX,2026-03-11,1.865753,681,97.0,1.000619,96.94000244140625,23.49999999058057,0.3788240076642816,0.5381547483646649,10.0,0.14259448737260563,2.0,-0.18125143832496582,0.05
NFLX,2026-03-11,1.865753,681,98.0,1.010935,96.94000244140625,22.999999996095454,0.3772326638758069,0.5381547483646649,10.0,0.14259448737260563,2.0,-0.18125143832496582,0.05
NFLX,2026-03-11,1.865753,681,99.0,1.02125,96.94000244140625,22.34999999864288,0.37244874009920337,0.5381547483646649,10.0,0.14259448737260563,2.0,-0.18125143832496582,0.05
NFLX,2026-03-11,1.865753,681,100.0,1.031566,96.94000244140625,22.29999999979485,0.37979185436782315,0.5381547483646649,10.0,0.14259448737260563,2.0,-0.18125143832496582,0.05
NFLX,2026-03-11,1.865753,681,101.0,1.041882,96.94000244140625,21.009999999944107,0.36186877810344714,0.5381547483646649,10.0,0.14259448737260563,2.0,-0.18125143832496582,0.05
NFLX,2026-03-11,1.865753,681,102.0,1.052197,96.94000244140625,19.999988092341013,0.3496868842260975,0.5381547483646649,10.0,0.14259448737260563,2.0,-0.18125143832496582,0.05
NFLX,2026-03-11,1.865753,681,103.0,1.062513,96.94000244140625,21.500007712398777,0.38745418350200683,0.5381547483646649,10.0,0.14259448737260563,2.0,-0.18125143832496582,0.05
NFLX,2026-03-11,1.865753,681,104.0,1.072829,96.94000244140625,20.250011708918066,0.37018995540620964,0.5381547483646649,10.0,0.14259448737260563,2.0,-0.18125143832496582,0.05
NFLX,2026-03-11,1.865753,681,105.0,1.083144,96.94000244140625,20.750010325085285,0.38748395434311167,0.5381547483646649,10.0,0.14259448737260563,2.0,-0.18125143832496582,0.05
NFLX,2026-03-11,1.865753,681,106.0,1.09346,96.94000244140625,20.000003309453355,0.3799488347776561,0.5381547483646649,10.0,0.14259448737260563,2.0,-0.18125143832496582,0.05
NFLX,2026-03-11,1.865753,681,107.0,1.103776,96.94000244140625,19.480009353285986,0.37685872472735515,0.5381547483646649,10.0,0.14259448737260563,2.0,-0.18125143832496582,0.05
NFLX,2026-03-11,1.865753,681,108.0,1.114091,96.94000244140625,19.10998761407439,0.37658761805583424,0.5381547483646649,10.0,0.14259448737260563,2.0,-0.18125143832496582,0.05
NFLX,2026-03-11,1.865753,681,109.0,1.124407,96.94000244140625,17.800006483867882,0.35803310826004736,0.5381547483646649,10.0,0.14259448737260563,2.0,-0.18125143832496582,0.05
NFLX,2026-03-11,1.865753,681,110.0,1.134722,96.94000244140625,18.05000127066826,0.3695239606921502,0.5381547483646649,10.0,0.14259448737260563,2.0,-0.18125143832496582,0.05
NFLX,2026-03-11,1.865753,681,111.0,1.145038,96.94000244140625,18.45000035588935,0.38372518356768104,0.5381547483646649,10.0,0.14259448737260563,2.0,-0.18125143832496582,0.05
NFLX,2026-03-11,1.865753,681,112.0,1.155354,96.94000244140625,17.749995806110896,0.37663810292134486,0.5381547483646649,10.0,0.14259448737260563,2.0,-0.18125143832496582,0.05
NFLX,2026-03-11,1.865753,681,113.0,1.165669,96.94000244140625,16.99999999976356,0.3685293627051959,0.5381547483646649,10.0,0.14259448737260563,2.0,-0.18125143832496582,0.05
NFLX,2026-03-11,1.865753,681,114.0,1.175985,96.94000244140625,16.749999999020616,0.3698774498545444,0.5381547483646649,10.0,0.14259448737260563,2.0,-0.18125143832496582,0.05
NFLX,2026-03-11,1.865753,681,115.0,1.186301,96.94000244140625,17.599999998377427,0.39206338413442804,0.5381547483646649,10.0,0.14259448737260563,2.0,-0.18125143832496582,0.05
NFLX,2026-03-11,1.865753,681,116.0,1.196616,96.94000244140625,17.149999995212767,0.3893409505656856,0.5381547483646649,10.0,0.14259448737260563,2.0,-0.18125143832496582,0.05
NFLX,2026-03-11,1.865753,681,117.0,1.206932,96.94000244140625,16.18999998764054,0.37684177626888776,0.5381547483646649,10.0,0.14259448737260563,2.0,-0.18125143832496582,0.05
NFLX,2026-03-11,1.865753,681,118.0,1.217248,96.94000244140625,16.49999998073158,0.3883625748668027,0.5381547483646649,10.0,0.14259448737260563,2.0,-0.18125143832496582,0.05
NFLX,2026-03-11,1.865753,681,119.0,1.227563,96.94000244140625,15.499999976310015,0.3749343503795566,0.5381547483646649,10.0,0.14259448737260563,2.0,-0.18125143832496582,0.05
NFLX,2026-03-11,1.865753,681,120.0,1.237879,96.94000244140625,14.6500000134346,0.3642699187164003,0.5381547483646649,10.0,0.14259448737260563,2.0,-0.18125143832496582,0.05
NFLX,2026-03-11,1.865753,681,121.0,1.248195,96.94000244140625,15.599999986142386,0.3875847235344829,0.5381547483646649,10.0,0.14259448737260563,2.0,-0.18125143832496582,0.05
NFLX,2026-03-11,1.865753,681,122.0,1.25851,96.94000244140625,14.649999965336434,0.374830213766554,0.5381547483646649,10.0,0.14259448737260563,2.0,-0.18125143832496582,0.05
NFLX,2026-03-11,1.865753,681,123.0,1.268826,96.94000244140625,15.029999975340672,0.38716059105545786,0.5381547483646649,10.0,0.14259448737260563,2.0,-0.18125143832496582,0.05
NFLX,2026-03-11,1.865753,681,124.0,1.279142,96.94000244140625,14.149998967484741,0.3755404558611285,0.5381547483646649,10.0,0.14259448737260563,2.0,-0.18125143832496582,0.05
NFLX,2026-03-11,1.865753,681,125.0,1.289457,96.94000244140625,13.199994504057358,0.36247452623436954,0.5381547483646649,10.0,0.14259448737260563,2.0,-0.18125143832496582,0.05
NFLX,2026-03-11,1.865753,681,126.0,1.299773,96.94000244140625,13.899995898645741,0.38062428303170615,0.5381547483646649,10.0,0.14259448737260563,2.0,-0.18125143832496582,0.05
NFLX,2026-03-11,1.865753,681,127.0,1.310089,96.94000244140625,13.199987916939058,0.3721136187569288,0.5381547483646649,10.0,0.14259448737260563,2.0,-0.18125143832496582,0.05
NFLX,2026-03-11,1.865753,681,128.0,1.320404,96.94000244140625,13.20000928417117,0.3768136525022905,0.5381547483646649,10.0,0.14259448737260563,2.0,-0.18125143832496582,0.05
NFLX,2026-03-11,1.865753,681,129.0,1.33072,96.94000244140625,12.350000000210827,0.3652245920556907,0.5381547483646649,10.0,0.14259448737260563,2.0,-0.18125143832496582,0.05
NFLX,2026-03-11,1.865753,681,130.0,1.341036,96.94000244140625,12.15000000043199,0.3659324779034922,0.5381547483646649,10.0,0.14259448737260563,2.0,-0.18125143832496582,0.05
NFLX,2026-03-11,1.865753,681,131.0,1.351351,96.94000244140625,11.080000002046297,0.3498169308484493,0.5381547483646649,10.0,0.14259448737260563,2.0,-0.18125143832496582,0.05
NFLX,2026-03-11,1.865753,681,132.0,1.361667,96.94000244140625,12.30000000086039,0.37766047827470234,0.5381547483646649,10.0,0.14259448737260563,2.0,-0.18125143832496582,0.05
NFLX,2026-03-11,1.865753,681,133.0,1.371983,96.94000244140625,12.10000000155392,0.37814710299188903,0.5381547483646649,10.0,0.14259448737260563,2.0,-0.18125143832496582,0.05
NFLX,2026-03-11,1.865753,681,134.0,1.382298,96.94000244140625,11.800000002940802,0.37662864971196497,0.5381547483646649,10.0,0.14259448737260563,2.0,-0.18125143832496582,0.05
NFLX,2026-03-11,1.865753,681,135.0,1.392614,96.94000244140625,11.700000004408796,0.37888756514047206,0.5381547483646649,10.0,0.14259448737260563,2.0,-0.18125143832496582,0.05
NFLX,2026-03-11,1.865753,681,136.0,1.40293,96.94000244140625,10.999998976942269,0.3694372120324377,0.5381547483646649,10.0,0.14259448737260563,2.0,-0.18125143832496582,0.05
NFLX,2026-03-11,1.865753,681,137.0,1.413245,96.94000244140625,9.969998184372628,0.3533125268177103,0.5381547483646649,10.0,0.14259448737260563,2.0,-0.18125143832496582,0.05
NFLX,2026-03-11,1.865753,681,138.0,1.423561,96.94000244140625,10.649998418788972,0.3706385033822641,0.5381547483646649,10.0,0.14259448737260563,2.0,-0.18125143832496582,0.05
NFLX,2026-03-11,1.865753,681,139.0,1.433877,96.94000244140625,10.359998062777798,0.36886906730581337,0.5381547483646649,10.0,0.14259448737260563,2.0,-0.18125143832496582,0.05
NFLX,2026-03-11,1.865753,681,140.0,1.444192,96.94000244140625,9.999997720889517,0.36562277541555455,0.5381547483646649,10.0,0.14259448737260563,2.0,-0.18125143832496582,0.05
NFLX,2026-03-11,1.865753,681,141.0,1.454508,96.94000244140625,4.549999876293345,0.2546149905193409,0.5381547483646649,10.0,0.14259448737260563,2.0,-0.18125143832496582,0.05
NFLX,2026-03-11,1.865753,681,142.0,1.464824,96.94000244140625,9.339997478763038,0.3599996959099256,0.5381547483646649,10.0,0.14259448737260563,2.0,-0.18125143832496582,0.05
NFLX,2026-03-11,1.865753,681,143.0,1.475139,96.94000244140625,8.419998176008406,0.3450364448166663,0.5381547483646649,10.0,0.14259448737260563,2.0,-0.18125143832496582,0.05
NFLX,2026-03-11,1.865753,681,144.0,1.485455,96.94000244140625,9.599997383183283,0.37253393013755454,0.5381547483646649,10.0,0.14259448737260563,2.0,-0.18125143832496582,0.05
NFLX,2026-03-11,1.865753,681,145.0,1.495771,96.94000244140625,8.999997821878939,0.3640127668310444,0.5381547483646649,10.0,0.14259448737260563,2.0,-0.18125143832496582,0.05
NFLX,2026-03-11,1.865753,681,146.0,1.506086,96.94000244140625,9.249997690860791,0.3726129784392138,0.5381547483646649,10.0,0.14259448737260563,2.0,-0.18125143832496582,0.05
NFLX,2026-03-11,1.865753,681,147.0,1.516402,96.94000244140625,9.049998004371794,0.3720418265264268,0.5381547483646649,10.0,0.14259448737260563,2.0,-0.18125143832496582,0.05
NFLX,2026-03-11,1.865753,681,148.0,1.526718,96.94000244140625,8.439998896204774,0.36296602946978224,0.5381547483646649,10.0,0.14259448737260563,2.0,-0.18125143832496582,0.05
NFLX,2026-03-11,1.865753,681,149.0,1.537033,96.94000244140625,8.699998726745996,0.3717091829428707,0.5381547483646649,10.0,0.14259448737260563,2.0,-0.18125143832496582,0.05
NFLX,2026-03-11,1.865753,681,150.0,1.547349,96.94000244140625,8.379999253521927,0.3684350749688632,0.5381547483646649,10.0,0.14259448737260563,2.0,-0.18125143832496582,0.05
NFLX,2026-03-11,1.865753,681,151.0,1.557664,96.94000244140625,5.199997492278026,0.3022691372753706,0.5381547483646649,10.0,0.14259448737260563,2.0,-0.18125143832496582,0.05
NFLX,2026-03-11,1.865753,681,152.0,1.56798,96.94000244140625,7.450000025063886,0.3553673415055271,0.5381547483646649,10.0,0.14259448737260563,2.0,-0.18125143832496582,0.05
NFLX,2026-03-11,1.865753,681,153.0,1.578296,96.94000244140625,7.270000004506187,0.3546809654478188,0.5381547483646649,10.0,0.14259448737260563,2.0,-0.18125143832496582,0.05
NFLX,2026-03-11,1.865753,681,154.0,1.588611,96.94000244140625,7.899999917593593,0.37128440718918193,0.5381547483646649,10.0,0.14259448737260563,2.0,-0.18125143832496582,0.05
NFLX,2026-03-11,1.865753,681,155.0,1.598927,96.94000244140625,7.520000005511115,0.3663003031866101,0.5381547483646649,10.0,0.14259448737260563,2.0,-0.18125143832496582,0.05
NFLX,2026-03-11,1.865753,681,156.0,1.609243,96.94000244140625,7.500000002082583,0.36894711880210446,0.5381547483646649,10.0,0.14259448737260563,2.0,-0.18125143832496582,0.05
NFLX,2026-03-11,1.865753,681,157.0,1.619558,96.94000244140625,5.074999972953119,0.3172331726182579,0.5381547483646649,10.0,0.14259448737260563,2.0,-0.18125143832496582,0.05
NFLX,2026-03-11,1.865753,681,158.0,1.629874,96.94000244140625,4.349992745491548,0.30234756430184173,0.5381547483646649,10.0,0.14259448737260563,2.0,-0.18125143832496582,0.05
NFLX,2026-03-11,1.865753,681,159.0,1.64019,96.94000244140625,3.6900000325775437,0.28807395668006147,0.5381547483646649,10.0,0.14259448737260563,2.0,-0.18125143832496582,0.05
NFLX,2026-03-11,1.865753,681,160.0,1.650505,96.94000244140625,6.950002556018738,0.36887842040080004,0.5381547483646649,10.0,0.14259448737260563,2.0,-0.18125143832496582,0.05
NFLX,2026-03-11,1.865753,681,161.0,1.660821,96.94000244140625,4.400001945425263,0.3118698663979092,0.5381547483646649,10.0,0.14259448737260563,2.0,-0.18125143832496582,0.05
NFLX,2026-03-11,1.865753,681,162.0,1.671137,96.94000244140625,5.900009876994208,0.3508212076566508,0.5381547483646649,10.0,0.14259448737260563,2.0,-0.18125143832496582,0.05
NFLX,2026-03-11,1.865753,681,163.0,1.681452,96.94000244140625,3.450002216004485,0.29213296621974977,0.5381547483646649,10.0,0.14259448737260563,2.0,-0.18125143832496582,0.05
NFLX,2026-03-11,1.865753,681,164.0,1.691768,96.94000244140625,2.7599995975022065,0.27478889729293016,0.5381547483646649,10.0,0.14259448737260563,2.0,-0.18125143832496582,0.05
NFLX,2026-03-11,1.865753,681,165.0,1.702084,96.94000244140625,6.549998789868738,0.37403577650191167,0.5381547483646649,10.0,0.14259448737260563,2.0,-0.18125143832496582,0.05
NFLX,2026-03-11,1.865753,681,166.0,1.712399,96.94000244140625,2.490000000687509,0.271320430612552,0.5381547483646649,10.0,0.14259448737260563,2.0,-0.18125143832496582,0.05
NFLX,2026-03-11,1.865753,681,167.0,1.722715,96.94000244140625,5.139997675420258,0.3462306456944714,0.5381547483646649,10.0,0.14259448737260563,2.0,-0.18125143832496582,0.05
NFLX,2026-03-11,1.865753,681,168.0,1.733031,96.94000244140625,6.169999995986672,0.37339313829303494,0.5381547483646649,10.0,0.14259448737260563,2.0,-0.18125143832496582,0.05
NFLX,2026-03-11,1.865753,681,169.0,1.743346,96.94000244140625,2.9499996119066587,0.29263819565794746,0.5381547483646649,10.0,0.14259448737260563,2.0,-0.18125143832496582,0.05
NFLX,2026-03-11,1.865753,681,170.0,1.753662,96.94000244140625,5.749999805690546,0.36873380799871575,0.5381547483646649,10.0,0.14259448737260563,2.0,-0.18125143832496582,0.05
NFLX,2026-03-11,1.865753,681,172.0,1.774293,96.94000244140625,5.374996239472594,0.3647684440463851,0.5381547483646649,10.0,0.14259448737260563,2.0,-0.18125143832496582,0.05
NFLX,2026-03-11,1.865753,681,174.0,1.794925,96.94000244140625,4.650000007397086,0.3515255173320183,0.5381547483646649,10.0,0.14259448737260563,2.0,-0.18125143832496582,0.05
SPOT,2026-03-11,0.005479,2,300.0,0.56576,530.260009765625,231.73219028491803,4.092437312804587,0.6858306806256462,10.0,0.19816636006053978,2.0,-0.4803916419883498,0.05
SPOT,2026-03-11,0.005479,2,310.0,0.584619,530.260009765625,220.35492963398576,2.2279907183179266,0.6858306806256462,10.0,0.19816636006053978,2.0,-0.4803916419883498,0.05
SPOT,2026-03-11,0.005479,2,320.0,0.603478,530.260009765625,210.4176689871731,2.4902006865468205,0.6858306806256462,10.0,0.19816636006053978,2.0,-0.4803916419883498,0.05
SPOT,2026-03-11,0.005479,2,330.0,0.622336,530.260009765625,200.49040835115352,2.5285033685805893,0.6858306806256462,10.0,0.19816636006053978,2.0,-0.4803916419883498,0.05
SPOT,2026-03-11,0.005479,2,340.0,0.641195,530.260009765625,190.49314769147543,2.3826980487172746,0.6858306806256462,10.0,0.19816636006053978,2.0,-0.4803916419883498,0.05
SPOT,2026-03-11,0.005479,2,350.0,0.660054,530.260009765625,180.77588706566956,2.5732956156764812,0.6858306806256462,10.0,0.19816636006053978,2.0,-0.4803916419883498,0.05
SPOT,2026-03-11,0.005479,2,360.0,0.678912,530.260009765625,170.8586263927475,2.4789389901362906,0.6858306806256462,10.0,0.19816636006053978,2.0,-0.4803916419883498,0.05
SPOT,2026-03-11,0.005479,2,370.0,0.697771,530.260009765625,161.02136572555793,2.4240488691296047,0.6858306806256462,10.0,0.19816636006053978,2.0,-0.4803916419883498,0.05
SPOT,2026-03-11,0.005479,2,375.0,0.7072,530.260009765625,156.4527353392026,2.549671326755725,0.6858306806256462,10.0,0.19816636006053978,2.0,-0.4803916419883498,0.05
SPOT,2026-03-11,0.005479,2,380.0,0.71663,530.260009765625,152.36410509642758,2.769479236556437,0.6858306806256462,10.0,0.19816636006053978,2.0,-0.4803916419883498,0.05
SPOT,2026-03-11,0.005479,2,385.0,0.726059,530.260009765625,145.65547476939588,1.9404712116195357,0.6858306806256462,10.0,0.19816636006053978,2.0,-0.4803916419883498,0.05
SPOT,2026-03-11,0.005479,2,390.0,0.735488,530.260009765625,141.74684443248742,2.404765127715446,0.6858306806256462,10.0,0.19816636006053978,2.0,-0.4803916419883498,0.05
SPOT,2026-03-11,0.005479,2,392.5,0.740203,530.260009765625,137.868672624446,1.1111683116618811,0.6858306806256462,10.0,0.19816636006053978,2.0,-0.4803916419883498,0.05
SPOT,2026-03-11,0.005479,2,395.0,0.744918,530.260009765625,136.51821411949794,2.242652948683844,0.6858306806256462,10.0,0.19816636006053978,2.0,-0.4803916419883498,0.05
SPOT,2026-03-11,0.005479,2,397.5,0.749632,530.260009765625,132.91889893481795,1.4376997009692987,0.6858306806256462,10.0,0.19816636006053978,2.0,-0.4803916419883498,0.05
SPOT,2026-03-11,0.005479,2,400.0,0.754347,530.260009765625,130.41958379445424,1.4091296857230895,0.6858306806256462,10.0,0.19816636006053978,2.0,-0.4803916419883498,0.05
SPOT,2026-03-11,0.005479,2,402.5,0.759062,530.260009765625,128.0302686310397,1.5730792404932565,0.6858306806256462,10.0,0.19816636006053978,2.0,-0.4803916419883498,0.05
SPOT,2026-03-11,0.005479,2,405.0,0.763776,530.260009765625,129.7009548700221,2.7978812013187264,0.6858306806256462,10.0,0.19816636006053978,2.0,-0.4803916419883498,0.05
SPOT,2026-03-11,0.005479,2,407.5,0.768491,530.260009765625,123.14163839266593,1.6172091919654659,0.6858306806256462,10.0,0.19816636006053978,2.0,-0.4803916419883498,0.05
SPOT,2026-03-11,0.005479,2,410.0,0.773206,530.260009765625,121.37232259723265,1.9505189831246061,0.6858306806256462,10.0,0.19816636006053978,2.0,-0.4803916419883498,0.05
SPOT,2026-03-11,0.005479,2,412.5,0.77792,530.260009765625,118.43300798462684,1.7300142975171262,0.6858306806256462,10.0,0.19816636006053978,2.0,-0.4803916419883498,0.05
SPOT,2026-03-11,0.005479,2,415.0,0.782635,530.260009765625,116.12369282204133,1.7791737084877055,0.6858306806256462,10.0,0.19816636006053978,2.0,-0.4803916419883498,0.05
SPOT,2026-03-11,0.005479,2,417.5,0.78735,530.260009765625,113.36437765993799,1.623437490627132,0.6858306806256462,10.0,0.19816636006053978,2.0,-0.4803916419883498,0.05
SPOT,2026-03-11,0.005479,2,420.0,0.792064,530.260009765625,110.38506249740885,1.0214569299221454,0.6858306806256462,10.0,0.19816636006053978,2.0,-0.4803916419883498,0.05
SPOT,2026-03-11,0.005479,2,422.5,0.796779,530.260009765625,108.43574733510707,1.58774310362631,0.6858306806256462,10.0,0.19816636006053978,2.0,-0.4803916419883498,0.05
SPOT,2026-03-11,0.005479,2,425.0,0.801494,530.260009765625,106.14643152659198,1.6395696202458456,0.6858306806256462,10.0,0.19816636006053978,2.0,-0.4803916419883498,0.05
SPOT,2026-03-11,0.005479,2,427.5,0.806208,530.260009765625,103.78711696406253,1.6524769831332247,0.6858306806256462,10.0,0.19816636006053978,2.0,-0.4803916419883498,0.05
SPOT,2026-03-11,0.005479,2,430.0,0.810923,530.260009765625,100.57780173688963,1.2701430350194272,0.6858306806256462,10.0,0.19816636006053978,2.0,-0.4803916419883498,0.05
SPOT,2026-03-11,0.005479,2,432.5,0.815638,530.260009765625,102.67848552052527,2.332295050997176,0.6858306806256462,10.0,0.19816636006053978,2.0,-0.4803916419883498,0.05
SPOT,2026-03-11,0.005479,2,435.0,0.820352,530.260009765625,97.57917152360312,1.857264376623126,0.6858306806256462,10.0,0.19816636006053978,2.0,-0.4803916419883498,0.05
SPOT,2026-03-11,0.005479,2,437.5,0.825067,530.260009765625,93.10985636124667,1.2008774141554723,0.6858306806256462,10.0,0.19816636006053978,2.0,-0.4803916419883498,0.05
SPOT,2026-03-11,0.005479,2,440.0,0.829782,530.260009765625,92.6405412494986,1.7842383789713732,0.6858306806256462,10.0,0.19816636006053978,2.0,-0.4803916419883498,0.05
SPOT,2026-03-11,0.005479,2,442.5,0.834496,530.260009765625,88.2012260366331,1.1956099152015187,0.6858306806256462,10.0,0.19816636006053978,2.0,-0.4803916419883498,0.05
SPOT,2026-03-11,0.005479,2,445.0,0.839211,530.260009765625,85.83191074462559,1.2283343235073858,0.6858306806256462,10.0,0.19816636006053978,2.0,-0.4803916419883498,0.05
SPOT,2026-03-11,0.005479,2,447.5,0.843926,530.260009765625,83.52259570829091,1.2699488040323232,0.6858306806256462,10.0,0.19816636006053978,2.0,-0.4803916419883498,0.05
SPOT,2026-03-11,0.005479,2,450.0,0.84864,530.260009765625,80.43328054930095,0.8636137963940439,0.6858306806256462,10.0,0.19816636006053978,2.0,-0.4803916419883498,0.05
SPOT,2026-03-11,0.005479,2,452.5,0.853355,530.260009765625,78.40396538634093,1.1567396213298713,0.6858306806256462,10.0,0.19816636006053978,2.0,-0.4803916419883498,0.05
SPOT,2026-03-11,0.005479,2,455.0,0.85807,530.260009765625,75.65465054786722,1.009171632587501,0.6858306806256462,10.0,0.19816636006053978,2.0,-0.4803916419883498,0.05
SPOT,2026-03-11,0.005479,2,457.5,0.862784,530.260009765625,73.43533503712041,1.100170671888027,0.6858306806256462,10.0,0.19816636006053978,2.0,-0.4803916419883498,0.05
SPOT,2026-03-11,0.005479,2,460.0,0.867499,530.260009765625,72.2460196040779,1.3778279901571155,0.6858306806256462,10.0,0.19816636006053978,2.0,-0.4803916419883498,0.05
SPOT,2026-03-11,0.005479,2,462.5,0.872214,530.260009765625,68.07670474498894,0.8692254865329931,0.6858306806256462,10.0,0.19816636006053978,2.0,-0.4803916419883498,0.05
SPOT,2026-03-11,0.005479,2,465.0,0.876928,530.260009765625,65.56738958058469,0.8330208460705351,0.6858306806256462,10.0,0.19816636006053978,2.0,-0.4803916419883498,0.05
SPOT,2026-03-11,0.005479,2,467.5,0.881643,530.260009765625,63.18807441353351,0.86884974693949,0.6858306806256462,10.0,0.19816636006053978,2.0,-0.4803916419883498,0.05
SPOT,2026-03-11,0.005479,2,470.0,0.886358,530.260009765625,60.86875912436932,0.9079724511082461,0.6858306806256462,10.0,0.19816636006053978,2.0,-0.4803916419883498,0.05
SPOT,2026-03-11,0.005479,2,472.5,0.891072,530.260009765625,58.2794440321901,0.8430009030322813,0.6858306806256462,10.0,0.19816636006053978,2.0,-0.4803916419883498,0.05
SPOT,2026-03-11,0.005479,2,475.0,0.895787,530.260009765625,57.4501289240211,1.1654593124807187,0.6858306806256462,10.0,0.19816636006053978,2.0,-0.4803916419883498,0.05
SPOT,2026-03-11,0.005479,2,477.5,0.900502,530.260009765625,54.19081375757236,0.9986446977979165,0.6858306806256462,10.0,0.19816636006053978,2.0,-0.4803916419883498,0.05
SPOT,2026-03-11,0.005479,2,480.0,0.905216,530.260009765625,51.981498541828614,1.0099581918805272,0.6858306806256462,10.0,0.19816636006053978,2.0,-0.4803916419883498,0.05
SPOT,2026-03-11,0.005479,2,482.5,0.909931,530.260009765625,49.84218334641196,1.0250071724743377,0.6858306806256462,10.0,0.19816636006053978,2.0,-0.4803916419883498,0.05
SPOT,2026-03-11,0.005479,2,485.0,0.914646,530.260009765625,46.172868269516016,0.7833921818048828,0.6858306806256462,10.0,0.19816636006053978,2.0,-0.4803916419883498,0.05
SPOT,2026-03-11,0.005479,2,487.5,0.91936,530.260009765625,43.62355285558874,0.7368240431125685,0.6858306806256462,10.0,0.19816636006053978,2.0,-0.4803916419883498,0.05
SPOT,2026-03-11,0.005479,2,490.0,0.924075,530.260009765625,41.24423745566372,0.7259031138987911,0.6858306806256462,10.0,0.19816636006053978,2.0,-0.4803916419883498,0.05
SPOT,2026-03-11,0.005479,2,492.5,0.92879,530.260009765625,38.89492277271228,0.7168801601095384,0.6858306806256462,10.0,0.19816636006053978,2.0,-0.4803916419883498,0.05
SPOT,2026-03-11,0.005479,2,495.0,0.933504,530.260009765625,36.705607715628105,0.7286844583916855,0.6858306806256462,10.0,0.19816636006053978,2.0,-0.4803916419883498,0.05
SPOT,2026-03-11,0.005479,2,497.5,0.938219,530.260009765625,34.326292480236816,0.7062445265501173,0.6858306806256462,10.0,0.19816636006053978,2.0,-0.4803916419883498,0.05
SPOT,2026-03-11,0.005479,2,500.0,0.942934,530.260009765625,32.316976418085915,0.7279436544981627,0.6858306806256462,10.0,0.19816636006053978,2.0,-0.4803916419883498,0.05
SPOT,2026-03-11,0.005479,2,502.5,0.947648,530.260009765625,29.99766213460333,0.7055109945981928,0.6858306806256462,10.0,0.19816636006053978,2.0,-0.4803916419883498,0.05
SPOT,2026-03-11,0.005479,2,505.0,0.952363,530.260009765625,26.948346979100904,0.5987067115008329,0.6858306806256462,10.0,0.19816636006053978,2.0,-0.4803916419883498,0.05
SPOT,2026-03-11,0.005479,2,507.5,0.957078,530.260009765625,24.6990317966858,0.5846842288496661,0.6858306806256462,10.0,0.19816636006053978,2.0,-0.4803916419883498,0.05
SPOT,2026-03-11,0.005479,2,510.0,0.961792,530.260009765625,23.809716063795065,0.6930330920064104,0.6858306806256462,10.0,0.19816636006053978,2.0,-0.4803916419883498,0.05
SPOT,2026-03-11,0.005479,2,512.5,0.966507,530.260009765625,21.010399270641642,0.61683715636509,0.6858306806256462,10.0,0.19816636006053978,2.0,-0.4803916419883498,0.05
SPOT,2026-03-11,0.005479,2,515.0,0.971222,530.260009765625,19.801086329631175,0.6691565897045344,0.6858306806256462,10.0,0.19816636006053978,2.0,-0.4803916419883498,0.05
SPOT,2026-03-11,0.005479,2,517.5,0.975936,530.260009765625,16.05177117243801,0.5172301874505028,0.6858306806256462,10.0,0.19816636006053978,2.0,-0.4803916419883498,0.05
SPOT,2026-03-11,0.005479,2,520.0,0.980651,530.260009765625,16.502453921247195,0.676686764090042,0.6858306806256462,10.0,0.19816636006053978,2.0,-0.4803916419883498,0.05
SPOT,2026-03-11,0.005479,2,522.5,0.985366,530.260009765625,14.8031408476445,0.6676855055597395,0.6858306806256462,10.0,0.19816636006053978,2.0,-0.4803916419883498,0.05
SPOT,2026-03-11,0.005479,2,525.0,0.99008,530.260009765625,13.253827953443988,0.6629841525552952,0.6858306806256462,10.0,0.19816636006053978,2.0,-0.4803916419883498,0.05
SPOT,2026-03-11,0.005479,2,527.5,0.994795,530.260009765625,10.354510460907534,0.5652430237213357,0.6858306806256462,10.0,0.19816636006053978,2.0,-0.4803916419883498,0.05
SPOT,2026-03-11,0.005479,2,530.0,0.99951,530.260009765625,10.185195359563807,0.6377132181262232,0.6858306806256462,10.0,0.19816636006053978,2.0,-0.4803916419883498,0.05
SPOT,2026-03-11,0.005479,2,532.5,1.004224,530.260009765625,9.559999999583766,0.6740059558222629,0.6858306806256462,10.0,0.19816636006053978,2.0,-0.4803916419883498,0.05
SPOT,2026-03-11,0.005479,2,535.0,1.008939,530.260009765625,8.54999920614847,0.6798029437683469,0.6858306806256462,10.0,0.19816636006053978,2.0,-0.4803916419883498,0.05
SPOT,2026-03-11,0.005479,2,537.5,1.013654,530.260009765625,8.800000000029485,0.7622803798427179,0.6858306806256462,10.0,0.19816636006053978,2.0,-0.4803916419883498,0.05
SPOT,2026-03-11,0.005479,2,540.0,1.018368,530.260009765625,7.920000010131247,0.7669689773637991,0.6858306806256462,10.0,0.19816636006053978,2.0,-0.4803916419883498,0.05
SPOT,2026-03-11,0.005479,2,542.5,1.023083,530.260009765625,6.099999999327025,0.701923101433821,0.6858306806256462,10.0,0.19816636006053978,2.0,-0.4803916419883498,0.05
SPOT,2026-03-11,0.005479,2,545.0,1.027798,530.260009765625,5.209999586614941,0.6930655611098141,0.6858306806256462,10.0,0.19816636006053978,2.0,-0.4803916419883498,0.05
SPOT,2026-03-11,0.005479,2,547.5,1.032512,530.260009765625,6.599999918352353,0.8457287218815444,0.6858306806256462,10.0,0.19816636006053978,2.0,-0.4803916419883498,0.05
SPOT,2026-03-11,0.005479,2,550.0,1.037227,530.260009765625,3.900000168097165,0.6922708278955392,0.6858306806256462,10.0,0.19816636006053978,2.0,-0.4803916419883498,0.05
SPOT,2026-03-11,0.005479,2,552.5,1.041942,530.260009765625,5.000000005145893,0.8265880875402731,0.6858306806256462,10.0,0.19816636006053978,2.0,-0.4803916419883498,0.05
SPOT,2026-03-11,0.005479,2,555.0,1.046656,530.260009765625,3.499999913744375,0.748661249772935,0.6858306806256462,10.0,0.19816636006053978,2.0,-0.4803916419883498,0.05
SPOT,2026-03-11,0.005479,2,557.5,1.051371,530.260009765625,2.1499999967163035,0.6620540261393421,0.6858306806256462,10.0,0.19816636006053978,2.0,-0.4803916419883498,0.05
SPOT,2026-03-11,0.005479,2,560.0,1.056086,530.260009765625,2.3199996828619334,0.7185603684753157,0.6858306806256462,10.0,0.19816636006053978,2.0,-0.4803916419883498,0.05
SPOT,2026-03-11,0.005479,2,562.5,1.0608,530.260009765625,1.9799978658139423,0.7191446050382445,0.6858306806256462,10.0,0.19816636006053978,2.0,-0.4803916419883498,0.05
SPOT,2026-03-11,0.005479,2,565.0,1.065515,530.260009765625,1.3000008156395495,0.6692459299881931,0.6858306806256462,10.0,0.19816636006053978,2.0,-0.4803916419883498,0.05
SPOT,2026-03-11,0.005479,2,567.5,1.07023,530.260009765625,0.9500012936062774,0.6488380247242915,0.6858306806256462,10.0,0.19816636006053978,2.0,-0.4803916419883498,0.05
SPOT,2026-03-11,0.005479,2,570.0,1.074944,530.260009765625,1.0000003197199803,0.6887022880594834,0.6858306806256462,10.0,0.19816636006053978,2.0,-0.4803916419883498,0.05
SPOT,2026-03-11,0.005479,2,572.5,1.079659,530.260009765625,0.9899993943894856,0.7181749159724616,0.6858306806256462,10.0,0.19816636006053978,2.0,-0.4803916419883498,0.05
SPOT,2026-03-11,0.005479,2,575.0,1.084374,530.260009765625,0.8299990962639896,0.7192922815792235,0.6858306806256462,10.0,0.19816636006053978,2.0,-0.4803916419883498,0.05
SPOT,2026-03-11,0.005479,2,577.5,1.089088,530.260009765625,4.3500000000486665,1.191926002032325,0.6858306806256462,10.0,0.19816636006053978,2.0,-0.4803916419883498,0.05
SPOT,2026-03-11,0.005479,2,580.0,1.093803,530.260009765625,0.5399997690116187,0.7121152700625769,0.6858306806256462,10.0,0.19816636006053978,2.0,-0.4803916419883498,0.05
SPOT,2026-03-11,0.005479,2,582.5,1.098518,530.260009765625,0.6799999978260409,0.7738875325596194,0.6858306806256462,10.0,0.19816636006053978,2.0,-0.4803916419883498,0.05
SPOT,2026-03-11,0.005479,2,585.0,1.103232,530.260009765625,0.5500001540912827,0.7688841708714339,0.6858306806256462,10.0,0.19816636006053978,2.0,-0.4803916419883498,0.05
SPOT,2026-03-11,0.005479,2,590.0,1.112662,530.260009765625,0.39999997050539093,0.7759934210053993,0.6858306806256462,10.0,0.19816636006053978,2.0,-0.4803916419883498,0.05
SPOT,2026-03-11,0.005479,2,595.0,1.122091,530.260009765625,0.7000009418050794,0.9147551533058834,0.6858306806256462,10.0,0.19816636006053978,2.0,-0.4803916419883498,0.05
SPOT,2026-03-11,0.005479,2,600.0,1.13152,530.260009765625,0.1300000004798525,0.7396150396424497,0.6858306806256462,10.0,0.19816636006053978,2.0,-0.4803916419883498,0.05
SPOT,2026-03-11,0.005479,2,605.0,1.14095,530.260009765625,0.11000004698907428,0.7654585064190311,0.6858306806256462,10.0,0.19816636006053978,2.0,-0.4803916419883498,0.05
SPOT,2026-03-11,0.005479,2,610.0,1.150379,530.260009765625,0.2900000005267156,0.922552172817504,0.6858306806256462,10.0,0.19816636006053978,2.0,-0.4803916419883498,0.05
SPOT,2026-03-11,0.005479,2,615.0,1.159808,530.260009765625,0.16000012073338965,0.8892736465918168,0.6858306806256462,10.0,0.19816636006053978,2.0,-0.4803916419883498,0.05
SPOT,2026-03-11,0.005479,2,620.0,1.169238,530.260009765625,0.04000000051162411,0.7914388672708168,0.6858306806256462,10.0,0.19816636006053978,2.0,-0.4803916419883498,0.05
SPOT,2026-03-11,0.005479,2,625.0,1.178667,530.260009765625,2.0599999979603822,1.5161757549224473,0.6858306806256462,10.0,0.19816636006053978,2.0,-0.4803916419883498,0.05
SPOT,2026-03-11,0.005479,2,630.0,1.188096,530.260009765625,0.19999999486288367,1.0425098277545148,0.6858306806256462,10.0,0.19816636006053978,2.0,-0.4803916419883498,0.05
SPOT,2026-03-11,0.005479,2,635.0,1.197526,530.260009765625,0.49999995444282774,1.2394136731158525,0.6858306806256462,10.0,0.19816636006053978,2.0,-0.4803916419883498,0.05
SPOT,2026-03-11,0.005479,2,640.0,1.206955,530.260009765625,0.1100002008439338,1.0422005296929449,0.6858306806256462,10.0,0.19816636006053978,2.0,-0.4803916419883498,0.05
SPOT,2026-03-11,0.005479,2,650.0,1.225814,530.260009765625,0.049999973550626464,1.0241778973418898,0.6858306806256462,10.0,0.19816636006053978,2.0,-0.4803916419883498,0.05
SPOT,2026-03-11,0.005479,2,655.0,1.235243,530.260009765625,0.34000000047580237,1.3342444217460445,0.6858306806256462,10.0,0.19816636006053978,2.0,-0.4803916419883498,0.05
SPOT,2026-03-11,0.005479,2,660.0,1.244672,530.260009765625,0.05999999286137925,1.112824889308215,0.6858306806256462,10.0,0.19816636006053978,2.0,-0.4803916419883498,0.05
SPOT,2026-03-11,0.005479,2,670.0,1.263531,530.260009765625,0.089999998431602,1.2324654308204195,0.6858306806256462,10.0,0.19816636006053978,2.0,-0.4803916419883498,0.05
SPOT,2026-03-11,0.005479,2,755.0,1.42383,530.260009765625,0.09000000742651926,1.7715837795042726,0.6858306806256462,10.0,0.19816636006053978,2.0,-0.4803916419883498,0.05
SPOT,2026-03-11,0.024658,9,270.0,0.509184,530.260009765625,260.6026813701644,1.3066839527563223,0.6858306806256462,10.0,0.19816636006053978,2.0,-0.4803916419883498,0.05
SPOT,2026-03-11,0.024658,9,280.0,0.528043,530.260009765625,250.61500253113485,1.2397713821060383,0.6858306806256462,10.0,0.19816636006053978,2.0,-0.4803916419883498,0.05
SPOT,2026-03-11,0.024658,9,290.0,0.546902,530.260009765625,240.7173236868917,1.4376615771920747,0.6858306806256462,10.0,0.19816636006053978,2.0,-0.4803916419883498,0.05
SPOT,2026-03-11,0.024658,9,300.0,0.56576,530.260009765625,230.65964492499268,1.2157483669924531,0.6858306806256462,10.0,0.19816636006053978,2.0,-0.4803916419883498,0.05
SPOT,2026-03-11,0.024658,9,310.0,0.584619,530.260009765625,220.7919660456322,1.3478043757285088,0.6858306806256462,10.0,0.19816636006053978,2.0,-0.4803916419883498,0.05
SPOT,2026-03-11,0.024658,9,320.0,0.603478,530.260009765625,211.20428721682498,1.5025167627187375,0.6858306806256462,10.0,0.19816636006053978,2.0,-0.4803916419883498,0.05
SPOT,2026-03-11,0.024658,9,330.0,0.622336,530.260009765625,200.67660838518754,0.9362977445498939,0.6858306806256462,10.0,0.19816636006053978,2.0,-0.4803916419883498,0.05
SPOT,2026-03-11,0.024658,9,340.0,0.641195,530.260009765625,190.7189295553319,0.990122214116308,0.6858306806256462,10.0,0.19816636006053978,2.0,-0.4803916419883498,0.05
SPOT,2026-03-11,0.024658,9,350.0,0.660054,530.260009765625,180.73125066283006,0.9302489426883197,0.6858306806256462,10.0,0.19816636006053978,2.0,-0.4803916419883498,0.05
SPOT,2026-03-11,0.024658,9,360.0,0.678912,530.260009765625,170.74357186424407,0.8718925144329958,0.6858306806256462,10.0,0.19816636006053978,2.0,-0.4803916419883498,0.05
SPOT,2026-03-11,0.024658,9,370.0,0.697771,530.260009765625,160.83589316293785,0.9132156750299135,0.6858306806256462,10.0,0.19816636006053978,2.0,-0.4803916419883498,0.05
SPOT,2026-03-11,0.024658,9,380.0,0.71663,530.260009765625,151.0282142304236,0.9545791757318046,0.6858306806256462,10.0,0.19816636006053978,2.0,-0.4803916419883498,0.05
SPOT,2026-03-11,0.024658,9,390.0,0.735488,530.260009765625,140.96053532322327,0.8526816916233717,0.6858306806256462,10.0,0.19816636006053978,2.0,-0.4803916419883498,0.05
SPOT,2026-03-11,0.024658,9,400.0,0.754347,530.260009765625,130.9028567611403,0.7528270272710473,0.6858306806256462,10.0,0.19816636006053978,2.0,-0.4803916419883498,0.05
SPOT,2026-03-11,0.024658,9,410.0,0.773206,530.260009765625,121.01517774907308,0.7413494034058326,0.6858306806256462,10.0,0.19816636006053978,2.0,-0.4803916419883498,0.05
SPOT,2026-03-11,0.024658,9,420.0,0.792064,530.260009765625,111.07749887330698,0.6978553627760634,0.6858306806256462,10.0,0.19816636006053978,2.0,-0.4803916419883498,0.05
SPOT,2026-03-11,0.024658,9,425.0,0.801494,530.260009765625,106.15365954057125,0.688010940160012,0.6858306806256462,10.0,0.19816636006053978,2.0,-0.4803916419883498,0.05
SPOT,2026-03-11,0.024658,9,430.0,0.810923,530.260009765625,101.19981994229988,0.667101639202463,0.6858306806256462,10.0,0.19816636006053978,2.0,-0.4803916419883498,0.05
SPOT,2026-03-11,0.024658,9,435.0,0.820352,530.260009765625,96.3959798592764,0.6765865372799263,0.6858306806256462,10.0,0.19816636006053978,2.0,-0.4803916419883498,0.05
SPOT,2026-03-11,0.024658,9,440.0,0.829782,530.260009765625,91.47214125160934,0.6562654864220828,0.6858306806256462,10.0,0.19816636006053978,2.0,-0.4803916419883498,0.05
SPOT,2026-03-11,0.024658,9,445.0,0.839211,530.260009765625,87.16830403081019,0.7160841785250306,0.6858306806256462,10.0,0.19816636006053978,2.0,-0.4803916419883498,0.05
SPOT,2026-03-11,0.024658,9,450.0,0.84864,530.260009765625,81.92446243029718,0.6507974103373626,0.6858306806256462,10.0,0.19816636006053978,2.0,-0.4803916419883498,0.05
SPOT,2026-03-11,0.024658,9,455.0,0.85807,530.260009765625,77.10062213600366,0.6344560566137958,0.6858306806256462,10.0,0.19816636006053978,2.0,-0.4803916419883498,0.05
SPOT,2026-03-11,0.024658,9,460.0,0.867499,530.260009765625,72.23678370255334,0.6115306216054842,0.6858306806256462,10.0,0.19816636006053978,2.0,-0.4803916419883498,0.05
SPOT,2026-03-11,0.024658,9,465.0,0.876928,530.260009765625,67.60294417206808,0.6071248934956539,0.6858306806256462,10.0,0.19816636006053978,2.0,-0.4803916419883498,0.05
SPOT,2026-03-11,0.024658,9,470.0,0.886358,530.260009765625,63.04910473955516,0.6030760170141871,0.6858306806256462,10.0,0.19816636006053978,2.0,-0.4803916419883498,0.05
SPOT,2026-03-11,0.024658,9,472.5,0.891072,530.260009765625,60.682185035467626,0.5925892632225785,0.6858306806256462,10.0,0.19816636006053978,2.0,-0.4803916419883498,0.05
SPOT,2026-03-11,0.024658,9,475.0,0.895787,530.260009765625,58.07526533886835,0.5650547280120045,0.6858306806256462,10.0,0.19816636006053978,2.0,-0.4803916419883498,0.05
SPOT,2026-03-11,0.024658,9,477.5,0.900502,530.260009765625,56.138345697318925,0.5817683868219866,0.6858306806256462,10.0,0.19816636006053978,2.0,-0.4803916419883498,0.05
SPOT,2026-03-11,0.024658,9,480.0,0.905216,530.260009765625,54.06142594109036,0.5860460255312971,0.6858306806256462,10.0,0.19816636006053978,2.0,-0.4803916419883498,0.05
SPOT,2026-03-11,0.024658,9,482.5,0.909931,530.260009765625,51.654502965635345,0.5698813322862895,0.6858306806256462,10.0,0.19816636006053978,2.0,-0.4803916419883498,0.05
SPOT,2026-03-11,0.024658,9,485.0,0.914646,530.260009765625,49.327586330482745,0.557695882292759,0.6858306806256462,10.0,0.19816636006053978,2.0,-0.4803916419883498,0.05
SPOT,2026-03-11,0.024658,9,487.5,0.91936,530.260009765625,49.84066677357686,0.67789329085245,0.6858306806256462,10.0,0.19816636006053978,2.0,-0.4803916419883498,0.05
SPOT,2026-03-11,0.024658,9,490.0,0.924075,530.260009765625,44.923747438327496,0.5437129348785593,0.6858306806256462,10.0,0.19816636006053978,2.0,-0.4803916419883498,0.05
SPOT,2026-03-11,0.024658,9,492.5,0.92879,530.260009765625,45.5368283464893,0.6569143365988329,0.6858306806256462,10.0,0.19816636006053978,2.0,-0.4803916419883498,0.05
SPOT,2026-03-11,0.024658,9,495.0,0.933504,530.260009765625,40.96990718951491,0.5452030324954381,0.6858306806256462,10.0,0.19816636006053978,2.0,-0.4803916419883498,0.05
SPOT,2026-03-11,0.024658,9,497.5,0.938219,530.260009765625,39.172982662964046,0.55062557928799,0.6858306806256462,10.0,0.19816636006053978,2.0,-0.4803916419883498,0.05
SPOT,2026-03-11,0.024658,9,500.0,0.942934,530.260009765625,37.37606841853568,0.5537706735105502,0.6858306806256462,10.0,0.19816636006053978,2.0,-0.4803916419883498,0.05
SPOT,2026-03-11,0.024658,9,502.5,0.947648,530.260009765625,35.48914857676925,0.551491733934054,0.6858306806256462,10.0,0.19816636006053978,2.0,-0.4803916419883498,0.05
SPOT,2026-03-11,0.024658,9,505.0,0.952363,530.260009765625,33.23222886688404,0.5340252416447732,0.6858306806256462,10.0,0.19816636006053978,2.0,-0.4803916419883498,0.05
SPOT,2026-03-11,0.024658,9,507.5,0.957078,530.260009765625,31.41530785098513,0.5315908060270723,0.6858306806256462,10.0,0.19816636006053978,2.0,-0.4803916419883498,0.05
SPOT,2026-03-11,0.024658,9,510.0,0.961792,530.260009765625,29.438389393143893,0.5219811825131004,0.6858306806256462,10.0,0.19816636006053978,2.0,-0.4803916419883498,0.05
SPOT,2026-03-11,0.024658,9,512.5,0.966507,530.260009765625,28.211474727492885,0.5363265683832541,0.6858306806256462,10.0,0.19816636006053978,2.0,-0.4803916419883498,0.05
SPOT,2026-03-11,0.024658,9,515.0,0.971222,530.260009765625,25.54454792390203,0.500941563187852,0.6858306806256462,10.0,0.19816636006053978,2.0,-0.4803916419883498,0.05
SPOT,2026-03-11,0.024658,9,517.5,0.975936,530.260009765625,20.397632952465585,0.383639566017229,0.6858306806256462,10.0,0.19816636006053978,2.0,-0.4803916419883498,0.05
SPOT,2026-03-11,0.024658,9,520.0,0.980651,530.260009765625,22.25071062287344,0.4935282184824217,0.6858306806256462,10.0,0.19816636006053978,2.0,-0.4803916419883498,0.05
SPOT,2026-03-11,0.024658,9,525.0,0.99008,530.260009765625,19.706871061953905,0.5022488601186874,0.6858306806256462,10.0,0.19816636006053978,2.0,-0.4803916419883498,0.05
SPOT,2026-03-11,0.024658,9,530.0,0.99951,530.260009765625,17.91303179359113,0.5260013224930936,0.6858306806256462,10.0,0.19816636006053978,2.0,-0.4803916419883498,0.05
SPOT,2026-03-11,0.024658,9,535.0,1.008939,530.260009765625,17.30999999952121,0.5784361015901894,0.6858306806256462,10.0,0.19816636006053978,2.0,-0.4803916419883498,0.05
SPOT,2026-03-11,0.024658,9,537.5,1.013654,530.260009765625,16.949999939035962,0.6006221928592106,0.6858306806256462,10.0,0.19816636006053978,2.0,-0.4803916419883498,0.05
SPOT,2026-03-11,0.024658,9,540.0,1.018368,530.260009765625,12.950007736609848,0.5107312485611692,0.6858306806256462,10.0,0.19816636006053978,2.0,-0.4803916419883498,0.05
SPOT,2026-03-11,0.024658,9,542.5,1.023083,530.260009765625,19.53443916109117,0.7417537110344505,0.6858306806256462,10.0,0.19816636006053978,2.0,-0.4803916419883498,0.05
SPOT,2026-03-11,0.024658,9,545.0,1.027798,530.260009765625,12.300000007163788,0.549505936878087,0.6858306806256462,10.0,0.19816636006053978,2.0,-0.4803916419883498,0.05
SPOT,2026-03-11,0.024658,9,547.5,1.032512,530.260009765625,11.550000162231356,0.5537801372656191,0.6858306806256462,10.0,0.19816636006053978,2.0,-0.4803916419883498,0.05
SPOT,2026-03-11,0.024658,9,550.0,1.037227,530.260009765625,9.679999999027899,0.5204584778936656,0.6858306806256462,10.0,0.19816636006053978,2.0,-0.4803916419883498,0.05
SPOT,2026-03-11,0.024658,9,552.5,1.041942,530.260009765625,10.749999998714515,0.5809081822448999,0.6858306806256462,10.0,0.19816636006053978,2.0,-0.4803916419883498,0.05
SPOT,2026-03-11,0.024658,9,555.0,1.046656,530.260009765625,7.999997616214273,0.514012337245925,0.6858306806256462,10.0,0.19816636006053978,2.0,-0.4803916419883498,0.05
SPOT,2026-03-11,0.024658,9,557.5,1.051371,530.260009765625,8.574996264115214,0.5573591864938782,0.6858306806256462,10.0,0.19816636006053978,2.0,-0.4803916419883498,0.05
SPOT,2026-03-11,0.024658,9,560.0,1.056086,530.260009765625,6.80000001761087,0.5174793929673892,0.6858306806256462,10.0,0.19816636006053978,2.0,-0.4803916419883498,0.05
SPOT,2026-03-11,0.024658,9,562.5,1.0608,530.260009765625,6.700000131715427,0.5356180838664719,0.6858306806256462,10.0,0.19816636006053978,2.0,-0.4803916419883498,0.05
SPOT,2026-03-11,0.024658,9,565.0,1.065515,530.260009765625,6.800000422568559,0.5607225757080011,0.6858306806256462,10.0,0.19816636006053978,2.0,-0.4803916419883498,0.05
SPOT,2026-03-11,0.024658,9,570.0,1.074944,530.260009765625,4.300000011215474,0.5003201455125568,0.6858306806256462,10.0,0.19816636006053978,2.0,-0.4803916419883498,0.05
SPOT,2026-03-11,0.024658,9,575.0,1.084374,530.260009765625,11.50000000029732,0.816613232980797,0.6858306806256462,10.0,0.19816636006053978,2.0,-0.4803916419883498,0.05
SPOT,2026-03-11,0.024658,9,580.0,1.093803,530.260009765625,2.7700001309846556,0.496580003263302,0.6858306806256462,10.0,0.19816636006053978,2.0,-0.4803916419883498,0.05
SPOT,2026-03-11,0.024658,9,585.0,1.103232,530.260009765625,6.500000431861224,0.7068622928502432,0.6858306806256462,10.0,0.19816636006053978,2.0,-0.4803916419883498,0.05
SPOT,2026-03-11,0.024658,9,590.0,1.112662,530.260009765625,1.9299987049531069,0.5078316105200994,0.6858306806256462,10.0,0.19816636006053978,2.0,-0.4803916419883498,0.05
SPOT,2026-03-11,0.024658,9,600.0,1.13152,530.260009765625,1.2399999731918143,0.5098640607642673,0.6858306806256462,10.0,0.19816636006053978,2.0,-0.4803916419883498,0.05
SPOT,2026-03-11,0.024658,9,610.0,1.150379,530.260009765625,1.0600000014797466,0.5438404806223971,0.6858306806256462,10.0,0.19816636006053978,2.0,-0.4803916419883498,0.05
SPOT,2026-03-11,0.024658,9,620.0,1.169238,530.260009765625,1.2300000011319696,0.6113022430143857,0.6858306806256462,10.0,0.19816636006053978,2.0,-0.4803916419883498,0.05
SPOT,2026-03-11,0.024658,9,630.0,1.188096,530.260009765625,0.4999999730220175,0.5604620395366708,0.6858306806256462,10.0,0.19816636006053978,2.0,-0.4803916419883498,0.05
SPOT,2026-03-11,0.024658,9,640.0,1.206955,530.260009765625,1.909999950099909,0.7748800329778919,0.6858306806256462,10.0,0.19816636006053978,2.0,-0.4803916419883498,0.05
SPOT,2026-03-11,0.024658,9,650.0,1.225814,530.260009765625,0.17000000006503146,0.5528314824783451,0.6858306806256462,10.0,0.19816636006053978,2.0,-0.4803916419883498,0.05
SPOT,2026-03-11,0.024658,9,660.0,1.244672,530.260009765625,0.9300000000536635,0.75749763798768,0.6858306806256462,10.0,0.19816636006053978,2.0,-0.4803916419883498,0.05
SPOT,2026-03-11,0.024658,9,670.0,1.263531,530.260009765625,0.39999998523820324,0.699043812761498,0.6858306806256462,10.0,0.19816636006053978,2.0,-0.4803916419883498,0.05
SPOT,2026-03-11,0.024658,9,680.0,1.28239,530.260009765625,0.24999998814357127,0.6903548330002521,0.6858306806256462,10.0,0.19816636006053978,2.0,-0.4803916419883498,0.05
SPOT,2026-03-11,0.024658,9,690.0,1.301248,530.260009765625,0.2000000002004123,0.7048037069814469,0.6858306806256462,10.0,0.19816636006053978,2.0,-0.4803916419883498,0.05
SPOT,2026-03-11,0.024658,9,700.0,1.320107,530.260009765625,0.00999996925932356,0.5513648033457078,0.6858306806256462,10.0,0.19816636006053978,2.0,-0.4803916419883498,0.05
SPOT,2026-03-11,0.024658,9,710.0,1.338966,530.260009765625,0.002874517383207542,0.5276463165920492,0.6858306806256462,10.0,0.19816636006053978,2.0,-0.4803916419883498,0.05
SPOT,2026-03-11,0.024658,9,720.0,1.357824,530.260009765625,0.16999996802932582,0.7870038679578389,0.6858306806256462,10.0,0.19816636006053978,2.0,-0.4803916419883498,0.05
SPOT,2026-03-11,0.024658,9,740.0,1.395542,530.260009765625,0.39999997458192915,0.9428951690812281,0.6858306806256462,10.0,0.19816636006053978,2.0,-0.4803916419883498,0.05
SPOT,2026-03-11,0.024658,9,760.0,1.433259,530.260009765625,0.08999999841795336,0.8468667292758763,0.6858306806256462,10.0,0.19816636006053978,2.0,-0.4803916419883498,0.05
SPOT,2026-03-11,0.024658,9,780.0,1.470976,530.260009765625,0.009999991942598208,0.745083628353135,0.6858306806256462,10.0,0.19816636006053978,2.0,-0.4803916419883498,0.05
SPOT,2026-03-11,0.024658,9,800.0,1.508694,530.260009765625,0.020000055075193868,0.8328999258176844,0.6858306806256462,10.0,0.19816636006053978,2.0,-0.4803916419883498,0.05
SPOT,2026-03-11,0.024658,9,820.0,1.546411,530.260009765625,0.009999996511823761,0.8328863497368315,0.6858306806256462,10.0,0.19816636006053978,2.0,-0.4803916419883498,0.05
SPOT,2026-03-11,0.024658,9,840.0,1.584129,530.260009765625,3.449999984553152,1.7369164962377606,0.6858306806256462,10.0,0.19816636006053978,2.0,-0.4803916419883498,0.05
SPOT,2026-03-11,0.024658,9,860.0,1.621846,530.260009765625,0.1399999975980757,1.1487248258434741,0.6858306806256462,10.0,0.19816636006053978,2.0,-0.4803916419883498,0.05
SPOT,2026-03-11,0.024658,9,880.0,1.659563,530.260009765625,0.09999996691199331,1.1568646578051982,0.6858306806256462,10.0,0.19816636006053978,2.0,-0.4803916419883498,0.05
SPOT,2026-03-11,0.024658,9,900.0,1.697281,530.260009765625,0.4900000082112621,1.4312478123064212,0.6858306806256462,10.0,0.19816636006053978,2.0,-0.4803916419883498,0.05
SPOT,2026-03-11,0.024658,9,920.0,1.734998,530.260009765625,1.0900000455938699,1.649212117889769,0.6858306806256462,10.0,0.19816636006053978,2.0,-0.4803916419883498,0.05
SPOT,2026-03-11,0.024658,9,940.0,1.772715,530.260009765625,0.7600007310523313,1.6187405808939115,0.6858306806256462,10.0,0.19816636006053978,2.0,-0.4803916419883498,0.05
SPOT,2026-03-11,0.043836,16,300.0,0.56576,530.260009765625,231.33730557104428,1.2116684648071543,0.6858306806256462,10.0,0.19816636006053978,2.0,-0.4803916419883498,0.05
SPOT,2026-03-11,0.043836,16,310.0,0.584619,530.260009765625,220.9487177590825,0.7903722463317139,0.6858306806256462,10.0,0.19816636006053978,2.0,-0.4803916419883498,0.05
SPOT,2026-03-11,0.043836,16,320.0,0.603478,530.260009765625,211.1806114973977,1.0011845450416912,0.6858306806256462,10.0,0.19816636006053978,2.0,-0.4803916419883498,0.05
SPOT,2026-03-11,0.043836,16,330.0,0.622336,530.260009765625,201.35250503170914,1.0103405662087597,0.6858306806256462,10.0,0.19816636006053978,2.0,-0.4803916419883498,0.05
SPOT,2026-03-11,0.043836,16,340.0,0.641195,530.260009765625,191.41439917430205,0.9667012013812211,0.6858306806256462,10.0,0.19816636006053978,2.0,-0.4803916419883498,0.05
SPOT,2026-03-11,0.043836,16,350.0,0.660054,530.260009765625,181.92629205109802,1.0248182082767432,0.6858306806256462,10.0,0.19816636006053978,2.0,-0.4803916419883498,0.05
SPOT,2026-03-11,0.043836,16,360.0,0.678912,530.260009765625,171.2581867020042,0.7835398650373826,0.6858306806256462,10.0,0.19816636006053978,2.0,-0.4803916419883498,0.05
SPOT,2026-03-11,0.043836,16,370.0,0.697771,530.260009765625,163.21008105268214,1.0631830355239862,0.6858306806256462,10.0,0.19816636006053978,2.0,-0.4803916419883498,0.05
SPOT,2026-03-11,0.043836,16,375.0,0.7072,530.260009765625,158.72102750075055,1.0774027270036357,0.6858306806256462,10.0,0.19816636006053978,2.0,-0.4803916419883498,0.05
SPOT,2026-03-11,0.043836,16,380.0,0.71663,530.260009765625,153.84197440284078,1.0532214675713665,0.6858306806256462,10.0,0.19816636006053978,2.0,-0.4803916419883498,0.05
SPOT,2026-03-11,0.043836,16,385.0,0.726059,530.260009765625,147.17292129421384,0.8442327055726391,0.6858306806256462,10.0,0.19816636006053978,2.0,-0.4803916419883498,0.05
SPOT,2026-03-11,0.043836,16,390.0,0.735488,530.260009765625,144.3538669998237,1.0246422304151204,0.6858306806256462,10.0,0.19816636006053978,2.0,-0.4803916419883498,0.05
SPOT,2026-03-11,0.043836,16,395.0,0.744918,530.260009765625,136.52481462434844,0.6706707119155957,0.6858306806256462,10.0,0.19816636006053978,2.0,-0.4803916419883498,0.05
SPOT,2026-03-11,0.043836,16,400.0,0.754347,530.260009765625,131.7057620005399,0.6815569018519043,0.6858306806256462,10.0,0.19816636006053978,2.0,-0.4803916419883498,0.05
SPOT,2026-03-11,0.043836,16,405.0,0.763776,530.260009765625,128.4767066432305,0.8553427453917909,0.6858306806256462,10.0,0.19816636006053978,2.0,-0.4803916419883498,0.05
SPOT,2026-03-11,0.043836,16,410.0,0.773206,530.260009765625,122.62765575940745,0.7470768900614353,0.6858306806256462,10.0,0.19816636006053978,2.0,-0.4803916419883498,0.05
SPOT,2026-03-11,0.043836,16,415.0,0.782635,530.260009765625,123.04859754655342,1.0585778870947073,0.6858306806256462,10.0,0.19816636006053978,2.0,-0.4803916419883498,0.05
SPOT,2026-03-11,0.043836,16,420.0,0.792064,530.260009765625,113.57954947478038,0.7674023291963481,0.6858306806256462,10.0,0.19816636006053978,2.0,-0.4803916419883498,0.05
SPOT,2026-03-11,0.043836,16,425.0,0.801494,530.260009765625,108.12049653093555,0.7007527701697027,0.6858306806256462,10.0,0.19816636006053978,2.0,-0.4803916419883498,0.05
SPOT,2026-03-11,0.043836,16,430.0,0.810923,530.260009765625,104.03144270379698,0.7349998359428692,0.6858306806256462,10.0,0.19816636006053978,2.0,-0.4803916419883498,0.05
SPOT,2026-03-11,0.043836,16,435.0,0.820352,530.260009765625,97.04239031933565,0.5397686448174451,0.6858306806256462,10.0,0.19816636006053978,2.0,-0.4803916419883498,0.05
SPOT,2026-03-11,0.043836,16,440.0,0.829782,530.260009765625,92.62333953673146,0.570463201129314,0.6858306806256462,10.0,0.19816636006053978,2.0,-0.4803916419883498,0.05
SPOT,2026-03-11,0.043836,16,445.0,0.839211,530.260009765625,88.63428412390465,0.6150811195852942,0.6858306806256462,10.0,0.19816636006053978,2.0,-0.4803916419883498,0.05
SPOT,2026-03-11,0.043836,16,450.0,0.84864,530.260009765625,83.91523053408378,0.6012847341164714,0.6858306806256462,10.0,0.19816636006053978,2.0,-0.4803916419883498,0.05
SPOT,2026-03-11,0.043836,16,455.0,0.85807,530.260009765625,78.3061774718226,0.5333722138526292,0.6858306806256462,10.0,0.19816636006053978,2.0,-0.4803916419883498,0.05
SPOT,2026-03-11,0.043836,16,460.0,0.867499,530.260009765625,74.1771248363832,0.5531703186065361,0.6858306806256462,10.0,0.19816636006053978,2.0,-0.4803916419883498,0.05
SPOT,2026-03-11,0.043836,16,465.0,0.876928,530.260009765625,69.33807561572621,0.5297962452221797,0.6858306806256462,10.0,0.19816636006053978,2.0,-0.4803916419883498,0.05
SPOT,2026-03-11,0.043836,16,470.0,0.886358,530.260009765625,64.78901873517447,0.5191279052910223,0.6858306806256462,10.0,0.19816636006053978,2.0,-0.4803916419883498,0.05
SPOT,2026-03-11,0.043836,16,475.0,0.895787,530.260009765625,60.09996556215992,0.4999955405877642,0.6858306806256462,10.0,0.19816636006053978,2.0,-0.4803916419883498,0.05
SPOT,2026-03-11,0.043836,16,480.0,0.905216,530.260009765625,55.36091225765938,0.47740085164397883,0.6858306806256462,10.0,0.19816636006053978,2.0,-0.4803916419883498,0.05
SPOT,2026-03-11,0.043836,16,485.0,0.914646,530.260009765625,52.52185699049028,0.5208855534678745,0.6858306806256462,10.0,0.19816636006053978,2.0,-0.4803916419883498,0.05
SPOT,2026-03-11,0.043836,16,490.0,0.924075,530.260009765625,48.88280878033453,0.5270352000259337,0.6858306806256462,10.0,0.19816636006053978,2.0,-0.4803916419883498,0.05
SPOT,2026-03-11,0.043836,16,495.0,0.933504,530.260009765625,43.91375337375945,0.4891959176182081,0.6858306806256462,10.0,0.19816636006053978,2.0,-0.4803916419883498,0.05
SPOT,2026-03-11,0.043836,16,500.0,0.942934,530.260009765625,39.354700079146824,0.46247993726117653,0.6858306806256462,10.0,0.19816636006053978,2.0,-0.4803916419883498,0.05
SPOT,2026-03-11,0.043836,16,505.0,0.952363,530.260009765625,36.41564678547263,0.47738327607160064,0.6858306806256462,10.0,0.19816636006053978,2.0,-0.4803916419883498,0.05
SPOT,2026-03-11,0.043836,16,510.0,0.961792,530.260009765625,32.10659388294465,0.45165687702193047,0.6858306806256462,10.0,0.19816636006053978,2.0,-0.4803916419883498,0.05
SPOT,2026-03-11,0.043836,16,515.0,0.971222,530.260009765625,30.29754079645886,0.48409710282353474,0.6858306806256462,10.0,0.19816636006053978,2.0,-0.4803916419883498,0.05
SPOT,2026-03-11,0.043836,16,520.0,0.980651,530.260009765625,20.198487725094253,0.3139892797612512,0.6858306806256462,10.0,0.19816636006053978,2.0,-0.4803916419883498,0.05
SPOT,2026-03-11,0.043836,16,525.0,0.99008,530.260009765625,22.159434525659663,0.42676310201067086,0.6858306806256462,10.0,0.19816636006053978,2.0,-0.4803916419883498,0.05
SPOT,2026-03-11,0.043836,16,530.0,0.99951,530.260009765625,18.430381512215945,0.40053756016059017,0.6858306806256462,10.0,0.19816636006053978,2.0,-0.4803916419883498,0.05
SPOT,2026-03-11,0.043836,16,535.0,1.008939,530.260009765625,20.899999226068957,0.509688299996169,0.6858306806256462,10.0,0.19816636006053978,2.0,-0.4803916419883498,0.05
SPOT,2026-03-11,0.043836,16,537.5,1.013654,530.260009765625,23.29999999957849,0.5890143336661929,0.6858306806256462,10.0,0.19816636006053978,2.0,-0.4803916419883498,0.05
SPOT,2026-03-11,0.043836,16,540.0,1.018368,530.260009765625,18.87999981646101,0.5132673260429221,0.6858306806256462,10.0,0.19816636006053978,2.0,-0.4803916419883498,0.05
SPOT,2026-03-11,0.043836,16,545.0,1.027798,530.260009765625,17.50000365752581,0.5277299067704209,0.6858306806256462,10.0,0.19816636006053978,2.0,-0.4803916419883498,0.05
SPOT,2026-03-11,0.043836,16,547.5,1.032512,530.260009765625,18.175000000121514,0.5651654569652216,0.6858306806256462,10.0,0.19816636006053978,2.0,-0.4803916419883498,0.05
SPOT,2026-03-11,0.043836,16,550.0,1.037227,530.260009765625,14.150000043305255,0.4928345772673201,0.6858306806256462,10.0,0.19816636006053978,2.0,-0.4803916419883498,0.05
SPOT,2026-03-11,0.043836,16,555.0,1.046656,530.260009765625,13.499995848538191,0.5173214148461527,0.6858306806256462,10.0,0.19816636006053978,2.0,-0.4803916419883498,0.05
SPOT,2026-03-11,0.043836,16,560.0,1.056086,530.260009765625,23.14000001341904,0.78367346056471,0.6858306806256462,10.0,0.19816636006053978,2.0,-0.4803916419883498,0.05
SPOT,2026-03-11,0.043836,16,565.0,1.065515,530.260009765625,10.91999698231811,0.5268115490122178,0.6858306806256462,10.0,0.19816636006053978,2.0,-0.4803916419883498,0.05
SPOT,2026-03-11,0.043836,16,570.0,1.074944,530.260009765625,8.530000054162372,0.4969517245229492,0.6858306806256462,10.0,0.19816636006053978,2.0,-0.4803916419883498,0.05
SPOT,2026-03-11,0.043836,16,575.0,1.084374,530.260009765625,7.059999988510228,0.48630954308303914,0.6858306806256462,10.0,0.19816636006053978,2.0,-0.4803916419883498,0.05
SPOT,2026-03-11,0.043836,16,580.0,1.093803,530.260009765625,5.0000001813095025,0.4509572786851033,0.6858306806256462,10.0,0.19816636006053978,2.0,-0.4803916419883498,0.05
SPOT,2026-03-11,0.043836,16,585.0,1.103232,530.260009765625,11.600000032881297,0.674733795188931,0.6858306806256462,10.0,0.19816636006053978,2.0,-0.4803916419883498,0.05
SPOT,2026-03-11,0.043836,16,590.0,1.112662,530.260009765625,15.400000000143308,0.8067282425120402,0.6858306806256462,10.0,0.19816636006053978,2.0,-0.4803916419883498,0.05
SPOT,2026-03-11,0.043836,16,595.0,1.122091,530.260009765625,9.689999985587889,0.6798600472158216,0.6858306806256462,10.0,0.19816636006053978,2.0,-0.4803916419883498,0.05
SPOT,2026-03-11,0.043836,16,600.0,1.13152,530.260009765625,3.4000029073611415,0.491951594863055,0.6858306806256462,10.0,0.19816636006053978,2.0,-0.4803916419883498,0.05
SPOT,2026-03-11,0.043836,16,605.0,1.14095,530.260009765625,5.789999985835024,0.60824649105507,0.6858306806256462,10.0,0.19816636006053978,2.0,-0.4803916419883498,0.05
SPOT,2026-03-11,0.043836,16,610.0,1.150379,530.260009765625,3.499994699225951,0.5419274013434086,0.6858306806256462,10.0,0.19816636006053978,2.0,-0.4803916419883498,0.05
SPOT,2026-03-11,0.043836,16,615.0,1.159808,530.260009765625,7.800000124138322,0.7272095973752929,0.6858306806256462,10.0,0.19816636006053978,2.0,-0.4803916419883498,0.05
SPOT,2026-03-11,0.043836,16,620.0,1.169238,530.260009765625,4.240000110549445,0.618626779721069,0.6858306806256462,10.0,0.19816636006053978,2.0,-0.4803916419883498,0.05
SPOT,2026-03-11,0.043836,16,625.0,1.178667,530.260009765625,4.020000625286457,0.631009286624984,0.6858306806256462,10.0,0.19816636006053978,2.0,-0.4803916419883498,0.05
SPOT,2026-03-11,0.043836,16,630.0,1.188096,530.260009765625,3.499999983610877,0.6282831128911723,0.6858306806256462,10.0,0.19816636006053978,2.0,-0.4803916419883498,0.05
SPOT,2026-03-11,0.043836,16,635.0,1.197526,530.260009765625,2.359999990755057,0.5881626040479835,0.6858306806256462,10.0,0.19816636006053978,2.0,-0.4803916419883498,0.05
SPOT,2026-03-11,0.043836,16,640.0,1.206955,530.260009765625,2.629998113375393,0.6231189175942227,0.6858306806256462,10.0,0.19816636006053978,2.0,-0.4803916419883498,0.05
SPOT,2026-03-11,0.043836,16,650.0,1.225814,530.260009765625,2.0399996921943924,0.6241748017543408,0.6858306806256462,10.0,0.19816636006053978,2.0,-0.4803916419883498,0.05
SPOT,2026-03-11,0.043836,16,655.0,1.235243,530.260009765625,0.7999997476669876,0.5357176065617634,0.6858306806256462,10.0,0.19816636006053978,2.0,-0.4803916419883498,0.05
SPOT,2026-03-11,0.043836,16,660.0,1.244672,530.260009765625,1.3600002516561283,0.6074507289693266,0.6858306806256462,10.0,0.19816636006053978,2.0,-0.4803916419883498,0.05
SPOT,2026-03-11,0.060274,22,300.0,0.56576,530.260009765625,231.21275833139038,0.8165293155373534,0.6858306806256462,10.0,0.19816636006053978,2.0,-0.4803916419883498,0.05
SPOT,2026-03-11,0.060274,22,310.0,0.584619,530.260009765625,221.5028499508067,0.9426329499930493,0.6858306806256462,10.0,0.19816636006053978,2.0,-0.4803916419883498,0.05
SPOT,2026-03-11,0.060274,22,320.0,0.603478,530.260009765625,211.55294221838608,0.8993902405774882,0.6858306806256462,10.0,0.19816636006053978,2.0,-0.4803916419883498,0.05
SPOT,2026-03-11,0.060274,22,330.0,0.622336,530.260009765625,201.53303322262076,0.832282298843375,0.6858306806256462,10.0,0.19816636006053978,2.0,-0.4803916419883498,0.05
SPOT,2026-03-11,0.060274,22,340.0,0.641195,530.260009765625,191.43312511484868,0.7281321041637531,0.6858306806256462,10.0,0.19816636006053978,2.0,-0.4803916419883498,0.05
SPOT,2026-03-11,0.060274,22,350.0,0.660054,530.260009765625,181.77321646873742,0.7904760321216205,0.6858306806256462,10.0,0.19816636006053978,2.0,-0.4803916419883498,0.05
SPOT,2026-03-11,0.060274,22,360.0,0.678912,530.260009765625,171.58330808237884,0.6807430568752654,0.6858306806256462,10.0,0.19816636006053978,2.0,-0.4803916419883498,0.05
SPOT,2026-03-11,0.060274,22,370.0,0.697771,530.260009765625,161.99339912022077,0.72861469772719,0.6858306806256462,10.0,0.19816636006053978,2.0,-0.4803916419883498,0.05
SPOT,2026-03-11,0.060274,22,375.0,0.7072,530.260009765625,158.878445515998,0.908976866197794,0.6858306806256462,10.0,0.19816636006053978,2.0,-0.4803916419883498,0.05
SPOT,2026-03-11,0.060274,22,380.0,0.71663,530.260009765625,151.5134911933219,0.5421015991755498,0.6858306806256462,10.0,0.19816636006053978,2.0,-0.4803916419883498,0.05
SPOT,2026-03-11,0.060274,22,385.0,0.726059,530.260009765625,150.61853642021345,0.9638298288711806,0.6858306806256462,10.0,0.19816636006053978,2.0,-0.4803916419883498,0.05
SPOT,2026-03-11,0.060274,22,390.0,0.735488,530.260009765625,142.02358276895694,0.6307151349885238,0.6858306806256462,10.0,0.19816636006053978,2.0,-0.4803916419883498,0.05
SPOT,2026-03-11,0.060274,22,395.0,0.744918,530.260009765625,139.73862875298408,0.8499097783178854,0.6858306806256462,10.0,0.19816636006053978,2.0,-0.4803916419883498,0.05
SPOT,2026-03-11,0.060274,22,400.0,0.754347,530.260009765625,132.92367456405634,0.6877330257106946,0.6858306806256462,10.0,0.19816636006053978,2.0,-0.4803916419883498,0.05
SPOT,2026-03-11,0.060274,22,405.0,0.763776,530.260009765625,129.8487203404141,0.7974180003970611,0.6858306806256462,10.0,0.19816636006053978,2.0,-0.4803916419883498,0.05
SPOT,2026-03-11,0.060274,22,410.0,0.773206,530.260009765625,123.74376618520154,0.699036740385824,0.6858306806256462,10.0,0.19816636006053978,2.0,-0.4803916419883498,0.05
SPOT,2026-03-11,0.060274,22,415.0,0.782635,530.260009765625,118.95881203003813,0.6859365644158031,0.6858306806256462,10.0,0.19816636006053978,2.0,-0.4803916419883498,0.05
SPOT,2026-03-11,0.060274,22,420.0,0.792064,530.260009765625,119.88385825215931,0.9299901007363223,0.6858306806256462,10.0,0.19816636006053978,2.0,-0.4803916419883498,0.05
SPOT,2026-03-11,0.060274,22,425.0,0.801494,530.260009765625,108.43890361672442,0.5972905912922855,0.6858306806256462,10.0,0.19816636006053978,2.0,-0.4803916419883498,0.05
SPOT,2026-03-11,0.060274,22,430.0,0.810923,530.260009765625,103.48395066997864,0.5741813556724134,0.6858306806256462,10.0,0.19816636006053978,2.0,-0.4803916419883498,0.05
SPOT,2026-03-11,0.060274,22,435.0,0.820352,530.260009765625,99.90899520779993,0.6284274269141787,0.6858306806256462,10.0,0.19816636006053978,2.0,-0.4803916419883498,0.05
SPOT,2026-03-11,0.060274,22,440.0,0.829782,530.260009765625,94.69404063451509,0.589767775860643,0.6858306806256462,10.0,0.19816636006053978,2.0,-0.4803916419883498,0.05
SPOT,2026-03-11,0.060274,22,445.0,0.839211,530.260009765625,89.08908607429692,0.5312958585536621,0.6858306806256462,10.0,0.19816636006053978,2.0,-0.4803916419883498,0.05
SPOT,2026-03-11,0.060274,22,450.0,0.84864,530.260009765625,90.60413266522266,0.7537969054926467,0.6858306806256462,10.0,0.19816636006053978,2.0,-0.4803916419883498,0.05
SPOT,2026-03-11,0.060274,22,455.0,0.85807,530.260009765625,79.2791784754366,0.4877021125241096,0.6858306806256462,10.0,0.19816636006053978,2.0,-0.4803916419883498,0.05
SPOT,2026-03-11,0.060274,22,460.0,0.867499,530.260009765625,75.29422524337423,0.5055701033167554,0.6858306806256462,10.0,0.19816636006053978,2.0,-0.4803916419883498,0.05
SPOT,2026-03-11,0.060274,22,465.0,0.876928,530.260009765625,71.60926965015705,0.526683058421677,0.6858306806256462,10.0,0.19816636006053978,2.0,-0.4803916419883498,0.05
SPOT,2026-03-11,0.060274,22,470.0,0.886358,530.260009765625,66.84431589464407,0.505031996352547,0.6858306806256462,10.0,0.19816636006053978,2.0,-0.4803916419883498,0.05
SPOT,2026-03-11,0.060274,22,475.0,0.895787,530.260009765625,61.18936149506095,0.45322187502120986,0.6858306806256462,10.0,0.19816636006053978,2.0,-0.4803916419883498,0.05
SPOT,2026-03-11,0.060274,22,480.0,0.905216,530.260009765625,57.69440752581005,0.47123770502344314,0.6858306806256462,10.0,0.19816636006053978,2.0,-0.4803916419883498,0.05
SPOT,2026-03-11,0.060274,22,485.0,0.914646,530.260009765625,54.119453318435944,0.4803520604390915,0.6858306806256462,10.0,0.19816636006053978,2.0,-0.4803916419883498,0.05
SPOT,2026-03-11,0.060274,22,490.0,0.924075,530.260009765625,50.59449925188778,0.48600258658225454,0.6858306806256462,10.0,0.19816636006053978,2.0,-0.4803916419883498,0.05
SPOT,2026-03-11,0.060274,22,495.0,0.933504,530.260009765625,46.64954495526831,0.4775192117636822,0.6858306806256462,10.0,0.19816636006053978,2.0,-0.4803916419883498,0.05
SPOT,2026-03-11,0.060274,22,500.0,0.942934,530.260009765625,41.104597555666714,0.42926857989332345,0.6858306806256462,10.0,0.19816636006053978,2.0,-0.4803916419883498,0.05
SPOT,2026-03-11,0.060274,22,505.0,0.952363,530.260009765625,38.029636548005726,0.4370067576992828,0.6858306806256462,10.0,0.19816636006053978,2.0,-0.4803916419883498,0.05
SPOT,2026-03-11,0.060274,22,510.0,0.961792,530.260009765625,31.28468237051112,0.3612399651886985,0.6858306806256462,10.0,0.19816636006053978,2.0,-0.4803916419883498,0.05
SPOT,2026-03-11,0.060274,22,515.0,0.971222,530.260009765625,31.43972820038971,0.4310861210488867,0.6858306806256462,10.0,0.19816636006053978,2.0,-0.4803916419883498,0.05
SPOT,2026-03-11,0.060274,22,520.0,0.980651,530.260009765625,26.324776791139357,0.38676589981886833,0.6858306806256462,10.0,0.19816636006053978,2.0,-0.4803916419883498,0.05
SPOT,2026-03-11,0.060274,22,525.0,0.99008,530.260009765625,40.73982124898447,0.7222649836546291,0.6858306806256462,10.0,0.19816636006053978,2.0,-0.4803916419883498,0.05
SPOT,2026-03-11,0.060274,22,530.0,0.99951,530.260009765625,25.054866348538667,0.46541437678261954,0.6858306806256462,10.0,0.19816636006053978,2.0,-0.4803916419883498,0.05
SPOT,2026-03-11,0.060274,22,535.0,1.008939,530.260009765625,26.600000225165104,0.5405789888892865,0.6858306806256462,10.0,0.19816636006053978,2.0,-0.4803916419883498,0.05
SPOT,2026-03-11,0.060274,22,540.0,1.018368,530.260009765625,20.539999967384688,0.4661830776564867,0.6858306806256462,10.0,0.19816636006053978,2.0,-0.4803916419883498,0.05
SPOT,2026-03-11,0.060274,22,545.0,1.027798,530.260009765625,22.549998696730967,0.5448581892072836,0.6858306806256462,10.0,0.19816636006053978,2.0,-0.4803916419883498,0.05
SPOT,2026-03-11,0.060274,22,550.0,1.037227,530.260009765625,18.800000000355368,0.509266395925163,0.6858306806256462,10.0,0.19816636006053978,2.0,-0.4803916419883498,0.05
SPOT,2026-03-11,0.060274,22,555.0,1.046656,530.260009765625,26.00000000007543,0.6864270618662597,0.6858306806256462,10.0,0.19816636006053978,2.0,-0.4803916419883498,0.05
SPOT,2026-03-11,0.060274,22,560.0,1.056086,530.260009765625,27.510000000602986,0.7512105626932891,0.6858306806256462,10.0,0.19816636006053978,2.0,-0.4803916419883498,0.05
SPOT,2026-03-11,0.060274,22,565.0,1.065515,530.260009765625,29.00000000291746,0.8146195161279082,0.6858306806256462,10.0,0.19816636006053978,2.0,-0.4803916419883498,0.05
SPOT,2026-03-11,0.060274,22,570.0,1.074944,530.260009765625,10.65000000006063,0.46952830597229644,0.6858306806256462,10.0,0.19816636006053978,2.0,-0.4803916419883498,0.05
SPOT,2026-03-11,0.060274,22,575.0,1.084374,530.260009765625,19.519999996013468,0.6882144251416931,0.6858306806256462,10.0,0.19816636006053978,2.0,-0.4803916419883498,0.05
SPOT,2026-03-11,0.060274,22,580.0,1.093803,530.260009765625,8.54000490978494,0.4744048501682951,0.6858306806256462,10.0,0.19816636006053978,2.0,-0.4803916419883498,0.05
SPOT,2026-03-11,0.060274,22,585.0,1.103232,530.260009765625,7.439999191203512,0.4718518556889946,0.6858306806256462,10.0,0.19816636006053978,2.0,-0.4803916419883498,0.05
SPOT,2026-03-11,0.060274,22,590.0,1.112662,530.260009765625,5.300008287898521,0.4367221747402717,0.6858306806256462,10.0,0.19816636006053978,2.0,-0.4803916419883498,0.05
SPOT,2026-03-11,0.060274,22,595.0,1.122091,530.260009765625,5.960002119689719,0.47819729790943344,0.6858306806256462,10.0,0.19816636006053978,2.0,-0.4803916419883498,0.05
SPOT,2026-03-11,0.060274,22,600.0,1.13152,530.260009765625,10.549999989620645,0.6228793403639024,0.6858306806256462,10.0,0.19816636006053978,2.0,-0.4803916419883498,0.05
SPOT,2026-03-11,0.060274,22,605.0,1.14095,530.260009765625,9.349996925629284,0.6158381705376801,0.6858306806256462,10.0,0.19816636006053978,2.0,-0.4803916419883498,0.05
SPOT,2026-03-11,0.060274,22,610.0,1.150379,530.260009765625,9.400007084901446,0.6398474898037494,0.6858306806256462,10.0,0.19816636006053978,2.0,-0.4803916419883498,0.05
SPOT,2026-03-11,0.060274,22,615.0,1.159808,530.260009765625,7.500001225242386,0.6094373630735789,0.6858306806256462,10.0,0.19816636006053978,2.0,-0.4803916419883498,0.05
SPOT,2026-03-11,0.060274,22,620.0,1.169238,530.260009765625,2.7900000001444667,0.4685136835968226,0.6858306806256462,10.0,0.19816636006053978,2.0,-0.4803916419883498,0.05
SPOT,2026-03-11,0.060274,22,625.0,1.178667,530.260009765625,5.850000125440559,0.5999397415937125,0.6858306806256462,10.0,0.19816636006053978,2.0,-0.4803916419883498,0.05
SPOT,2026-03-11,0.060274,22,630.0,1.188096,530.260009765625,7.219999969876241,0.6627563888257456,0.6858306806256462,10.0,0.19816636006053978,2.0,-0.4803916419883498,0.05
SPOT,2026-03-11,0.060274,22,635.0,1.197526,530.260009765625,6.439994207138767,0.6578478881397605,0.6858306806256462,10.0,0.19816636006053978,2.0,-0.4803916419883498,0.05
SPOT,2026-03-11,0.060274,22,640.0,1.206955,530.260009765625,2.499999454952757,0.5232878484402685,0.6858306806256462,10.0,0.19816636006053978,2.0,-0.4803916419883498,0.05
SPOT,2026-03-11,0.060274,22,645.0,1.216384,530.260009765625,1.2200001848530846,0.4628477625425889,0.6858306806256462,10.0,0.19816636006053978,2.0,-0.4803916419883498,0.05
SPOT,2026-03-11,0.060274,22,650.0,1.225814,530.260009765625,3.799999573878523,0.6156847543284522,0.6858306806256462,10.0,0.19816636006053978,2.0,-0.4803916419883498,0.05
SPOT,2026-03-11,0.060274,22,660.0,1.244672,530.260009765625,2.230000044232213,0.5720806697273401,0.6858306806256462,10.0,0.19816636006053978,2.0,-0.4803916419883498,0.05
SPOT,2026-03-11,0.082192,30,350.0,0.660054,530.260009765625,182.14541446164225,0.6763921675647894,0.6858306806256462,10.0,0.19816636006053978,2.0,-0.4803916419883498,0.05
SPOT,2026-03-11,0.082192,30,360.0,0.678912,530.260009765625,172.04642601090939,0.6041251069149159,0.6858306806256462,10.0,0.19816636006053978,2.0,-0.4803916419883498,0.05
SPOT,2026-03-11,0.082192,30,390.0,0.735488,530.260009765625,147.25951743919586,0.856420799204342,0.6858306806256462,10.0,0.19816636006053978,2.0,-0.4803916419883498,0.05
SPOT,2026-03-11,0.082192,30,395.0,0.744918,530.260009765625,140.0799648132878,0.7251299419502191,0.6858306806256462,10.0,0.19816636006053978,2.0,-0.4803916419883498,0.05
SPOT,2026-03-11,0.082192,30,400.0,0.754347,530.260009765625,132.78047204238368,0.538046443548386,0.6858306806256462,10.0,0.19816636006053978,2.0,-0.4803916419883498,0.05
SPOT,2026-03-11,0.082192,30,405.0,0.763776,530.260009765625,133.69196523188373,0.8287292673759408,0.6858306806256462,10.0,0.19816636006053978,2.0,-0.4803916419883498,0.05
SPOT,2026-03-11,0.082192,30,415.0,0.782635,530.260009765625,121.10199339830808,0.6715641971648327,0.6858306806256462,10.0,0.19816636006053978,2.0,-0.4803916419883498,0.05
SPOT,2026-03-11,0.082192,30,420.0,0.792064,530.260009765625,114.23249536937357,0.5557375888602422,0.6858306806256462,10.0,0.19816636006053978,2.0,-0.4803916419883498,0.05
SPOT,2026-03-11,0.082192,30,425.0,0.801494,530.260009765625,113.26300622693651,0.701713220274446,0.6858306806256462,10.0,0.19816636006053978,2.0,-0.4803916419883498,0.05
SPOT,2026-03-11,0.082192,30,430.0,0.810923,530.260009765625,105.54350630978547,0.5717352516371856,0.6858306806256462,10.0,0.19816636006053978,2.0,-0.4803916419883498,0.05
SPOT,2026-03-11,0.082192,30,435.0,0.820352,530.260009765625,99.67401057812503,0.5083030498092712,0.6858306806256462,10.0,0.19816636006053978,2.0,-0.4803916419883498,0.05
SPOT,2026-03-11,0.082192,30,440.0,0.829782,530.260009765625,95.80451846972755,0.5332269080711979,0.6858306806256462,10.0,0.19816636006053978,2.0,-0.4803916419883498,0.05
SPOT,2026-03-11,0.082192,30,445.0,0.839211,530.260009765625,91.65502444393456,0.5400244063732139,0.6858306806256462,10.0,0.19816636006053978,2.0,-0.4803916419883498,0.05
SPOT,2026-03-11,0.082192,30,450.0,0.84864,530.260009765625,85.08553007200982,0.4560317775763996,0.6858306806256462,10.0,0.19816636006053978,2.0,-0.4803916419883498,0.05
SPOT,2026-03-11,0.082192,30,455.0,0.85807,530.260009765625,91.18244198471893,0.7457615789556408,0.6858306806256462,10.0,0.19816636006053978,2.0,-0.4803916419883498,0.05
SPOT,2026-03-11,0.082192,30,460.0,0.867499,530.260009765625,78.22653919578295,0.5126082860523601,0.6858306806256462,10.0,0.19816636006053978,2.0,-0.4803916419883498,0.05
SPOT,2026-03-11,0.082192,30,465.0,0.876928,530.260009765625,73.08705542006192,0.48213292547226005,0.6858306806256462,10.0,0.19816636006053978,2.0,-0.4803916419883498,0.05
SPOT,2026-03-11,0.082192,30,470.0,0.886358,530.260009765625,70.27755044209744,0.513479648537703,0.6858306806256462,10.0,0.19816636006053978,2.0,-0.4803916419883498,0.05
SPOT,2026-03-11,0.082192,30,475.0,0.895787,530.260009765625,65.20805848034337,0.48368650393325724,0.6858306806256462,10.0,0.19816636006053978,2.0,-0.4803916419883498,0.05
SPOT,2026-03-11,0.082192,30,480.0,0.905216,530.260009765625,61.52856783638276,0.4864404309025817,0.6858306806256462,10.0,0.19816636006053978,2.0,-0.4803916419883498,0.05
SPOT,2026-03-11,0.082192,30,485.0,0.914646,530.260009765625,56.89907073104382,0.4655248359948719,0.6858306806256462,10.0,0.19816636006053978,2.0,-0.4803916419883498,0.05
SPOT,2026-03-11,0.082192,30,490.0,0.924075,530.260009765625,54.209580316089045,0.4844975953071782,0.6858306806256462,10.0,0.19816636006053978,2.0,-0.4803916419883498,0.05
SPOT,2026-03-11,0.082192,30,495.0,0.933504,530.260009765625,46.29008210599585,0.3933354520475257,0.6858306806256462,10.0,0.19816636006053978,2.0,-0.4803916419883498,0.05
SPOT,2026-03-11,0.082192,30,500.0,0.942934,530.260009765625,45.22058783426667,0.44134629680300863,0.6858306806256462,10.0,0.19816636006053978,2.0,-0.4803916419883498,0.05
SPOT,2026-03-11,0.082192,30,505.0,0.952363,530.260009765625,42.34108880356001,0.4482502588306097,0.6858306806256462,10.0,0.19816636006053978,2.0,-0.4803916419883498,0.05
SPOT,2026-03-11,0.082192,30,510.0,0.961792,530.260009765625,38.98159948292823,0.4435078130116228,0.6858306806256462,10.0,0.19816636006053978,2.0,-0.4803916419883498,0.05
SPOT,2026-03-11,0.082192,30,515.0,0.971222,530.260009765625,31.672105235751815,0.367293787625564,0.6858306806256462,10.0,0.19816636006053978,2.0,-0.4803916419883498,0.05
SPOT,2026-03-11,0.082192,30,520.0,0.980651,530.260009765625,28.09259762065858,0.3559631586982408,0.6858306806256462,10.0,0.19816636006053978,2.0,-0.4803916419883498,0.05
SPOT,2026-03-11,0.082192,30,525.0,0.99008,530.260009765625,30.063116788061677,0.43516453723439935,0.6858306806256462,10.0,0.19816636006053978,2.0,-0.4803916419883498,0.05
SPOT,2026-03-11,0.082192,30,530.0,0.99951,530.260009765625,27.82362524435723,0.43972013735275345,0.6858306806256462,10.0,0.19816636006053978,2.0,-0.4803916419883498,0.05
SPOT,2026-03-11,0.082192,30,535.0,1.008939,530.260009765625,30.180005845206097,0.5175822318711185,0.6858306806256462,10.0,0.19816636006053978,2.0,-0.4803916419883498,0.05
SPOT,2026-03-11,0.082192,30,540.0,1.018368,530.260009765625,47.350007225336896,0.8374195068935657,0.6858306806256462,10.0,0.19816636006053978,2.0,-0.4803916419883498,0.05
SPOT,2026-03-11,0.082192,30,545.0,1.027798,530.260009765625,22.399999390653193,0.4601210104865196,0.6858306806256462,10.0,0.19816636006053978,2.0,-0.4803916419883498,0.05
SPOT,2026-03-11,0.082192,30,550.0,1.037227,530.260009765625,24.099993136059965,0.5210216550649883,0.6858306806256462,10.0,0.19816636006053978,2.0,-0.4803916419883498,0.05
SPOT,2026-03-11,0.082192,30,555.0,1.046656,530.260009765625,22.460000000400157,0.5247351744177788,0.6858306806256462,10.0,0.19816636006053978,2.0,-0.4803916419883498,0.05
SPOT,2026-03-11,0.082192,30,560.0,1.056086,530.260009765625,35.309990165647406,0.769725877140641,0.6858306806256462,10.0,0.19816636006053978,2.0,-0.4803916419883498,0.05
SPOT,2026-03-11,0.082192,30,565.0,1.065515,530.260009765625,26.7500000064384,0.6560945330047208,0.6858306806256462,10.0,0.19816636006053978,2.0,-0.4803916419883498,0.05
SPOT,2026-03-11,0.082192,30,570.0,1.074944,530.260009765625,14.899999947286432,0.4777375014311453,0.6858306806256462,10.0,0.19816636006053978,2.0,-0.4803916419883498,0.05
SPOT,2026-03-11,0.082192,30,575.0,1.084374,530.260009765625,21.37998655421714,0.6188042530193405,0.6858306806256462,10.0,0.19816636006053978,2.0,-0.4803916419883498,0.05
SPOT,2026-03-11,0.082192,30,580.0,1.093803,530.260009765625,11.00000000932178,0.4531280228608624,0.6858306806256462,10.0,0.19816636006053978,2.0,-0.4803916419883498,0.05
SPOT,2026-03-11,0.082192,30,585.0,1.103232,530.260009765625,10.65000022384433,0.46875025838336287,0.6858306806256462,10.0,0.19816636006053978,2.0,-0.4803916419883498,0.05
SPOT,2026-03-11,0.082192,30,590.0,1.112662,530.260009765625,10.70000125291351,0.4916828245496182,0.6858306806256462,10.0,0.19816636006053978,2.0,-0.4803916419883498,0.05
SPOT,2026-03-11,0.082192,30,595.0,1.122091,530.260009765625,18.499992730894093,0.665105905426206,0.6858306806256462,10.0,0.19816636006053978,2.0,-0.4803916419883498,0.05
SPOT,2026-03-11,0.082192,30,600.0,1.13152,530.260009765625,7.350000006229308,0.459604870321497,0.6858306806256462,10.0,0.19816636006053978,2.0,-0.4803916419883498,0.05
SPOT,2026-03-11,0.082192,30,605.0,1.14095,530.260009765625,7.3100001153410545,0.4777674686199064,0.6858306806256462,10.0,0.19816636006053978,2.0,-0.4803916419883498,0.05
SPOT,2026-03-11,0.082192,30,610.0,1.150379,530.260009765625,5.829999204729887,0.45902518020016053,0.6858306806256462,10.0,0.19816636006053978,2.0,-0.4803916419883498,0.05
SPOT,2026-03-11,0.082192,30,615.0,1.159808,530.260009765625,9.99998921255657,0.5780348715874812,0.6858306806256462,10.0,0.19816636006053978,2.0,-0.4803916419883498,0.05
SPOT,2026-03-11,0.082192,30,620.0,1.169238,530.260009765625,9.000000014541627,0.5737660845340764,0.6858306806256462,10.0,0.19816636006053978,2.0,-0.4803916419883498,0.05
SPOT,2026-03-11,0.082192,30,630.0,1.188096,530.260009765625,3.2300000004374496,0.4455671889094528,0.6858306806256462,10.0,0.19816636006053978,2.0,-0.4803916419883498,0.05
SPOT,2026-03-11,0.082192,30,640.0,1.206955,530.260009765625,5.200000993562199,0.5412367952525012,0.6858306806256462,10.0,0.19816636006053978,2.0,-0.4803916419883498,0.05
SPOT,2026-03-11,0.082192,30,645.0,1.216384,530.260009765625,3.2599946098614936,0.49079741587185366,0.6858306806256462,10.0,0.19816636006053978,2.0,-0.4803916419883498,0.05
SPOT,2026-03-11,0.082192,30,650.0,1.225814,530.260009765625,5.000006566228635,0.5657321594632996,0.6858306806256462,10.0,0.19816636006053978,2.0,-0.4803916419883498,0.05
SPOT,2026-03-11,0.082192,30,655.0,1.235243,530.260009765625,2.779997746023419,0.4995206613953918,0.6858306806256462,10.0,0.19816636006053978,2.0,-0.4803916419883498,0.05
SPOT,2026-03-11,0.082192,30,660.0,1.244672,530.260009765625,3.0499991376170996,0.524424528900371,0.6858306806256462,10.0,0.19816636006053978,2.0,-0.4803916419883498,0.05
SPOT,2026-03-11,0.10137,37,270.0,0.509184,530.260009765625,261.9050406517972,0.8866895351113672,0.6858306806256462,10.0,0.19816636006053978,2.0,-0.4803916419883498,0.05
SPOT,2026-03-11,0.10137,37,280.0,0.528043,530.260009765625,251.8955972109453,0.8190460027846737,0.6858306806256462,10.0,0.19816636006053978,2.0,-0.4803916419883498,0.05
SPOT,2026-03-11,0.10137,37,290.0,0.546902,530.260009765625,241.80615392934288,0.6972995197154002,0.6858306806256462,10.0,0.19816636006053978,2.0,-0.4803916419883498,0.05
SPOT,2026-03-11,0.10137,37,300.0,0.56576,530.260009765625,232.166710931639,0.79249563995384,0.6858306806256462,10.0,0.19816636006053978,2.0,-0.4803916419883498,0.05
SPOT,2026-03-11,0.10137,37,310.0,0.584619,530.260009765625,222.16726747451895,0.7380423004798535,0.6858306806256462,10.0,0.19816636006053978,2.0,-0.4803916419883498,0.05
SPOT,2026-03-11,0.10137,37,320.0,0.603478,530.260009765625,212.31782420110443,0.7231756029842229,0.6858306806256462,10.0,0.19816636006053978,2.0,-0.4803916419883498,0.05
SPOT,2026-03-11,0.10137,37,330.0,0.622336,530.260009765625,202.18838073094918,0.638303939597254,0.6858306806256462,10.0,0.19816636006053978,2.0,-0.4803916419883498,0.05
SPOT,2026-03-11,0.10137,37,340.0,0.641195,530.260009765625,192.82893757477666,0.7121099144060894,0.6858306806256462,10.0,0.19816636006053978,2.0,-0.4803916419883498,0.05
SPOT,2026-03-11,0.10137,37,350.0,0.660054,530.260009765625,182.4294942702142,0.6003499304130007,0.6858306806256462,10.0,0.19816636006053978,2.0,-0.4803916419883498,0.05
SPOT,2026-03-11,0.10137,37,360.0,0.678912,530.260009765625,173.42005245291534,0.6836731309446569,0.6858306806256462,10.0,0.19816636006053978,2.0,-0.4803916419883498,0.05
SPOT,2026-03-11,0.10137,37,370.0,0.697771,530.260009765625,163.59060777324925,0.6529683284973682,0.6858306806256462,10.0,0.19816636006053978,2.0,-0.4803916419883498,0.05
SPOT,2026-03-11,0.10137,37,380.0,0.71663,530.260009765625,152.97116421232909,0.5493696173351967,0.6858306806256462,10.0,0.19816636006053978,2.0,-0.4803916419883498,0.05
SPOT,2026-03-11,0.10137,37,390.0,0.735488,530.260009765625,143.49172106352404,0.556801649559686,0.6858306806256462,10.0,0.19816636006053978,2.0,-0.4803916419883498,0.05
SPOT,2026-03-11,0.10137,37,400.0,0.754347,530.260009765625,133.71227725611124,0.531331295474036,0.6858306806256462,10.0,0.19816636006053978,2.0,-0.4803916419883498,0.05
SPOT,2026-03-11,0.10137,37,410.0,0.773206,530.260009765625,124.60283446000619,0.5435329627909143,0.6858306806256462,10.0,0.19816636006053978,2.0,-0.4803916419883498,0.05
SPOT,2026-03-11,0.10137,37,420.0,0.792064,530.260009765625,114.88339027149556,0.5144258399306133,0.6858306806256462,10.0,0.19816636006053978,2.0,-0.4803916419883498,0.05
SPOT,2026-03-11,0.10137,37,430.0,0.810923,530.260009765625,105.89394787129743,0.5142436844240442,0.6858306806256462,10.0,0.19816636006053978,2.0,-0.4803916419883498,0.05
SPOT,2026-03-11,0.10137,37,440.0,0.829782,530.260009765625,96.93450720266941,0.5063988783439703,0.6858306806256462,10.0,0.19816636006053978,2.0,-0.4803916419883498,0.05
SPOT,2026-03-11,0.10137,37,450.0,0.84864,530.260009765625,88.58506078639016,0.5094717765830568,0.6858306806256462,10.0,0.19816636006053978,2.0,-0.4803916419883498,0.05
SPOT,2026-03-11,0.10137,37,460.0,0.867499,530.260009765625,80.21561798024726,0.5029204301448932,0.6858306806256462,10.0,0.19816636006053978,2.0,-0.4803916419883498,0.05
SPOT,2026-03-11,0.10137,37,470.0,0.886358,530.260009765625,71.30617420884482,0.47766241278454835,0.6858306806256462,10.0,0.19816636006053978,2.0,-0.4803916419883498,0.05
SPOT,2026-03-11,0.10137,37,480.0,0.905216,530.260009765625,64.13673140001771,0.4838396318484112,0.6858306806256462,10.0,0.19816636006053978,2.0,-0.4803916419883498,0.05
SPOT,2026-03-11,0.10137,37,490.0,0.924075,530.260009765625,56.237285556087215,0.46755361807907,0.6858306806256462,10.0,0.19816636006053978,2.0,-0.4803916419883498,0.05
SPOT,2026-03-11,0.10137,37,500.0,0.942934,530.260009765625,49.79783692368903,0.47025832852155247,0.6858306806256462,10.0,0.19816636006053978,2.0,-0.4803916419883498,0.05
SPOT,2026-03-11,0.10137,37,510.0,0.961792,530.260009765625,42.78840147461642,0.4556332316821256,0.6858306806256462,10.0,0.19816636006053978,2.0,-0.4803916419883498,0.05
SPOT,2026-03-11,0.10137,37,520.0,0.980651,530.260009765625,34.70895747867769,0.41801323584239236,0.6858306806256462,10.0,0.19816636006053978,2.0,-0.4803916419883498,0.05
SPOT,2026-03-11,0.10137,37,530.0,0.99951,530.260009765625,30.099521251925466,0.4262254258446746,0.6858306806256462,10.0,0.19816636006053978,2.0,-0.4803916419883498,0.05
SPOT,2026-03-11,0.10137,37,540.0,1.018368,530.260009765625,28.59999999992064,0.47218989338695344,0.6858306806256462,10.0,0.19816636006053978,2.0,-0.4803916419883498,0.05
SPOT,2026-03-11,0.10137,37,550.0,1.037227,530.260009765625,26.94999874966493,0.5087635697532532,0.6858306806256462,10.0,0.19816636006053978,2.0,-0.4803916419883498,0.05
SPOT,2026-03-11,0.10137,37,560.0,1.056086,530.260009765625,19.120000055571296,0.44524781536059316,0.6858306806256462,10.0,0.19816636006053978,2.0,-0.4803916419883498,0.05
SPOT,2026-03-11,0.10137,37,570.0,1.074944,530.260009765625,19.39999314077403,0.49954191244909946,0.6858306806256462,10.0,0.19816636006053978,2.0,-0.4803916419883498,0.05
SPOT,2026-03-11,0.10137,37,580.0,1.093803,530.260009765625,14.029993220108139,0.4579792497840086,0.6858306806256462,10.0,0.19816636006053978,2.0,-0.4803916419883498,0.05
SPOT,2026-03-11,0.10137,37,590.0,1.112662,530.260009765625,16.799992701706827,0.5471849836935548,0.6858306806256462,10.0,0.19816636006053978,2.0,-0.4803916419883498,0.05
SPOT,2026-03-11,0.10137,37,600.0,1.13152,530.260009765625,8.999998646815882,0.4455935050862625,0.6858306806256462,10.0,0.19816636006053978,2.0,-0.4803916419883498,0.05
SPOT,2026-03-11,0.10137,37,610.0,1.150379,530.260009765625,7.200001688161663,0.4426676727206054,0.6858306806256462,10.0,0.19816636006053978,2.0,-0.4803916419883498,0.05
SPOT,2026-03-11,0.10137,37,620.0,1.169238,530.260009765625,13.199999991573478,0.5983799233524025,0.6858306806256462,10.0,0.19816636006053978,2.0,-0.4803916419883498,0.05
SPOT,2026-03-11,0.10137,37,630.0,1.188096,530.260009765625,4.910004920752428,0.44912548534948077,0.6858306806256462,10.0,0.19816636006053978,2.0,-0.4803916419883498,0.05
SPOT,2026-03-11,0.10137,37,640.0,1.206955,530.260009765625,4.199996091575727,0.4570280594796692,0.6858306806256462,10.0,0.19816636006053978,2.0,-0.4803916419883498,0.05
SPOT,2026-03-11,0.10137,37,650.0,1.225814,530.260009765625,2.769999977048421,0.4355059124828908,0.6858306806256462,10.0,0.19816636006053978,2.0,-0.4803916419883498,0.05
SPOT,2026-03-11,0.10137,37,660.0,1.244672,530.260009765625,4.599998052022471,0.5224801475235169,0.6858306806256462,10.0,0.19816636006053978,2.0,-0.4803916419883498,0.05
SPOT,2026-03-11,0.10137,37,670.0,1.263531,530.260009765625,1.870001454043301,0.4442499844398403,0.6858306806256462,10.0,0.19816636006053978,2.0,-0.4803916419883498,0.05
SPOT,2026-03-11,0.10137,37,680.0,1.28239,530.260009765625,3.719999386700323,0.5433735075077794,0.6858306806256462,10.0,0.19816636006053978,2.0,-0.4803916419883498,0.05
SPOT,2026-03-11,0.10137,37,690.0,1.301248,530.260009765625,1.6099999859884484,0.4736289369913119,0.6858306806256462,10.0,0.19816636006053978,2.0,-0.4803916419883498,0.05
SPOT,2026-03-11,0.10137,37,700.0,1.320107,530.260009765625,2.60000001188898,0.5443440313649393,0.6858306806256462,10.0,0.19816636006053978,2.0,-0.4803916419883498,0.05
SPOT,2026-03-11,0.10137,37,710.0,1.338966,530.260009765625,1.4199999540392376,0.5025068877147512,0.6858306806256462,10.0,0.19816636006053978,2.0,-0.4803916419883498,0.05
SPOT,2026-03-11,0.10137,37,720.0,1.357824,530.260009765625,1.1199986092713488,0.5006515506916211,0.6858306806256462,10.0,0.19816636006053978,2.0,-0.4803916419883498,0.05
SPOT,2026-03-11,0.10137,37,730.0,1.376683,530.260009765625,10.9999994781313,0.8720629459666519,0.6858306806256462,10.0,0.19816636006053978,2.0,-0.4803916419883498,0.05
SPOT,2026-03-11,0.10137,37,740.0,1.395542,530.260009765625,0.7400002666996048,0.5028368440209877,0.6858306806256462,10.0,0.19816636006053978,2.0,-0.4803916419883498,0.05
SPOT,2026-03-11,0.10137,37,750.0,1.4144,530.260009765625,0.9999997528918332,0.5446459801648832,0.6858306806256462,10.0,0.19816636006053978,2.0,-0.4803916419883498,0.05
SPOT,2026-03-11,0.10137,37,760.0,1.433259,530.260009765625,0.2599998155486265,0.4657179754333854,0.6858306806256462,10.0,0.19816636006053978,2.0,-0.4803916419883498,0.05
SPOT,2026-03-11,0.10137,37,770.0,1.452118,530.260009765625,0.18999964234965416,0.46295255798485957,0.6858306806256462,10.0,0.19816636006053978,2.0,-0.4803916419883498,0.05
SPOT,2026-03-11,0.10137,37,780.0,1.470976,530.260009765625,0.9000002680994736,0.5854091875463467,0.6858306806256462,10.0,0.19816636006053978,2.0,-0.4803916419883498,0.05
SPOT,2026-03-11,0.10137,37,790.0,1.489835,530.260009765625,7.579992327945426,0.913850953326286,0.6858306806256462,10.0,0.19816636006053978,2.0,-0.4803916419883498,0.05
SPOT,2026-03-11,0.10137,37,800.0,1.508694,530.260009765625,0.5999988859903027,0.5820269548884047,0.6858306806256462,10.0,0.19816636006053978,2.0,-0.4803916419883498,0.05
SPOT,2026-03-11,0.10137,37,810.0,1.527552,530.260009765625,3.6750036150917964,0.809471873908733,0.6858306806256462,10.0,0.19816636006053978,2.0,-0.4803916419883498,0.05
SPOT,2026-03-11,0.10137,37,820.0,1.546411,530.260009765625,0.15999998192703657,0.5208114269593485,0.6858306806256462,10.0,0.19816636006053978,2.0,-0.4803916419883498,0.05
SPOT,2026-03-11,0.10137,37,830.0,1.56527,530.260009765625,2.9400000017949495,0.8084246114100716,0.6858306806256462,10.0,0.19816636006053978,2.0,-0.4803916419883498,0.05
SPOT,2026-03-11,0.10137,37,840.0,1.584129,530.260009765625,0.040000034073473856,0.4779174858382434,0.6858306806256462,10.0,0.19816636006053978,2.0,-0.4803916419883498,0.05
SPOT,2026-03-11,0.10137,37,860.0,1.621846,530.260009765625,0.13999998640006917,0.562614847760667,0.6858306806256462,10.0,0.19816636006053978,2.0,-0.4803916419883498,0.05
SPOT,2026-03-11,0.10137,37,880.0,1.659563,530.260009765625,1.7099986986142781,0.8094106611661048,0.6858306806256462,10.0,0.19816636006053978,2.0,-0.4803916419883498,0.05
SPOT,2026-03-11,0.10137,37,900.0,1.697281,530.260009765625,1.5600000000708967,0.8260068398930576,0.6858306806256462,10.0,0.19816636006053978,2.0,-0.4803916419883498,0.05
SPOT,2026-03-11,0.10137,37,920.0,1.734998,530.260009765625,0.3400000010213926,0.6949697556386897,0.6858306806256462,10.0,0.19816636006053978,2.0,-0.4803916419883498,0.05
SPOT,2026-03-11,0.10137,37,940.0,1.772715,530.260009765625,1.3250000053832487,0.8589633568655208,0.6858306806256462,10.0,0.19816636006053978,2.0,-0.4803916419883498,0.05
SPOT,2026-03-11,0.120548,44,360.0,0.678912,530.260009765625,177.13467653278485,0.8203501623527286,0.6858306806256462,10.0,0.19816636006053978,2.0,-0.4803916419883498,0.05
SPOT,2026-03-11,0.120548,44,380.0,0.71663,530.260009765625,158.76235783501875,0.7856392815096093,0.6858306806256462,10.0,0.19816636006053978,2.0,-0.4803916419883498,0.05
SPOT,2026-03-11,0.120548,44,400.0,0.754347,530.260009765625,134.9437135963367,0.5380898029925466,0.6858306806256462,10.0,0.19816636006053978,2.0,-0.4803916419883498,0.05
SPOT,2026-03-11,0.120548,44,410.0,0.773206,530.260009765625,132.09281174256665,0.7380051398630811,0.6858306806256462,10.0,0.19816636006053978,2.0,-0.4803916419883498,0.05
SPOT,2026-03-11,0.120548,44,445.0,0.839211,530.260009765625,94.12413280572088,0.4941340710440288,0.6858306806256462,10.0,0.19816636006053978,2.0,-0.4803916419883498,0.05
SPOT,2026-03-11,0.120548,44,450.0,0.84864,530.260009765625,89.74418077804216,0.48739821686408846,0.6858306806256462,10.0,0.19816636006053978,2.0,-0.4803916419883498,0.05
SPOT,2026-03-11,0.120548,44,460.0,0.867499,530.260009765625,81.42427347899428,0.48021624046513645,0.6858306806256462,10.0,0.19816636006053978,2.0,-0.4803916419883498,0.05
SPOT,2026-03-11,0.120548,44,470.0,0.886358,530.260009765625,74.30936777977166,0.490689981225044,0.6858306806256462,10.0,0.19816636006053978,2.0,-0.4803916419883498,0.05
SPOT,2026-03-11,0.120548,44,475.0,0.895787,530.260009765625,79.85650419137141,0.6495708321500543,0.6858306806256462,10.0,0.19816636006053978,2.0,-0.4803916419883498,0.05
SPOT,2026-03-11,0.120548,44,480.0,0.905216,530.260009765625,65.99445885867016,0.4710780146094534,0.6858306806256462,10.0,0.19816636006053978,2.0,-0.4803916419883498,0.05
SPOT,2026-03-11,0.120548,44,485.0,0.914646,530.260009765625,63.924504239255896,0.4950269636806344,0.6858306806256462,10.0,0.19816636006053978,2.0,-0.4803916419883498,0.05
SPOT,2026-03-11,0.120548,44,490.0,0.924075,530.260009765625,58.35455125909863,0.4585418660994771,0.6858306806256462,10.0,0.19816636006053978,2.0,-0.4803916419883498,0.05
SPOT,2026-03-11,0.120548,44,495.0,0.933504,530.260009765625,53.224597855615286,0.4293176796463139,0.6858306806256462,10.0,0.19816636006053978,2.0,-0.4803916419883498,0.05
SPOT,2026-03-11,0.120548,44,500.0,0.942934,530.260009765625,53.41464460558569,0.4820428778647085,0.6858306806256462,10.0,0.19816636006053978,2.0,-0.4803916419883498,0.05
SPOT,2026-03-11,0.120548,44,505.0,0.952363,530.260009765625,47.59469065097272,0.4403683623331482,0.6858306806256462,10.0,0.19816636006053978,2.0,-0.4803916419883498,0.05
SPOT,2026-03-11,0.120548,44,510.0,0.961792,530.260009765625,56.28302593302624,0.6086490195560135,0.6858306806256462,10.0,0.19816636006053978,2.0,-0.4803916419883498,0.05
SPOT,2026-03-11,0.120548,44,520.0,0.980651,530.260009765625,41.10482958275736,0.4692907158915856,0.6858306806256462,10.0,0.19816636006053978,2.0,-0.4803916419883498,0.05
SPOT,2026-03-11,0.120548,44,525.0,0.99008,530.260009765625,35.73987553918471,0.4306972869280978,0.6858306806256462,10.0,0.19816636006053978,2.0,-0.4803916419883498,0.05
SPOT,2026-03-11,0.120548,44,530.0,0.99951,530.260009765625,36.32491002600764,0.4728104615815261,0.6858306806256462,10.0,0.19816636006053978,2.0,-0.4803916419883498,0.05
SPOT,2026-03-11,0.120548,44,540.0,1.018368,530.260009765625,34.17500809201499,0.5058493331370041,0.6858306806256462,10.0,0.19816636006053978,2.0,-0.4803916419883498,0.05
SPOT,2026-03-11,0.120548,44,545.0,1.027798,530.260009765625,36.74999992240916,0.5698345058042886,0.6858306806256462,10.0,0.19816636006053978,2.0,-0.4803916419883498,0.05
SPOT,2026-03-11,0.120548,44,550.0,1.037227,530.260009765625,28.374999682978796,0.4832272002786623,0.6858306806256462,10.0,0.19816636006053978,2.0,-0.4803916419883498,0.05
SPOT,2026-03-11,0.120548,44,555.0,1.046656,530.260009765625,45.909999997407596,0.7490602487569106,0.6858306806256462,10.0,0.19816636006053978,2.0,-0.4803916419883498,0.05
SPOT,2026-03-11,0.120548,44,560.0,1.056086,530.260009765625,25.070000000375757,0.4890528257047018,0.6858306806256462,10.0,0.19816636006053978,2.0,-0.4803916419883498,0.05
SPOT,2026-03-11,0.120548,44,565.0,1.065515,530.260009765625,32.15000000007598,0.6114559517841996,0.6858306806256462,10.0,0.19816636006053978,2.0,-0.4803916419883498,0.05
SPOT,2026-03-11,0.120548,44,570.0,1.074944,530.260009765625,31.350000001379556,0.6242008469113078,0.6858306806256462,10.0,0.19816636006053978,2.0,-0.4803916419883498,0.05
SPOT,2026-03-11,0.120548,44,575.0,1.084374,530.260009765625,18.724999998106938,0.46761693844145824,0.6858306806256462,10.0,0.19816636006053978,2.0,-0.4803916419883498,0.05
SPOT,2026-03-11,0.120548,44,590.0,1.112662,530.260009765625,25.550004687815715,0.629696727063897,0.6858306806256462,10.0,0.19816636006053978,2.0,-0.4803916419883498,0.05
SPOT,2026-03-11,0.120548,44,600.0,1.13152,530.260009765625,22.99999975354882,0.6319070923297744,0.6858306806256462,10.0,0.19816636006053978,2.0,-0.4803916419883498,0.05
SPOT,2026-03-11,0.120548,44,610.0,1.150379,530.260009765625,15.250000098396924,0.5479133417024727,0.6858306806256462,10.0,0.19816636006053978,2.0,-0.4803916419883498,0.05
SPOT,2026-03-11,0.120548,44,620.0,1.169238,530.260009765625,10.704166793509685,0.5022786577533944,0.6858306806256462,10.0,0.19816636006053978,2.0,-0.4803916419883498,0.05
SPOT,2026-03-11,0.120548,44,650.0,1.225814,530.260009765625,8.599999906020471,0.5481247199809762,0.6858306806256462,10.0,0.19816636006053978,2.0,-0.4803916419883498,0.05
SPOT,2026-03-11,0.120548,44,655.0,1.235243,530.260009765625,9.860008472502727,0.5879921341706971,0.6858306806256462,10.0,0.19816636006053978,2.0,-0.4803916419883498,0.05
SPOT,2026-03-11,0.178082,65,270.0,0.509184,530.260009765625,263.39344782408745,0.7650029460592644,0.6858306806256462,10.0,0.19816636006053978,2.0,-0.4803916419883498,0.05
SPOT,2026-03-11,0.178082,65,280.0,0.528043,530.260009765625,253.02209362541817,0.6394575516113982,0.6858306806256462,10.0,0.19816636006053978,2.0,-0.4803916419883498,0.05
SPOT,2026-03-11,0.178082,65,290.0,0.546902,530.260009765625,245.3707361526059,0.8535797140829149,0.6858306806256462,10.0,0.19816636006053978,2.0,-0.4803916419883498,0.05
SPOT,2026-03-11,0.178082,65,300.0,0.56576,530.260009765625,234.89938559913014,0.7746966506507654,0.6858306806256462,10.0,0.19816636006053978,2.0,-0.4803916419883498,0.05
SPOT,2026-03-11,0.178082,65,310.0,0.584619,530.260009765625,223.83803109896058,0.6353973550415708,0.6858306806256462,10.0,0.19816636006053978,2.0,-0.4803916419883498,0.05
SPOT,2026-03-11,0.178082,65,320.0,0.603478,530.260009765625,214.13667693773095,0.6244515737467937,0.6858306806256462,10.0,0.19816636006053978,2.0,-0.4803916419883498,0.05
SPOT,2026-03-11,0.178082,65,330.0,0.622336,530.260009765625,204.58532582618295,0.6221594026329536,0.6858306806256462,10.0,0.19816636006053978,2.0,-0.4803916419883498,0.05
SPOT,2026-03-11,0.178082,65,340.0,0.641195,530.260009765625,196.49396865585084,0.693779342525157,0.6858306806256462,10.0,0.19816636006053978,2.0,-0.4803916419883498,0.05
SPOT,2026-03-11,0.178082,65,350.0,0.660054,530.260009765625,185.48261469861393,0.6015322971058998,0.6858306806256462,10.0,0.19816636006053978,2.0,-0.4803916419883498,0.05
SPOT,2026-03-11,0.178082,65,360.0,0.678912,530.260009765625,180.90126051187008,0.7669561414961563,0.6858306806256462,10.0,0.19816636006053978,2.0,-0.4803916419883498,0.05
SPOT,2026-03-11,0.178082,65,370.0,0.697771,530.260009765625,170.19990641953177,0.7028720971344607,0.6858306806256462,10.0,0.19816636006053978,2.0,-0.4803916419883498,0.05
SPOT,2026-03-11,0.178082,65,380.0,0.71663,530.260009765625,164.18856089531636,0.7634746084416032,0.6858306806256462,10.0,0.19816636006053978,2.0,-0.4803916419883498,0.05
SPOT,2026-03-11,0.178082,65,390.0,0.735488,530.260009765625,148.26719363916789,0.5625268013177371,0.6858306806256462,10.0,0.19816636006053978,2.0,-0.4803916419883498,0.05
SPOT,2026-03-11,0.178082,65,400.0,0.754347,530.260009765625,139.33585170136212,0.5557927815637715,0.6858306806256462,10.0,0.19816636006053978,2.0,-0.4803916419883498,0.05
SPOT,2026-03-11,0.178082,65,410.0,0.773206,530.260009765625,130.2444899730852,0.5410168463669791,0.6858306806256462,10.0,0.19816636006053978,2.0,-0.4803916419883498,0.05
SPOT,2026-03-11,0.178082,65,420.0,0.792064,530.260009765625,121.63313452654802,0.5347872674093241,0.6858306806256462,10.0,0.19816636006053978,2.0,-0.4803916419883498,0.05
SPOT,2026-03-11,0.178082,65,430.0,0.810923,530.260009765625,114.17178149818568,0.5475797024383983,0.6858306806256462,10.0,0.19816636006053978,2.0,-0.4803916419883498,0.05
SPOT,2026-03-11,0.178082,65,440.0,0.829782,530.260009765625,105.09042037819444,0.5235688916479775,0.6858306806256462,10.0,0.19816636006053978,2.0,-0.4803916419883498,0.05
SPOT,2026-03-11,0.178082,65,450.0,0.84864,530.260009765625,96.24907317757669,0.5023000337439459,0.6858306806256462,10.0,0.19816636006053978,2.0,-0.4803916419883498,0.05
SPOT,2026-03-11,0.178082,65,460.0,0.867499,530.260009765625,91.13771905121644,0.5372747687176539,0.6858306806256462,10.0,0.19816636006053978,2.0,-0.4803916419883498,0.05
SPOT,2026-03-11,0.178082,65,470.0,0.886358,530.260009765625,82.77636092753602,0.5160316171990621,0.6858306806256462,10.0,0.19816636006053978,2.0,-0.4803916419883498,0.05
SPOT,2026-03-11,0.178082,65,480.0,0.905216,530.260009765625,76.56501075395744,0.5216792038376353,0.6858306806256462,10.0,0.19816636006053978,2.0,-0.4803916419883498,0.05
SPOT,2026-03-11,0.178082,65,490.0,0.924075,530.260009765625,68.9236553864834,0.5039942732581745,0.6858306806256462,10.0,0.19816636006053978,2.0,-0.4803916419883498,0.05
SPOT,2026-03-11,0.178082,65,500.0,0.942934,530.260009765625,60.562302471361136,0.47458118922620574,0.6858306806256462,10.0,0.19816636006053978,2.0,-0.4803916419883498,0.05
SPOT,2026-03-11,0.178082,65,510.0,0.961792,530.260009765625,55.59094563580862,0.4831617465093229,0.6858306806256462,10.0,0.19816636006053978,2.0,-0.4803916419883498,0.05
SPOT,2026-03-11,0.178082,65,520.0,0.980651,530.260009765625,51.7695874604683,0.5001124489617229,0.6858306806256462,10.0,0.19816636006053978,2.0,-0.4803916419883498,0.05
SPOT,2026-03-11,0.178082,65,530.0,0.99951,530.260009765625,40.91824003015981,0.43264279250728654,0.6858306806256462,10.0,0.19816636006053978,2.0,-0.4803916419883498,0.05
SPOT,2026-03-11,0.178082,65,540.0,1.018368,530.260009765625,43.65000000517213,0.5148442409705424,0.6858306806256462,10.0,0.19816636006053978,2.0,-0.4803916419883498,0.05
SPOT,2026-03-11,0.178082,65,550.0,1.037227,530.260009765625,37.69999146571996,0.4951732346371075,0.6858306806256462,10.0,0.19816636006053978,2.0,-0.4803916419883498,0.05
SPOT,2026-03-11,0.178082,65,560.0,1.056086,530.260009765625,35.499999578069975,0.5139118300817517,0.6858306806256462,10.0,0.19816636006053978,2.0,-0.4803916419883498,0.05
SPOT,2026-03-11,0.178082,65,570.0,1.074944,530.260009765625,32.650000000073106,0.5220302675040155,0.6858306806256462,10.0,0.19816636006053978,2.0,-0.4803916419883498,0.05
SPOT,2026-03-11,0.178082,65,580.0,1.093803,530.260009765625,34.60000000203806,0.5822019881009913,0.6858306806256462,10.0,0.19816636006053978,2.0,-0.4803916419883498,0.05
SPOT,2026-03-11,0.178082,65,590.0,1.112662,530.260009765625,23.77001410311064,0.4911061492279348,0.6858306806256462,10.0,0.19816636006053978,2.0,-0.4803916419883498,0.05
SPOT,2026-03-11,0.178082,65,600.0,1.13152,530.260009765625,20.299999206321303,0.4810956235976489,0.6858306806256462,10.0,0.19816636006053978,2.0,-0.4803916419883498,0.05
SPOT,2026-03-11,0.178082,65,610.0,1.150379,530.260009765625,18.000000000182496,0.4820943883650876,0.6858306806256462,10.0,0.19816636006053978,2.0,-0.4803916419883498,0.05
SPOT,2026-03-11,0.178082,65,620.0,1.169238,530.260009765625,26.169999300054855,0.6147395211387032,0.6858306806256462,10.0,0.19816636006053978,2.0,-0.4803916419883498,0.05
SPOT,2026-03-11,0.178082,65,630.0,1.188096,530.260009765625,18.50000004623044,0.5450087270374077,0.6858306806256462,10.0,0.19816636006053978,2.0,-0.4803916419883498,0.05
SPOT,2026-03-11,0.178082,65,640.0,1.206955,530.260009765625,18.250000524003937,0.568218298661894,0.6858306806256462,10.0,0.19816636006053978,2.0,-0.4803916419883498,0.05
SPOT,2026-03-11,0.178082,65,650.0,1.225814,530.260009765625,10.910000058842499,0.48531883844455875,0.6858306806256462,10.0,0.19816636006053978,2.0,-0.4803916419883498,0.05
SPOT,2026-03-11,0.178082,65,660.0,1.244672,530.260009765625,10.620003162267096,0.5034259933268215,0.6858306806256462,10.0,0.19816636006053978,2.0,-0.4803916419883498,0.05
SPOT,2026-03-11,0.178082,65,670.0,1.263531,530.260009765625,12.450000065148288,0.5555047170971081,0.6858306806256462,10.0,0.19816636006053978,2.0,-0.4803916419883498,0.05
SPOT,2026-03-11,0.178082,65,680.0,1.28239,530.260009765625,7.000003044552642,0.4800794589565805,0.6858306806256462,10.0,0.19816636006053978,2.0,-0.4803916419883498,0.05
SPOT,2026-03-11,0.178082,65,690.0,1.301248,530.260009765625,11.27999997734787,0.5791508530049015,0.6858306806256462,10.0,0.19816636006053978,2.0,-0.4803916419883498,0.05
SPOT,2026-03-11,0.178082,65,700.0,1.320107,530.260009765625,6.9399964058277845,0.5174109296092068,0.6858306806256462,10.0,0.19816636006053978,2.0,-0.4803916419883498,0.05
SPOT,2026-03-11,0.178082,65,710.0,1.338966,530.260009765625,1.4999998160973647,0.37890017123898573,0.6858306806256462,10.0,0.19816636006053978,2.0,-0.4803916419883498,0.05
SPOT,2026-03-11,0.178082,65,720.0,1.357824,530.260009765625,0.5799996303812947,0.3367180357168018,0.6858306806256462,10.0,0.19816636006053978,2.0,-0.4803916419883498,0.05
SPOT,2026-03-11,0.178082,65,730.0,1.376683,530.260009765625,1.7000000189796154,0.41749521706324755,0.6858306806256462,10.0,0.19816636006053978,2.0,-0.4803916419883498,0.05
SPOT,2026-03-11,0.178082,65,740.0,1.395542,530.260009765625,4.599998788027982,0.5312858578965223,0.6858306806256462,10.0,0.19816636006053978,2.0,-0.4803916419883498,0.05
SPOT,2026-03-11,0.178082,65,750.0,1.4144,530.260009765625,3.999999791065001,0.5299696512393113,0.6858306806256462,10.0,0.19816636006053978,2.0,-0.4803916419883498,0.05
SPOT,2026-03-11,0.178082,65,760.0,1.433259,530.260009765625,2.0499994731487234,0.475672519945391,0.6858306806256462,10.0,0.19816636006053978,2.0,-0.4803916419883498,0.05
SPOT,2026-03-11,0.178082,65,770.0,1.452118,530.260009765625,2.229998642935488,0.4972526857342294,0.6858306806256462,10.0,0.19816636006053978,2.0,-0.4803916419883498,0.05
SPOT,2026-03-11,0.178082,65,780.0,1.470976,530.260009765625,1.4999986261433733,0.4758215142953099,0.6858306806256462,10.0,0.19816636006053978,2.0,-0.4803916419883498,0.05
SPOT,2026-03-11,0.178082,65,790.0,1.489835,530.260009765625,1.6999991989603451,0.4992583118741824,0.6858306806256462,10.0,0.19816636006053978,2.0,-0.4803916419883498,0.05
SPOT,2026-03-11,0.178082,65,800.0,1.508694,530.260009765625,0.9000000013175207,0.46199125689387505,0.6858306806256462,10.0,0.19816636006053978,2.0,-0.4803916419883498,0.05
SPOT,2026-03-11,0.178082,65,810.0,1.527552,530.260009765625,0.7950000052090562,0.4650551885648495,0.6858306806256462,10.0,0.19816636006053978,2.0,-0.4803916419883498,0.05
SPOT,2026-03-11,0.178082,65,820.0,1.546411,530.260009765625,0.9600000004317248,0.4898355889869595,0.6858306806256462,10.0,0.19816636006053978,2.0,-0.4803916419883498,0.05
SPOT,2026-03-11,0.178082,65,830.0,1.56527,530.260009765625,1.7299995747995567,0.5505059121461865,0.6858306806256462,10.0,0.19816636006053978,2.0,-0.4803916419883498,0.05
SPOT,2026-03-11,0.178082,65,840.0,1.584129,530.260009765625,0.7999999978485377,0.4989160279842099,0.6858306806256462,10.0,0.19816636006053978,2.0,-0.4803916419883498,0.05
SPOT,2026-03-11,0.178082,65,850.0,1.602987,530.260009765625,1.0299992764408685,0.528852449224735,0.6858306806256462,10.0,0.19816636006053978,2.0,-0.4803916419883498,0.05
SPOT,2026-03-11,0.178082,65,860.0,1.621846,530.260009765625,0.5499999976161272,0.4944103174825061,0.6858306806256462,10.0,0.19816636006053978,2.0,-0.4803916419883498,0.05
SPOT,2026-03-11,0.178082,65,870.0,1.640705,530.260009765625,2.0600041623110954,0.6147823097211755,0.6858306806256462,10.0,0.19816636006053978,2.0,-0.4803916419883498,0.05
SPOT,2026-03-11,0.178082,65,880.0,1.659563,530.260009765625,4.350004311665359,0.7199235374115941,0.6858306806256462,10.0,0.19816636006053978,2.0,-0.4803916419883498,0.05
SPOT,2026-03-11,0.178082,65,890.0,1.678422,530.260009765625,2.4049999084528295,0.6546254599330222,0.6858306806256462,10.0,0.19816636006053978,2.0,-0.4803916419883498,0.05
SPOT,2026-03-11,0.178082,65,900.0,1.697281,530.260009765625,3.3799965037558586,0.7083611991130249,0.6858306806256462,10.0,0.19816636006053978,2.0,-0.4803916419883498,0.05
SPOT,2026-03-11,0.178082,65,910.0,1.716139,530.260009765625,2.5600039466593074,0.6843245546027781,0.6858306806256462,10.0,0.19816636006053978,2.0,-0.4803916419883498,0.05
SPOT,2026-03-11,0.178082,65,920.0,1.734998,530.260009765625,1.9499999966366168,0.6638600330694459,0.6858306806256462,10.0,0.19816636006053978,2.0,-0.4803916419883498,0.05
SPOT,2026-03-11,0.178082,65,930.0,1.753857,530.260009765625,0.22000015714157684,0.5047792287914854,0.6858306806256462,10.0,0.19816636006053978,2.0,-0.4803916419883498,0.05
SPOT,2026-03-11,0.178082,65,940.0,1.772715,530.260009765625,1.134999734455656,0.6299471236581359,0.6858306806256462,10.0,0.19816636006053978,2.0,-0.4803916419883498,0.05
SPOT,2026-03-11,0.178082,65,950.0,1.791574,530.260009765625,10.674997847068056,0.9765679784008708,0.6858306806256462,10.0,0.19816636006053978,2.0,-0.4803916419883498,0.05
SPOT,2026-03-11,0.271233,99,270.0,0.509184,530.260009765625,266.6369364909249,0.7775987421247952,0.6858306806256462,10.0,0.19816636006053978,2.0,-0.4803916419883498,0.05
SPOT,2026-03-11,0.271233,99,280.0,0.528043,530.260009765625,256.2316350587993,0.7109591855479681,0.6858306806256462,10.0,0.19816636006053978,2.0,-0.4803916419883498,0.05
SPOT,2026-03-11,0.271233,99,290.0,0.546902,530.260009765625,246.80633848859787,0.7015046656925784,0.6858306806256462,10.0,0.19816636006053978,2.0,-0.4803916419883498,0.05
SPOT,2026-03-11,0.271233,99,300.0,0.56576,530.260009765625,235.90103946856942,0.6082673284436999,0.6858306806256462,10.0,0.19816636006053978,2.0,-0.4803916419883498,0.05
SPOT,2026-03-11,0.271233,99,310.0,0.584619,530.260009765625,226.57574107818652,0.6099620484351627,0.6858306806256462,10.0,0.19816636006053978,2.0,-0.4803916419883498,0.05
SPOT,2026-03-11,0.271233,99,320.0,0.603478,530.260009765625,217.27044146128492,0.6067579919051276,0.6858306806256462,10.0,0.19816636006053978,2.0,-0.4803916419883498,0.05
SPOT,2026-03-11,0.271233,99,330.0,0.622336,530.260009765625,207.45514245010548,0.5781953566249785,0.6858306806256462,10.0,0.19816636006053978,2.0,-0.4803916419883498,0.05
SPOT,2026-03-11,0.271233,99,340.0,0.641195,530.260009765625,198.5898434211657,0.5865393893510185,0.6858306806256462,10.0,0.19816636006053978,2.0,-0.4803916419883498,0.05
SPOT,2026-03-11,0.271233,99,350.0,0.660054,530.260009765625,188.72454419124495,0.5557121163367049,0.6858306806256462,10.0,0.19816636006053978,2.0,-0.4803916419883498,0.05
SPOT,2026-03-11,0.271233,99,360.0,0.678912,530.260009765625,179.50924398694684,0.5460441820737681,0.6858306806256462,10.0,0.19816636006053978,2.0,-0.4803916419883498,0.05
SPOT,2026-03-11,0.271233,99,370.0,0.697771,530.260009765625,170.46394012066293,0.5386214332226837,0.6858306806256462,10.0,0.19816636006053978,2.0,-0.4803916419883498,0.05
SPOT,2026-03-11,0.271233,99,380.0,0.71663,530.260009765625,161.65863764664346,0.5341796603543594,0.6858306806256462,10.0,0.19816636006053978,2.0,-0.4803916419883498,0.05
SPOT,2026-03-11,0.271233,99,390.0,0.735488,530.260009765625,152.87334843533688,0.5268741491329805,0.6858306806256462,10.0,0.19816636006053978,2.0,-0.4803916419883498,0.05
SPOT,2026-03-11,0.271233,99,400.0,0.754347,530.260009765625,144.39804858455494,0.5228580557373971,0.6858306806256462,10.0,0.19816636006053978,2.0,-0.4803916419883498,0.05
SPOT,2026-03-11,0.271233,99,410.0,0.773206,530.260009765625,135.78275310013095,0.5131777106121762,0.6858306806256462,10.0,0.19816636006053978,2.0,-0.4803916419883498,0.05
SPOT,2026-03-11,0.271233,99,420.0,0.792064,530.260009765625,128.20744065761704,0.5178500452184011,0.6858306806256462,10.0,0.19816636006053978,2.0,-0.4803916419883498,0.05
SPOT,2026-03-11,0.271233,99,430.0,0.810923,530.260009765625,119.0521521316395,0.4948825234536132,0.6858306806256462,10.0,0.19816636006053978,2.0,-0.4803916419883498,0.05
SPOT,2026-03-11,0.271233,99,440.0,0.829782,530.260009765625,111.75685397787566,0.4970405961664966,0.6858306806256462,10.0,0.19816636006053978,2.0,-0.4803916419883498,0.05
SPOT,2026-03-11,0.271233,99,450.0,0.84864,530.260009765625,106.17156152005174,0.5168028193733354,0.6858306806256462,10.0,0.19816636006053978,2.0,-0.4803916419883498,0.05
SPOT,2026-03-11,0.271233,99,460.0,0.867499,530.260009765625,97.04625300380883,0.4889538786819362,0.6858306806256462,10.0,0.19816636006053978,2.0,-0.4803916419883498,0.05
SPOT,2026-03-11,0.271233,99,470.0,0.886358,530.260009765625,89.9909563047911,0.4840059842807657,0.6858306806256462,10.0,0.19816636006053978,2.0,-0.4803916419883498,0.05
SPOT,2026-03-11,0.271233,99,480.0,0.905216,530.260009765625,85.43565764607348,0.503000715782947,0.6858306806256462,10.0,0.19816636006053978,2.0,-0.4803916419883498,0.05
SPOT,2026-03-11,0.271233,99,490.0,0.924075,530.260009765625,78.15035829991535,0.4893497404660394,0.6858306806256462,10.0,0.19816636006053978,2.0,-0.4803916419883498,0.05
SPOT,2026-03-11,0.271233,99,500.0,0.942934,530.260009765625,73.99505666996708,0.5045766455863588,0.6858306806256462,10.0,0.19816636006053978,2.0,-0.4803916419883498,0.05
SPOT,2026-03-11,0.271233,99,520.0,0.980651,530.260009765625,61.41448455071259,0.48416659748094326,0.6858306806256462,10.0,0.19816636006053978,2.0,-0.4803916419883498,0.05
SPOT,2026-03-11,0.271233,99,540.0,1.018368,530.260009765625,50.8000000089107,0.47229946721038685,0.6858306806256462,10.0,0.19816636006053978,2.0,-0.4803916419883498,0.05
SPOT,2026-03-11,0.271233,99,560.0,1.056086,530.260009765625,42.000000002320974,0.4666478560199875,0.6858306806256462,10.0,0.19816636006053978,2.0,-0.4803916419883498,0.05
SPOT,2026-03-11,0.271233,99,580.0,1.093803,530.260009765625,34.95001838904864,0.4668589721193126,0.6858306806256462,10.0,0.19816636006053978,2.0,-0.4803916419883498,0.05
SPOT,2026-03-11,0.271233,99,590.0,1.112662,530.260009765625,33.10000000742838,0.47904738543350694,0.6858306806256462,10.0,0.19816636006053978,2.0,-0.4803916419883498,0.05
SPOT,2026-03-11,0.271233,99,600.0,1.13152,530.260009765625,28.709997264194044,0.46511421110171186,0.6858306806256462,10.0,0.19816636006053978,2.0,-0.4803916419883498,0.05
SPOT,2026-03-11,0.271233,99,610.0,1.150379,530.260009765625,28.999981439510066,0.4940637252032735,0.6858306806256462,10.0,0.19816636006053978,2.0,-0.4803916419883498,0.05
SPOT,2026-03-11,0.271233,99,620.0,1.169238,530.260009765625,23.1899989683333,0.4611938983145859,0.6858306806256462,10.0,0.19816636006053978,2.0,-0.4803916419883498,0.05
SPOT,2026-03-11,0.271233,99,630.0,1.188096,530.260009765625,21.849976771140632,0.4706327726984422,0.6858306806256462,10.0,0.19816636006053978,2.0,-0.4803916419883498,0.05
SPOT,2026-03-11,0.271233,99,640.0,1.206955,530.260009765625,20.400000003479647,0.47744472839512103,0.6858306806256462,10.0,0.19816636006053978,2.0,-0.4803916419883498,0.05
SPOT,2026-03-11,0.271233,99,650.0,1.225814,530.260009765625,24.13000000021475,0.5384921854784712,0.6858306806256462,10.0,0.19816636006053978,2.0,-0.4803916419883498,0.05
SPOT,2026-03-11,0.271233,99,660.0,1.244672,530.260009765625,16.49999319758406,0.4750672853222881,0.6858306806256462,10.0,0.19816636006053978,2.0,-0.4803916419883498,0.05
SPOT,2026-03-11,0.271233,99,670.0,1.263531,530.260009765625,20.280001482158497,0.5377297646254374,0.6858306806256462,10.0,0.19816636006053978,2.0,-0.4803916419883498,0.05
SPOT,2026-03-11,0.271233,99,680.0,1.28239,530.260009765625,17.79999994534272,0.5283909391595112,0.6858306806256462,10.0,0.19816636006053978,2.0,-0.4803916419883498,0.05
SPOT,2026-03-11,0.271233,99,690.0,1.301248,530.260009765625,19.249999973616042,0.5637598258051246,0.6858306806256462,10.0,0.19816636006053978,2.0,-0.4803916419883498,0.05
SPOT,2026-03-11,0.271233,99,700.0,1.320107,530.260009765625,17.209993477790846,0.5573851269154082,0.6858306806256462,10.0,0.19816636006053978,2.0,-0.4803916419883498,0.05
SPOT,2026-03-11,0.271233,99,720.0,1.357824,530.260009765625,12.999998426480062,0.5366213054035878,0.6858306806256462,10.0,0.19816636006053978,2.0,-0.4803916419883498,0.05
SPOT,2026-03-11,0.271233,99,740.0,1.395542,530.260009765625,9.09000258416279,0.5090975638971463,0.6858306806256462,10.0,0.19816636006053978,2.0,-0.4803916419883498,0.05
SPOT,2026-03-11,0.271233,99,760.0,1.433259,530.260009765625,9.200006286830956,0.5390677170682641,0.6858306806256462,10.0,0.19816636006053978,2.0,-0.4803916419883498,0.05
SPOT,2026-03-11,0.271233,99,780.0,1.470976,530.260009765625,3.709999996801095,0.4541383567917057,0.6858306806256462,10.0,0.19816636006053978,2.0,-0.4803916419883498,0.05
SPOT,2026-03-11,0.271233,99,800.0,1.508694,530.260009765625,3.15000016654146,0.4613090704261767,0.6858306806256462,10.0,0.19816636006053978,2.0,-0.4803916419883498,0.05
SPOT,2026-03-11,0.271233,99,820.0,1.546411,530.260009765625,2.29999979832834,0.45489029501385275,0.6858306806256462,10.0,0.19816636006053978,2.0,-0.4803916419883498,0.05
SPOT,2026-03-11,0.271233,99,840.0,1.584129,530.260009765625,3.1299999671794794,0.5032472712816305,0.6858306806256462,10.0,0.19816636006053978,2.0,-0.4803916419883498,0.05
SPOT,2026-03-11,0.271233,99,860.0,1.621846,530.260009765625,1.6000047172070389,0.46477207498357337,0.6858306806256462,10.0,0.19816636006053978,2.0,-0.4803916419883498,0.05
SPOT,2026-03-11,0.271233,99,880.0,1.659563,530.260009765625,0.2499999038859726,0.37580868316403665,0.6858306806256462,10.0,0.19816636006053978,2.0,-0.4803916419883498,0.05
SPOT,2026-03-11,0.271233,99,900.0,1.697281,530.260009765625,0.49999775740790664,0.42411043613961924,0.6858306806256462,10.0,0.19816636006053978,2.0,-0.4803916419883498,0.05
SPOT,2026-03-11,0.271233,99,920.0,1.734998,530.260009765625,0.49999904274114915,0.4392868873198577,0.6858306806256462,10.0,0.19816636006053978,2.0,-0.4803916419883498,0.05
SPOT,2026-03-11,0.271233,99,940.0,1.772715,530.260009765625,0.8999999901101514,0.4905277785562535,0.6858306806256462,10.0,0.19816636006053978,2.0,-0.4803916419883498,0.05
SPOT,2026-03-11,0.350685,128,270.0,0.509184,530.260009765625,266.8329941333987,0.6406736954352293,0.6858306806256462,10.0,0.19816636006053978,2.0,-0.4803916419883498,0.05
SPOT,2026-03-11,0.350685,128,280.0,0.528043,530.260009765625,257.8968063154418,0.6570132821682206,0.6858306806256462,10.0,0.19816636006053978,2.0,-0.4803916419883498,0.05
SPOT,2026-03-11,0.350685,128,290.0,0.546902,530.260009765625,246.72062016380357,0.5539400607411192,0.6858306806256462,10.0,0.19816636006053978,2.0,-0.4803916419883498,0.05
SPOT,2026-03-11,0.350685,128,300.0,0.56576,530.260009765625,239.0344307197737,0.6284866589334851,0.6858306806256462,10.0,0.19816636006053978,2.0,-0.4803916419883498,0.05
SPOT,2026-03-11,0.350685,128,310.0,0.584619,530.260009765625,229.60825316243415,0.6126163714398081,0.6858306806256462,10.0,0.19816636006053978,2.0,-0.4803916419883498,0.05
SPOT,2026-03-11,0.350685,128,320.0,0.603478,530.260009765625,221.2020711980993,0.6263566902876117,0.6858306806256462,10.0,0.19816636006053978,2.0,-0.4803916419883498,0.05
SPOT,2026-03-11,0.350685,128,330.0,0.622336,530.260009765625,210.445876667795,0.5692449118832738,0.6858306806256462,10.0,0.19816636006053978,2.0,-0.4803916419883498,0.05
SPOT,2026-03-11,0.350685,128,340.0,0.641195,530.260009765625,200.41968924081567,0.5347556188761546,0.6858306806256462,10.0,0.19816636006053978,2.0,-0.4803916419883498,0.05
SPOT,2026-03-11,0.350685,128,350.0,0.660054,530.260009765625,191.3435010447228,0.527483024669315,0.6858306806256462,10.0,0.19816636006053978,2.0,-0.4803916419883498,0.05
SPOT,2026-03-11,0.350685,128,360.0,0.678912,530.260009765625,183.66732266449384,0.5493982139224967,0.6858306806256462,10.0,0.19816636006053978,2.0,-0.4803916419883498,0.05
SPOT,2026-03-11,0.350685,128,370.0,0.697771,530.260009765625,172.98113370963716,0.5019894861093493,0.6858306806256462,10.0,0.19816636006053978,2.0,-0.4803916419883498,0.05
SPOT,2026-03-11,0.350685,128,380.0,0.71663,530.260009765625,168.41494978409992,0.5707507982764461,0.6858306806256462,10.0,0.19816636006053978,2.0,-0.4803916419883498,0.05
SPOT,2026-03-11,0.350685,128,390.0,0.735488,530.260009765625,156.33876175749822,0.5025696749586978,0.6858306806256462,10.0,0.19816636006053978,2.0,-0.4803916419883498,0.05
SPOT,2026-03-11,0.350685,128,400.0,0.754347,530.260009765625,147.96257692003041,0.4969366359180407,0.6858306806256462,10.0,0.19816636006053978,2.0,-0.4803916419883498,0.05
SPOT,2026-03-11,0.350685,128,410.0,0.773206,530.260009765625,139.47639042108148,0.4873684285907001,0.6858306806256462,10.0,0.19816636006053978,2.0,-0.4803916419883498,0.05
SPOT,2026-03-11,0.350685,128,420.0,0.792064,530.260009765625,131.2602044202241,0.479708011130508,0.6858306806256462,10.0,0.19816636006053978,2.0,-0.4803916419883498,0.05
SPOT,2026-03-11,0.350685,128,430.0,0.810923,530.260009765625,124.98401890432996,0.4940994229933169,0.6858306806256462,10.0,0.19816636006053978,2.0,-0.4803916419883498,0.05
SPOT,2026-03-11,0.350685,128,440.0,0.829782,530.260009765625,117.6078329082319,0.4909415444623448,0.6858306806256462,10.0,0.19816636006053978,2.0,-0.4803916419883498,0.05
SPOT,2026-03-11,0.350685,128,450.0,0.84864,530.260009765625,109.43164287942744,0.4766842648829676,0.6858306806256462,10.0,0.19816636006053978,2.0,-0.4803916419883498,0.05
SPOT,2026-03-11,0.350685,128,460.0,0.867499,530.260009765625,102.87546121186296,0.47780825357711065,0.6858306806256462,10.0,0.19816636006053978,2.0,-0.4803916419883498,0.05
SPOT,2026-03-11,0.350685,128,470.0,0.886358,530.260009765625,94.44926296496118,0.4578394521371079,0.6858306806256462,10.0,0.19816636006053978,2.0,-0.4803916419883498,0.05
SPOT,2026-03-11,0.350685,128,480.0,0.905216,530.260009765625,108.32308894150083,0.6418896993309688,0.6858306806256462,10.0,0.19816636006053978,2.0,-0.4803916419883498,0.05
SPOT,2026-03-11,0.350685,128,490.0,0.924075,530.260009765625,84.92688190300322,0.48114229383629353,0.6858306806256462,10.0,0.19816636006053978,2.0,-0.4803916419883498,0.05
SPOT,2026-03-11,0.350685,128,500.0,0.942934,530.260009765625,77.45071786350906,0.46431377885818076,0.6858306806256462,10.0,0.19816636006053978,2.0,-0.4803916419883498,0.05
SPOT,2026-03-11,0.350685,128,510.0,0.961792,530.260009765625,70.97453207127711,0.45451808381651665,0.6858306806256462,10.0,0.19816636006053978,2.0,-0.4803916419883498,0.05
SPOT,2026-03-11,0.350685,128,520.0,0.980651,530.260009765625,59.928346232909234,0.40497008160999876,0.6858306806256462,10.0,0.19816636006053978,2.0,-0.4803916419883498,0.05
SPOT,2026-03-11,0.350685,128,530.0,0.99951,530.260009765625,61.47216058842258,0.45737212007476946,0.6858306806256462,10.0,0.19816636006053978,2.0,-0.4803916419883498,0.05
SPOT,2026-03-11,0.350685,128,540.0,1.018368,530.260009765625,58.25000000426701,0.46773138038597967,0.6858306806256462,10.0,0.19816636006053978,2.0,-0.4803916419883498,0.05
SPOT,2026-03-11,0.350685,128,550.0,1.037227,530.260009765625,69.14000064546948,0.5890233980620555,0.6858306806256462,10.0,0.19816636006053978,2.0,-0.4803916419883498,0.05
SPOT,2026-03-11,0.350685,128,560.0,1.056086,530.260009765625,49.249999998294214,0.46147556617941976,0.6858306806256462,10.0,0.19816636006053978,2.0,-0.4803916419883498,0.05
SPOT,2026-03-11,0.350685,128,570.0,1.074944,530.260009765625,54.50000000880692,0.5332784467333069,0.6858306806256462,10.0,0.19816636006053978,2.0,-0.4803916419883498,0.05
SPOT,2026-03-11,0.350685,128,580.0,1.093803,530.260009765625,44.85000000082434,0.48427845222079297,0.6858306806256462,10.0,0.19816636006053978,2.0,-0.4803916419883498,0.05
SPOT,2026-03-11,0.350685,128,590.0,1.112662,530.260009765625,45.39999975612932,0.5153516128131878,0.6858306806256462,10.0,0.19816636006053978,2.0,-0.4803916419883498,0.05
SPOT,2026-03-11,0.350685,128,600.0,1.13152,530.260009765625,45.61998956044519,0.5425202581634788,0.6858306806256462,10.0,0.19816636006053978,2.0,-0.4803916419883498,0.05
SPOT,2026-03-11,0.350685,128,610.0,1.150379,530.260009765625,41.990000001380196,0.5371615250673022,0.6858306806256462,10.0,0.19816636006053978,2.0,-0.4803916419883498,0.05
SPOT,2026-03-11,0.350685,128,620.0,1.169238,530.260009765625,32.05999492999558,0.4773388196439833,0.6858306806256462,10.0,0.19816636006053978,2.0,-0.4803916419883498,0.05
SPOT,2026-03-11,0.350685,128,630.0,1.188096,530.260009765625,29.23999999116006,0.4745602319108098,0.6858306806256462,10.0,0.19816636006053978,2.0,-0.4803916419883498,0.05
SPOT,2026-03-11,0.350685,128,640.0,1.206955,530.260009765625,20.990000000112587,0.4205705953307382,0.6858306806256462,10.0,0.19816636006053978,2.0,-0.4803916419883498,0.05
SPOT,2026-03-11,0.350685,128,650.0,1.225814,530.260009765625,27.999998670138353,0.5037635323474884,0.6858306806256462,10.0,0.19816636006053978,2.0,-0.4803916419883498,0.05
SPOT,2026-03-11,0.350685,128,660.0,1.244672,530.260009765625,14.339999826875754,0.39082509161334394,0.6858306806256462,10.0,0.19816636006053978,2.0,-0.4803916419883498,0.05
SPOT,2026-03-11,0.350685,128,670.0,1.263531,530.260009765625,20.000000445831603,0.46557430265634253,0.6858306806256462,10.0,0.19816636006053978,2.0,-0.4803916419883498,0.05
SPOT,2026-03-11,0.350685,128,680.0,1.28239,530.260009765625,24.60000000962063,0.5271617052939717,0.6858306806256462,10.0,0.19816636006053978,2.0,-0.4803916419883498,0.05
SPOT,2026-03-11,0.350685,128,690.0,1.301248,530.260009765625,16.749999420036758,0.46540911188492046,0.6858306806256462,10.0,0.19816636006053978,2.0,-0.4803916419883498,0.05
SPOT,2026-03-11,0.350685,128,700.0,1.320107,530.260009765625,13.750000022595458,0.4477674333700538,0.6858306806256462,10.0,0.19816636006053978,2.0,-0.4803916419883498,0.05
SPOT,2026-03-11,0.350685,128,710.0,1.338966,530.260009765625,16.31001322255844,0.4913414514461767,0.6858306806256462,10.0,0.19816636006053978,2.0,-0.4803916419883498,0.05
SPOT,2026-03-11,0.350685,128,720.0,1.357824,530.260009765625,15.250000017103574,0.49414915649370267,0.6858306806256462,10.0,0.19816636006053978,2.0,-0.4803916419883498,0.05
SPOT,2026-03-11,0.350685,128,730.0,1.376683,530.260009765625,14.230002793008452,0.49648972588306195,0.6858306806256462,10.0,0.19816636006053978,2.0,-0.4803916419883498,0.05
SPOT,2026-03-11,0.350685,128,740.0,1.395542,530.260009765625,9.92000010279682,0.455527035573636,0.6858306806256462,10.0,0.19816636006053978,2.0,-0.4803916419883498,0.05
SPOT,2026-03-11,0.350685,128,750.0,1.4144,530.260009765625,11.829981089577672,0.49371951682464355,0.6858306806256462,10.0,0.19816636006053978,2.0,-0.4803916419883498,0.05
SPOT,2026-03-11,0.350685,128,760.0,1.433259,530.260009765625,5.625000210415607,0.4132184915025915,0.6858306806256462,10.0,0.19816636006053978,2.0,-0.4803916419883498,0.05
SPOT,2026-03-11,0.350685,128,770.0,1.452118,530.260009765625,10.600000650689225,0.5023302490865899,0.6858306806256462,10.0,0.19816636006053978,2.0,-0.4803916419883498,0.05
SPOT,2026-03-11,0.350685,128,780.0,1.470976,530.260009765625,9.499992747727461,0.49863377921338503,0.6858306806256462,10.0,0.19816636006053978,2.0,-0.4803916419883498,0.05
SPOT,2026-03-11,0.350685,128,800.0,1.508694,530.260009765625,7.200000000329794,0.48506402724793063,0.6858306806256462,10.0,0.19816636006053978,2.0,-0.4803916419883498,0.05
SPOT,2026-03-11,0.350685,128,820.0,1.546411,530.260009765625,5.199999992344537,0.46888113614771637,0.6858306806256462,10.0,0.19816636006053978,2.0,-0.4803916419883498,0.05
SPOT,2026-03-11,0.350685,128,840.0,1.584129,530.260009765625,1.299997142141775,0.37657277031339,0.6858306806256462,10.0,0.19816636006053978,2.0,-0.4803916419883498,0.05
SPOT,2026-03-11,0.350685,128,860.0,1.621846,530.260009765625,1.069999994667448,0.3810766852002485,0.6858306806256462,10.0,0.19816636006053978,2.0,-0.4803916419883498,0.05
SPOT,2026-03-11,0.350685,128,880.0,1.659563,530.260009765625,2.369995213899017,0.45097785660573997,0.6858306806256462,10.0,0.19816636006053978,2.0,-0.4803916419883498,0.05
SPOT,2026-03-11,0.350685,128,900.0,1.697281,530.260009765625,1.3600000000622412,0.426317144143628,0.6858306806256462,10.0,0.19816636006053978,2.0,-0.4803916419883498,0.05
SPOT,2026-03-11,0.446575,163,270.0,0.509184,530.260009765625,269.42196760092224,0.6319930557631789,0.6858306806256462,10.0,0.19816636006053978,2.0,-0.4803916419883498,0.05
SPOT,2026-03-11,0.446575,163,280.0,0.528043,530.260009765625,261.3727760800328,0.6622718322876059,0.6858306806256462,10.0,0.19816636006053978,2.0,-0.4803916419883498,0.05
SPOT,2026-03-11,0.446575,163,290.0,0.546902,530.260009765625,250.9235912433092,0.6116243393149832,0.6858306806256462,10.0,0.19816636006053978,2.0,-0.4803916419883498,0.05
SPOT,2026-03-11,0.446575,163,300.0,0.56576,530.260009765625,241.93440716484406,0.6065223309397699,0.6858306806256462,10.0,0.19816636006053978,2.0,-0.4803916419883498,0.05
SPOT,2026-03-11,0.446575,163,310.0,0.584619,530.260009765625,234.41522773864148,0.6342056667532247,0.6858306806256462,10.0,0.19816636006053978,2.0,-0.4803916419883498,0.05
SPOT,2026-03-11,0.446575,163,320.0,0.603478,530.260009765625,225.47603433200283,0.6227561126910305,0.6858306806256462,10.0,0.19816636006053978,2.0,-0.4803916419883498,0.05
SPOT,2026-03-11,0.446575,163,330.0,0.622336,530.260009765625,225.74684612571332,0.7646681384934358,0.6858306806256462,10.0,0.19816636006053978,2.0,-0.4803916419883498,0.05
SPOT,2026-03-11,0.446575,163,340.0,0.641195,530.260009765625,210.66766246763115,0.649050062592432,0.6858306806256462,10.0,0.19816636006053978,2.0,-0.4803916419883498,0.05
SPOT,2026-03-11,0.446575,163,350.0,0.660054,530.260009765625,199.3484736066327,0.5934786661449312,0.6858306806256462,10.0,0.19816636006053978,2.0,-0.4803916419883498,0.05
SPOT,2026-03-11,0.446575,163,360.0,0.678912,530.260009765625,197.85930129862612,0.6838583969218576,0.6858306806256462,10.0,0.19816636006053978,2.0,-0.4803916419883498,0.05
SPOT,2026-03-11,0.446575,163,370.0,0.697771,530.260009765625,178.93010008859682,0.5224584434977817,0.6858306806256462,10.0,0.19816636006053978,2.0,-0.4803916419883498,0.05
SPOT,2026-03-11,0.446575,163,380.0,0.71663,530.260009765625,176.65089386222826,0.5988158397120056,0.6858306806256462,10.0,0.19816636006053978,2.0,-0.4803916419883498,0.05
SPOT,2026-03-11,0.446575,163,390.0,0.735488,530.260009765625,175.57172663839378,0.6703641424772008,0.6858306806256462,10.0,0.19816636006053978,2.0,-0.4803916419883498,0.05
SPOT,2026-03-11,0.446575,163,400.0,0.754347,530.260009765625,155.34252297581025,0.5173040613320632,0.6858306806256462,10.0,0.19816636006053978,2.0,-0.4803916419883498,0.05
SPOT,2026-03-11,0.446575,163,410.0,0.773206,530.260009765625,146.21335550545103,0.49636174422650803,0.6858306806256462,10.0,0.19816636006053978,2.0,-0.4803916419883498,0.05
SPOT,2026-03-11,0.446575,163,420.0,0.792064,530.260009765625,139.08416640871775,0.497431960966048,0.6858306806256462,10.0,0.19816636006053978,2.0,-0.4803916419883498,0.05
SPOT,2026-03-11,0.446575,163,430.0,0.810923,530.260009765625,137.96497953080882,0.5562777982624643,0.6858306806256462,10.0,0.19816636006053978,2.0,-0.4803916419883498,0.05
SPOT,2026-03-11,0.446575,163,440.0,0.829782,530.260009765625,124.44579236125549,0.4886650222768653,0.6858306806256462,10.0,0.19816636006053978,2.0,-0.4803916419883498,0.05
SPOT,2026-03-11,0.446575,163,450.0,0.84864,530.260009765625,117.14660615060353,0.4817943196398575,0.6858306806256462,10.0,0.19816636006053978,2.0,-0.4803916419883498,0.05
SPOT,2026-03-11,0.446575,163,460.0,0.867499,530.260009765625,113.0374188300674,0.5015747687924387,0.6858306806256462,10.0,0.19816636006053978,2.0,-0.4803916419883498,0.05
SPOT,2026-03-11,0.446575,163,470.0,0.886358,530.260009765625,107.29823266539933,0.5038466697698456,0.6858306806256462,10.0,0.19816636006053978,2.0,-0.4803916419883498,0.05
SPOT,2026-03-11,0.446575,163,480.0,0.905216,530.260009765625,95.2090459169616,0.45199223037515507,0.6858306806256462,10.0,0.19816636006053978,2.0,-0.4803916419883498,0.05
SPOT,2026-03-11,0.446575,163,490.0,0.924075,530.260009765625,95.90985918879045,0.5030067392690425,0.6858306806256462,10.0,0.19816636006053978,2.0,-0.4803916419883498,0.05
SPOT,2026-03-11,0.446575,163,500.0,0.942934,530.260009765625,81.30067249262913,0.43112304357424913,0.6858306806256462,10.0,0.19816636006053978,2.0,-0.4803916419883498,0.05
SPOT,2026-03-11,0.446575,163,510.0,0.961792,530.260009765625,84.67148570444328,0.4963300506598201,0.6858306806256462,10.0,0.19816636006053978,2.0,-0.4803916419883498,0.05
SPOT,2026-03-11,0.446575,163,520.0,0.980651,530.260009765625,78.09229951047834,0.48355875738850906,0.6858306806256462,10.0,0.19816636006053978,2.0,-0.4803916419883498,0.05
SPOT,2026-03-11,0.446575,163,530.0,0.99951,530.260009765625,70.26311317419788,0.4604633450559372,0.6858306806256462,10.0,0.19816636006053978,2.0,-0.4803916419883498,0.05
SPOT,2026-03-11,0.446575,163,540.0,1.018368,530.260009765625,81.13000006012521,0.5707505551507194,0.6858306806256462,10.0,0.19816636006053978,2.0,-0.4803916419883498,0.05
SPOT,2026-03-11,0.446575,163,550.0,1.037227,530.260009765625,76.00000067230124,0.5633744501002996,0.6858306806256462,10.0,0.19816636006053978,2.0,-0.4803916419883498,0.05
SPOT,2026-03-11,0.446575,163,560.0,1.056086,530.260009765625,63.10000163767285,0.4996404340478723,0.6858306806256462,10.0,0.19816636006053978,2.0,-0.4803916419883498,0.05
SPOT,2026-03-11,0.446575,163,570.0,1.074944,530.260009765625,54.04999994700813,0.46231513361311755,0.6858306806256462,10.0,0.19816636006053978,2.0,-0.4803916419883498,0.05
SPOT,2026-03-11,0.446575,163,580.0,1.093803,530.260009765625,55.26000023591476,0.4961887551009974,0.6858306806256462,10.0,0.19816636006053978,2.0,-0.4803916419883498,0.05
SPOT,2026-03-11,0.446575,163,590.0,1.112662,530.260009765625,49.630000236168456,0.48026314363894873,0.6858306806256462,10.0,0.19816636006053978,2.0,-0.4803916419883498,0.05
SPOT,2026-03-11,0.446575,163,600.0,1.13152,530.260009765625,46.080000000324446,0.4777026564671817,0.6858306806256462,10.0,0.19816636006053978,2.0,-0.4803916419883498,0.05
SPOT,2026-03-11,0.446575,163,610.0,1.150379,530.260009765625,42.82998814672348,0.47595371686748544,0.6858306806256462,10.0,0.19816636006053978,2.0,-0.4803916419883498,0.05
SPOT,2026-03-11,0.446575,163,620.0,1.169238,530.260009765625,44.65001236546547,0.5098372261829704,0.6858306806256462,10.0,0.19816636006053978,2.0,-0.4803916419883498,0.05
SPOT,2026-03-11,0.446575,163,630.0,1.188096,530.260009765625,41.350000012667124,0.5056070093022659,0.6858306806256462,10.0,0.19816636006053978,2.0,-0.4803916419883498,0.05
SPOT,2026-03-11,0.446575,163,640.0,1.206955,530.260009765625,15.650000079764013,0.32207107844815214,0.6858306806256462,10.0,0.19816636006053978,2.0,-0.4803916419883498,0.05
SPOT,2026-03-11,0.446575,163,650.0,1.225814,530.260009765625,23.44999304271954,0.40458050275707536,0.6858306806256462,10.0,0.19816636006053978,2.0,-0.4803916419883498,0.05
SPOT,2026-03-11,0.446575,163,660.0,1.244672,530.260009765625,30.04999981342067,0.4742154704829103,0.6858306806256462,10.0,0.19816636006053978,2.0,-0.4803916419883498,0.05
SPOT,2026-03-11,0.446575,163,680.0,1.28239,530.260009765625,27.949983135117066,0.48977744949229335,0.6858306806256462,10.0,0.19816636006053978,2.0,-0.4803916419883498,0.05
SPOT,2026-03-11,0.446575,163,700.0,1.320107,530.260009765625,24.700000026839604,0.49278527045715353,0.6858306806256462,10.0,0.19816636006053978,2.0,-0.4803916419883498,0.05
SPOT,2026-03-11,0.446575,163,720.0,1.357824,530.260009765625,21.600010213043404,0.49355067317984774,0.6858306806256462,10.0,0.19816636006053978,2.0,-0.4803916419883498,0.05
SPOT,2026-03-11,0.446575,163,740.0,1.395542,530.260009765625,19.89999934329707,0.5039944780836842,0.6858306806256462,10.0,0.19816636006053978,2.0,-0.4803916419883498,0.05
SPOT,2026-03-11,0.446575,163,760.0,1.433259,530.260009765625,17.600000002797188,0.5062236877616763,0.6858306806256462,10.0,0.19816636006053978,2.0,-0.4803916419883498,0.05
SPOT,2026-03-11,0.523288,191,270.0,0.509184,530.260009765625,270.5327730426771,0.5903267535632186,0.6858306806256462,10.0,0.19816636006053978,2.0,-0.4803916419883498,0.05
SPOT,2026-03-11,0.523288,191,280.0,0.528043,530.260009765625,261.9910270464755,0.6022889385989552,0.6858306806256462,10.0,0.19816636006053978,2.0,-0.4803916419883498,0.05
SPOT,2026-03-11,0.523288,191,290.0,0.546902,530.260009765625,254.34927749462625,0.6297098960181338,0.6858306806256462,10.0,0.19816636006053978,2.0,-0.4803916419883498,0.05
SPOT,2026-03-11,0.523288,191,300.0,0.56576,530.260009765625,246.5575285751766,0.6435616224302143,0.6858306806256462,10.0,0.19816636006053978,2.0,-0.4803916419883498,0.05
SPOT,2026-03-11,0.523288,191,310.0,0.584619,530.260009765625,232.61577292001732,0.5189322572798812,0.6858306806256462,10.0,0.19816636006053978,2.0,-0.4803916419883498,0.05
SPOT,2026-03-11,0.523288,191,320.0,0.603478,530.260009765625,226.4740318349016,0.5747533782024239,0.6858306806256462,10.0,0.19816636006053978,2.0,-0.4803916419883498,0.05
SPOT,2026-03-11,0.523288,191,330.0,0.622336,530.260009765625,218.28228019295273,0.5761565373607256,0.6858306806256462,10.0,0.19816636006053978,2.0,-0.4803916419883498,0.05
SPOT,2026-03-11,0.523288,191,340.0,0.641195,530.260009765625,208.97052306178915,0.5562011569750389,0.6858306806256462,10.0,0.19816636006053978,2.0,-0.4803916419883498,0.05
SPOT,2026-03-11,0.523288,191,350.0,0.660054,530.260009765625,198.39878143090579,0.5158150560284245,0.6858306806256462,10.0,0.19816636006053978,2.0,-0.4803916419883498,0.05
SPOT,2026-03-11,0.523288,191,360.0,0.678912,530.260009765625,190.79704796703322,0.5232329307162253,0.6858306806256462,10.0,0.19816636006053978,2.0,-0.4803916419883498,0.05
SPOT,2026-03-11,0.523288,191,370.0,0.697771,530.260009765625,182.91528267080753,0.5229441023028399,0.6858306806256462,10.0,0.19816636006053978,2.0,-0.4803916419883498,0.05
SPOT,2026-03-11,0.523288,191,380.0,0.71663,530.260009765625,174.57353021046697,0.5144331564727654,0.6858306806256462,10.0,0.19816636006053978,2.0,-0.4803916419883498,0.05
SPOT,2026-03-11,0.523288,191,390.0,0.735488,530.260009765625,167.131799457544,0.5153222609491115,0.6858306806256462,10.0,0.19816636006053978,2.0,-0.4803916419883498,0.05
SPOT,2026-03-11,0.523288,191,400.0,0.754347,530.260009765625,158.09003610885298,0.4961160579165046,0.6858306806256462,10.0,0.19816636006053978,2.0,-0.4803916419883498,0.05
SPOT,2026-03-11,0.523288,191,410.0,0.773206,530.260009765625,150.64828516106735,0.49371036214361724,0.6858306806256462,10.0,0.19816636006053978,2.0,-0.4803916419883498,0.05
SPOT,2026-03-11,0.523288,191,420.0,0.792064,530.260009765625,143.4065529097498,0.49140501325378894,0.6858306806256462,10.0,0.19816636006053978,2.0,-0.4803916419883498,0.05
SPOT,2026-03-11,0.523288,191,430.0,0.810923,530.260009765625,144.10476481180643,0.5594819313212177,0.6858306806256462,10.0,0.19816636006053978,2.0,-0.4803916419883498,0.05
SPOT,2026-03-11,0.523288,191,440.0,0.829782,530.260009765625,131.37306298468872,0.5031760135895409,0.6858306806256462,10.0,0.19816636006053978,2.0,-0.4803916419883498,0.05
SPOT,2026-03-11,0.523288,191,450.0,0.84864,530.260009765625,124.98128671615649,0.5022565329009278,0.6858306806256462,10.0,0.19816636006053978,2.0,-0.4803916419883498,0.05
SPOT,2026-03-11,0.523288,191,460.0,0.867499,530.260009765625,118.13953824864467,0.4959823637064965,0.6858306806256462,10.0,0.19816636006053978,2.0,-0.4803916419883498,0.05
SPOT,2026-03-11,0.523288,191,470.0,0.886358,530.260009765625,109.59778885873789,0.4751475356149189,0.6858306806256462,10.0,0.19816636006053978,2.0,-0.4803916419883498,0.05
SPOT,2026-03-11,0.523288,191,480.0,0.905216,530.260009765625,102.55603944413718,0.4652764744973797,0.6858306806256462,10.0,0.19816636006053978,2.0,-0.4803916419883498,0.05
SPOT,2026-03-11,0.523288,191,490.0,0.924075,530.260009765625,99.41429090793713,0.48288831995461257,0.6858306806256462,10.0,0.19816636006053978,2.0,-0.4803916419883498,0.05
SPOT,2026-03-11,0.523288,191,500.0,0.942934,530.260009765625,103.17254057293866,0.5470243593399456,0.6858306806256462,10.0,0.19816636006053978,2.0,-0.4803916419883498,0.05
SPOT,2026-03-11,0.523288,191,520.0,0.980651,530.260009765625,82.8390435795078,0.4726715706634601,0.6858306806256462,10.0,0.19816636006053978,2.0,-0.4803916419883498,0.05
SPOT,2026-03-11,0.523288,191,540.0,1.018368,530.260009765625,86.05000000064982,0.5543453750169133,0.6858306806256462,10.0,0.19816636006053978,2.0,-0.4803916419883498,0.05
SPOT,2026-03-11,0.523288,191,550.0,1.037227,530.260009765625,79.47000017655623,0.5378011621800878,0.6858306806256462,10.0,0.19816636006053978,2.0,-0.4803916419883498,0.05
SPOT,2026-03-11,0.523288,191,560.0,1.056086,530.260009765625,64.30000277047958,0.46396013790282475,0.6858306806256462,10.0,0.19816636006053978,2.0,-0.4803916419883498,0.05
SPOT,2026-03-11,0.523288,191,580.0,1.093803,530.260009765625,57.649999890787456,0.4689151746469351,0.6858306806256462,10.0,0.19816636006053978,2.0,-0.4803916419883498,0.05
SPOT,2026-03-11,0.523288,191,590.0,1.112662,530.260009765625,55.260001360040064,0.4756702239672413,0.6858306806256462,10.0,0.19816636006053978,2.0,-0.4803916419883498,0.05
SPOT,2026-03-11,0.523288,191,600.0,1.13152,530.260009765625,51.42000127078026,0.4717724628652787,0.6858306806256462,10.0,0.19816636006053978,2.0,-0.4803916419883498,0.05
SPOT,2026-03-11,0.523288,191,610.0,1.150379,530.260009765625,47.73000009678461,0.46768960586294017,0.6858306806256462,10.0,0.19816636006053978,2.0,-0.4803916419883498,0.05
SPOT,2026-03-11,0.523288,191,620.0,1.169238,530.260009765625,44.14999809824076,0.46316390595990586,0.6858306806256462,10.0,0.19816636006053978,2.0,-0.4803916419883498,0.05
SPOT,2026-03-11,0.523288,191,630.0,1.188096,530.260009765625,49.76999908034156,0.5193036709275624,0.6858306806256462,10.0,0.19816636006053978,2.0,-0.4803916419883498,0.05
SPOT,2026-03-11,0.523288,191,640.0,1.206955,530.260009765625,21.599998838050197,0.3401752666319326,0.6858306806256462,10.0,0.19816636006053978,2.0,-0.4803916419883498,0.05
SPOT,2026-03-11,0.523288,191,650.0,1.225814,530.260009765625,34.99999588924055,0.45342305686678447,0.6858306806256462,10.0,0.19816636006053978,2.0,-0.4803916419883498,0.05
SPOT,2026-03-11,0.523288,191,660.0,1.244672,530.260009765625,33.15002641295493,0.45643717025748565,0.6858306806256462,10.0,0.19816636006053978,2.0,-0.4803916419883498,0.05
SPOT,2026-03-11,0.523288,191,670.0,1.263531,530.260009765625,29.999999820383664,0.4491020920748561,0.6858306806256462,10.0,0.19816636006053978,2.0,-0.4803916419883498,0.05
SPOT,2026-03-11,0.523288,191,680.0,1.28239,530.260009765625,20.25000005348717,0.38897757275948286,0.6858306806256462,10.0,0.19816636006053978,2.0,-0.4803916419883498,0.05
SPOT,2026-03-11,0.523288,191,690.0,1.301248,530.260009765625,27.899984404807213,0.4625662851284877,0.6858306806256462,10.0,0.19816636006053978,2.0,-0.4803916419883498,0.05
SPOT,2026-03-11,0.523288,191,700.0,1.320107,530.260009765625,24.350000006795383,0.4488847198756452,0.6858306806256462,10.0,0.19816636006053978,2.0,-0.4803916419883498,0.05
SPOT,2026-03-11,0.523288,191,720.0,1.357824,530.260009765625,21.3000035256142,0.4500096025251676,0.6858306806256462,10.0,0.19816636006053978,2.0,-0.4803916419883498,0.05
SPOT,2026-03-11,0.523288,191,740.0,1.395542,530.260009765625,22.0500141907269,0.4806104077324982,0.6858306806256462,10.0,0.19816636006053978,2.0,-0.4803916419883498,0.05
SPOT,2026-03-11,0.523288,191,760.0,1.433259,530.260009765625,21.179999795211202,0.496342967639109,0.6858306806256462,10.0,0.19816636006053978,2.0,-0.4803916419883498,0.05
SPOT,2026-03-11,0.523288,191,780.0,1.470976,530.260009765625,19.99998476634721,0.5079079079064924,0.6858306806256462,10.0,0.19816636006053978,2.0,-0.4803916419883498,0.05
SPOT,2026-03-11,0.523288,191,800.0,1.508694,530.260009765625,12.400000001034414,0.45383670290477796,0.6858306806256462,10.0,0.19816636006053978,2.0,-0.4803916419883498,0.05
SPOT,2026-03-11,0.523288,191,820.0,1.546411,530.260009765625,6.010007776198158,0.390937875723895,0.6858306806256462,10.0,0.19816636006053978,2.0,-0.4803916419883498,0.05
SPOT,2026-03-11,0.523288,191,840.0,1.584129,530.260009765625,3.75999991768316,0.36774633673607304,0.6858306806256462,10.0,0.19816636006053978,2.0,-0.4803916419883498,0.05
SPOT,2026-03-11,0.523288,191,860.0,1.621846,530.260009765625,5.089997521480953,0.4078047575959992,0.6858306806256462,10.0,0.19816636006053978,2.0,-0.4803916419883498,0.05
SPOT,2026-03-11,0.523288,191,880.0,1.659563,530.260009765625,4.0499976369092465,0.40309913422242566,0.6858306806256462,10.0,0.19816636006053978,2.0,-0.4803916419883498,0.05
SPOT,2026-03-11,0.523288,191,900.0,1.697281,530.260009765625,2.499999642294096,0.38091576920969195,0.6858306806256462,10.0,0.19816636006053978,2.0,-0.4803916419883498,0.05
SPOT,2026-03-11,0.523288,191,920.0,1.734998,530.260009765625,3.8299999741779835,0.42618917469658535,0.6858306806256462,10.0,0.19816636006053978,2.0,-0.4803916419883498,0.05
SPOT,2026-03-11,0.523288,191,940.0,1.772715,530.260009765625,6.450007579916715,0.4890343682782605,0.6858306806256462,10.0,0.19816636006053978,2.0,-0.4803916419883498,0.05
SPOT,2026-03-11,0.772603,282,270.0,0.509184,530.260009765625,276.89124823855,0.5717502213019773,0.6858306806256462,10.0,0.19816636006053978,2.0,-0.4803916419883498,0.05
SPOT,2026-03-11,0.772603,282,280.0,0.528043,530.260009765625,267.0701922988417,0.5426309420916159,0.6858306806256462,10.0,0.19816636006053978,2.0,-0.4803916419883498,0.05
SPOT,2026-03-11,0.772603,282,290.0,0.546902,530.260009765625,259.3991313644458,0.5562109415693888,0.6858306806256462,10.0,0.19816636006053978,2.0,-0.4803916419883498,0.05
SPOT,2026-03-11,0.772603,282,300.0,0.56576,530.260009765625,249.32805423200372,0.5238432634420704,0.6858306806256462,10.0,0.19816636006053978,2.0,-0.4803916419883498,0.05
SPOT,2026-03-11,0.772603,282,310.0,0.584619,530.260009765625,244.20700275709893,0.5706396638180389,0.6858306806256462,10.0,0.19816636006053978,2.0,-0.4803916419883498,0.05
SPOT,2026-03-11,0.772603,282,320.0,0.603478,530.260009765625,233.1359324156313,0.5250768875031765,0.6858306806256462,10.0,0.19816636006053978,2.0,-0.4803916419883498,0.05
SPOT,2026-03-11,0.772603,282,330.0,0.622336,530.260009765625,229.16486738868898,0.5743125332235512,0.6858306806256462,10.0,0.19816636006053978,2.0,-0.4803916419883498,0.05
SPOT,2026-03-11,0.772603,282,340.0,0.641195,530.260009765625,219.99380279954383,0.5541403770575248,0.6858306806256462,10.0,0.19816636006053978,2.0,-0.4803916419883498,0.05
SPOT,2026-03-11,0.772603,282,350.0,0.660054,530.260009765625,213.1227385540867,0.5592352923405026,0.6858306806256462,10.0,0.19816636006053978,2.0,-0.4803916419883498,0.05
SPOT,2026-03-11,0.772603,282,360.0,0.678912,530.260009765625,207.40167302408165,0.5732552200769508,0.6858306806256462,10.0,0.19816636006053978,2.0,-0.4803916419883498,0.05
SPOT,2026-03-11,0.772603,282,370.0,0.697771,530.260009765625,200.33059207062266,0.5714099925967158,0.6858306806256462,10.0,0.19816636006053978,2.0,-0.4803916419883498,0.05
SPOT,2026-03-11,0.772603,282,380.0,0.71663,530.260009765625,186.65954320477732,0.5082708879244672,0.6858306806256462,10.0,0.19816636006053978,2.0,-0.4803916419883498,0.05
SPOT,2026-03-11,0.772603,282,390.0,0.735488,530.260009765625,178.18849790350816,0.4944165965339897,0.6858306806256462,10.0,0.19816636006053978,2.0,-0.4803916419883498,0.05
SPOT,2026-03-11,0.772603,282,400.0,0.754347,530.260009765625,172.81741317353186,0.5066124410972567,0.6858306806256462,10.0,0.19816636006053978,2.0,-0.4803916419883498,0.05
SPOT,2026-03-11,0.772603,282,410.0,0.773206,530.260009765625,172.2963478395822,0.5538609288483582,0.6858306806256462,10.0,0.19816636006053978,2.0,-0.4803916419883498,0.05
SPOT,2026-03-11,0.772603,282,420.0,0.792064,530.260009765625,156.44526875082647,0.4799937436053783,0.6858306806256462,10.0,0.19816636006053978,2.0,-0.4803916419883498,0.05
SPOT,2026-03-11,0.772603,282,430.0,0.810923,530.260009765625,149.93421832715597,0.4786075802025209,0.6858306806256462,10.0,0.19816636006053978,2.0,-0.4803916419883498,0.05
SPOT,2026-03-11,0.772603,282,440.0,0.829782,530.260009765625,143.49315374706407,0.4764323088129471,0.6858306806256462,10.0,0.19816636006053978,2.0,-0.4803916419883498,0.05
SPOT,2026-03-11,0.772603,282,450.0,0.84864,530.260009765625,145.5620971995532,0.5307717335938967,0.6858306806256462,10.0,0.19816636006053978,2.0,-0.4803916419883498,0.05
SPOT,2026-03-11,0.772603,282,460.0,0.867499,530.260009765625,154.89104046994038,0.6267888201197095,0.6858306806256462,10.0,0.19816636006053978,2.0,-0.4803916419883498,0.05
SPOT,2026-03-11,0.772603,282,470.0,0.886358,530.260009765625,139.2199873900895,0.5590151781384981,0.6858306806256462,10.0,0.19816636006053978,2.0,-0.4803916419883498,0.05
SPOT,2026-03-11,0.772603,282,480.0,0.905216,530.260009765625,119.05893067077966,0.4652141346534534,0.6858306806256462,10.0,0.19816636006053978,2.0,-0.4803916419883498,0.05
SPOT,2026-03-11,0.772603,282,490.0,0.924075,530.260009765625,118.28784032093665,0.4922225628672688,0.6858306806256462,10.0,0.19816636006053978,2.0,-0.4803916419883498,0.05
SPOT,2026-03-11,0.772603,282,500.0,0.942934,530.260009765625,108.01676529841262,0.4605708227246282,0.6858306806256462,10.0,0.19816636006053978,2.0,-0.4803916419883498,0.05
SPOT,2026-03-11,0.772603,282,520.0,0.980651,530.260009765625,100.09465790568481,0.4698091019937653,0.6858306806256462,10.0,0.19816636006053978,2.0,-0.4803916419883498,0.05
SPOT,2026-03-11,0.772603,282,540.0,1.018368,530.260009765625,95.55000366341389,0.49329408833925587,0.6858306806256462,10.0,0.19816636006053978,2.0,-0.4803916419883498,0.05
SPOT,2026-03-11,0.772603,282,550.0,1.037227,530.260009765625,89.80000331017291,0.48410601702671235,0.6858306806256462,10.0,0.19816636006053978,2.0,-0.4803916419883498,0.05
SPOT,2026-03-11,0.772603,282,560.0,1.056086,530.260009765625,104.40000253814219,0.5858560836231332,0.6858306806256462,10.0,0.19816636006053978,2.0,-0.4803916419883498,0.05
SPOT,2026-03-11,0.772603,282,580.0,1.093803,530.260009765625,73.40002302708385,0.45686677275632326,0.6858306806256462,10.0,0.19816636006053978,2.0,-0.4803916419883498,0.05
SPOT,2026-03-11,0.772603,282,590.0,1.112662,530.260009765625,70.85001144711538,0.4619626714349402,0.6858306806256462,10.0,0.19816636006053978,2.0,-0.4803916419883498,0.05
SPOT,2026-03-11,0.772603,282,600.0,1.13152,530.260009765625,65.59999537244869,0.45171835359912577,0.6858306806256462,10.0,0.19816636006053978,2.0,-0.4803916419883498,0.05
SPOT,2026-03-11,0.772603,282,610.0,1.150379,530.260009765625,63.200008612398534,0.45601719291671283,0.6858306806256462,10.0,0.19816636006053978,2.0,-0.4803916419883498,0.05
SPOT,2026-03-11,0.772603,282,620.0,1.169238,530.260009765625,73.9999925071802,0.5306742202400149,0.6858306806256462,10.0,0.19816636006053978,2.0,-0.4803916419883498,0.05
SPOT,2026-03-11,0.772603,282,630.0,1.188096,530.260009765625,70.10001704819157,0.5256060475896721,0.6858306806256462,10.0,0.19816636006053978,2.0,-0.4803916419883498,0.05
SPOT,2026-03-11,0.772603,282,640.0,1.206955,530.260009765625,54.180033451697,0.45463949125465347,0.6858306806256462,10.0,0.19816636006053978,2.0,-0.4803916419883498,0.05
SPOT,2026-03-11,0.772603,282,650.0,1.225814,530.260009765625,58.21003394744321,0.49127288158418064,0.6858306806256462,10.0,0.19816636006053978,2.0,-0.4803916419883498,0.05
SPOT,2026-03-11,0.772603,282,660.0,1.244672,530.260009765625,39.84996483276575,0.4034059299542488,0.6858306806256462,10.0,0.19816636006053978,2.0,-0.4803916419883498,0.05
SPOT,2026-03-11,0.772603,282,670.0,1.263531,530.260009765625,23.199999676948124,0.31753333282245716,0.6858306806256462,10.0,0.19816636006053978,2.0,-0.4803916419883498,0.05
SPOT,2026-03-11,0.772603,282,680.0,1.28239,530.260009765625,24.79999962473906,0.33959450696300025,0.6858306806256462,10.0,0.19816636006053978,2.0,-0.4803916419883498,0.05
SPOT,2026-03-11,0.772603,282,690.0,1.301248,530.260009765625,20.300000000558413,0.3221037790774125,0.6858306806256462,10.0,0.19816636006053978,2.0,-0.4803916419883498,0.05
SPOT,2026-03-11,0.772603,282,700.0,1.320107,530.260009765625,38.49999741886106,0.446098513945957,0.6858306806256462,10.0,0.19816636006053978,2.0,-0.4803916419883498,0.05
SPOT,2026-03-11,0.772603,282,720.0,1.357824,530.260009765625,42.499996980874755,0.49264803571069943,0.6858306806256462,10.0,0.19816636006053978,2.0,-0.4803916419883498,0.05
SPOT,2026-03-11,0.772603,282,740.0,1.395542,530.260009765625,36.34999991029423,0.4780133426450588,0.6858306806256462,10.0,0.19816636006053978,2.0,-0.4803916419883498,0.05
SPOT,2026-03-11,0.772603,282,760.0,1.433259,530.260009765625,19.019993714520638,0.38413538787112483,0.6858306806256462,10.0,0.19816636006053978,2.0,-0.4803916419883498,0.05
SPOT,2026-03-11,0.772603,282,780.0,1.470976,530.260009765625,20.849972695813463,0.4155846667677242,0.6858306806256462,10.0,0.19816636006053978,2.0,-0.4803916419883498,0.05
SPOT,2026-03-11,0.772603,282,800.0,1.508694,530.260009765625,28.77000007160234,0.48823999304917814,0.6858306806256462,10.0,0.19816636006053978,2.0,-0.4803916419883498,0.05
SPOT,2026-03-11,0.772603,282,820.0,1.546411,530.260009765625,10.400005322815502,0.36248044297985965,0.6858306806256462,10.0,0.19816636006053978,2.0,-0.4803916419883498,0.05
SPOT,2026-03-11,0.772603,282,840.0,1.584129,530.260009765625,8.150000074674736,0.3536295268293165,0.6858306806256462,10.0,0.19816636006053978,2.0,-0.4803916419883498,0.05
SPOT,2026-03-11,0.772603,282,860.0,1.621846,530.260009765625,6.950018358030832,0.3532450855610608,0.6858306806256462,10.0,0.19816636006053978,2.0,-0.4803916419883498,0.05
SPOT,2026-03-11,0.772603,282,880.0,1.659563,530.260009765625,7.1100150963854105,0.36813181580335297,0.6858306806256462,10.0,0.19816636006053978,2.0,-0.4803916419883498,0.05
SPOT,2026-03-11,0.772603,282,900.0,1.697281,530.260009765625,11.54999985557125,0.4297116114630134,0.6858306806256462,10.0,0.19816636006053978,2.0,-0.4803916419883498,0.05
SPOT,2026-03-11,0.772603,282,920.0,1.734998,530.260009765625,8.500000287361438,0.40966333218058243,0.6858306806256462,10.0,0.19816636006053978,2.0,-0.4803916419883498,0.05
SPOT,2026-03-11,0.772603,282,940.0,1.772715,530.260009765625,7.55000517606463,0.4101209755896754,0.6858306806256462,10.0,0.19816636006053978,2.0,-0.4803916419883498,0.05
SPOT,2026-03-11,0.849315,310,270.0,0.509184,530.260009765625,278.8857220474784,0.5679174356999117,0.6858306806256462,10.0,0.19816636006053978,2.0,-0.4803916419883498,0.05
SPOT,2026-03-11,0.849315,310,280.0,0.528043,530.260009765625,268.30149486204436,0.5240767668049449,0.6858306806256462,10.0,0.19816636006053978,2.0,-0.4803916419883498,0.05
SPOT,2026-03-11,0.849315,310,290.0,0.546902,530.260009765625,269.5172560216996,0.66576402769275,0.6858306806256462,10.0,0.19816636006053978,2.0,-0.4803916419883498,0.05
SPOT,2026-03-11,0.849315,310,300.0,0.56576,530.260009765625,251.73302347471002,0.5237613917301294,0.6858306806256462,10.0,0.19816636006053978,2.0,-0.4803916419883498,0.05
SPOT,2026-03-11,0.849315,310,310.0,0.584619,530.260009765625,245.49879147156915,0.5491912606006423,0.6858306806256462,10.0,0.19816636006053978,2.0,-0.4803916419883498,0.05
SPOT,2026-03-11,0.849315,310,320.0,0.603478,530.260009765625,234.6545576907205,0.5083037927256502,0.6858306806256462,10.0,0.19816636006053978,2.0,-0.4803916419883498,0.05
SPOT,2026-03-11,0.849315,310,330.0,0.622336,530.260009765625,226.19032499296884,0.5001933226392438,0.6858306806256462,10.0,0.19816636006053978,2.0,-0.4803916419883498,0.05
SPOT,2026-03-11,0.849315,310,340.0,0.641195,530.260009765625,219.64609129367483,0.5136929699126771,0.6858306806256462,10.0,0.19816636006053978,2.0,-0.4803916419883498,0.05
SPOT,2026-03-11,0.849315,310,350.0,0.660054,530.260009765625,211.3618411625887,0.5047207238958719,0.6858306806256462,10.0,0.19816636006053978,2.0,-0.4803916419883498,0.05
SPOT,2026-03-11,0.849315,310,360.0,0.678912,530.260009765625,203.75762687328904,0.5019549083807949,0.6858306806256462,10.0,0.19816636006053978,2.0,-0.4803916419883498,0.05
SPOT,2026-03-11,0.849315,310,370.0,0.697771,530.260009765625,195.69339336678286,0.4934738475499076,0.6858306806256462,10.0,0.19816636006053978,2.0,-0.4803916419883498,0.05
SPOT,2026-03-11,0.849315,310,380.0,0.71663,530.260009765625,188.35916044963693,0.49087302908444486,0.6858306806256462,10.0,0.19816636006053978,2.0,-0.4803916419883498,0.05
SPOT,2026-03-11,0.849315,310,390.0,0.735488,530.260009765625,180.974923056644,0.48657047991008207,0.6858306806256462,10.0,0.19816636006053978,2.0,-0.4803916419883498,0.05
SPOT,2026-03-11,0.849315,310,400.0,0.754347,530.260009765625,173.89069459195673,0.48362551959161537,0.6858306806256462,10.0,0.19816636006053978,2.0,-0.4803916419883498,0.05
SPOT,2026-03-11,0.849315,310,410.0,0.773206,530.260009765625,168.75645421477708,0.49441372071961714,0.6858306806256462,10.0,0.19816636006053978,2.0,-0.4803916419883498,0.05
SPOT,2026-03-11,0.849315,310,420.0,0.792064,530.260009765625,160.37222819122604,0.47916852242861024,0.6858306806256462,10.0,0.19816636006053978,2.0,-0.4803916419883498,0.05
SPOT,2026-03-11,0.849315,310,430.0,0.810923,530.260009765625,154.5379960669511,0.48172092360522556,0.6858306806256462,10.0,0.19816636006053978,2.0,-0.4803916419883498,0.05
SPOT,2026-03-11,0.849315,310,440.0,0.829782,530.260009765625,148.3537631901546,0.4804405039160589,0.6858306806256462,10.0,0.19816636006053978,2.0,-0.4803916419883498,0.05
SPOT,2026-03-11,0.849315,310,450.0,0.84864,530.260009765625,141.1395355648645,0.47132383099397557,0.6858306806256462,10.0,0.19816636006053978,2.0,-0.4803916419883498,0.05
SPOT,2026-03-11,0.849315,310,460.0,0.867499,530.260009765625,138.2552749084432,0.4888755765990292,0.6858306806256462,10.0,0.19816636006053978,2.0,-0.4803916419883498,0.05
SPOT,2026-03-11,0.849315,310,470.0,0.886358,530.260009765625,125.55104075613599,0.4441835805647667,0.6858306806256462,10.0,0.19816636006053978,2.0,-0.4803916419883498,0.05
SPOT,2026-03-11,0.849315,310,480.0,0.905216,530.260009765625,125.16680845786587,0.47425539726350013,0.6858306806256462,10.0,0.19816636006053978,2.0,-0.4803916419883498,0.05
SPOT,2026-03-11,0.849315,310,490.0,0.924075,530.260009765625,119.02262227312693,0.4682442730283427,0.6858306806256462,10.0,0.19816636006053978,2.0,-0.4803916419883498,0.05
SPOT,2026-03-11,0.849315,310,500.0,0.942934,530.260009765625,115.4483559000704,0.4760716626438521,0.6858306806256462,10.0,0.19816636006053978,2.0,-0.4803916419883498,0.05
SPOT,2026-03-11,0.849315,310,520.0,0.980651,530.260009765625,104.63993983424228,0.4679646617691251,0.6858306806256462,10.0,0.19816636006053978,2.0,-0.4803916419883498,0.05
SPOT,2026-03-11,0.849315,310,540.0,1.018368,530.260009765625,107.6800029876014,0.5306448795870348,0.6858306806256462,10.0,0.19816636006053978,2.0,-0.4803916419883498,0.05
SPOT,2026-03-11,0.849315,310,550.0,1.037227,530.260009765625,91.6000032074096,0.46672862721663366,0.6858306806256462,10.0,0.19816636006053978,2.0,-0.4803916419883498,0.05
SPOT,2026-03-11,0.849315,310,560.0,1.056086,530.260009765625,105.67001183085182,0.5612493551739883,0.6858306806256462,10.0,0.19816636006053978,2.0,-0.4803916419883498,0.05
SPOT,2026-03-11,0.849315,310,580.0,1.093803,530.260009765625,88.03995672155645,0.507174988971752,0.6858306806256462,10.0,0.19816636006053978,2.0,-0.4803916419883498,0.05
SPOT,2026-03-11,0.849315,310,590.0,1.112662,530.260009765625,59.99999629871752,0.3809533206726033,0.6858306806256462,10.0,0.19816636006053978,2.0,-0.4803916419883498,0.05
SPOT,2026-03-11,0.849315,310,600.0,1.13152,530.260009765625,69.79000000003097,0.4484536206194047,0.6858306806256462,10.0,0.19816636006053978,2.0,-0.4803916419883498,0.05
SPOT,2026-03-11,0.849315,310,610.0,1.150379,530.260009765625,74.93999908918434,0.49140214675233956,0.6858306806256462,10.0,0.19816636006053978,2.0,-0.4803916419883498,0.05
SPOT,2026-03-11,0.849315,310,620.0,1.169238,530.260009765625,65.65001624915155,0.4595896996414931,0.6858306806256462,10.0,0.19816636006053978,2.0,-0.4803916419883498,0.05
SPOT,2026-03-11,0.849315,310,630.0,1.188096,530.260009765625,71.55000779471763,0.5051450453256531,0.6858306806256462,10.0,0.19816636006053978,2.0,-0.4803916419883498,0.05
SPOT,2026-03-11,0.849315,310,640.0,1.206955,530.260009765625,59.59998670889195,0.45825350723665326,0.6858306806256462,10.0,0.19816636006053978,2.0,-0.4803916419883498,0.05
SPOT,2026-03-11,0.849315,310,650.0,1.225814,530.260009765625,55.49998101415488,0.45101844043611755,0.6858306806256462,10.0,0.19816636006053978,2.0,-0.4803916419883498,0.05
SPOT,2026-03-11,0.849315,310,660.0,1.244672,530.260009765625,53.549953666453376,0.4543477115999753,0.6858306806256462,10.0,0.19816636006053978,2.0,-0.4803916419883498,0.05
SPOT,2026-03-11,0.849315,310,670.0,1.263531,530.260009765625,58.279961766525275,0.4922260978752576,0.6858306806256462,10.0,0.19816636006053978,2.0,-0.4803916419883498,0.05
SPOT,2026-03-11,0.849315,310,680.0,1.28239,530.260009765625,58.27003741676364,0.5049126407749995,0.6858306806256462,10.0,0.19816636006053978,2.0,-0.4803916419883498,0.05
SPOT,2026-03-11,0.849315,310,690.0,1.301248,530.260009765625,24.84999962895303,0.3324371674986214,0.6858306806256462,10.0,0.19816636006053978,2.0,-0.4803916419883498,0.05
SPOT,2026-03-11,0.849315,310,700.0,1.320107,530.260009765625,56.87000434164773,0.5218710718796759,0.6858306806256462,10.0,0.19816636006053978,2.0,-0.4803916419883498,0.05
SPOT,2026-03-11,0.849315,310,720.0,1.357824,530.260009765625,43.17999974751058,0.47065036555167655,0.6858306806256462,10.0,0.19816636006053978,2.0,-0.4803916419883498,0.05
SPOT,2026-03-11,0.849315,310,740.0,1.395542,530.260009765625,22.74000002141034,0.3703982897845379,0.6858306806256462,10.0,0.19816636006053978,2.0,-0.4803916419883498,0.05
SPOT,2026-03-11,0.849315,310,760.0,1.433259,530.260009765625,24.35000003728028,0.39943791450402694,0.6858306806256462,10.0,0.19816636006053978,2.0,-0.4803916419883498,0.05
SPOT,2026-03-11,0.849315,310,780.0,1.470976,530.260009765625,32.04997214033189,0.46582838584266795,0.6858306806256462,10.0,0.19816636006053978,2.0,-0.4803916419883498,0.05
SPOT,2026-03-11,0.849315,310,800.0,1.508694,530.260009765625,32.55000000014499,0.4866104662678438,0.6858306806256462,10.0,0.19816636006053978,2.0,-0.4803916419883498,0.05
SPOT,2026-03-11,0.849315,310,820.0,1.546411,530.260009765625,29.770000039527346,0.4861679956141586,0.6858306806256462,10.0,0.19816636006053978,2.0,-0.4803916419883498,0.05
SPOT,2026-03-11,0.849315,310,840.0,1.584129,530.260009765625,20.349993206790785,0.43835199049123036,0.6858306806256462,10.0,0.19816636006053978,2.0,-0.4803916419883498,0.05
SPOT,2026-03-11,0.849315,310,860.0,1.621846,530.260009765625,19.250000001602245,0.4449577297318863,0.6858306806256462,10.0,0.19816636006053978,2.0,-0.4803916419883498,0.05
SPOT,2026-03-11,0.849315,310,880.0,1.659563,530.260009765625,13.300000003661182,0.41075904438046795,0.6858306806256462,10.0,0.19816636006053978,2.0,-0.4803916419883498,0.05
SPOT,2026-03-11,0.849315,310,900.0,1.697281,530.260009765625,17.51002664955446,0.4591105751761477,0.6858306806256462,10.0,0.19816636006053978,2.0,-0.4803916419883498,0.05
SPOT,2026-03-11,0.849315,310,920.0,1.734998,530.260009765625,12.269994940355112,0.4268370417024973,0.6858306806256462,10.0,0.19816636006053978,2.0,-0.4803916419883498,0.05
SPOT,2026-03-11,0.849315,310,940.0,1.772715,530.260009765625,9.520000200902764,0.41130502360013466,0.6858306806256462,10.0,0.19816636006053978,2.0,-0.4803916419883498,0.05
SPOT,2026-03-11,1.021918,373,300.0,0.56576,530.260009765625,259.40372436444767,0.5524672101276039,0.6858306806256462,10.0,0.19816636006053978,2.0,-0.4803916419883498,0.05
SPOT,2026-03-11,1.021918,373,320.0,0.603478,530.260009765625,240.28998639553794,0.5053292457480891,0.6858306806256462,10.0,0.19816636006053978,2.0,-0.4803916419883498,0.05
SPOT,2026-03-11,1.021918,373,350.0,0.660054,530.260009765625,217.6943665035691,0.4996778294048952,0.6858306806256462,10.0,0.19816636006053978,2.0,-0.4803916419883498,0.05
SPOT,2026-03-11,1.021918,373,360.0,0.678912,530.260009765625,213.49248647184157,0.5240586430667591,0.6858306806256462,10.0,0.19816636006053978,2.0,-0.4803916419883498,0.05
SPOT,2026-03-11,1.021918,373,370.0,0.697771,530.260009765625,203.14061076458938,0.49416174061505913,0.6858306806256462,10.0,0.19816636006053978,2.0,-0.4803916419883498,0.05
SPOT,2026-03-11,1.021918,373,380.0,0.71663,530.260009765625,195.53873968310347,0.4872227092290986,0.6858306806256462,10.0,0.19816636006053978,2.0,-0.4803916419883498,0.05
SPOT,2026-03-11,1.021918,373,390.0,0.735488,530.260009765625,188.9868975312906,0.4875468132241093,0.6858306806256462,10.0,0.19816636006053978,2.0,-0.4803916419883498,0.05
SPOT,2026-03-11,1.021918,373,400.0,0.754347,530.260009765625,182.4349880273165,0.4865821564848203,0.6858306806256462,10.0,0.19816636006053978,2.0,-0.4803916419883498,0.05
SPOT,2026-03-11,1.021918,373,420.0,0.792064,530.260009765625,176.23120146809535,0.5263401747103548,0.6858306806256462,10.0,0.19816636006053978,2.0,-0.4803916419883498,0.05
SPOT,2026-03-11,1.021918,373,480.0,0.905216,530.260009765625,137.1400192282281,0.4859464969962175,0.6858306806256462,10.0,0.19816636006053978,2.0,-0.4803916419883498,0.05
SPOT,2026-03-11,1.021918,373,490.0,0.924075,530.260009765625,128.68808681458793,0.4670359113553913,0.6858306806256462,10.0,0.19816636006053978,2.0,-0.4803916419883498,0.05
SPOT,2026-03-11,1.021918,373,500.0,0.942934,530.260009765625,126.88624137594698,0.4827838400549876,0.6858306806256462,10.0,0.19816636006053978,2.0,-0.4803916419883498,0.05
SPOT,2026-03-11,1.021918,373,520.0,0.980651,530.260009765625,113.73248247063484,0.46211453843695494,0.6858306806256462,10.0,0.19816636006053978,2.0,-0.4803916419883498,0.05
SPOT,2026-03-11,1.021918,373,540.0,1.018368,530.260009765625,110.73001759816333,0.48943052931212633,0.6858306806256462,10.0,0.19816636006053978,2.0,-0.4803916419883498,0.05
SPOT,2026-03-11,1.021918,373,550.0,1.037227,530.260009765625,108.20001242148172,0.49657477383471343,0.6858306806256462,10.0,0.19816636006053978,2.0,-0.4803916419883498,0.05
SPOT,2026-03-11,1.021918,373,580.0,1.093803,530.260009765625,107.0500163835166,0.544242857263547,0.6858306806256462,10.0,0.19816636006053978,2.0,-0.4803916419883498,0.05
SPOT,2026-03-11,1.021918,373,600.0,1.13152,530.260009765625,66.49999844938512,0.38541446831285847,0.6858306806256462,10.0,0.19816636006053978,2.0,-0.4803916419883498,0.05
SPOT,2026-03-11,1.021918,373,650.0,1.225814,530.260009765625,60.23999998902505,0.4265132983342684,0.6858306806256462,10.0,0.19816636006053978,2.0,-0.4803916419883498,0.05
SPOT,2026-03-11,1.021918,373,670.0,1.263531,530.260009765625,54.58495631413456,0.42425865356730313,0.6858306806256462,10.0,0.19816636006053978,2.0,-0.4803916419883498,0.05
SPOT,2026-03-11,1.021918,373,700.0,1.320107,530.260009765625,60.24999997358617,0.4854562145805002,0.6858306806256462,10.0,0.19816636006053978,2.0,-0.4803916419883498,0.05
SPOT,2026-03-11,1.021918,373,720.0,1.357824,530.260009765625,32.999993949650616,0.370516680299029,0.6858306806256462,10.0,0.19816636006053978,2.0,-0.4803916419883498,0.05
SPOT,2026-03-11,1.021918,373,740.0,1.395542,530.260009765625,49.69999967136317,0.47508394331704895,0.6858306806256462,10.0,0.19816636006053978,2.0,-0.4803916419883498,0.05
SPOT,2026-03-11,1.268493,463,270.0,0.509184,530.260009765625,292.2029058373813,0.5850058573312389,0.6858306806256462,10.0,0.19816636006053978,2.0,-0.4803916419883498,0.05
SPOT,2026-03-11,1.268493,463,280.0,0.528043,530.260009765625,281.86745644767575,0.5501379972723583,0.6858306806256462,10.0,0.19816636006053978,2.0,-0.4803916419883498,0.05
SPOT,2026-03-11,1.268493,463,290.0,0.546902,530.260009765625,277.5820095127919,0.5831068350853031,0.6858306806256462,10.0,0.19816636006053978,2.0,-0.4803916419883498,0.05
SPOT,2026-03-11,1.268493,463,300.0,0.56576,530.260009765625,270.84656109131043,0.5856511448494863,0.6858306806256462,10.0,0.19816636006053978,2.0,-0.4803916419883498,0.05
SPOT,2026-03-11,1.268493,463,310.0,0.584619,530.260009765625,259.31111283608334,0.5417562260855506,0.6858306806256462,10.0,0.19816636006053978,2.0,-0.4803916419883498,0.05
SPOT,2026-03-11,1.268493,463,320.0,0.603478,530.260009765625,254.62565727181124,0.5620956206445226,0.6858306806256462,10.0,0.19816636006053978,2.0,-0.4803916419883498,0.05
SPOT,2026-03-11,1.268493,463,330.0,0.622336,530.260009765625,258.64018549604293,0.6471808568700816,0.6858306806256462,10.0,0.19816636006053978,2.0,-0.4803916419883498,0.05
SPOT,2026-03-11,1.268493,463,340.0,0.641195,530.260009765625,234.10475128747026,0.5026915803295398,0.6858306806256462,10.0,0.19816636006053978,2.0,-0.4803916419883498,0.05
SPOT,2026-03-11,1.268493,463,350.0,0.660054,530.260009765625,234.51931840130396,0.5580083584495651,0.6858306806256462,10.0,0.19816636006053978,2.0,-0.4803916419883498,0.05
SPOT,2026-03-11,1.268493,463,360.0,0.678912,530.260009765625,241.8838712776699,0.6524526089969483,0.6858306806256462,10.0,0.19816636006053978,2.0,-0.4803916419883498,0.05
SPOT,2026-03-11,1.268493,463,370.0,0.697771,530.260009765625,218.42843421058188,0.5320243075264137,0.6858306806256462,10.0,0.19816636006053978,2.0,-0.4803916419883498,0.05
SPOT,2026-03-11,1.268493,463,380.0,0.71663,530.260009765625,221.16297468474235,0.5899158221973341,0.6858306806256462,10.0,0.19816636006053978,2.0,-0.4803916419883498,0.05
SPOT,2026-03-11,1.268493,463,390.0,0.735488,530.260009765625,208.5775264355328,0.5459833758609194,0.6858306806256462,10.0,0.19816636006053978,2.0,-0.4803916419883498,0.05
SPOT,2026-03-11,1.268493,463,400.0,0.754347,530.260009765625,201.05207806487314,0.5348300359854382,0.6858306806256462,10.0,0.19816636006053978,2.0,-0.4803916419883498,0.05
SPOT,2026-03-11,1.268493,463,410.0,0.773206,530.260009765625,219.5066299072889,0.6755177741372584,0.6858306806256462,10.0,0.19816636006053978,2.0,-0.4803916419883498,0.05
SPOT,2026-03-11,1.268493,463,420.0,0.792064,530.260009765625,180.0711814547388,0.4774611478112218,0.6858306806256462,10.0,0.19816636006053978,2.0,-0.4803916419883498,0.05
SPOT,2026-03-11,1.268493,463,430.0,0.810923,530.260009765625,200.4457333284507,0.6225419776329075,0.6858306806256462,10.0,0.19816636006053978,2.0,-0.4803916419883498,0.05
SPOT,2026-03-11,1.268493,463,440.0,0.829782,530.260009765625,169.15028481917986,0.4787611704975096,0.6858306806256462,10.0,0.19816636006053978,2.0,-0.4803916419883498,0.05
SPOT,2026-03-11,1.268493,463,450.0,0.84864,530.260009765625,165.30483667235333,0.48671009076348554,0.6858306806256462,10.0,0.19816636006053978,2.0,-0.4803916419883498,0.05
SPOT,2026-03-11,1.268493,463,460.0,0.867499,530.260009765625,168.67938846202648,0.5307462707923536,0.6858306806256462,10.0,0.19816636006053978,2.0,-0.4803916419883498,0.05
SPOT,2026-03-11,1.268493,463,470.0,0.886358,530.260009765625,153.6439263373882,0.47902343919056095,0.6858306806256462,10.0,0.19816636006053978,2.0,-0.4803916419883498,0.05
SPOT,2026-03-11,1.268493,463,480.0,0.905216,530.260009765625,174.50849186713242,0.6064281457966367,0.6858306806256462,10.0,0.19816636006053978,2.0,-0.4803916419883498,0.05
SPOT,2026-03-11,1.268493,463,490.0,0.924075,530.260009765625,145.31299973619988,0.4853048446029223,0.6858306806256462,10.0,0.19816636006053978,2.0,-0.4803916419883498,0.05
SPOT,2026-03-11,1.268493,463,500.0,0.942934,530.260009765625,139.48759530510648,0.4793701621041721,0.6858306806256462,10.0,0.19816636006053978,2.0,-0.4803916419883498,0.05
SPOT,2026-03-11,1.268493,463,520.0,0.980651,530.260009765625,150.61669872635605,0.5713091266830851,0.6858306806256462,10.0,0.19816636006053978,2.0,-0.4803916419883498,0.05
SPOT,2026-03-11,1.268493,463,540.0,1.018368,530.260009765625,130.0000120505945,0.5132027295878224,0.6858306806256462,10.0,0.19816636006053978,2.0,-0.4803916419883498,0.05
SPOT,2026-03-11,1.268493,463,550.0,1.037227,530.260009765625,124.37003363109338,0.5053096038310524,0.6858306806256462,10.0,0.19816636006053978,2.0,-0.4803916419883498,0.05
SPOT,2026-03-11,1.268493,463,560.0,1.056086,530.260009765625,96.2000056638685,0.3989572507930223,0.6858306806256462,10.0,0.19816636006053978,2.0,-0.4803916419883498,0.05
SPOT,2026-03-11,1.268493,463,580.0,1.093803,530.260009765625,89.12500966074529,0.40108514861356626,0.6858306806256462,10.0,0.19816636006053978,2.0,-0.4803916419883498,0.05
SPOT,2026-03-11,1.268493,463,590.0,1.112662,530.260009765625,65.7999999991639,0.31780193298804693,0.6858306806256462,10.0,0.19816636006053978,2.0,-0.4803916419883498,0.05
SPOT,2026-03-11,1.268493,463,600.0,1.13152,530.260009765625,109.39999999980196,0.5168335049118661,0.6858306806256462,10.0,0.19816636006053978,2.0,-0.4803916419883498,0.05
SPOT,2026-03-11,1.268493,463,610.0,1.150379,530.260009765625,77.19999998655081,0.394384440254161,0.6858306806256462,10.0,0.19816636006053978,2.0,-0.4803916419883498,0.05
SPOT,2026-03-11,1.268493,463,620.0,1.169238,530.260009765625,73.39998785348882,0.3918202669295938,0.6858306806256462,10.0,0.19816636006053978,2.0,-0.4803916419883498,0.05
SPOT,2026-03-11,1.268493,463,630.0,1.188096,530.260009765625,46.59999996156867,0.2916912549221132,0.6858306806256462,10.0,0.19816636006053978,2.0,-0.4803916419883498,0.05
SPOT,2026-03-11,1.268493,463,640.0,1.206955,530.260009765625,105.999999992363,0.5541465421604843,0.6858306806256462,10.0,0.19816636006053978,2.0,-0.4803916419883498,0.05
SPOT,2026-03-11,1.268493,463,650.0,1.225814,530.260009765625,89.15005378472875,0.49513615282995466,0.6858306806256462,10.0,0.19816636006053978,2.0,-0.4803916419883498,0.05
SPOT,2026-03-11,1.268493,463,660.0,1.244672,530.260009765625,62.64999997282814,0.3952129202394069,0.6858306806256462,10.0,0.19816636006053978,2.0,-0.4803916419883498,0.05
SPOT,2026-03-11,1.268493,463,670.0,1.263531,530.260009765625,51.14999977586808,0.35720616183967785,0.6858306806256462,10.0,0.19816636006053978,2.0,-0.4803916419883498,0.05
SPOT,2026-03-11,1.268493,463,680.0,1.28239,530.260009765625,39.74999984766802,0.31788506251287135,0.6858306806256462,10.0,0.19816636006053978,2.0,-0.4803916419883498,0.05
SPOT,2026-03-11,1.268493,463,690.0,1.301248,530.260009765625,77.14999999386157,0.48880564838781526,0.6858306806256462,10.0,0.19816636006053978,2.0,-0.4803916419883498,0.05
SPOT,2026-03-11,1.268493,463,700.0,1.320107,530.260009765625,74.5499999628502,0.4880266365698982,0.6858306806256462,10.0,0.19816636006053978,2.0,-0.4803916419883498,0.05
SPOT,2026-03-11,1.268493,463,720.0,1.357824,530.260009765625,40.800053182961165,0.36081028804573395,0.6858306806256462,10.0,0.19816636006053978,2.0,-0.4803916419883498,0.05
SPOT,2026-03-11,1.268493,463,740.0,1.395542,530.260009765625,57.57999971520252,0.4531422740775203,0.6858306806256462,10.0,0.19816636006053978,2.0,-0.4803916419883498,0.05
SPOT,2026-03-11,1.268493,463,760.0,1.433259,530.260009765625,42.44999996633561,0.4026547674358285,0.6858306806256462,10.0,0.19816636006053978,2.0,-0.4803916419883498,0.05
SPOT,2026-03-11,1.268493,463,780.0,1.470976,530.260009765625,31.7999999888261,0.36772790427316904,0.6858306806256462,10.0,0.19816636006053978,2.0,-0.4803916419883498,0.05
SPOT,2026-03-11,1.268493,463,800.0,1.508694,530.260009765625,47.95000005819671,0.459274592913388,0.6858306806256462,10.0,0.19816636006053978,2.0,-0.4803916419883498,0.05
SPOT,2026-03-11,1.268493,463,820.0,1.546411,530.260009765625,44.64999981969295,0.458748940751313,0.6858306806256462,10.0,0.19816636006053978,2.0,-0.4803916419883498,0.05
SPOT,2026-03-11,1.268493,463,840.0,1.584129,530.260009765625,43.0199933004735,0.4651106883367277,0.6858306806256462,10.0,0.19816636006053978,2.0,-0.4803916419883498,0.05
SPOT,2026-03-11,1.268493,463,860.0,1.621846,530.260009765625,12.1499989714615,0.30679072270624025,0.6858306806256462,10.0,0.19816636006053978,2.0,-0.4803916419883498,0.05
SPOT,2026-03-11,1.268493,463,880.0,1.659563,530.260009765625,12.449993283479628,0.31998038009417956,0.6858306806256462,10.0,0.19816636006053978,2.0,-0.4803916419883498,0.05
SPOT,2026-03-11,1.268493,463,900.0,1.697281,530.260009765625,37.799996203383984,0.4782969205061278,0.6858306806256462,10.0,0.19816636006053978,2.0,-0.4803916419883498,0.05
SPOT,2026-03-11,1.268493,463,920.0,1.734998,530.260009765625,10.870021369487205,0.3287199516883196,0.6858306806256462,10.0,0.19816636006053978,2.0,-0.4803916419883498,0.05
SPOT,2026-03-11,1.268493,463,940.0,1.772715,530.260009765625,10.049974126061151,0.3317636387198545,0.6858306806256462,10.0,0.19816636006053978,2.0,-0.4803916419883498,0.05
SPOT,2026-03-11,1.769863,646,280.0,0.528043,530.260009765625,294.4233911728711,0.5377614318537014,0.6858306806256462,10.0,0.19816636006053978,2.0,-0.4803916419883498,0.05
SPOT,2026-03-11,1.769863,646,290.0,0.546902,530.260009765625,287.4702880246936,0.5359803848577973,0.6858306806256462,10.0,0.19816636006053978,2.0,-0.4803916419883498,0.05
SPOT,2026-03-11,1.769863,646,300.0,0.56576,530.260009765625,286.1171855793051,0.5772759676356695,0.6858306806256462,10.0,0.19816636006053978,2.0,-0.4803916419883498,0.05
SPOT,2026-03-11,1.769863,646,310.0,0.584619,530.260009765625,270.0891018383261,0.5025546118737988,0.6858306806256462,10.0,0.19816636006053978,2.0,-0.4803916419883498,0.05
SPOT,2026-03-11,1.769863,646,320.0,0.603478,530.260009765625,268.5610085213981,0.5395190313806587,0.6858306806256462,10.0,0.19816636006053978,2.0,-0.4803916419883498,0.05
SPOT,2026-03-11,1.769863,646,330.0,0.622336,530.260009765625,261.2079143804081,0.5313027403200041,0.6858306806256462,10.0,0.19816636006053978,2.0,-0.4803916419883498,0.05
SPOT,2026-03-11,1.769863,646,340.0,0.641195,530.260009765625,261.51481655517176,0.5725005303773271,0.6858306806256462,10.0,0.19816636006053978,2.0,-0.4803916419883498,0.05
SPOT,2026-03-11,1.769863,646,350.0,0.660054,530.260009765625,251.10172325294315,0.5431514338756973,0.6858306806256462,10.0,0.19816636006053978,2.0,-0.4803916419883498,0.05
SPOT,2026-03-11,1.769863,646,360.0,0.678912,530.260009765625,243.49862767167593,0.5318204922215463,0.6858306806256462,10.0,0.19816636006053978,2.0,-0.4803916419883498,0.05
SPOT,2026-03-11,1.769863,646,370.0,0.697771,530.260009765625,231.11553585031683,0.4924301834692446,0.6858306806256462,10.0,0.19816636006053978,2.0,-0.4803916419883498,0.05
SPOT,2026-03-11,1.769863,646,380.0,0.71663,530.260009765625,235.04243971508674,0.5469231207581438,0.6858306806256462,10.0,0.19816636006053978,2.0,-0.4803916419883498,0.05
SPOT,2026-03-11,1.769863,646,390.0,0.735488,530.260009765625,225.41434601470553,0.5235854145354987,0.6858306806256462,10.0,0.19816636006053978,2.0,-0.4803916419883498,0.05
SPOT,2026-03-11,1.769863,646,400.0,0.754347,530.260009765625,213.83625145620906,0.49057835666983424,0.6858306806256462,10.0,0.19816636006053978,2.0,-0.4803916419883498,0.05
SPOT,2026-03-11,1.769863,646,410.0,0.773206,530.260009765625,216.93316341482915,0.5337518292707498,0.6858306806256462,10.0,0.19816636006053978,2.0,-0.4803916419883498,0.05
SPOT,2026-03-11,1.769863,646,420.0,0.792064,530.260009765625,201.83006809816632,0.4837271867846706,0.6858306806256462,10.0,0.19816636006053978,2.0,-0.4803916419883498,0.05
SPOT,2026-03-11,1.769863,646,430.0,0.810923,530.260009765625,208.67692638585453,0.5414791129907361,0.6858306806256462,10.0,0.19816636006053978,2.0,-0.4803916419883498,0.05
SPOT,2026-03-11,1.769863,646,440.0,0.829782,530.260009765625,200.32385483492916,0.5244428904236716,0.6858306806256462,10.0,0.19816636006053978,2.0,-0.4803916419883498,0.05
SPOT,2026-03-11,1.769863,646,450.0,0.84864,530.260009765625,195.84578905614558,0.5253821478056563,0.6858306806256462,10.0,0.19816636006053978,2.0,-0.4803916419883498,0.05
SPOT,2026-03-11,1.769863,646,460.0,0.867499,530.260009765625,192.0876950937039,0.5289829169242085,0.6858306806256462,10.0,0.19816636006053978,2.0,-0.4803916419883498,0.05
SPOT,2026-03-11,1.769863,646,470.0,0.886358,530.260009765625,177.6146019882315,0.48498504906522616,0.6858306806256462,10.0,0.19816636006053978,2.0,-0.4803916419883498,0.05
SPOT,2026-03-11,1.769863,646,480.0,0.905216,530.260009765625,174.06150665245562,0.48914402682131974,0.6858306806256462,10.0,0.19816636006053978,2.0,-0.4803916419883498,0.05
SPOT,2026-03-11,1.769863,646,490.0,0.924075,530.260009765625,179.5584129918541,0.5308429556651534,0.6858306806256462,10.0,0.19816636006053978,2.0,-0.4803916419883498,0.05
SPOT,2026-03-11,1.769863,646,500.0,0.942934,530.260009765625,162.60531934991727,0.477572065498584,0.6858306806256462,10.0,0.19816636006053978,2.0,-0.4803916419883498,0.05
SPOT,2026-03-11,1.769863,646,520.0,0.980651,530.260009765625,153.86913215772194,0.4758303331682637,0.6858306806256462,10.0,0.19816636006053978,2.0,-0.4803916419883498,0.05
SPOT,2026-03-11,1.769863,646,540.0,1.018368,530.260009765625,292.99999970470833,1.101671363021247,0.6858306806256462,10.0,0.19816636006053978,2.0,-0.4803916419883498,0.05
SPOT,2026-03-11,1.769863,646,550.0,1.037227,530.260009765625,65.95999921864939,0.18802009604097575,0.6858306806256462,10.0,0.19816636006053978,2.0,-0.4803916419883498,0.05
SPOT,2026-03-11,1.769863,646,560.0,1.056086,530.260009765625,92.64995352493787,0.30384852924149075,0.6858306806256462,10.0,0.19816636006053978,2.0,-0.4803916419883498,0.05
SPOT,2026-03-11,1.769863,646,580.0,1.093803,530.260009765625,94.5299634631975,0.3396633595018726,0.6858306806256462,10.0,0.19816636006053978,2.0,-0.4803916419883498,0.05
SPOT,2026-03-11,1.769863,646,590.0,1.112662,530.260009765625,74.8000021907211,0.2818780477959216,0.6858306806256462,10.0,0.19816636006053978,2.0,-0.4803916419883498,0.05
SPOT,2026-03-11,1.769863,646,600.0,1.13152,530.260009765625,98.88000023856284,0.3813946552072353,0.6858306806256462,10.0,0.19816636006053978,2.0,-0.4803916419883498,0.05
SPOT,2026-03-11,1.769863,646,610.0,1.150379,530.260009765625,137.00000010566524,0.5324435643717735,0.6858306806256462,10.0,0.19816636006053978,2.0,-0.4803916419883498,0.05
SPOT,2026-03-11,1.769863,646,620.0,1.169238,530.260009765625,78.14999998709311,0.3310044880418341,0.6858306806256462,10.0,0.19816636006053978,2.0,-0.4803916419883498,0.05
SPOT,2026-03-11,1.769863,646,630.0,1.188096,530.260009765625,94.97499998066127,0.40228682416809486,0.6858306806256462,10.0,0.19816636006053978,2.0,-0.4803916419883498,0.05
SPOT,2026-03-11,1.769863,646,640.0,1.206955,530.260009765625,81.76999992520172,0.3660399000135064,0.6858306806256462,10.0,0.19816636006053978,2.0,-0.4803916419883498,0.05
SPOT,2026-03-11,1.769863,646,650.0,1.225814,530.260009765625,75.22499990731765,0.3532343782841901,0.6858306806256462,10.0,0.19816636006053978,2.0,-0.4803916419883498,0.05
SPOT,2026-03-11,1.769863,646,660.0,1.244672,530.260009765625,58.59995464911708,0.3040693849242472,0.6858306806256462,10.0,0.19816636006053978,2.0,-0.4803916419883498,0.05
SPOT,2026-03-11,1.769863,646,670.0,1.263531,530.260009765625,66.74997082491689,0.34287486089498803,0.6858306806256462,10.0,0.19816636006053978,2.0,-0.4803916419883498,0.05
SPOT,2026-03-11,1.769863,646,680.0,1.28239,530.260009765625,63.15003680859982,0.3393792584902443,0.6858306806256462,10.0,0.19816636006053978,2.0,-0.4803916419883498,0.05
SPOT,2026-03-11,1.769863,646,690.0,1.301248,530.260009765625,61.10000000107783,0.34107058122195977,0.6858306806256462,10.0,0.19816636006053978,2.0,-0.4803916419883498,0.05
SPOT,2026-03-11,1.769863,646,700.0,1.320107,530.260009765625,87.99999756868405,0.44593530593253167,0.6858306806256462,10.0,0.19816636006053978,2.0,-0.4803916419883498,0.05
SPOT,2026-03-11,1.769863,646,720.0,1.357824,530.260009765625,94.14999908396689,0.48482312301931074,0.6858306806256462,10.0,0.19816636006053978,2.0,-0.4803916419883498,0.05
SPOT,2026-03-11,1.769863,646,740.0,1.395542,530.260009765625,46.88999241753717,0.3298848800066165,0.6858306806256462,10.0,0.19816636006053978,2.0,-0.4803916419883498,0.05
SPOT,2026-03-11,1.769863,646,760.0,1.433259,530.260009765625,61.03999386910823,0.397237765415533,0.6858306806256462,10.0,0.19816636006053978,2.0,-0.4803916419883498,0.05
SPOT,2026-03-11,1.769863,646,780.0,1.470976,530.260009765625,64.8099932972226,0.4253790668994399,0.6858306806256462,10.0,0.19816636006053978,2.0,-0.4803916419883498,0.05
SPOT,2026-03-11,1.769863,646,800.0,1.508694,530.260009765625,46.04999701993563,0.368551885836515,0.6858306806256462,10.0,0.19816636006053978,2.0,-0.4803916419883498,0.05
SPOT,2026-03-11,1.769863,646,820.0,1.546411,530.260009765625,52.949993668576866,0.40780575969815913,0.6858306806256462,10.0,0.19816636006053978,2.0,-0.4803916419883498,0.05
SPOT,2026-03-11,1.769863,646,840.0,1.584129,530.260009765625,31.449988829324823,0.3337171266307081,0.6858306806256462,10.0,0.19816636006053978,2.0,-0.4803916419883498,0.05
SPOT,2026-03-11,1.769863,646,860.0,1.621846,530.260009765625,29.999999953829345,0.33854353493112527,0.6858306806256462,10.0,0.19816636006053978,2.0,-0.4803916419883498,0.05
SPOT,2026-03-11,1.769863,646,880.0,1.659563,530.260009765625,38.10999973813193,0.38401486213048036,0.6858306806256462,10.0,0.19816636006053978,2.0,-0.4803916419883498,0.05
SPOT,2026-03-11,1.769863,646,900.0,1.697281,530.260009765625,18.139991480381752,0.3021717863742166,0.6858306806256462,10.0,0.19816636006053978,2.0,-0.4803916419883498,0.05
SPOT,2026-03-11,1.769863,646,920.0,1.734998,530.260009765625,55.97499926331726,0.4767178869420323,0.6858306806256462,10.0,0.19816636006053978,2.0,-0.4803916419883498,0.05
SPOT,2026-03-11,1.769863,646,940.0,1.772715,530.260009765625,36.624999969445895,0.40831728241676113,0.6858306806256462,10.0,0.19816636006053978,2.0,-0.4803916419883498,0.05
SPOT,2026-03-11,1.865753,681,270.0,0.509184,530.260009765625,301.5285280952885,0.5170888279977047,0.6858306806256462,10.0,0.19816636006053978,2.0,-0.4803916419883498,0.05
SPOT,2026-03-11,1.865753,681,280.0,0.528043,530.260009765625,295.99920114765735,0.5296666550941114,0.6858306806256462,10.0,0.19816636006053978,2.0,-0.4803916419883498,0.05
SPOT,2026-03-11,1.865753,681,290.0,0.546902,530.260009765625,286.7898884032681,0.5083206526954616,0.6858306806256462,10.0,0.19816636006053978,2.0,-0.4803916419883498,0.05
SPOT,2026-03-11,1.865753,681,300.0,0.56576,530.260009765625,283.4405796232603,0.534909983483342,0.6858306806256462,10.0,0.19816636006053978,2.0,-0.4803916419883498,0.05
SPOT,2026-03-11,1.865753,681,310.0,0.584619,530.260009765625,277.9212729179741,0.5410729521742547,0.6858306806256462,10.0,0.19816636006053978,2.0,-0.4803916419883498,0.05
SPOT,2026-03-11,1.865753,681,320.0,0.603478,530.260009765625,271.46195734234027,0.5390902910913106,0.6858306806256462,10.0,0.19816636006053978,2.0,-0.4803916419883498,0.05
SPOT,2026-03-11,1.865753,681,330.0,0.622336,530.260009765625,265.10264355727975,0.537030207313409,0.6858306806256462,10.0,0.19816636006053978,2.0,-0.4803916419883498,0.05
SPOT,2026-03-11,1.865753,681,340.0,0.641195,530.260009765625,274.54332156379246,0.6317191680425642,0.6858306806256462,10.0,0.19816636006053978,2.0,-0.4803916419883498,0.05
SPOT,2026-03-11,1.865753,681,350.0,0.660054,530.260009765625,249.08401188758566,0.510652493738126,0.6858306806256462,10.0,0.19816636006053978,2.0,-0.4803916419883498,0.05
SPOT,2026-03-11,1.865753,681,360.0,0.678912,530.260009765625,244.55469112797056,0.5183807021459993,0.6858306806256462,10.0,0.19816636006053978,2.0,-0.4803916419883498,0.05
SPOT,2026-03-11,1.865753,681,370.0,0.697771,530.260009765625,238.91537434977965,0.5184229134072187,0.6858306806256462,10.0,0.19816636006053978,2.0,-0.4803916419883498,0.05
SPOT,2026-03-11,1.865753,681,380.0,0.71663,530.260009765625,241.95606903229475,0.5647654068707358,0.6858306806256462,10.0,0.19816636006053978,2.0,-0.4803916419883498,0.05
SPOT,2026-03-11,1.865753,681,390.0,0.735488,530.260009765625,223.94674774992873,0.4968139466188318,0.6858306806256462,10.0,0.19816636006053978,2.0,-0.4803916419883498,0.05
SPOT,2026-03-11,1.865753,681,400.0,0.754347,530.260009765625,223.95744162690306,0.5245117136948184,0.6858306806256462,10.0,0.19816636006053978,2.0,-0.4803916419883498,0.05
SPOT,2026-03-11,1.865753,681,410.0,0.773206,530.260009765625,220.97813010163873,0.5349664035835057,0.6858306806256462,10.0,0.19816636006053978,2.0,-0.4803916419883498,0.05
SPOT,2026-03-11,1.865753,681,420.0,0.792064,530.260009765625,205.52881414092514,0.48402257553524436,0.6858306806256462,10.0,0.19816636006053978,2.0,-0.4803916419883498,0.05
SPOT,2026-03-11,1.865753,681,430.0,0.810923,530.260009765625,202.0995018201378,0.4918162512035268,0.6858306806256462,10.0,0.19816636006053978,2.0,-0.4803916419883498,0.05
SPOT,2026-03-11,1.865753,681,440.0,0.829782,530.260009765625,210.05019225707727,0.5507553112835821,0.6858306806256462,10.0,0.19816636006053978,2.0,-0.4803916419883498,0.05
SPOT,2026-03-11,1.865753,681,450.0,0.84864,530.260009765625,191.79083832853482,0.48907130419434325,0.6858306806256462,10.0,0.19816636006053978,2.0,-0.4803916419883498,0.05
SPOT,2026-03-11,1.865753,681,460.0,0.867499,530.260009765625,195.83155816846568,0.5272732756860813,0.6858306806256462,10.0,0.19816636006053978,2.0,-0.4803916419883498,0.05
SPOT,2026-03-11,1.865753,681,470.0,0.886358,530.260009765625,180.15224640187145,0.47880664040823145,0.6858306806256462,10.0,0.19816636006053978,2.0,-0.4803916419883498,0.05
SPOT,2026-03-11,1.865753,681,480.0,0.905216,530.260009765625,178.16292988294683,0.4893362936714815,0.6858306806256462,10.0,0.19816636006053978,2.0,-0.4803916419883498,0.05
SPOT,2026-03-11,1.865753,681,490.0,0.924075,530.260009765625,168.60361611814741,0.4678042329310034,0.6858306806256462,10.0,0.19816636006053978,2.0,-0.4803916419883498,0.05
SPOT,2026-03-11,1.865753,681,500.0,0.942934,530.260009765625,169.394302414957,0.48846960855121013,0.6858306806256462,10.0,0.19816636006053978,2.0,-0.4803916419883498,0.05
SPOT,2026-03-11,1.865753,681,520.0,0.980651,530.260009765625,157.54567453733185,0.47388064423654536,0.6858306806256462,10.0,0.19816636006053978,2.0,-0.4803916419883498,0.05
SPOT,2026-03-11,1.865753,681,540.0,1.018368,530.260009765625,162.50000003672608,0.5228090503776386,0.6858306806256462,10.0,0.19816636006053978,2.0,-0.4803916419883498,0.05
SPOT,2026-03-11,1.865753,681,550.0,1.037227,530.260009765625,151.92000005275497,0.4963313128402646,0.6858306806256462,10.0,0.19816636006053978,2.0,-0.4803916419883498,0.05
SPOT,2026-03-11,1.865753,681,560.0,1.056086,530.260009765625,147.42000006521064,0.4929267774701943,0.6858306806256462,10.0,0.19816636006053978,2.0,-0.4803916419883498,0.05
SPOT,2026-03-11,1.865753,681,570.0,1.074944,530.260009765625,144.00000000220513,0.4932499845631493,0.6858306806256462,10.0,0.19816636006053978,2.0,-0.4803916419883498,0.05
SPOT,2026-03-11,1.865753,681,580.0,1.093803,530.260009765625,138.05000022372425,0.48396161628757267,0.6858306806256462,10.0,0.19816636006053978,2.0,-0.4803916419883498,0.05
SPOT,2026-03-11,1.865753,681,590.0,1.112662,530.260009765625,77.20000259948173,0.2792427041419593,0.6858306806256462,10.0,0.19816636006053978,2.0,-0.4803916419883498,0.05
SPOT,2026-03-11,1.865753,681,600.0,1.13152,530.260009765625,107.4499590889545,0.3982715353888647,0.6858306806256462,10.0,0.19816636006053978,2.0,-0.4803916419883498,0.05
SPOT,2026-03-11,1.865753,681,610.0,1.150379,530.260009765625,104.20000300560105,0.398562559021449,0.6858306806256462,10.0,0.19816636006053978,2.0,-0.4803916419883498,0.05
SPOT,2026-03-11,1.865753,681,620.0,1.169238,530.260009765625,64.49996972468244,0.27173723018068413,0.6858306806256462,10.0,0.19816636006053978,2.0,-0.4803916419883498,0.05
SPOT,2026-03-11,1.865753,681,630.0,1.188096,530.260009765625,84.6499999738983,0.3526676799120663,0.6858306806256462,10.0,0.19816636006053978,2.0,-0.4803916419883498,0.05
SPOT,2026-03-11,1.865753,681,640.0,1.206955,530.260009765625,111.21999999178894,0.45584287259978484,0.6858306806256462,10.0,0.19816636006053978,2.0,-0.4803916419883498,0.05
SPOT,2026-03-11,1.865753,681,650.0,1.225814,530.260009765625,91.99999985462799,0.3990122510316254,0.6858306806256462,10.0,0.19816636006053978,2.0,-0.4803916419883498,0.05
SPOT,2026-03-11,1.865753,681,660.0,1.244672,530.260009765625,110.9999998848904,0.47493144040044266,0.6858306806256462,10.0,0.19816636006053978,2.0,-0.4803916419883498,0.05
SPOT,2026-03-11,1.865753,681,670.0,1.263531,530.260009765625,49.770000001518866,0.27160557925884166,0.6858306806256462,10.0,0.19816636006053978,2.0,-0.4803916419883498,0.05
SPOT,2026-03-11,1.865753,681,680.0,1.28239,530.260009765625,115.8499995888067,0.5104679786007738,0.6858306806256462,10.0,0.19816636006053978,2.0,-0.4803916419883498,0.05
SPOT,2026-03-11,1.865753,681,690.0,1.301248,530.260009765625,96.21999946821592,0.4512139899355529,0.6858306806256462,10.0,0.19816636006053978,2.0,-0.4803916419883498,0.05
SPOT,2026-03-11,1.865753,681,700.0,1.320107,530.260009765625,68.4000000005502,0.36343184278243634,0.6858306806256462,10.0,0.19816636006053978,2.0,-0.4803916419883498,0.05
SPOT,2026-03-11,1.865753,681,710.0,1.338966,530.260009765625,77.20006769270975,0.40245898655510065,0.6858306806256462,10.0,0.19816636006053978,2.0,-0.4803916419883498,0.05
SPOT,2026-03-11,1.865753,681,720.0,1.357824,530.260009765625,74.47500000085572,0.4011599156104124,0.6858306806256462,10.0,0.19816636006053978,2.0,-0.4803916419883498,0.05
SPOT,2026-03-11,1.865753,681,730.0,1.376683,530.260009765625,69.50000000536826,0.3917212105889193,0.6858306806256462,10.0,0.19816636006053978,2.0,-0.4803916419883498,0.05
SPOT,2026-03-11,1.865753,681,740.0,1.395542,530.260009765625,70.15000000912337,0.4017124070543283,0.6858306806256462,10.0,0.19816636006053978,2.0,-0.4803916419883498,0.05
SPOT,2026-03-11,1.865753,681,750.0,1.4144,530.260009765625,37.499994907172436,0.29085956000164614,0.6858306806256462,10.0,0.19816636006053978,2.0,-0.4803916419883498,0.05
SPOT,2026-03-11,1.865753,681,760.0,1.433259,530.260009765625,39.32999440566732,0.30474723077251625,0.6858306806256462,10.0,0.19816636006053978,2.0,-0.4803916419883498,0.05
SPOT,2026-03-11,1.865753,681,770.0,1.452118,530.260009765625,38.04999720979046,0.3066110545542974,0.6858306806256462,10.0,0.19816636006053978,2.0,-0.4803916419883498,0.05
SPOT,2026-03-11,1.865753,681,780.0,1.470976,530.260009765625,51.83998596434239,0.3649515453143949,0.6858306806256462,10.0,0.19816636006053978,2.0,-0.4803916419883498,0.05
SPOT,2026-03-11,1.865753,681,790.0,1.489835,530.260009765625,79.10000002527073,0.46900642950217203,0.6858306806256462,10.0,0.19816636006053978,2.0,-0.4803916419883498,0.05
SPOT,2026-03-11,1.865753,681,800.0,1.508694,530.260009765625,77.19999665876699,0.46904823714163946,0.6858306806256462,10.0,0.19816636006053978,2.0,-0.4803916419883498,0.05
SPOT,2026-03-11,1.865753,681,810.0,1.527552,530.260009765625,47.14999280913449,0.3669472797958116,0.6858306806256462,10.0,0.19816636006053978,2.0,-0.4803916419883498,0.05
SPOT,2026-03-11,1.865753,681,820.0,1.546411,530.260009765625,37.50000001494618,0.33585603910348566,0.6858306806256462,10.0,0.19816636006053978,2.0,-0.4803916419883498,0.05
SPOT,2026-03-11,1.865753,681,840.0,1.584129,530.260009765625,49.99999378064874,0.3957947631331494,0.6858306806256462,10.0,0.19816636006053978,2.0,-0.4803916419883498,0.05
SPOT,2026-03-11,1.865753,681,860.0,1.621846,530.260009765625,49.62499680470398,0.40588515419924054,0.6858306806256462,10.0,0.19816636006053978,2.0,-0.4803916419883498,0.05
SPOT,2026-03-11,1.865753,681,880.0,1.659563,530.260009765625,35.239998817060254,0.36006628221206755,0.6858306806256462,10.0,0.19816636006053978,2.0,-0.4803916419883498,0.05
SPOT,2026-03-11,1.865753,681,900.0,1.697281,530.260009765625,61.99998683069856,0.4740152839927678,0.6858306806256462,10.0,0.19816636006053978,2.0,-0.4803916419883498,0.05
SPOT,2026-03-11,1.865753,681,920.0,1.734998,530.260009765625,45.930000000259255,0.42349217996808874,0.6858306806256462,10.0,0.19816636006053978,2.0,-0.4803916419883498,0.05
SPOT,2026-03-11,1.865753,681,940.0,1.772715,530.260009765625,40.59999916616893,0.41196949326318194,0.6858306806256462,10.0,0.19816636006053978,2.0,-0.4803916419883498,0.05
DIS,2026-03-11,0.005479,2,65.0,0.641532,101.31999969482422,36.33780547474299,0.5966752275659188,0.37124560381873817,10.0,0.08534297006377682,0.0001,-0.3465489546875075,0.05
DIS,2026-03-11,0.005479,2,70.0,0.69088,101.31999969482422,31.339175150121363,0.5966721416734015,0.37124560381873817,10.0,0.08534297006377682,0.0001,-0.3465489546875075,0.05
DIS,2026-03-11,0.005479,2,75.0,0.740229,101.31999969482422,26.370544820169556,1.6967728256885592,0.37124560381873817,10.0,0.08534297006377682,0.0001,-0.3465489546875075,0.05
DIS,2026-03-11,0.005479,2,80.0,0.789578,101.31999969482422,21.37191453368466,1.367951412199856,0.37124560381873817,10.0,0.08534297006377682,0.0001,-0.3465489546875075,0.05
DIS,2026-03-11,0.005479,2,85.0,0.838926,101.31999969482422,16.353284153125458,0.9224539630062158,0.37124560381873817,10.0,0.08534297006377682,0.0001,-0.3465489546875075,0.05
DIS,2026-03-11,0.005479,2,89.0,0.878405,101.31999969482422,12.384379916797528,0.8422058692059637,0.37124560381873817,10.0,0.08534297006377682,0.0001,-0.3465489546875075,0.05
DIS,2026-03-11,0.005479,2,90.0,0.888275,101.31999969482422,11.384653851637651,0.7795650133630905,0.37124560381873817,10.0,0.08534297006377682,0.0001,-0.3465489546875075,0.05
DIS,2026-03-11,0.005479,2,91.0,0.898144,101.31999969482422,10.384927785569332,0.717038349677035,0.37124560381873817,10.0,0.08534297006377682,0.0001,-0.3465489546875075,0.05
DIS,2026-03-11,0.005479,2,92.0,0.908014,101.31999969482422,9.39520170761412,0.6785556161395205,0.37124560381873817,10.0,0.08534297006377682,0.0001,-0.3465489546875075,0.05
DIS,2026-03-11,0.005479,2,93.0,0.917884,101.31999969482422,8.395475690852948,0.6142658441377165,0.37124560381873817,10.0,0.08534297006377682,0.0001,-0.3465489546875075,0.05
DIS,2026-03-11,0.005479,2,94.0,0.927754,101.31999969482422,7.4057495903048505,0.5679287055498469,0.37124560381873817,10.0,0.08534297006377682,0.0001,-0.3465489546875075,0.05
DIS,2026-03-11,0.005479,2,95.0,0.937623,101.31999969482422,6.466023540512225,0.5782966763787667,0.37124560381873817,10.0,0.08534297006377682,0.0001,-0.3465489546875075,0.05
DIS,2026-03-11,0.005479,2,96.0,0.947493,101.31999969482422,5.506297432925081,0.5408222712956705,0.37124560381873817,10.0,0.08534297006377682,0.0001,-0.3465489546875075,0.05
DIS,2026-03-11,0.005479,2,97.0,0.957363,101.31999969482422,4.556571083456362,0.4983747977466246,0.37124560381873817,10.0,0.08534297006377682,0.0001,-0.3465489546875075,0.05
DIS,2026-03-11,0.005479,2,98.0,0.967233,101.31999969482422,3.6868453765910374,0.4869226466609887,0.37124560381873817,10.0,0.08534297006377682,0.0001,-0.3465489546875075,0.05
DIS,2026-03-11,0.005479,2,99.0,0.977102,101.31999969482422,2.7971194823903147,0.4396955531726331,0.37124560381873817,10.0,0.08534297006377682,0.0001,-0.3465489546875075,0.05
DIS,2026-03-11,0.005479,2,100.0,0.986972,101.31999969482422,2.027393202218434,0.4168462588980636,0.37124560381873817,10.0,0.08534297006377682,0.0001,-0.3465489546875075,0.05
DIS,2026-03-11,0.005479,2,101.0,0.996842,101.31999969482422,1.3276671331976502,0.38349679986255725,0.37124560381873817,10.0,0.08534297006377682,0.0001,-0.3465489546875075,0.05
DIS,2026-03-11,0.005479,2,102.0,1.006711,101.31999969482422,0.890000135555141,0.3956744090561761,0.37124560381873817,10.0,0.08534297006377682,0.0001,-0.3465489546875075,0.05
DIS,2026-03-11,0.005479,2,103.0,1.016581,101.31999969482422,0.5299994317176235,0.3898620219730219,0.37124560381873817,10.0,0.08534297006377682,0.0001,-0.3465489546875075,0.05
DIS,2026-03-11,0.005479,2,104.0,1.026451,101.31999969482422,0.21999993933853546,0.3484992846910437,0.37124560381873817,10.0,0.08534297006377682,0.0001,-0.3465489546875075,0.05
DIS,2026-03-11,0.005479,2,105.0,1.036321,101.31999969482422,0.13000000155550318,0.3695261626605715,0.37124560381873817,10.0,0.08534297006377682,0.0001,-0.3465489546875075,0.05
DIS,2026-03-11,0.005479,2,106.0,1.04619,101.31999969482422,0.06999992745517147,0.3817975760705431,0.37124560381873817,10.0,0.08534297006377682,0.0001,-0.3465489546875075,0.05
DIS,2026-03-11,0.005479,2,107.0,1.05606,101.31999969482422,0.03000000000178238,0.38004030238611036,0.37124560381873817,10.0,0.08534297006377682,0.0001,-0.3465489546875075,0.05
DIS,2026-03-11,0.005479,2,108.0,1.06593,101.31999969482422,0.02000000002653546,0.4075491094212207,0.37124560381873817,10.0,0.08534297006377682,0.0001,-0.3465489546875075,0.05
DIS,2026-03-11,0.005479,2,109.0,1.075799,101.31999969482422,0.020000000588965783,0.45730392688390015,0.37124560381873817,10.0,0.08534297006377682,0.0001,-0.3465489546875075,0.05
DIS,2026-03-11,0.005479,2,110.0,1.085669,101.31999969482422,0.009999958971964928,0.46226037350932214,0.37124560381873817,10.0,0.08534297006377682,0.0001,-0.3465489546875075,0.05
DIS,2026-03-11,0.005479,2,111.0,1.095539,101.31999969482422,0.02000000002673863,0.5533885309105903,0.37124560381873817,10.0,0.08534297006377682,0.0001,-0.3465489546875075,0.05
DIS,2026-03-11,0.005479,2,112.0,1.105409,101.31999969482422,0.01000000180335725,0.5500818293995944,0.37124560381873817,10.0,0.08534297006377682,0.0001,-0.3465489546875075,0.05
DIS,2026-03-11,0.005479,2,113.0,1.115278,101.31999969482422,0.019999997662693225,0.6455997701707864,0.37124560381873817,10.0,0.08534297006377682,0.0001,-0.3465489546875075,0.05
DIS,2026-03-11,0.005479,2,114.0,1.125148,101.31999969482422,0.00999999950771635,0.6347453078784226,0.37124560381873817,10.0,0.08534297006377682,0.0001,-0.3465489546875075,0.05
DIS,2026-03-11,0.005479,2,115.0,1.135018,101.31999969482422,0.03000000055144514,0.7749904141858577,0.37124560381873817,10.0,0.08534297006377682,0.0001,-0.3465489546875075,0.05
DIS,2026-03-11,0.005479,2,116.0,1.144887,101.31999969482422,0.010000014622040032,0.7166559352620337,0.37124560381873817,10.0,0.08534297006377682,0.0001,-0.3465489546875075,0.05
DIS,2026-03-11,0.005479,2,117.0,1.154757,101.31999969482422,0.03000002755468878,0.8645701450316391,0.37124560381873817,10.0,0.08534297006377682,0.0001,-0.3465489546875075,0.05
DIS,2026-03-11,0.005479,2,118.0,1.164627,101.31999969482422,0.049999999856592314,0.9752259737943171,0.37124560381873817,10.0,0.08534297006377682,0.0001,-0.3465489546875075,0.05
DIS,2026-03-11,0.005479,2,119.0,1.174497,101.31999969482422,0.009999997592159748,0.8349884708549806,0.37124560381873817,10.0,0.08534297006377682,0.0001,-0.3465489546875075,0.05
DIS,2026-03-11,0.005479,2,120.0,1.184366,101.31999969482422,0.010000010294639927,0.8733351273516267,0.37124560381873817,10.0,0.08534297006377682,0.0001,-0.3465489546875075,0.05
DIS,2026-03-11,0.005479,2,121.0,1.194236,101.31999969482422,0.0900000893727193,1.2120735476625344,0.37124560381873817,10.0,0.08534297006377682,0.0001,-0.3465489546875075,0.05
DIS,2026-03-11,0.005479,2,122.0,1.204106,101.31999969482422,0.00999999938033036,0.9485155450667607,0.37124560381873817,10.0,0.08534297006377682,0.0001,-0.3465489546875075,0.05
DIS,2026-03-11,0.005479,2,123.0,1.213976,101.31999969482422,1.4799999962246293,2.4519958924571537,0.37124560381873817,10.0,0.08534297006377682,0.0001,-0.3465489546875075,0.05
DIS,2026-03-11,0.005479,2,124.0,1.223845,101.31999969482422,2.465118929923795e-06,0.596651925985319,0.37124560381873817,10.0,0.08534297006377682,0.0001,-0.3465489546875075,0.05
DIS,2026-03-11,0.005479,2,125.0,1.233715,101.31999969482422,0.14999999914962725,1.514288373470305,0.37124560381873817,10.0,0.08534297006377682,0.0001,-0.3465489546875075,0.05
DIS,2026-03-11,0.005479,2,130.0,1.283064,101.31999969482422,0.019999985264488984,1.3250860104434474,0.37124560381873817,10.0,0.08534297006377682,0.0001,-0.3465489546875075,0.05
DIS,2026-03-11,0.005479,2,135.0,1.332412,101.31999969482422,0.11999999943625284,1.886822570723514,0.37124560381873817,10.0,0.08534297006377682,0.0001,-0.3465489546875075,0.05
DIS,2026-03-11,0.005479,2,140.0,1.381761,101.31999969482422,0.05999999867931072,1.8931113760471285,0.37124560381873817,10.0,0.08534297006377682,0.0001,-0.3465489546875075,0.05
DIS,2026-03-11,0.005479,2,145.0,1.431109,101.31999969482422,0.14000000011832503,2.3208713880509904,0.37124560381873817,10.0,0.08534297006377682,0.0001,-0.3465489546875075,0.05
DIS,2026-03-11,0.005479,2,150.0,1.480458,101.31999969482422,0.14999999139834452,2.5263558248328577,0.37124560381873817,10.0,0.08534297006377682,0.0001,-0.3465489546875075,0.05
DIS,2026-03-11,0.024658,9,55.0,0.542835,101.31999969482422,46.41776609842637,1.5259104797908964,0.37124560381873817,10.0,0.08534297006377682,0.0001,-0.3465489546875075,0.05
DIS,2026-03-11,0.024658,9,60.0,0.592183,101.31999969482422,41.44392671702747,1.4072428367982774,0.37124560381873817,10.0,0.08534297006377682,0.0001,-0.3465489546875075,0.05
DIS,2026-03-11,0.024658,9,65.0,0.641532,101.31999969482422,36.43008734730685,1.1390113807074604,0.37124560381873817,10.0,0.08534297006377682,0.0001,-0.3465489546875075,0.05
DIS,2026-03-11,0.024658,9,70.0,0.69088,101.31999969482422,31.476247931357264,1.075767721858951,0.37124560381873817,10.0,0.08534297006377682,0.0001,-0.3465489546875075,0.05
DIS,2026-03-11,0.024658,9,75.0,0.740229,101.31999969482422,26.542408472231102,0.9856852171017583,0.37124560381873817,10.0,0.08534297006377682,0.0001,-0.3465489546875075,0.05
DIS,2026-03-11,0.024658,9,80.0,0.789578,101.31999969482422,21.458569160512496,0.6718025735176619,0.37124560381873817,10.0,0.08534297006377682,0.0001,-0.3465489546875075,0.05
DIS,2026-03-11,0.024658,9,85.0,0.838926,101.31999969482422,16.474729635398035,0.5355841198886258,0.37124560381873817,10.0,0.08534297006377682,0.0001,-0.3465489546875075,0.05
DIS,2026-03-11,0.024658,9,89.0,0.878405,101.31999969482422,12.61965811070796,0.5267117754022169,0.37124560381873817,10.0,0.08534297006377682,0.0001,-0.3465489546875075,0.05
DIS,2026-03-11,0.024658,9,90.0,0.888275,101.31999969482422,11.580890227870725,0.4666492069328207,0.37124560381873817,10.0,0.08534297006377682,0.0001,-0.3465489546875075,0.05
DIS,2026-03-11,0.024658,9,92.0,0.908014,101.31999969482422,9.763354683398873,0.4787119930716574,0.37124560381873817,10.0,0.08534297006377682,0.0001,-0.3465489546875075,0.05
DIS,2026-03-11,0.024658,9,93.0,0.917884,101.31999969482422,8.654586662829246,0.39503129414605037,0.37124560381873817,10.0,0.08534297006377682,0.0001,-0.3465489546875075,0.05
DIS,2026-03-11,0.024658,9,94.0,0.927754,101.31999969482422,7.71581869628065,0.38078602812475126,0.37124560381873817,10.0,0.08534297006377682,0.0001,-0.3465489546875075,0.05
DIS,2026-03-11,0.024658,9,95.0,0.937623,101.31999969482422,6.8670508134383255,0.3884442699284531,0.37124560381873817,10.0,0.08534297006377682,0.0001,-0.3465489546875075,0.05
DIS,2026-03-11,0.024658,9,96.0,0.947493,101.31999969482422,6.008282978027125,0.3813895615906834,0.37124560381873817,10.0,0.08534297006377682,0.0001,-0.3465489546875075,0.05
DIS,2026-03-11,0.024658,9,97.0,0.957363,101.31999969482422,5.099514946092796,0.35514527340747737,0.37124560381873817,10.0,0.08534297006377682,0.0001,-0.3465489546875075,0.05
DIS,2026-03-11,0.024658,9,98.0,0.967233,101.31999969482422,4.410747163991871,0.36727628043391847,0.37124560381873817,10.0,0.08534297006377682,0.0001,-0.3465489546875075,0.05
DIS,2026-03-11,0.024658,9,99.0,0.977102,101.31999969482422,3.6419792806057103,0.3524393036978555,0.37124560381873817,10.0,0.08534297006377682,0.0001,-0.3465489546875075,0.05
DIS,2026-03-11,0.024658,9,100.0,0.986972,101.31999969482422,2.8632113982743377,0.3271985072099803,0.37124560381873817,10.0,0.08534297006377682,0.0001,-0.3465489546875075,0.05
DIS,2026-03-11,0.024658,9,101.0,0.996842,101.31999969482422,2.1844435148278976,0.30859013509394856,0.37124560381873817,10.0,0.08534297006377682,0.0001,-0.3465489546875075,0.05
DIS,2026-03-11,0.024658,9,102.0,1.006711,101.31999969482422,1.6899999976748674,0.307149088021585,0.37124560381873817,10.0,0.08534297006377682,0.0001,-0.3465489546875075,0.05
DIS,2026-03-11,0.024658,9,103.0,1.016581,101.31999969482422,1.2200000056819604,0.2965091203156825,0.37124560381873817,10.0,0.08534297006377682,0.0001,-0.3465489546875075,0.05
DIS,2026-03-11,0.024658,9,104.0,1.026451,101.31999969482422,0.9299999007362594,0.30274378172114996,0.37124560381873817,10.0,0.08534297006377682,0.0001,-0.3465489546875075,0.05
DIS,2026-03-11,0.024658,9,105.0,1.036321,101.31999969482422,0.649998786409185,0.29841443377262356,0.37124560381873817,10.0,0.08534297006377682,0.0001,-0.3465489546875075,0.05
DIS,2026-03-11,0.024658,9,106.0,1.04619,101.31999969482422,0.5100000078091469,0.3113607093702492,0.37124560381873817,10.0,0.08534297006377682,0.0001,-0.3465489546875075,0.05
DIS,2026-03-11,0.024658,9,107.0,1.05606,101.31999969482422,0.2999999798043227,0.29536515923962725,0.37124560381873817,10.0,0.08534297006377682,0.0001,-0.3465489546875075,0.05
DIS,2026-03-11,0.024658,9,108.0,1.06593,101.31999969482422,0.20999999822493187,0.29976868719146066,0.37124560381873817,10.0,0.08534297006377682,0.0001,-0.3465489546875075,0.05
DIS,2026-03-11,0.024658,9,109.0,1.075799,101.31999969482422,0.19999997342468134,0.32773753352647306,0.37124560381873817,10.0,0.08534297006377682,0.0001,-0.3465489546875075,0.05
DIS,2026-03-11,0.024658,9,110.0,1.085669,101.31999969482422,0.09000000438487366,0.30208666488328856,0.37124560381873817,10.0,0.08534297006377682,0.0001,-0.3465489546875075,0.05
DIS,2026-03-11,0.024658,9,111.0,1.095539,101.31999969482422,0.11000000003523436,0.3418346081583059,0.37124560381873817,10.0,0.08534297006377682,0.0001,-0.3465489546875075,0.05
DIS,2026-03-11,0.024658,9,112.0,1.105409,101.31999969482422,0.04000000019800121,0.3097527026962768,0.37124560381873817,10.0,0.08534297006377682,0.0001,-0.3465489546875075,0.05
DIS,2026-03-11,0.024658,9,113.0,1.115278,101.31999969482422,0.15999972555173336,0.425274260424421,0.37124560381873817,10.0,0.08534297006377682,0.0001,-0.3465489546875075,0.05
DIS,2026-03-11,0.024658,9,114.0,1.125148,101.31999969482422,0.07000015209541477,0.3884450725214599,0.37124560381873817,10.0,0.08534297006377682,0.0001,-0.3465489546875075,0.05
DIS,2026-03-11,0.024658,9,115.0,1.135018,101.31999969482422,0.029999983624627413,0.36296582281597756,0.37124560381873817,10.0,0.08534297006377682,0.0001,-0.3465489546875075,0.05
DIS,2026-03-11,0.024658,9,116.0,1.144887,101.31999969482422,0.1399997267069084,0.49181936466679654,0.37124560381873817,10.0,0.08534297006377682,0.0001,-0.3465489546875075,0.05
DIS,2026-03-11,0.024658,9,117.0,1.154757,101.31999969482422,0.060000000033686884,0.44769269887098667,0.37124560381873817,10.0,0.08534297006377682,0.0001,-0.3465489546875075,0.05
DIS,2026-03-11,0.024658,9,118.0,1.164627,101.31999969482422,0.21000000288452103,0.5854649093492005,0.37124560381873817,10.0,0.08534297006377682,0.0001,-0.3465489546875075,0.05
DIS,2026-03-11,0.024658,9,120.0,1.184366,101.31999969482422,0.019999998427312038,0.443166761684232,0.37124560381873817,10.0,0.08534297006377682,0.0001,-0.3465489546875075,0.05
DIS,2026-03-11,0.024658,9,125.0,1.233715,101.31999969482422,0.010000000008052845,0.49661971651333725,0.37124560381873817,10.0,0.08534297006377682,0.0001,-0.3465489546875075,0.05
DIS,2026-03-11,0.024658,9,130.0,1.283064,101.31999969482422,0.019999999915599642,0.6225472056969986,0.37124560381873817,10.0,0.08534297006377682,0.0001,-0.3465489546875075,0.05
DIS,2026-03-11,0.024658,9,135.0,1.332412,101.31999969482422,0.010000018417688328,0.6561142601841747,0.37124560381873817,10.0,0.08534297006377682,0.0001,-0.3465489546875075,0.05
DIS,2026-03-11,0.024658,9,140.0,1.381761,101.31999969482422,0.030000054773617335,0.8184526740644739,0.37124560381873817,10.0,0.08534297006377682,0.0001,-0.3465489546875075,0.05
DIS,2026-03-11,0.024658,9,145.0,1.431109,101.31999969482422,0.010000002521466878,0.800153800335263,0.37124560381873817,10.0,0.08534297006377682,0.0001,-0.3465489546875075,0.05
DIS,2026-03-11,0.024658,9,150.0,1.480458,101.31999969482422,0.009999983909530413,0.8673776259415139,0.37124560381873817,10.0,0.08534297006377682,0.0001,-0.3465489546875075,0.05
DIS,2026-03-11,0.024658,9,155.0,1.529807,101.31999969482422,0.02000000010476427,0.995920612648316,0.37124560381873817,10.0,0.08534297006377682,0.0001,-0.3465489546875075,0.05
DIS,2026-03-11,0.024658,9,160.0,1.579155,101.31999969482422,0.029999998392752025,1.1063933846028107,0.37124560381873817,10.0,0.08534297006377682,0.0001,-0.3465489546875075,0.05
DIS,2026-03-11,0.024658,9,165.0,1.628504,101.31999969482422,0.010000000000249504,1.0531531548393651,0.37124560381873817,10.0,0.08534297006377682,0.0001,-0.3465489546875075,0.05
DIS,2026-03-11,0.024658,9,170.0,1.677852,101.31999969482422,0.25000000042094195,1.610278678405545,0.37124560381873817,10.0,0.08534297006377682,0.0001,-0.3465489546875075,0.05
DIS,2026-03-11,0.024658,9,175.0,1.727201,101.31999969482422,0.01000000113881544,1.1657751810917687,0.37124560381873817,10.0,0.08534297006377682,0.0001,-0.3465489546875075,0.05
DIS,2026-03-11,0.024658,9,180.0,1.77655,101.31999969482422,0.09999999960131434,1.5474600702438936,0.37124560381873817,10.0,0.08534297006377682,0.0001,-0.3465489546875075,0.05
DIS,2026-03-11,0.043836,16,65.0,0.641532,101.31999969482422,36.46234927552001,0.519415253492732,0.37124560381873817,10.0,0.08534297006377682,0.0001,-0.3465489546875075,0.05
DIS,2026-03-11,0.043836,16,70.0,0.69088,101.31999969482422,31.523256354054183,0.7730970172721642,0.37124560381873817,10.0,0.08534297006377682,0.0001,-0.3465489546875075,0.05
DIS,2026-03-11,0.043836,16,75.0,0.740229,101.31999969482422,26.584203277961095,0.7111743428354445,0.37124560381873817,10.0,0.08534297006377682,0.0001,-0.3465489546875075,0.05
DIS,2026-03-11,0.043836,16,80.0,0.789578,101.31999969482422,21.595150094609025,0.5781347594413163,0.37124560381873817,10.0,0.08534297006377682,0.0001,-0.3465489546875075,0.05
DIS,2026-03-11,0.043836,16,85.0,0.838926,101.31999969482422,16.676096981804506,0.49563990369745614,0.37124560381873817,10.0,0.08534297006377682,0.0001,-0.3465489546875075,0.05
DIS,2026-03-11,0.043836,16,89.0,0.878405,101.31999969482422,12.914854570393487,0.4731008529524283,0.37124560381873817,10.0,0.08534297006377682,0.0001,-0.3465489546875075,0.05
DIS,2026-03-11,0.043836,16,90.0,0.888275,101.31999969482422,12.067043474961352,0.48344551681623404,0.37124560381873817,10.0,0.08534297006377682,0.0001,-0.3465489546875075,0.05
DIS,2026-03-11,0.043836,16,91.0,0.898144,101.31999969482422,11.009233319851901,0.43598500539413526,0.37124560381873817,10.0,0.08534297006377682,0.0001,-0.3465489546875075,0.05
DIS,2026-03-11,0.043836,16,92.0,0.908014,101.31999969482422,10.101422724824559,0.42545704059456974,0.37124560381873817,10.0,0.08534297006377682,0.0001,-0.3465489546875075,0.05
DIS,2026-03-11,0.043836,16,93.0,0.917884,101.31999969482422,9.183611857736253,0.40950824693401083,0.37124560381873817,10.0,0.08534297006377682,0.0001,-0.3465489546875075,0.05
DIS,2026-03-11,0.043836,16,94.0,0.927754,101.31999969482422,7.995801519954682,0.3353101942155958,0.37124560381873817,10.0,0.08534297006377682,0.0001,-0.3465489546875075,0.05
DIS,2026-03-11,0.043836,16,95.0,0.937623,101.31999969482422,7.17799118310414,0.33888572375177456,0.37124560381873817,10.0,0.08534297006377682,0.0001,-0.3465489546875075,0.05
DIS,2026-03-11,0.043836,16,96.0,0.947493,101.31999969482422,6.2801791414034085,0.32142472235785885,0.37124560381873817,10.0,0.08534297006377682,0.0001,-0.3465489546875075,0.05
DIS,2026-03-11,0.043836,16,97.0,0.957363,101.31999969482422,5.672369615928488,0.34476564366695905,0.37124560381873817,10.0,0.08534297006377682,0.0001,-0.3465489546875075,0.05
DIS,2026-03-11,0.043836,16,98.0,0.967233,101.31999969482422,4.8545589374705,0.328548018699716,0.37124560381873817,10.0,0.08534297006377682,0.0001,-0.3465489546875075,0.05
DIS,2026-03-11,0.043836,16,99.0,0.977102,101.31999969482422,4.126748137653074,0.319422584997566,0.37124560381873817,10.0,0.08534297006377682,0.0001,-0.3465489546875075,0.05
DIS,2026-03-11,0.043836,16,100.0,0.986972,101.31999969482422,3.298937757267403,0.2921274978694395,0.37124560381873817,10.0,0.08534297006377682,0.0001,-0.3465489546875075,0.05
DIS,2026-03-11,0.043836,16,101.0,0.996842,101.31999969482422,2.961125142638714,0.3178063662582739,0.37124560381873817,10.0,0.08534297006377682,0.0001,-0.3465489546875075,0.05
DIS,2026-03-11,0.043836,16,102.0,1.006711,101.31999969482422,2.2999991316442845,0.2973572725251243,0.37124560381873817,10.0,0.08534297006377682,0.0001,-0.3465489546875075,0.05
DIS,2026-03-11,0.043836,16,103.0,1.016581,101.31999969482422,1.9000016172903713,0.30060867775563416,0.37124560381873817,10.0,0.08534297006377682,0.0001,-0.3465489546875075,0.05
DIS,2026-03-11,0.043836,16,104.0,1.026451,101.31999969482422,1.720000025659374,0.3241163032050428,0.37124560381873817,10.0,0.08534297006377682,0.0001,-0.3465489546875075,0.05
DIS,2026-03-11,0.043836,16,105.0,1.036321,101.31999969482422,1.19999979274467,0.29800664903266855,0.37124560381873817,10.0,0.08534297006377682,0.0001,-0.3465489546875075,0.05
DIS,2026-03-11,0.043836,16,106.0,1.04619,101.31999969482422,0.9500000461604756,0.29938917006313864,0.37124560381873817,10.0,0.08534297006377682,0.0001,-0.3465489546875075,0.05
DIS,2026-03-11,0.043836,16,107.0,1.05606,101.31999969482422,0.7200006462780095,0.296768651135697,0.37124560381873817,10.0,0.08534297006377682,0.0001,-0.3465489546875075,0.05
DIS,2026-03-11,0.043836,16,108.0,1.06593,101.31999969482422,0.519999554671724,0.2913278366400917,0.37124560381873817,10.0,0.08534297006377682,0.0001,-0.3465489546875075,0.05
DIS,2026-03-11,0.043836,16,109.0,1.075799,101.31999969482422,0.3699994116377532,0.28724051808243595,0.37124560381873817,10.0,0.08534297006377682,0.0001,-0.3465489546875075,0.05
DIS,2026-03-11,0.043836,16,110.0,1.085669,101.31999969482422,0.30000035908720335,0.29515843344444465,0.37124560381873817,10.0,0.08534297006377682,0.0001,-0.3465489546875075,0.05
DIS,2026-03-11,0.043836,16,111.0,1.095539,101.31999969482422,0.21999996220232365,0.29545708981379476,0.37124560381873817,10.0,0.08534297006377682,0.0001,-0.3465489546875075,0.05
DIS,2026-03-11,0.043836,16,112.0,1.105409,101.31999969482422,0.19999999850071237,0.31082840777249177,0.37124560381873817,10.0,0.08534297006377682,0.0001,-0.3465489546875075,0.05
DIS,2026-03-11,0.043836,16,113.0,1.115278,101.31999969482422,0.499999746525555,0.4176197927210648,0.37124560381873817,10.0,0.08534297006377682,0.0001,-0.3465489546875075,0.05
DIS,2026-03-11,0.043836,16,114.0,1.125148,101.31999969482422,0.6400004288743535,0.4740025421829936,0.37124560381873817,10.0,0.08534297006377682,0.0001,-0.3465489546875075,0.05
DIS,2026-03-11,0.043836,16,115.0,1.135018,101.31999969482422,0.06000016322879942,0.29968082785836625,0.37124560381873817,10.0,0.08534297006377682,0.0001,-0.3465489546875075,0.05
DIS,2026-03-11,0.043836,16,116.0,1.144887,101.31999969482422,0.19999995584857544,0.3936341138951353,0.37124560381873817,10.0,0.08534297006377682,0.0001,-0.3465489546875075,0.05
DIS,2026-03-11,0.043836,16,117.0,1.154757,101.31999969482422,0.8800000012023368,0.5988199213357137,0.37124560381873817,10.0,0.08534297006377682,0.0001,-0.3465489546875075,0.05
DIS,2026-03-11,0.043836,16,118.0,1.164627,101.31999969482422,0.550000606285618,0.5457036070574718,0.37124560381873817,10.0,0.08534297006377682,0.0001,-0.3465489546875075,0.05
DIS,2026-03-11,0.043836,16,119.0,1.174497,101.31999969482422,0.04999999785085385,0.3572147560984361,0.37124560381873817,10.0,0.08534297006377682,0.0001,-0.3465489546875075,0.05
DIS,2026-03-11,0.043836,16,120.0,1.184366,101.31999969482422,0.18999999897811648,0.4656396272560191,0.37124560381873817,10.0,0.08534297006377682,0.0001,-0.3465489546875075,0.05
DIS,2026-03-11,0.043836,16,121.0,1.194236,101.31999969482422,0.6799999981455258,0.6446154072901354,0.37124560381873817,10.0,0.08534297006377682,0.0001,-0.3465489546875075,0.05
DIS,2026-03-11,0.043836,16,122.0,1.204106,101.31999969482422,0.1899999998178714,0.5018438807903439,0.37124560381873817,10.0,0.08534297006377682,0.0001,-0.3465489546875075,0.05
DIS,2026-03-11,0.043836,16,125.0,1.233715,101.31999969482422,0.040000059407576005,0.43575301454795773,0.37124560381873817,10.0,0.08534297006377682,0.0001,-0.3465489546875075,0.05
DIS,2026-03-11,0.043836,16,130.0,1.283064,101.31999969482422,0.30000027473804547,0.6923041988125401,0.37124560381873817,10.0,0.08534297006377682,0.0001,-0.3465489546875075,0.05
DIS,2026-03-11,0.043836,16,145.0,1.431109,101.31999969482422,0.06000000087625068,0.7273971069113467,0.37124560381873817,10.0,0.08534297006377682,0.0001,-0.3465489546875075,0.05
DIS,2026-03-11,0.043836,16,150.0,1.480458,101.31999969482422,0.20000000007968888,0.9294188925439228,0.37124560381873817,10.0,0.08534297006377682,0.0001,-0.3465489546875075,0.05
DIS,2026-03-11,0.060274,22,75.0,0.740229,101.31999969482422,26.61568678693483,0.5766497466085043,0.37124560381873817,10.0,0.08534297006377682,0.0001,-0.3465489546875075,0.05
DIS,2026-03-11,0.060274,22,80.0,0.789578,101.31999969482422,21.840732656005926,0.595715632626017,0.37124560381873817,10.0,0.08534297006377682,0.0001,-0.3465489546875075,0.05
DIS,2026-03-11,0.060274,22,85.0,0.838926,101.31999969482422,16.775778487175046,0.43804517021952794,0.37124560381873817,10.0,0.08534297006377682,0.0001,-0.3465489546875075,0.05
DIS,2026-03-11,0.060274,22,89.0,0.878405,101.31999969482422,13.137815034527478,0.4418795386711935,0.37124560381873817,10.0,0.08534297006377682,0.0001,-0.3465489546875075,0.05
DIS,2026-03-11,0.060274,22,90.0,0.888275,101.31999969482422,12.020824275232854,0.3867137852929518,0.37124560381873817,10.0,0.08534297006377682,0.0001,-0.3465489546875075,0.05
DIS,2026-03-11,0.060274,22,91.0,0.898144,101.31999969482422,11.183833984523474,0.39498431243802834,0.37124560381873817,10.0,0.08534297006377682,0.0001,-0.3465489546875075,0.05
DIS,2026-03-11,0.060274,22,92.0,0.908014,101.31999969482422,10.126841989684237,0.35496082048285954,0.37124560381873817,10.0,0.08534297006377682,0.0001,-0.3465489546875075,0.05
DIS,2026-03-11,0.060274,22,93.0,0.917884,101.31999969482422,9.229851760729844,0.3460345070883712,0.37124560381873817,10.0,0.08534297006377682,0.0001,-0.3465489546875075,0.05
DIS,2026-03-11,0.060274,22,94.0,0.927754,101.31999969482422,8.202860401589163,0.31196774303063773,0.37124560381873817,10.0,0.08534297006377682,0.0001,-0.3465489546875075,0.05
DIS,2026-03-11,0.060274,22,95.0,0.937623,101.31999969482422,7.345870088900639,0.3056470241537953,0.37124560381873817,10.0,0.08534297006377682,0.0001,-0.3465489546875075,0.05
DIS,2026-03-11,0.060274,22,96.0,0.947493,101.31999969482422,6.5388792427122695,0.30231615347085583,0.37124560381873817,10.0,0.08534297006377682,0.0001,-0.3465489546875075,0.05
DIS,2026-03-11,0.060274,22,97.0,0.957363,101.31999969482422,6.101887796214072,0.3399537972218655,0.37124560381873817,10.0,0.08534297006377682,0.0001,-0.3465489546875075,0.05
DIS,2026-03-11,0.060274,22,98.0,0.967233,101.31999969482422,5.184897567746077,0.3122048692202091,0.37124560381873817,10.0,0.08534297006377682,0.0001,-0.3465489546875075,0.05
DIS,2026-03-11,0.060274,22,99.0,0.977102,101.31999969482422,4.407906762700989,0.2975444846037755,0.37124560381873817,10.0,0.08534297006377682,0.0001,-0.3465489546875075,0.05
DIS,2026-03-11,0.060274,22,100.0,0.986972,101.31999969482422,3.650917614218862,0.28095605880251956,0.37124560381873817,10.0,0.08534297006377682,0.0001,-0.3465489546875075,0.05
DIS,2026-03-11,0.060274,22,101.0,0.996842,101.31999969482422,3.263923522981372,0.2973899439962243,0.37124560381873817,10.0,0.08534297006377682,0.0001,-0.3465489546875075,0.05
DIS,2026-03-11,0.060274,22,102.0,1.006711,101.31999969482422,2.9999999978768557,0.32024870381922094,0.37124560381873817,10.0,0.08534297006377682,0.0001,-0.3465489546875075,0.05
DIS,2026-03-11,0.060274,22,103.0,1.016581,101.31999969482422,2.2399996529921395,0.28765075445322263,0.37124560381873817,10.0,0.08534297006377682,0.0001,-0.3465489546875075,0.05
DIS,2026-03-11,0.060274,22,104.0,1.026451,101.31999969482422,2.000000001572488,0.30267941733499637,0.37124560381873817,10.0,0.08534297006377682,0.0001,-0.3465489546875075,0.05
DIS,2026-03-11,0.060274,22,105.0,1.036321,101.31999969482422,1.4199999947454067,0.2761128606606002,0.37124560381873817,10.0,0.08534297006377682,0.0001,-0.3465489546875075,0.05
DIS,2026-03-11,0.060274,22,106.0,1.04619,101.31999969482422,1.2700008734835357,0.2913300745991086,0.37124560381873817,10.0,0.08534297006377682,0.0001,-0.3465489546875075,0.05
DIS,2026-03-11,0.060274,22,107.0,1.05606,101.31999969482422,0.939998614931163,0.2803001497652353,0.37124560381873817,10.0,0.08534297006377682,0.0001,-0.3465489546875075,0.05
DIS,2026-03-11,0.060274,22,108.0,1.06593,101.31999969482422,0.6700000639669206,0.26958075856473684,0.37124560381873817,10.0,0.08534297006377682,0.0001,-0.3465489546875075,0.05
DIS,2026-03-11,0.060274,22,109.0,1.075799,101.31999969482422,0.460000212655606,0.25967802861379596,0.37124560381873817,10.0,0.08534297006377682,0.0001,-0.3465489546875075,0.05
DIS,2026-03-11,0.060274,22,110.0,1.085669,101.31999969482422,0.4000000000124313,0.2707358539604854,0.37124560381873817,10.0,0.08534297006377682,0.0001,-0.3465489546875075,0.05
DIS,2026-03-11,0.060274,22,111.0,1.095539,101.31999969482422,0.29999997398136635,0.27025370909778507,0.37124560381873817,10.0,0.08534297006377682,0.0001,-0.3465489546875075,0.05
DIS,2026-03-11,0.060274,22,112.0,1.105409,101.31999969482422,0.319999990525643,0.29492143777089086,0.37124560381873817,10.0,0.08534297006377682,0.0001,-0.3465489546875075,0.05
DIS,2026-03-11,0.060274,22,113.0,1.115278,101.31999969482422,0.2999997803262957,0.3094949413442738,0.37124560381873817,10.0,0.08534297006377682,0.0001,-0.3465489546875075,0.05
DIS,2026-03-11,0.060274,22,114.0,1.125148,101.31999969482422,0.38000025960707795,0.34825757594969986,0.37124560381873817,10.0,0.08534297006377682,0.0001,-0.3465489546875075,0.05
DIS,2026-03-11,0.060274,22,115.0,1.135018,101.31999969482422,0.11999969138584099,0.2863965156499941,0.37124560381873817,10.0,0.08534297006377682,0.0001,-0.3465489546875075,0.05
DIS,2026-03-11,0.060274,22,116.0,1.144887,101.31999969482422,0.41000003800648877,0.39356699201934053,0.37124560381873817,10.0,0.08534297006377682,0.0001,-0.3465489546875075,0.05
DIS,2026-03-11,0.060274,22,117.0,1.154757,101.31999969482422,0.7867983815052213,0.4917487558194654,0.37124560381873817,10.0,0.08534297006377682,0.0001,-0.3465489546875075,0.05
DIS,2026-03-11,0.060274,22,119.0,1.174497,101.31999969482422,0.930000012929117,0.5584611993174564,0.37124560381873817,10.0,0.08534297006377682,0.0001,-0.3465489546875075,0.05
DIS,2026-03-11,0.060274,22,120.0,1.184366,101.31999969482422,0.15999999679178156,0.3829136018619936,0.37124560381873817,10.0,0.08534297006377682,0.0001,-0.3465489546875075,0.05
DIS,2026-03-11,0.060274,22,121.0,1.194236,101.31999969482422,0.1400000216924573,0.38869362368916144,0.37124560381873817,10.0,0.08534297006377682,0.0001,-0.3465489546875075,0.05
DIS,2026-03-11,0.060274,22,125.0,1.233715,101.31999969482422,0.009999998973173607,0.31523683487875437,0.37124560381873817,10.0,0.08534297006377682,0.0001,-0.3465489546875075,0.05
DIS,2026-03-11,0.060274,22,130.0,1.283064,101.31999969482422,0.05000005098117022,0.4422847961858789,0.37124560381873817,10.0,0.08534297006377682,0.0001,-0.3465489546875075,0.05
DIS,2026-03-11,0.060274,22,135.0,1.332412,101.31999969482422,0.13999962598967786,0.578018503440705,0.37124560381873817,10.0,0.08534297006377682,0.0001,-0.3465489546875075,0.05
DIS,2026-03-11,0.060274,22,140.0,1.381761,101.31999969482422,0.2199999509697781,0.686208736645276,0.37124560381873817,10.0,0.08534297006377682,0.0001,-0.3465489546875075,0.05
DIS,2026-03-11,0.060274,22,155.0,1.529807,101.31999969482422,0.0500000004040736,0.7014033755444415,0.37124560381873817,10.0,0.08534297006377682,0.0001,-0.3465489546875075,0.05
DIS,2026-03-11,0.082192,30,75.0,0.740229,101.31999969482422,26.767586388630264,0.5509611465209097,0.37124560381873817,10.0,0.08534297006377682,0.0001,-0.3465489546875075,0.05
DIS,2026-03-11,0.082192,30,85.0,0.838926,101.31999969482422,16.89859784143117,0.38787517284758277,0.37124560381873817,10.0,0.08534297006377682,0.0001,-0.3465489546875075,0.05
DIS,2026-03-11,0.082192,30,89.0,0.878405,101.31999969482422,13.69284447069272,0.4593747922982641,0.37124560381873817,10.0,0.08534297006377682,0.0001,-0.3465489546875075,0.05
DIS,2026-03-11,0.082192,30,90.0,0.888275,101.31999969482422,12.519104795423189,0.40545290530943107,0.37124560381873817,10.0,0.08534297006377682,0.0001,-0.3465489546875075,0.05
DIS,2026-03-11,0.082192,30,92.0,0.908014,101.31999969482422,11.027305815796453,0.42283338617972016,0.37124560381873817,10.0,0.08534297006377682,0.0001,-0.3465489546875075,0.05
DIS,2026-03-11,0.082192,30,93.0,0.917884,101.31999969482422,9.591407287053329,0.3370367565350658,0.37124560381873817,10.0,0.08534297006377682,0.0001,-0.3465489546875075,0.05
DIS,2026-03-11,0.082192,30,94.0,0.927754,101.31999969482422,8.715506884876447,0.32639008210849163,0.37124560381873817,10.0,0.08534297006377682,0.0001,-0.3465489546875075,0.05
DIS,2026-03-11,0.082192,30,95.0,0.937623,101.31999969482422,7.899610838560818,0.3207230150216144,0.37124560381873817,10.0,0.08534297006377682,0.0001,-0.3465489546875075,0.05
DIS,2026-03-11,0.082192,30,96.0,0.947493,101.31999969482422,7.303710693472453,0.33584400585004753,0.37124560381873817,10.0,0.08534297006377682,0.0001,-0.3465489546875075,0.05
DIS,2026-03-11,0.082192,30,97.0,0.957363,101.31999969482422,6.317811640875306,0.3057735530437806,0.37124560381873817,10.0,0.08534297006377682,0.0001,-0.3465489546875075,0.05
DIS,2026-03-11,0.082192,30,98.0,0.967233,101.31999969482422,5.571915157286327,0.29822096742996956,0.37124560381873817,10.0,0.08534297006377682,0.0001,-0.3465489546875075,0.05
DIS,2026-03-11,0.082192,30,99.0,0.977102,101.31999969482422,4.706014171969201,0.2762828420513665,0.37124560381873817,10.0,0.08534297006377682,0.0001,-0.3465489546875075,0.05
DIS,2026-03-11,0.082192,30,100.0,0.986972,101.31999969482422,4.030113812224613,0.2688650651754606,0.37124560381873817,10.0,0.08534297006377682,0.0001,-0.3465489546875075,0.05
DIS,2026-03-11,0.082192,30,101.0,0.996842,101.31999969482422,3.384214524309087,0.2601300460740391,0.37124560381873817,10.0,0.08534297006377682,0.0001,-0.3465489546875075,0.05
DIS,2026-03-11,0.082192,30,102.0,1.006711,101.31999969482422,3.3200001379797257,0.29735685611639606,0.37124560381873817,10.0,0.08534297006377682,0.0001,-0.3465489546875075,0.05
DIS,2026-03-11,0.082192,30,103.0,1.016581,101.31999969482422,2.8399999887367287,0.2944415472098037,0.37124560381873817,10.0,0.08534297006377682,0.0001,-0.3465489546875075,0.05
DIS,2026-03-11,0.082192,30,104.0,1.026451,101.31999969482422,2.220000000107845,0.2750748086832322,0.37124560381873817,10.0,0.08534297006377682,0.0001,-0.3465489546875075,0.05
DIS,2026-03-11,0.082192,30,105.0,1.036321,101.31999969482422,1.7999992098218698,0.26870180166445673,0.37124560381873817,10.0,0.08534297006377682,0.0001,-0.3465489546875075,0.05
DIS,2026-03-11,0.082192,30,106.0,1.04619,101.31999969482422,1.5399999346032338,0.2729746337611598,0.37124560381873817,10.0,0.08534297006377682,0.0001,-0.3465489546875075,0.05
DIS,2026-03-11,0.082192,30,107.0,1.05606,101.31999969482422,1.1800000068916496,0.26309790968336055,0.37124560381873817,10.0,0.08534297006377682,0.0001,-0.3465489546875075,0.05
DIS,2026-03-11,0.082192,30,108.0,1.06593,101.31999969482422,0.9999999908535635,0.2677111017648713,0.37124560381873817,10.0,0.08534297006377682,0.0001,-0.3465489546875075,0.05
DIS,2026-03-11,0.082192,30,109.0,1.075799,101.31999969482422,0.8900000000561974,0.27751887068446485,0.37124560381873817,10.0,0.08534297006377682,0.0001,-0.3465489546875075,0.05
DIS,2026-03-11,0.082192,30,110.0,1.085669,101.31999969482422,0.7099999548289659,0.2757636463137744,0.37124560381873817,10.0,0.08534297006377682,0.0001,-0.3465489546875075,0.05
DIS,2026-03-11,0.082192,30,111.0,1.095539,101.31999969482422,0.45999888490024077,0.2581502205760414,0.37124560381873817,10.0,0.08534297006377682,0.0001,-0.3465489546875075,0.05
DIS,2026-03-11,0.082192,30,112.0,1.105409,101.31999969482422,0.4500000009125671,0.27466276022060415,0.37124560381873817,10.0,0.08534297006377682,0.0001,-0.3465489546875075,0.05
DIS,2026-03-11,0.082192,30,113.0,1.115278,101.31999969482422,0.37999999789009564,0.2793276914810859,0.37124560381873817,10.0,0.08534297006377682,0.0001,-0.3465489546875075,0.05
DIS,2026-03-11,0.082192,30,114.0,1.125148,101.31999969482422,0.21999974716668635,0.2599340319558388,0.37124560381873817,10.0,0.08534297006377682,0.0001,-0.3465489546875075,0.05
DIS,2026-03-11,0.082192,30,115.0,1.135018,101.31999969482422,0.2599999561612769,0.28551212418331046,0.37124560381873817,10.0,0.08534297006377682,0.0001,-0.3465489546875075,0.05
DIS,2026-03-11,0.082192,30,120.0,1.184366,101.31999969482422,0.08999999855034879,0.29516702188148225,0.37124560381873817,10.0,0.08534297006377682,0.0001,-0.3465489546875075,0.05
DIS,2026-03-11,0.082192,30,130.0,1.283064,101.31999969482422,0.15999976858678533,0.4485922893403296,0.37124560381873817,10.0,0.08534297006377682,0.0001,-0.3465489546875075,0.05
DIS,2026-03-11,0.10137,37,60.0,0.592183,101.31999969482422,41.76333989566352,0.8037871878966036,0.37124560381873817,10.0,0.08534297006377682,0.0001,-0.3465489546875075,0.05
DIS,2026-03-11,0.10137,37,65.0,0.641532,101.31999969482422,36.708618152556284,0.6163115074368362,0.37124560381873817,10.0,0.08534297006377682,0.0001,-0.3465489546875075,0.05
DIS,2026-03-11,0.10137,37,70.0,0.69088,101.31999969482422,31.763896379377712,0.554812096808354,0.37124560381873817,10.0,0.08534297006377682,0.0001,-0.3465489546875075,0.05
DIS,2026-03-11,0.10137,37,75.0,0.740229,101.31999969482422,26.829175075012103,0.4914601019271343,0.37124560381873817,10.0,0.08534297006377682,0.0001,-0.3465489546875075,0.05
DIS,2026-03-11,0.10137,37,80.0,0.789578,101.31999969482422,21.904453309853736,0.42477692212611273,0.37124560381873817,10.0,0.08534297006377682,0.0001,-0.3465489546875075,0.05
DIS,2026-03-11,0.10137,37,85.0,0.838926,101.31999969482422,17.119731503531384,0.3894543821741797,0.37124560381873817,10.0,0.08534297006377682,0.0001,-0.3465489546875075,0.05
DIS,2026-03-11,0.10137,37,90.0,0.888275,101.31999969482422,12.515010002443844,0.35376367557419147,0.37124560381873817,10.0,0.08534297006377682,0.0001,-0.3465489546875075,0.05
DIS,2026-03-11,0.10137,37,95.0,0.937623,101.31999969482422,8.340288349348342,0.32731538989777537,0.37124560381873817,10.0,0.08534297006377682,0.0001,-0.3465489546875075,0.05
DIS,2026-03-11,0.10137,37,100.0,0.986972,101.31999969482422,4.735566462883739,0.29433506294113915,0.37124560381873817,10.0,0.08534297006377682,0.0001,-0.3465489546875075,0.05
DIS,2026-03-11,0.10137,37,105.0,1.036321,101.31999969482422,2.200000013425729,0.2721040405507027,0.37124560381873817,10.0,0.08534297006377682,0.0001,-0.3465489546875075,0.05
DIS,2026-03-11,0.10137,37,110.0,1.085669,101.31999969482422,0.860000023897193,0.26398243960725226,0.37124560381873817,10.0,0.08534297006377682,0.0001,-0.3465489546875075,0.05
DIS,2026-03-11,0.10137,37,115.0,1.135018,101.31999969482422,0.32999955621504995,0.2702731534566595,0.37124560381873817,10.0,0.08534297006377682,0.0001,-0.3465489546875075,0.05
DIS,2026-03-11,0.10137,37,120.0,1.184366,101.31999969482422,0.15000012375141303,0.2888856566457749,0.37124560381873817,10.0,0.08534297006377682,0.0001,-0.3465489546875075,0.05
DIS,2026-03-11,0.10137,37,125.0,1.233715,101.31999969482422,0.08000017534382042,0.3121776888371415,0.37124560381873817,10.0,0.08534297006377682,0.0001,-0.3465489546875075,0.05
DIS,2026-03-11,0.10137,37,130.0,1.283064,101.31999969482422,0.09999973372975779,0.373541924496858,0.37124560381873817,10.0,0.08534297006377682,0.0001,-0.3465489546875075,0.05
DIS,2026-03-11,0.10137,37,135.0,1.332412,101.31999969482422,0.030000002478343668,0.3595747484756915,0.37124560381873817,10.0,0.08534297006377682,0.0001,-0.3465489546875075,0.05
DIS,2026-03-11,0.10137,37,140.0,1.381761,101.31999969482422,0.03999999561656287,0.4131694685870171,0.37124560381873817,10.0,0.08534297006377682,0.0001,-0.3465489546875075,0.05
DIS,2026-03-11,0.10137,37,145.0,1.431109,101.31999969482422,0.2299999960599881,0.5769505713882721,0.37124560381873817,10.0,0.08534297006377682,0.0001,-0.3465489546875075,0.05
DIS,2026-03-11,0.10137,37,150.0,1.480458,101.31999969482422,0.1500000046777865,0.5814374859375774,0.37124560381873817,10.0,0.08534297006377682,0.0001,-0.3465489546875075,0.05
DIS,2026-03-11,0.10137,37,155.0,1.529807,101.31999969482422,0.19999999927991352,0.6490768553287295,0.37124560381873817,10.0,0.08534297006377682,0.0001,-0.3465489546875075,0.05
DIS,2026-03-11,0.10137,37,160.0,1.579155,101.31999969482422,0.7500000000737268,0.8690379801793808,0.37124560381873817,10.0,0.08534297006377682,0.0001,-0.3465489546875075,0.05
DIS,2026-03-11,0.10137,37,165.0,1.628504,101.31999969482422,0.019999989747277347,0.5504099436590506,0.37124560381873817,10.0,0.08534297006377682,0.0001,-0.3465489546875075,0.05
DIS,2026-03-11,0.10137,37,170.0,1.677852,101.31999969482422,0.14000000000593582,0.725901588551263,0.37124560381873817,10.0,0.08534297006377682,0.0001,-0.3465489546875075,0.05
DIS,2026-03-11,0.10137,37,175.0,1.727201,101.31999969482422,0.06000000001136785,0.68373509783652,0.37124560381873817,10.0,0.08534297006377682,0.0001,-0.3465489546875075,0.05
DIS,2026-03-11,0.120548,44,70.0,0.69088,101.31999969482422,31.830648817716224,0.5099183426305836,0.37124560381873817,10.0,0.08534297006377682,0.0001,-0.3465489546875075,0.05
DIS,2026-03-11,0.120548,44,80.0,0.789578,101.31999969482422,22.120741209861805,0.43751471819739407,0.37124560381873817,10.0,0.08534297006377682,0.0001,-0.3465489546875075,0.05
DIS,2026-03-11,0.120548,44,89.0,0.878405,101.31999969482422,13.8548245199881,0.3820219333990068,0.37124560381873817,10.0,0.08534297006377682,0.0001,-0.3465489546875075,0.05
DIS,2026-03-11,0.120548,44,90.0,0.888275,101.31999969482422,11.890833744928102,0.16599678601750903,0.37124560381873817,10.0,0.08534297006377682,0.0001,-0.3465489546875075,0.05
DIS,2026-03-11,0.120548,44,95.0,0.937623,101.31999969482422,8.190880484261314,0.2797831052465635,0.37124560381873817,10.0,0.08534297006377682,0.0001,-0.3465489546875075,0.05
DIS,2026-03-11,0.120548,44,96.0,0.947493,101.31999969482422,7.906889402106032,0.31843364805396224,0.37124560381873817,10.0,0.08534297006377682,0.0001,-0.3465489546875075,0.05
DIS,2026-03-11,0.120548,44,97.0,0.957363,101.31999969482422,8.302898792977047,0.4025944187596919,0.37124560381873817,10.0,0.08534297006377682,0.0001,-0.3465489546875075,0.05
DIS,2026-03-11,0.120548,44,98.0,0.967233,101.31999969482422,7.008908052599601,0.3492660384390771,0.37124560381873817,10.0,0.08534297006377682,0.0001,-0.3465489546875075,0.05
DIS,2026-03-11,0.120548,44,99.0,0.977102,101.31999969482422,7.289740794073168,0.41350334877957623,0.37124560381873817,10.0,0.08534297006377682,0.0001,-0.3465489546875075,0.05
DIS,2026-03-11,0.120548,44,100.0,0.986972,101.31999969482422,4.890926377128977,0.2773986001234467,0.37124560381873817,10.0,0.08534297006377682,0.0001,-0.3465489546875075,0.05
DIS,2026-03-11,0.120548,44,101.0,0.996842,101.31999969482422,4.436935781614146,0.2833101308484566,0.37124560381873817,10.0,0.08534297006377682,0.0001,-0.3465489546875075,0.05
DIS,2026-03-11,0.120548,44,102.0,1.006711,101.31999969482422,3.800000407535215,0.27316306143949215,0.37124560381873817,10.0,0.08534297006377682,0.0001,-0.3465489546875075,0.05
DIS,2026-03-11,0.120548,44,103.0,1.016581,101.31999969482422,3.519999882622969,0.28566090478467926,0.37124560381873817,10.0,0.08534297006377682,0.0001,-0.3465489546875075,0.05
DIS,2026-03-11,0.120548,44,105.0,1.036321,101.31999969482422,2.7600000001903595,0.28835120904671274,0.37124560381873817,10.0,0.08534297006377682,0.0001,-0.3465489546875075,0.05
DIS,2026-03-11,0.120548,44,106.0,1.04619,101.31999969482422,2.1599991766859006,0.26898282332796697,0.37124560381873817,10.0,0.08534297006377682,0.0001,-0.3465489546875075,0.05
DIS,2026-03-11,0.120548,44,107.0,1.05606,101.31999969482422,1.8899999800352099,0.27146411388570574,0.37124560381873817,10.0,0.08534297006377682,0.0001,-0.3465489546875075,0.05
DIS,2026-03-11,0.120548,44,108.0,1.06593,101.31999969482422,1.6000000000251404,0.26970132009650194,0.37124560381873817,10.0,0.08534297006377682,0.0001,-0.3465489546875075,0.05
DIS,2026-03-11,0.120548,44,109.0,1.075799,101.31999969482422,0.7600000101265074,0.21209642779601623,0.37124560381873817,10.0,0.08534297006377682,0.0001,-0.3465489546875075,0.05
DIS,2026-03-11,0.120548,44,110.0,1.085669,101.31999969482422,2.8451472563755758,0.4135012633326169,0.37124560381873817,10.0,0.08534297006377682,0.0001,-0.3465489546875075,0.05
DIS,2026-03-11,0.120548,44,112.0,1.105409,101.31999969482422,0.7000000002894318,0.25592253474911997,0.37124560381873817,10.0,0.08534297006377682,0.0001,-0.3465489546875075,0.05
DIS,2026-03-11,0.120548,44,130.0,1.283064,101.31999969482422,0.09999997955477102,0.34142520706931584,0.37124560381873817,10.0,0.08534297006377682,0.0001,-0.3465489546875075,0.05
DIS,2026-03-11,0.120548,44,150.0,1.480458,101.31999969482422,0.04999999924799636,0.45965954601847187,0.37124560381873817,10.0,0.08534297006377682,0.0001,-0.3465489546875075,0.05
DIS,2026-03-11,0.178082,65,60.0,0.592183,101.31999969482422,42.001874818916654,0.616767458088027,0.37124560381873817,10.0,0.08534297006377682,0.0001,-0.3465489546875075,0.05
DIS,2026-03-11,0.178082,65,65.0,0.641532,101.31999969482422,36.99619774575992,0.502486807065088,0.37124560381873817,10.0,0.08534297006377682,0.0001,-0.3465489546875075,0.05
DIS,2026-03-11,0.178082,65,70.0,0.69088,101.31999969482422,32.21052067178937,0.5053261112793331,0.37124560381873817,10.0,0.08534297006377682,0.0001,-0.3465489546875075,0.05
DIS,2026-03-11,0.178082,65,75.0,0.740229,101.31999969482422,27.394843196076636,0.4637826762393889,0.37124560381873817,10.0,0.08534297006377682,0.0001,-0.3465489546875075,0.05
DIS,2026-03-11,0.178082,65,80.0,0.789578,101.31999969482422,22.999166524029363,0.4766924958543202,0.37124560381873817,10.0,0.08534297006377682,0.0001,-0.3465489546875075,0.05
DIS,2026-03-11,0.178082,65,85.0,0.838926,101.31999969482422,18.23348776762859,0.4090263590383043,0.37124560381873817,10.0,0.08534297006377682,0.0001,-0.3465489546875075,0.05
DIS,2026-03-11,0.178082,65,90.0,0.888275,101.31999969482422,14.007809653051723,0.38364537588990016,0.37124560381873817,10.0,0.08534297006377682,0.0001,-0.3465489546875075,0.05
DIS,2026-03-11,0.178082,65,95.0,0.937623,101.31999969482422,10.212135446598872,0.3626549924107842,0.37124560381873817,10.0,0.08534297006377682,0.0001,-0.3465489546875075,0.05
DIS,2026-03-11,0.178082,65,100.0,0.986972,101.31999969482422,6.906456718163206,0.3402710644452305,0.37124560381873817,10.0,0.08534297006377682,0.0001,-0.3465489546875075,0.05
DIS,2026-03-11,0.178082,65,105.0,1.036321,101.31999969482422,4.319999965754221,0.3234427540718406,0.37124560381873817,10.0,0.08534297006377682,0.0001,-0.3465489546875075,0.05
DIS,2026-03-11,0.178082,65,110.0,1.085669,101.31999969482422,2.4099997662408157,0.30602535276730464,0.37124560381873817,10.0,0.08534297006377682,0.0001,-0.3465489546875075,0.05
DIS,2026-03-11,0.178082,65,115.0,1.135018,101.31999969482422,1.4100000001751098,0.31000720478314603,0.37124560381873817,10.0,0.08534297006377682,0.0001,-0.3465489546875075,0.05
DIS,2026-03-11,0.178082,65,120.0,1.184366,101.31999969482422,0.799998711399752,0.3141509487159572,0.37124560381873817,10.0,0.08534297006377682,0.0001,-0.3465489546875075,0.05
DIS,2026-03-11,0.178082,65,125.0,1.233715,101.31999969482422,0.5000008898777164,0.32730862923946996,0.37124560381873817,10.0,0.08534297006377682,0.0001,-0.3465489546875075,0.05
DIS,2026-03-11,0.178082,65,130.0,1.283064,101.31999969482422,0.34000042133426245,0.3446097796527378,0.37124560381873817,10.0,0.08534297006377682,0.0001,-0.3465489546875075,0.05
DIS,2026-03-11,0.178082,65,135.0,1.332412,101.31999969482422,0.22999972898641774,0.3591063152956889,0.37124560381873817,10.0,0.08534297006377682,0.0001,-0.3465489546875075,0.05
DIS,2026-03-11,0.178082,65,140.0,1.381761,101.31999969482422,0.2100000021430506,0.39022844093055886,0.37124560381873817,10.0,0.08534297006377682,0.0001,-0.3465489546875075,0.05
DIS,2026-03-11,0.178082,65,145.0,1.431109,101.31999969482422,0.1699993607734056,0.41099302314947217,0.37124560381873817,10.0,0.08534297006377682,0.0001,-0.3465489546875075,0.05
DIS,2026-03-11,0.178082,65,150.0,1.480458,101.31999969482422,0.10000000702589573,0.41068357456651167,0.37124560381873817,10.0,0.08534297006377682,0.0001,-0.3465489546875075,0.05
DIS,2026-03-11,0.178082,65,155.0,1.529807,101.31999969482422,0.28999962907788834,0.515970888459873,0.37124560381873817,10.0,0.08534297006377682,0.0001,-0.3465489546875075,0.05
DIS,2026-03-11,0.178082,65,160.0,1.579155,101.31999969482422,0.14999999927366803,0.49470317498382066,0.37124560381873817,10.0,0.08534297006377682,0.0001,-0.3465489546875075,0.05
DIS,2026-03-11,0.178082,65,165.0,1.628504,101.31999969482422,0.14999990656128648,0.5226353108147711,0.37124560381873817,10.0,0.08534297006377682,0.0001,-0.3465489546875075,0.05
DIS,2026-03-11,0.178082,65,170.0,1.677852,101.31999969482422,0.06999980736387035,0.4980314066061415,0.37124560381873817,10.0,0.08534297006377682,0.0001,-0.3465489546875075,0.05
DIS,2026-03-11,0.178082,65,175.0,1.727201,101.31999969482422,0.07999998952980714,0.5305115822701152,0.37124560381873817,10.0,0.08534297006377682,0.0001,-0.3465489546875075,0.05
DIS,2026-03-11,0.178082,65,180.0,1.77655,101.31999969482422,0.14000000003684576,0.5945999520656824,0.37124560381873817,10.0,0.08534297006377682,0.0001,-0.3465489546875075,0.05
DIS,2026-03-11,0.271233,99,55.0,0.542835,101.31999969482422,47.22085527996681,0.5816676816605805,0.37124560381873817,10.0,0.08534297006377682,0.0001,-0.3465489546875075,0.05
DIS,2026-03-11,0.271233,99,60.0,0.592183,101.31999969482422,42.228205639322304,0.4746590135951195,0.37124560381873817,10.0,0.08534297006377682,0.0001,-0.3465489546875075,0.05
DIS,2026-03-11,0.271233,99,65.0,0.641532,101.31999969482422,37.49555613209769,0.49080716717124956,0.37124560381873817,10.0,0.08534297006377682,0.0001,-0.3465489546875075,0.05
DIS,2026-03-11,0.271233,99,70.0,0.69088,101.31999969482422,32.80290560947419,0.47538105295450017,0.37124560381873817,10.0,0.08534297006377682,0.0001,-0.3465489546875075,0.05
DIS,2026-03-11,0.271233,99,75.0,0.740229,101.31999969482422,27.94025733566862,0.4157416616550778,0.37124560381873817,10.0,0.08534297006377682,0.0001,-0.3465489546875075,0.05
DIS,2026-03-11,0.271233,99,80.0,0.789578,101.31999969482422,23.427607612768142,0.39855329934239286,0.37124560381873817,10.0,0.08534297006377682,0.0001,-0.3465489546875075,0.05
DIS,2026-03-11,0.271233,99,85.0,0.838926,101.31999969482422,19.024958166275113,0.3727701882317038,0.37124560381873817,10.0,0.08534297006377682,0.0001,-0.3465489546875075,0.05
DIS,2026-03-11,0.271233,99,90.0,0.888275,101.31999969482422,15.032308610627851,0.3589321237775653,0.37124560381873817,10.0,0.08534297006377682,0.0001,-0.3465489546875075,0.05
DIS,2026-03-11,0.271233,99,95.0,0.937623,101.31999969482422,11.29965879763067,0.33811888534916434,0.37124560381873817,10.0,0.08534297006377682,0.0001,-0.3465489546875075,0.05
DIS,2026-03-11,0.271233,99,100.0,0.986972,101.31999969482422,8.21700959970564,0.32776849999767843,0.37124560381873817,10.0,0.08534297006377682,0.0001,-0.3465489546875075,0.05
DIS,2026-03-11,0.271233,99,105.0,1.036321,101.31999969482422,5.600000000657587,0.3137843512763724,0.37124560381873817,10.0,0.08534297006377682,0.0001,-0.3465489546875075,0.05
DIS,2026-03-11,0.271233,99,110.0,1.085669,101.31999969482422,3.3999994685502344,0.29223529683175853,0.37124560381873817,10.0,0.08534297006377682,0.0001,-0.3465489546875075,0.05
DIS,2026-03-11,0.271233,99,115.0,1.135018,101.31999969482422,2.3400000075923444,0.3026624703280049,0.37124560381873817,10.0,0.08534297006377682,0.0001,-0.3465489546875075,0.05
DIS,2026-03-11,0.271233,99,120.0,1.184366,101.31999969482422,1.2999999283752697,0.29019309244205144,0.37124560381873817,10.0,0.08534297006377682,0.0001,-0.3465489546875075,0.05
DIS,2026-03-11,0.271233,99,125.0,1.233715,101.31999969482422,0.9100000000841533,0.3039639536056604,0.37124560381873817,10.0,0.08534297006377682,0.0001,-0.3465489546875075,0.05
DIS,2026-03-11,0.271233,99,130.0,1.283064,101.31999969482422,0.5499999390028885,0.3050835127772686,0.37124560381873817,10.0,0.08534297006377682,0.0001,-0.3465489546875075,0.05
DIS,2026-03-11,0.271233,99,135.0,1.332412,101.31999969482422,0.3999987812120507,0.3187991755734969,0.37124560381873817,10.0,0.08534297006377682,0.0001,-0.3465489546875075,0.05
DIS,2026-03-11,0.271233,99,140.0,1.381761,101.31999969482422,0.2800001123291169,0.3284229162529725,0.37124560381873817,10.0,0.08534297006377682,0.0001,-0.3465489546875075,0.05
DIS,2026-03-11,0.271233,99,145.0,1.431109,101.31999969482422,0.18999999782993848,0.33523453137544995,0.37124560381873817,10.0,0.08534297006377682,0.0001,-0.3465489546875075,0.05
DIS,2026-03-11,0.271233,99,150.0,1.480458,101.31999969482422,0.18000006178965133,0.3588020871186336,0.37124560381873817,10.0,0.08534297006377682,0.0001,-0.3465489546875075,0.05
DIS,2026-03-11,0.271233,99,155.0,1.529807,101.31999969482422,0.10999999925559623,0.3577197894956043,0.37124560381873817,10.0,0.08534297006377682,0.0001,-0.3465489546875075,0.05
DIS,2026-03-11,0.271233,99,160.0,1.579155,101.31999969482422,0.30999982356616407,0.44460499117196706,0.37124560381873817,10.0,0.08534297006377682,0.0001,-0.3465489546875075,0.05
DIS,2026-03-11,0.271233,99,165.0,1.628504,101.31999969482422,0.07000004859752673,0.380145361549037,0.37124560381873817,10.0,0.08534297006377682,0.0001,-0.3465489546875075,0.05
DIS,2026-03-11,0.271233,99,170.0,1.677852,101.31999969482422,0.07999983341936323,0.40696969227437363,0.37124560381873817,10.0,0.08534297006377682,0.0001,-0.3465489546875075,0.05
DIS,2026-03-11,0.271233,99,175.0,1.727201,101.31999969482422,0.04999983900124405,0.40390702981443194,0.37124560381873817,10.0,0.08534297006377682,0.0001,-0.3465489546875075,0.05
DIS,2026-03-11,0.271233,99,180.0,1.77655,101.31999969482422,0.06999997604892827,0.4387184755450296,0.37124560381873817,10.0,0.08534297006377682,0.0001,-0.3465489546875075,0.05
DIS,2026-03-11,0.350685,128,55.0,0.542835,101.31999969482422,47.63597758473016,0.5882610851781391,0.37124560381873817,10.0,0.08534297006377682,0.0001,-0.3465489546875075,0.05
DIS,2026-03-11,0.350685,128,60.0,0.592183,101.31999969482422,42.6328845450175,0.49048500005681633,0.37124560381873817,10.0,0.08534297006377682,0.0001,-0.3465489546875075,0.05
DIS,2026-03-11,0.350685,128,65.0,0.641532,101.31999969482422,37.80979174998902,0.4498911125823866,0.37124560381873817,10.0,0.08534297006377682,0.0001,-0.3465489546875075,0.05
DIS,2026-03-11,0.350685,128,70.0,0.69088,101.31999969482422,32.96669867956484,0.4018053504011835,0.37124560381873817,10.0,0.08534297006377682,0.0001,-0.3465489546875075,0.05
DIS,2026-03-11,0.350685,128,75.0,0.740229,101.31999969482422,28.723605852803047,0.42927700716661743,0.37124560381873817,10.0,0.08534297006377682,0.0001,-0.3465489546875075,0.05
DIS,2026-03-11,0.350685,128,80.0,0.789578,101.31999969482422,23.980512994572635,0.37741441265277065,0.37124560381873817,10.0,0.08534297006377682,0.0001,-0.3465489546875075,0.05
DIS,2026-03-11,0.350685,128,85.0,0.838926,101.31999969482422,19.677417846590856,0.35572840463201744,0.37124560381873817,10.0,0.08534297006377682,0.0001,-0.3465489546875075,0.05
DIS,2026-03-11,0.350685,128,90.0,0.888275,101.31999969482422,15.694327378206836,0.33887751328105226,0.37124560381873817,10.0,0.08534297006377682,0.0001,-0.3465489546875075,0.05
DIS,2026-03-11,0.350685,128,95.0,0.937623,101.31999969482422,12.271234243473856,0.3326441459481398,0.37124560381873817,10.0,0.08534297006377682,0.0001,-0.3465489546875075,0.05
DIS,2026-03-11,0.350685,128,100.0,0.986972,101.31999969482422,9.25814132499707,0.3242394013816148,0.37124560381873817,10.0,0.08534297006377682,0.0001,-0.3465489546875075,0.05
DIS,2026-03-11,0.350685,128,105.0,1.036321,101.31999969482422,5.850000001409171,0.2792180859316051,0.37124560381873817,10.0,0.08534297006377682,0.0001,-0.3465489546875075,0.05
DIS,2026-03-11,0.350685,128,110.0,1.085669,101.31999969482422,4.00000000141015,0.27771058031944335,0.37124560381873817,10.0,0.08534297006377682,0.0001,-0.3465489546875075,0.05
DIS,2026-03-11,0.350685,128,115.0,1.135018,101.31999969482422,2.590001572764006,0.27381968817909996,0.37124560381873817,10.0,0.08534297006377682,0.0001,-0.3465489546875075,0.05
DIS,2026-03-11,0.350685,128,120.0,1.184366,101.31999969482422,1.9199996204984942,0.28887180022072334,0.37124560381873817,10.0,0.08534297006377682,0.0001,-0.3465489546875075,0.05
DIS,2026-03-11,0.350685,128,125.0,1.233715,101.31999969482422,1.1100016795248155,0.27916668107668136,0.37124560381873817,10.0,0.08534297006377682,0.0001,-0.3465489546875075,0.05
DIS,2026-03-11,0.350685,128,130.0,1.283064,101.31999969482422,0.6999991435239146,0.28060477638259324,0.37124560381873817,10.0,0.08534297006377682,0.0001,-0.3465489546875075,0.05
DIS,2026-03-11,0.350685,128,135.0,1.332412,101.31999969482422,0.5099999711519692,0.29171218657594805,0.37124560381873817,10.0,0.08534297006377682,0.0001,-0.3465489546875075,0.05
DIS,2026-03-11,0.350685,128,140.0,1.381761,101.31999969482422,0.3700000048141856,0.3011190228650705,0.37124560381873817,10.0,0.08534297006377682,0.0001,-0.3465489546875075,0.05
DIS,2026-03-11,0.350685,128,145.0,1.431109,101.31999969482422,0.31000055364373935,0.31733817529026953,0.37124560381873817,10.0,0.08534297006377682,0.0001,-0.3465489546875075,0.05
DIS,2026-03-11,0.350685,128,150.0,1.480458,101.31999969482422,0.36999999793419036,0.3530712791507993,0.37124560381873817,10.0,0.08534297006377682,0.0001,-0.3465489546875075,0.05
DIS,2026-03-11,0.350685,128,155.0,1.529807,101.31999969482422,0.3099999494278536,0.36569200635139915,0.37124560381873817,10.0,0.08534297006377682,0.0001,-0.3465489546875075,0.05
DIS,2026-03-11,0.350685,128,160.0,1.579155,101.31999969482422,0.18000000512375447,0.3562811922363131,0.37124560381873817,10.0,0.08534297006377682,0.0001,-0.3465489546875075,0.05
DIS,2026-03-11,0.350685,128,165.0,1.628504,101.31999969482422,0.14999999601677905,0.3668737324874206,0.37124560381873817,10.0,0.08534297006377682,0.0001,-0.3465489546875075,0.05
DIS,2026-03-11,0.350685,128,170.0,1.677852,101.31999969482422,0.24000037616532177,0.413445651963117,0.37124560381873817,10.0,0.08534297006377682,0.0001,-0.3465489546875075,0.05
DIS,2026-03-11,0.446575,163,60.0,0.592183,101.31999969482422,43.00488010939466,0.4611437606567587,0.37124560381873817,10.0,0.08534297006377682,0.0001,-0.3465489546875075,0.05
DIS,2026-03-11,0.446575,163,65.0,0.641532,101.31999969482422,38.37528583471012,0.4492529281414366,0.37124560381873817,10.0,0.08534297006377682,0.0001,-0.3465489546875075,0.05
DIS,2026-03-11,0.446575,163,70.0,0.69088,101.31999969482422,33.74569247348647,0.4227995175586462,0.37124560381873817,10.0,0.08534297006377682,0.0001,-0.3465489546875075,0.05
DIS,2026-03-11,0.446575,163,75.0,0.740229,101.31999969482422,29.516099093438633,0.4243176924021024,0.37124560381873817,10.0,0.08534297006377682,0.0001,-0.3465489546875075,0.05
DIS,2026-03-11,0.446575,163,80.0,0.789578,101.31999969482422,24.856505903928593,0.3771645807249818,0.37124560381873817,10.0,0.08534297006377682,0.0001,-0.3465489546875075,0.05
DIS,2026-03-11,0.446575,163,85.0,0.838926,101.31999969482422,20.8969124473467,0.36929765314848556,0.37124560381873817,10.0,0.08534297006377682,0.0001,-0.3465489546875075,0.05
DIS,2026-03-11,0.446575,163,90.0,0.888275,101.31999969482422,17.15731896716523,0.3571795482911447,0.37124560381873817,10.0,0.08534297006377682,0.0001,-0.3465489546875075,0.05
DIS,2026-03-11,0.446575,163,95.0,0.937623,101.31999969482422,14.017723362381233,0.35652872524614976,0.37124560381873817,10.0,0.08534297006377682,0.0001,-0.3465489546875075,0.05
DIS,2026-03-11,0.446575,163,100.0,0.986972,101.31999969482422,10.478132261527016,0.32465827026019045,0.37124560381873817,10.0,0.08534297006377682,0.0001,-0.3465489546875075,0.05
DIS,2026-03-11,0.446575,163,105.0,1.036321,101.31999969482422,7.450000013253408,0.29883024827521054,0.37124560381873817,10.0,0.08534297006377682,0.0001,-0.3465489546875075,0.05
DIS,2026-03-11,0.446575,163,110.0,1.085669,101.31999969482422,5.349996511839478,0.2912397097866148,0.37124560381873817,10.0,0.08534297006377682,0.0001,-0.3465489546875075,0.05
DIS,2026-03-11,0.446575,163,115.0,1.135018,101.31999969482422,3.700005511937558,0.2841374877659345,0.37124560381873817,10.0,0.08534297006377682,0.0001,-0.3465489546875075,0.05
DIS,2026-03-11,0.446575,163,120.0,1.184366,101.31999969482422,2.570000036957225,0.28273002440595785,0.37124560381873817,10.0,0.08534297006377682,0.0001,-0.3465489546875075,0.05
DIS,2026-03-11,0.446575,163,125.0,1.233715,101.31999969482422,1.8800000010448557,0.2888330993392583,0.37124560381873817,10.0,0.08534297006377682,0.0001,-0.3465489546875075,0.05
DIS,2026-03-11,0.446575,163,130.0,1.283064,101.31999969482422,1.3200002199714032,0.29097006770791467,0.37124560381873817,10.0,0.08534297006377682,0.0001,-0.3465489546875075,0.05
DIS,2026-03-11,0.446575,163,135.0,1.332412,101.31999969482422,0.9099989147957359,0.2922121563801861,0.37124560381873817,10.0,0.08534297006377682,0.0001,-0.3465489546875075,0.05
DIS,2026-03-11,0.446575,163,140.0,1.381761,101.31999969482422,0.7499998105551073,0.3060839414397508,0.37124560381873817,10.0,0.08534297006377682,0.0001,-0.3465489546875075,0.05
DIS,2026-03-11,0.446575,163,145.0,1.431109,101.31999969482422,0.5500000752387484,0.31058386851037934,0.37124560381873817,10.0,0.08534297006377682,0.0001,-0.3465489546875075,0.05
DIS,2026-03-11,0.446575,163,150.0,1.480458,101.31999969482422,0.7000001426577906,0.35130799904327226,0.37124560381873817,10.0,0.08534297006377682,0.0001,-0.3465489546875075,0.05
DIS,2026-03-11,0.446575,163,155.0,1.529807,101.31999969482422,0.3900000550361291,0.3342553703892453,0.37124560381873817,10.0,0.08534297006377682,0.0001,-0.3465489546875075,0.05
DIS,2026-03-11,0.523288,191,55.0,0.542835,101.31999969482422,47.94037857033395,0.44131289020642556,0.37124560381873817,10.0,0.08534297006377682,0.0001,-0.3465489546875075,0.05
DIS,2026-03-11,0.523288,191,60.0,0.592183,101.31999969482422,43.21950342418318,0.42638507462707503,0.37124560381873817,10.0,0.08534297006377682,0.0001,-0.3465489546875075,0.05
DIS,2026-03-11,0.523288,191,65.0,0.641532,101.31999969482422,38.84862873011766,0.44888540503392677,0.37124560381873817,10.0,0.08534297006377682,0.0001,-0.3465489546875075,0.05
DIS,2026-03-11,0.523288,191,70.0,0.69088,101.31999969482422,34.21775402784357,0.4157438393836899,0.37124560381873817,10.0,0.08534297006377682,0.0001,-0.3465489546875075,0.05
DIS,2026-03-11,0.523288,191,75.0,0.740229,101.31999969482422,29.866878286706637,0.4008880556473742,0.37124560381873817,10.0,0.08534297006377682,0.0001,-0.3465489546875075,0.05
DIS,2026-03-11,0.523288,191,80.0,0.789578,101.31999969482422,25.776004554336502,0.3914002326796592,0.37124560381873817,10.0,0.08534297006377682,0.0001,-0.3465489546875075,0.05
DIS,2026-03-11,0.523288,191,85.0,0.838926,101.31999969482422,21.49512995905682,0.3599166770537393,0.37124560381873817,10.0,0.08534297006377682,0.0001,-0.3465489546875075,0.05
DIS,2026-03-11,0.523288,191,90.0,0.888275,101.31999969482422,17.59425526463857,0.3391059388035078,0.37124560381873817,10.0,0.08534297006377682,0.0001,-0.3465489546875075,0.05
DIS,2026-03-11,0.523288,191,95.0,0.937623,101.31999969482422,14.373380423469321,0.3348680004920628,0.37124560381873817,10.0,0.08534297006377682,0.0001,-0.3465489546875075,0.05
DIS,2026-03-11,0.523288,191,100.0,0.986972,101.31999969482422,11.602505944559141,0.33297153420773307,0.37124560381873817,10.0,0.08534297006377682,0.0001,-0.3465489546875075,0.05
DIS,2026-03-11,0.523288,191,105.0,1.036321,101.31999969482422,8.250000028424147,0.2975720580845637,0.37124560381873817,10.0,0.08534297006377682,0.0001,-0.3465489546875075,0.05
DIS,2026-03-11,0.523288,191,110.0,1.085669,101.31999969482422,5.660000109809445,0.2748705656115673,0.37124560381873817,10.0,0.08534297006377682,0.0001,-0.3465489546875075,0.05
DIS,2026-03-11,0.523288,191,115.0,1.135018,101.31999969482422,4.3999999516830535,0.2843101255682342,0.37124560381873817,10.0,0.08534297006377682,0.0001,-0.3465489546875075,0.05
DIS,2026-03-11,0.523288,191,120.0,1.184366,101.31999969482422,3.0500045459830503,0.27763356187338045,0.37124560381873817,10.0,0.08534297006377682,0.0001,-0.3465489546875075,0.05
DIS,2026-03-11,0.523288,191,125.0,1.233715,101.31999969482422,2.2999999771579667,0.28374114875478446,0.37124560381873817,10.0,0.08534297006377682,0.0001,-0.3465489546875075,0.05
DIS,2026-03-11,0.523288,191,130.0,1.283064,101.31999969482422,1.599999493886834,0.2819777275486184,0.37124560381873817,10.0,0.08534297006377682,0.0001,-0.3465489546875075,0.05
DIS,2026-03-11,0.523288,191,135.0,1.332412,101.31999969482422,1.1300000004406598,0.2828309093989874,0.37124560381873817,10.0,0.08534297006377682,0.0001,-0.3465489546875075,0.05
DIS,2026-03-11,0.523288,191,140.0,1.381761,101.31999969482422,0.9399999623967012,0.2956991467874321,0.37124560381873817,10.0,0.08534297006377682,0.0001,-0.3465489546875075,0.05
DIS,2026-03-11,0.523288,191,145.0,1.431109,101.31999969482422,0.6999998665597476,0.2994903572637984,0.37124560381873817,10.0,0.08534297006377682,0.0001,-0.3465489546875075,0.05
DIS,2026-03-11,0.523288,191,150.0,1.480458,101.31999969482422,0.5000020131512031,0.30050175531523576,0.37124560381873817,10.0,0.08534297006377682,0.0001,-0.3465489546875075,0.05
DIS,2026-03-11,0.523288,191,155.0,1.529807,101.31999969482422,0.5600000000219554,0.32818589422375,0.37124560381873817,10.0,0.08534297006377682,0.0001,-0.3465489546875075,0.05
DIS,2026-03-11,0.523288,191,160.0,1.579155,101.31999969482422,0.4700000121170902,0.3366674598295708,0.37124560381873817,10.0,0.08534297006377682,0.0001,-0.3465489546875075,0.05
DIS,2026-03-11,0.523288,191,165.0,1.628504,101.31999969482422,0.40999998725658093,0.3466594724215696,0.37124560381873817,10.0,0.08534297006377682,0.0001,-0.3465489546875075,0.05
DIS,2026-03-11,0.523288,191,170.0,1.677852,101.31999969482422,0.2799999991422304,0.3418574321821531,0.37124560381873817,10.0,0.08534297006377682,0.0001,-0.3465489546875075,0.05
DIS,2026-03-11,0.523288,191,175.0,1.727201,101.31999969482422,0.31999967200708834,0.3656617058431245,0.37124560381873817,10.0,0.08534297006377682,0.0001,-0.3465489546875075,0.05
DIS,2026-03-11,0.523288,191,180.0,1.77655,101.31999969482422,0.26999996392452497,0.37142933287865515,0.37124560381873817,10.0,0.08534297006377682,0.0001,-0.3465489546875075,0.05
DIS,2026-03-11,0.772603,282,55.0,0.542835,101.31999969482422,48.884142683313534,0.4305017993594891,0.37124560381873817,10.0,0.08534297006377682,0.0001,-0.3465489546875075,0.05
DIS,2026-03-11,0.772603,282,60.0,0.592183,101.31999969482422,44.443610465098544,0.4290103805747629,0.37124560381873817,10.0,0.08534297006377682,0.0001,-0.3465489546875075,0.05
DIS,2026-03-11,0.772603,282,65.0,0.641532,101.31999969482422,39.9230777829499,0.40567133113578263,0.37124560381873817,10.0,0.08534297006377682,0.0001,-0.3465489546875075,0.05
DIS,2026-03-11,0.772603,282,70.0,0.69088,101.31999969482422,35.81254530976401,0.4065517964343368,0.37124560381873817,10.0,0.08534297006377682,0.0001,-0.3465489546875075,0.05
DIS,2026-03-11,0.772603,282,75.0,0.740229,101.31999969482422,31.66201277695886,0.391918220553572,0.37124560381873817,10.0,0.08534297006377682,0.0001,-0.3465489546875075,0.05
DIS,2026-03-11,0.772603,282,80.0,0.789578,101.31999969482422,27.611480421270628,0.3746399091530627,0.37124560381873817,10.0,0.08534297006377682,0.0001,-0.3465489546875075,0.05
DIS,2026-03-11,0.772603,282,85.0,0.838926,101.31999969482422,23.61094794490012,0.35288823250300894,0.37124560381873817,10.0,0.08534297006377682,0.0001,-0.3465489546875075,0.05
DIS,2026-03-11,0.772603,282,90.0,0.888275,101.31999969482422,20.33041818358656,0.3510031379054449,0.37124560381873817,10.0,0.08534297006377682,0.0001,-0.3465489546875075,0.05
DIS,2026-03-11,0.772603,282,95.0,0.937623,101.31999969482422,17.129888270455716,0.3417849780586705,0.37124560381873817,10.0,0.08534297006377682,0.0001,-0.3465489546875075,0.05
DIS,2026-03-11,0.772603,282,100.0,0.986972,101.31999969482422,15.489350527718024,0.3705027720075444,0.37124560381873817,10.0,0.08534297006377682,0.0001,-0.3465489546875075,0.05
DIS,2026-03-11,0.772603,282,105.0,1.036321,101.31999969482422,10.000000000645905,0.27833661715216934,0.37124560381873817,10.0,0.08534297006377682,0.0001,-0.3465489546875075,0.05
DIS,2026-03-11,0.772603,282,110.0,1.085669,101.31999969482422,8.200000319986664,0.2843446861343444,0.37124560381873817,10.0,0.08534297006377682,0.0001,-0.3465489546875075,0.05
DIS,2026-03-11,0.772603,282,115.0,1.135018,101.31999969482422,7.6000058346823565,0.3153257856001226,0.37124560381873817,10.0,0.08534297006377682,0.0001,-0.3465489546875075,0.05
DIS,2026-03-11,0.772603,282,120.0,1.184366,101.31999969482422,4.849999994779832,0.27543956220815796,0.37124560381873817,10.0,0.08534297006377682,0.0001,-0.3465489546875075,0.05
DIS,2026-03-11,0.772603,282,125.0,1.233715,101.31999969482422,3.9499999576782834,0.2820335346699098,0.37124560381873817,10.0,0.08534297006377682,0.0001,-0.3465489546875075,0.05
DIS,2026-03-11,0.772603,282,130.0,1.283064,101.31999969482422,3.000000076138239,0.27994308171979626,0.37124560381873817,10.0,0.08534297006377682,0.0001,-0.3465489546875075,0.05
DIS,2026-03-11,0.772603,282,135.0,1.332412,101.31999969482422,2.4099986004767686,0.28452530007020604,0.37124560381873817,10.0,0.08534297006377682,0.0001,-0.3465489546875075,0.05
DIS,2026-03-11,0.772603,282,140.0,1.381761,101.31999969482422,2.3400000079870935,0.30664993808352325,0.37124560381873817,10.0,0.08534297006377682,0.0001,-0.3465489546875075,0.05
DIS,2026-03-11,0.772603,282,145.0,1.431109,101.31999969482422,1.4499993784380933,0.28679725399217154,0.37124560381873817,10.0,0.08534297006377682,0.0001,-0.3465489546875075,0.05
DIS,2026-03-11,0.772603,282,150.0,1.480458,101.31999969482422,1.1499999920452897,0.2897098902452198,0.37124560381873817,10.0,0.08534297006377682,0.0001,-0.3465489546875075,0.05
DIS,2026-03-11,0.772603,282,155.0,1.529807,101.31999969482422,1.119999864301846,0.30668063594868117,0.37124560381873817,10.0,0.08534297006377682,0.0001,-0.3465489546875075,0.05
DIS,2026-03-11,0.772603,282,160.0,1.579155,101.31999969482422,1.0099997209641716,0.31698850426627895,0.37124560381873817,10.0,0.08534297006377682,0.0001,-0.3465489546875075,0.05
DIS,2026-03-11,0.772603,282,165.0,1.628504,101.31999969482422,0.7500018105867943,0.3133237904433043,0.37124560381873817,10.0,0.08534297006377682,0.0001,-0.3465489546875075,0.05
DIS,2026-03-11,0.772603,282,170.0,1.677852,101.31999969482422,0.5200000906320206,0.3064823250643506,0.37124560381873817,10.0,0.08534297006377682,0.0001,-0.3465489546875075,0.05
DIS,2026-03-11,0.772603,282,175.0,1.727201,101.31999969482422,0.4299999956356211,0.3101468693937591,0.37124560381873817,10.0,0.08534297006377682,0.0001,-0.3465489546875075,0.05
DIS,2026-03-11,0.772603,282,180.0,1.77655,101.31999969482422,0.4500015647505533,0.32611951701267633,0.37124560381873817,10.0,0.08534297006377682,0.0001,-0.3465489546875075,0.05
DIS,2026-03-11,0.849315,310,55.0,0.542835,101.31999969482422,49.28671881945513,0.4427119941329249,0.37124560381873817,10.0,0.08534297006377682,0.0001,-0.3465489546875075,0.05
DIS,2026-03-11,0.849315,310,60.0,0.592183,101.31999969482422,44.764602492875966,0.42228421198563093,0.37124560381873817,10.0,0.08534297006377682,0.0001,-0.3465489546875075,0.05
DIS,2026-03-11,0.849315,310,65.0,0.641532,101.31999969482422,40.21248315176529,0.39372796442964997,0.37124560381873817,10.0,0.08534297006377682,0.0001,-0.3465489546875075,0.05
DIS,2026-03-11,0.849315,310,70.0,0.69088,101.31999969482422,35.930369088685005,0.38135114965425077,0.37124560381873817,10.0,0.08534297006377682,0.0001,-0.3465489546875075,0.05
DIS,2026-03-11,0.849315,310,75.0,0.740229,101.31999969482422,31.658250922819853,0.36176007455431247,0.37124560381873817,10.0,0.08534297006377682,0.0001,-0.3465489546875075,0.05
DIS,2026-03-11,0.849315,310,80.0,0.789578,101.31999969482422,28.016136681167147,0.3654712313149391,0.37124560381873817,10.0,0.08534297006377682,0.0001,-0.3465489546875075,0.05
DIS,2026-03-11,0.849315,310,85.0,0.838926,101.31999969482422,24.29402542482245,0.35429071641061,0.37124560381873817,10.0,0.08534297006377682,0.0001,-0.3465489546875075,0.05
DIS,2026-03-11,0.849315,310,90.0,0.888275,101.31999969482422,20.86190576427434,0.3454961290863057,0.37124560381873817,10.0,0.08534297006377682,0.0001,-0.3465489546875075,0.05
DIS,2026-03-11,0.849315,310,95.0,0.937623,101.31999969482422,17.869782530032253,0.34233822979570133,0.37124560381873817,10.0,0.08534297006377682,0.0001,-0.3465489546875075,0.05
DIS,2026-03-11,0.849315,310,100.0,0.986972,101.31999969482422,15.077670471259104,0.33645464497539845,0.37124560381873817,10.0,0.08534297006377682,0.0001,-0.3465489546875075,0.05
DIS,2026-03-11,0.849315,310,105.0,1.036321,101.31999969482422,10.550000049303634,0.2755823071814078,0.37124560381873817,10.0,0.08534297006377682,0.0001,-0.3465489546875075,0.05
DIS,2026-03-11,0.849315,310,110.0,1.085669,101.31999969482422,8.299999979389028,0.2696924801412009,0.37124560381873817,10.0,0.08534297006377682,0.0001,-0.3465489546875075,0.05
DIS,2026-03-11,0.849315,310,115.0,1.135018,101.31999969482422,6.749991914866726,0.2737515703384597,0.37124560381873817,10.0,0.08534297006377682,0.0001,-0.3465489546875075,0.05
DIS,2026-03-11,0.849315,310,120.0,1.184366,101.31999969482422,5.399999934040149,0.2753338129537618,0.37124560381873817,10.0,0.08534297006377682,0.0001,-0.3465489546875075,0.05
DIS,2026-03-11,0.849315,310,125.0,1.233715,101.31999969482422,4.15000117030899,0.27222158392369805,0.37124560381873817,10.0,0.08534297006377682,0.0001,-0.3465489546875075,0.05
DIS,2026-03-11,0.849315,310,130.0,1.283064,101.31999969482422,3.2500000008102496,0.2728824961930522,0.37124560381873817,10.0,0.08534297006377682,0.0001,-0.3465489546875075,0.05
DIS,2026-03-11,0.849315,310,135.0,1.332412,101.31999969482422,2.6499999931984064,0.2780029377520315,0.37124560381873817,10.0,0.08534297006377682,0.0001,-0.3465489546875075,0.05
DIS,2026-03-11,0.849315,310,140.0,1.381761,101.31999969482422,2.000001623749858,0.2756941087443503,0.37124560381873817,10.0,0.08534297006377682,0.0001,-0.3465489546875075,0.05
DIS,2026-03-11,0.849315,310,145.0,1.431109,101.31999969482422,1.7200000051298332,0.28464126711487914,0.37124560381873817,10.0,0.08534297006377682,0.0001,-0.3465489546875075,0.05
DIS,2026-03-11,0.849315,310,150.0,1.480458,101.31999969482422,1.3000000570241887,0.28281509467752664,0.37124560381873817,10.0,0.08534297006377682,0.0001,-0.3465489546875075,0.05
DIS,2026-03-11,0.849315,310,155.0,1.529807,101.31999969482422,1.4200000251994176,0.3080100579897594,0.37124560381873817,10.0,0.08534297006377682,0.0001,-0.3465489546875075,0.05
DIS,2026-03-11,0.849315,310,160.0,1.579155,101.31999969482422,0.9999990228636202,0.2996330419897273,0.37124560381873817,10.0,0.08534297006377682,0.0001,-0.3465489546875075,0.05
DIS,2026-03-11,0.849315,310,165.0,1.628504,101.31999969482422,0.5000000007954304,0.2742591344936945,0.37124560381873817,10.0,0.08534297006377682,0.0001,-0.3465489546875075,0.05
DIS,2026-03-11,0.849315,310,170.0,1.677852,101.31999969482422,0.7300002123645415,0.31008545223632544,0.37124560381873817,10.0,0.08534297006377682,0.0001,-0.3465489546875075,0.05
DIS,2026-03-11,0.849315,310,175.0,1.727201,101.31999969482422,0.5600000465745927,0.30829628072322895,0.37124560381873817,10.0,0.08534297006377682,0.0001,-0.3465489546875075,0.05
DIS,2026-03-11,0.849315,310,180.0,1.77655,101.31999969482422,0.6200000095949685,0.3275982945434856,0.37124560381873817,10.0,0.08534297006377682,0.0001,-0.3465489546875075,0.05
DIS,2026-03-11,1.021918,373,55.0,0.542835,101.31999969482422,49.85968240519166,0.42268857302018714,0.37124560381873817,10.0,0.08534297006377682,0.0001,-0.3465489546875075,0.05
DIS,2026-03-11,1.021918,373,60.0,0.592183,101.31999969482422,45.44874655819626,0.4073974698511986,0.37124560381873817,10.0,0.08534297006377682,0.0001,-0.3465489546875075,0.05
DIS,2026-03-11,1.021918,373,65.0,0.641532,101.31999969482422,41.197808796064464,0.39700438245986513,0.37124560381873817,10.0,0.08534297006377682,0.0001,-0.3465489546875075,0.05
DIS,2026-03-11,1.021918,373,70.0,0.69088,101.31999969482422,36.746871110115364,0.36762366686961,0.37124560381873817,10.0,0.08534297006377682,0.0001,-0.3465489546875075,0.05
DIS,2026-03-11,1.021918,373,75.0,0.740229,101.31999969482422,33.255933294332856,0.3823911459322492,0.37124560381873817,10.0,0.08534297006377682,0.0001,-0.3465489546875075,0.05
DIS,2026-03-11,1.021918,373,80.0,0.789578,101.31999969482422,29.344995378252065,0.36654648861122685,0.37124560381873817,10.0,0.08534297006377682,0.0001,-0.3465489546875075,0.05
DIS,2026-03-11,1.021918,373,85.0,0.838926,101.31999969482422,26.254059119318335,0.37344806605863673,0.37124560381873817,10.0,0.08534297006377682,0.0001,-0.3465489546875075,0.05
DIS,2026-03-11,1.021918,373,90.0,0.888275,101.31999969482422,23.20311998551366,0.37188544206440793,0.37124560381873817,10.0,0.08534297006377682,0.0001,-0.3465489546875075,0.05
DIS,2026-03-11,1.021918,373,95.0,0.937623,101.31999969482422,19.152182225236587,0.33532846363338664,0.37124560381873817,10.0,0.08534297006377682,0.0001,-0.3465489546875075,0.05
DIS,2026-03-11,1.021918,373,100.0,0.986972,101.31999969482422,16.701242768953605,0.3380436125162312,0.37124560381873817,10.0,0.08534297006377682,0.0001,-0.3465489546875075,0.05
DIS,2026-03-11,1.021918,373,105.0,1.036321,101.31999969482422,11.90000056824725,0.274819214080632,0.37124560381873817,10.0,0.08534297006377682,0.0001,-0.3465489546875075,0.05
DIS,2026-03-11,1.021918,373,110.0,1.085669,101.31999969482422,9.96000073531222,0.2777405022124009,0.37124560381873817,10.0,0.08534297006377682,0.0001,-0.3465489546875075,0.05
DIS,2026-03-11,1.021918,373,115.0,1.135018,101.31999969482422,8.04999636185822,0.27404188210072744,0.37124560381873817,10.0,0.08534297006377682,0.0001,-0.3465489546875075,0.05
DIS,2026-03-11,1.021918,373,120.0,1.184366,101.31999969482422,6.419999997096248,0.2703590106250333,0.37124560381873817,10.0,0.08534297006377682,0.0001,-0.3465489546875075,0.05
DIS,2026-03-11,1.021918,373,125.0,1.233715,101.31999969482422,5.449998808545395,0.27749365724503566,0.37124560381873817,10.0,0.08534297006377682,0.0001,-0.3465489546875075,0.05
DIS,2026-03-11,1.021918,373,130.0,1.283064,101.31999969482422,4.099999987678608,0.26848959304258874,0.37124560381873817,10.0,0.08534297006377682,0.0001,-0.3465489546875075,0.05
DIS,2026-03-11,1.021918,373,135.0,1.332412,101.31999969482422,3.450000000492306,0.2742389016775547,0.37124560381873817,10.0,0.08534297006377682,0.0001,-0.3465489546875075,0.05
DIS,2026-03-11,1.021918,373,140.0,1.381761,101.31999969482422,2.5999999559702083,0.2686851614295767,0.37124560381873817,10.0,0.08534297006377682,0.0001,-0.3465489546875075,0.05
DIS,2026-03-11,1.021918,373,155.0,1.529807,101.31999969482422,1.490000000049351,0.2798396478698332,0.37124560381873817,10.0,0.08534297006377682,0.0001,-0.3465489546875075,0.05
DIS,2026-03-11,1.021918,373,160.0,1.579155,101.31999969482422,1.2899988906970865,0.28568371900797035,0.37124560381873817,10.0,0.08534297006377682,0.0001,-0.3465489546875075,0.05
DIS,2026-03-11,1.268493,463,55.0,0.542835,101.31999969482422,50.700034219967456,0.4053315261312174,0.37124560381873817,10.0,0.08534297006377682,0.0001,-0.3465489546875075,0.05
DIS,2026-03-11,1.268493,463,60.0,0.592183,101.31999969482422,46.53730996332232,0.40139824405462826,0.37124560381873817,10.0,0.08534297006377682,0.0001,-0.3465489546875075,0.05
DIS,2026-03-11,1.268493,463,65.0,0.641532,101.31999969482422,42.51458581517786,0.3961834218332163,0.37124560381873817,10.0,0.08534297006377682,0.0001,-0.3465489546875075,0.05
DIS,2026-03-11,1.268493,463,70.0,0.69088,101.31999969482422,37.82186072645681,0.3508414327156223,0.37124560381873817,10.0,0.08534297006377682,0.0001,-0.3465489546875075,0.05
DIS,2026-03-11,1.268493,463,75.0,0.740229,101.31999969482422,33.97913753344338,0.34540702003049506,0.37124560381873817,10.0,0.08534297006377682,0.0001,-0.3465489546875075,0.05
DIS,2026-03-11,1.268493,463,80.0,0.789578,101.31999969482422,30.986412763436505,0.3626981182991983,0.37124560381873817,10.0,0.08534297006377682,0.0001,-0.3465489546875075,0.05
DIS,2026-03-11,1.268493,463,85.0,0.838926,101.31999969482422,27.143689641369193,0.3422737178796899,0.37124560381873817,10.0,0.08534297006377682,0.0001,-0.3465489546875075,0.05
DIS,2026-03-11,1.268493,463,90.0,0.888275,101.31999969482422,23.610965054923497,0.32740798686586753,0.37124560381873817,10.0,0.08534297006377682,0.0001,-0.3465489546875075,0.05
DIS,2026-03-11,1.268493,463,95.0,0.937623,101.31999969482422,21.138240941557378,0.3352173367118859,0.37124560381873817,10.0,0.08534297006377682,0.0001,-0.3465489546875075,0.05
DIS,2026-03-11,1.268493,463,100.0,0.986972,101.31999969482422,19.19551366044339,0.3483917708543688,0.37124560381873817,10.0,0.08534297006377682,0.0001,-0.3465489546875075,0.05
DIS,2026-03-11,1.268493,463,105.0,1.036321,101.31999969482422,13.849990456899093,0.2776209265655188,0.37124560381873817,10.0,0.08534297006377682,0.0001,-0.3465489546875075,0.05
DIS,2026-03-11,1.268493,463,110.0,1.085669,101.31999969482422,11.200004241613371,0.265061727168017,0.37124560381873817,10.0,0.08534297006377682,0.0001,-0.3465489546875075,0.05
DIS,2026-03-11,1.268493,463,115.0,1.135018,101.31999969482422,10.35999624081412,0.28653833252883526,0.37124560381873817,10.0,0.08534297006377682,0.0001,-0.3465489546875075,0.05
DIS,2026-03-11,1.268493,463,120.0,1.184366,101.31999969482422,7.579999983093309,0.2596231094178861,0.37124560381873817,10.0,0.08534297006377682,0.0001,-0.3465489546875075,0.05
DIS,2026-03-11,1.268493,463,125.0,1.233715,101.31999969482422,6.6999999649316635,0.2699184053872344,0.37124560381873817,10.0,0.08534297006377682,0.0001,-0.3465489546875075,0.05
DIS,2026-03-11,1.268493,463,130.0,1.283064,101.31999969482422,6.419996830224989,0.29058820899711435,0.37124560381873817,10.0,0.08534297006377682,0.0001,-0.3465489546875075,0.05
DIS,2026-03-11,1.268493,463,135.0,1.332412,101.31999969482422,4.449992662028414,0.26593537450132976,0.37124560381873817,10.0,0.08534297006377682,0.0001,-0.3465489546875075,0.05
DIS,2026-03-11,1.268493,463,140.0,1.381761,101.31999969482422,4.139999428879143,0.27947441922201566,0.37124560381873817,10.0,0.08534297006377682,0.0001,-0.3465489546875075,0.05
DIS,2026-03-11,1.268493,463,145.0,1.431109,101.31999969482422,3.2900001850834393,0.2750198142790715,0.37124560381873817,10.0,0.08534297006377682,0.0001,-0.3465489546875075,0.05
DIS,2026-03-11,1.268493,463,150.0,1.480458,101.31999969482422,2.8699999746385423,0.28012548104279744,0.37124560381873817,10.0,0.08534297006377682,0.0001,-0.3465489546875075,0.05
DIS,2026-03-11,1.268493,463,155.0,1.529807,101.31999969482422,2.99999981258933,0.30147290283530964,0.37124560381873817,10.0,0.08534297006377682,0.0001,-0.3465489546875075,0.05
DIS,2026-03-11,1.268493,463,160.0,1.579155,101.31999969482422,1.9600000004236353,0.2799753716695692,0.37124560381873817,10.0,0.08534297006377682,0.0001,-0.3465489546875075,0.05
DIS,2026-03-11,1.268493,463,165.0,1.628504,101.31999969482422,1.6299953133876368,0.2805297269842646,0.37124560381873817,10.0,0.08534297006377682,0.0001,-0.3465489546875075,0.05
DIS,2026-03-11,1.268493,463,170.0,1.677852,101.31999969482422,1.7100017119166928,0.29768362124396014,0.37124560381873817,10.0,0.08534297006377682,0.0001,-0.3465489546875075,0.05
DIS,2026-03-11,1.769863,646,55.0,0.542835,101.31999969482422,52.37798382168001,0.38407324095358236,0.37124560381873817,10.0,0.08534297006377682,0.0001,-0.3465489546875075,0.05
DIS,2026-03-11,1.769863,646,60.0,0.592183,101.31999969482422,48.971438701935234,0.408331307830877,0.37124560381873817,10.0,0.08534297006377682,0.0001,-0.3465489546875075,0.05
DIS,2026-03-11,1.769863,646,65.0,0.641532,101.31999969482422,45.07488999904353,0.39529070190425875,0.37124560381873817,10.0,0.08534297006377682,0.0001,-0.3465489546875075,0.05
DIS,2026-03-11,1.769863,646,70.0,0.69088,101.31999969482422,41.85834162576574,0.40303548461094263,0.37124560381873817,10.0,0.08534297006377682,0.0001,-0.3465489546875075,0.05
DIS,2026-03-11,1.769863,646,75.0,0.740229,101.31999969482422,37.321796174093535,0.36114003551311974,0.37124560381873817,10.0,0.08534297006377682,0.0001,-0.3465489546875075,0.05
DIS,2026-03-11,1.769863,646,80.0,0.789578,101.31999969482422,34.09524912357459,0.35946415283453514,0.37124560381873817,10.0,0.08534297006377682,0.0001,-0.3465489546875075,0.05
DIS,2026-03-11,1.769863,646,85.0,0.838926,101.31999969482422,30.91870118540772,0.3539050262984183,0.37124560381873817,10.0,0.08534297006377682,0.0001,-0.3465489546875075,0.05
DIS,2026-03-11,1.769863,646,90.0,0.888275,101.31999969482422,28.742155499440315,0.36761277838555095,0.37124560381873817,10.0,0.08534297006377682,0.0001,-0.3465489546875075,0.05
DIS,2026-03-11,1.769863,646,95.0,0.937623,101.31999969482422,26.165605700331277,0.3662100686893595,0.37124560381873817,10.0,0.08534297006377682,0.0001,-0.3465489546875075,0.05
DIS,2026-03-11,1.769863,646,100.0,0.986972,101.31999969482422,23.089071030797243,0.350622723828707,0.37124560381873817,10.0,0.08534297006377682,0.0001,-0.3465489546875075,0.05
DIS,2026-03-11,1.769863,646,105.0,1.036321,101.31999969482422,16.39999999948853,0.2616386063101502,0.37124560381873817,10.0,0.08534297006377682,0.0001,-0.3465489546875075,0.05
DIS,2026-03-11,1.769863,646,110.0,1.085669,101.31999969482422,13.370000266618774,0.24451099925766814,0.37124560381873817,10.0,0.08534297006377682,0.0001,-0.3465489546875075,0.05
DIS,2026-03-11,1.769863,646,115.0,1.135018,101.31999969482422,13.049999999901445,0.2740279971498174,0.37124560381873817,10.0,0.08534297006377682,0.0001,-0.3465489546875075,0.05
DIS,2026-03-11,1.769863,646,120.0,1.184366,101.31999969482422,14.049999995784482,0.3236849870849795,0.37124560381873817,10.0,0.08534297006377682,0.0001,-0.3465489546875075,0.05
DIS,2026-03-11,1.769863,646,125.0,1.233715,101.31999969482422,9.430007004946233,0.26512244251392514,0.37124560381873817,10.0,0.08534297006377682,0.0001,-0.3465489546875075,0.05
DIS,2026-03-11,1.769863,646,130.0,1.283064,101.31999969482422,7.929999355121474,0.26107664334477154,0.37124560381873817,10.0,0.08534297006377682,0.0001,-0.3465489546875075,0.05
DIS,2026-03-11,1.769863,646,135.0,1.332412,101.31999969482422,6.899999038838178,0.2628961961726403,0.37124560381873817,10.0,0.08534297006377682,0.0001,-0.3465489546875075,0.05
DIS,2026-03-11,1.769863,646,140.0,1.381761,101.31999969482422,6.349999796665415,0.27181848881912485,0.37124560381873817,10.0,0.08534297006377682,0.0001,-0.3465489546875075,0.05
DIS,2026-03-11,1.769863,646,145.0,1.431109,101.31999969482422,5.400000041417801,0.27003634954387395,0.37124560381873817,10.0,0.08534297006377682,0.0001,-0.3465489546875075,0.05
DIS,2026-03-11,1.769863,646,150.0,1.480458,101.31999969482422,4.630004385004735,0.2695843369201983,0.37124560381873817,10.0,0.08534297006377682,0.0001,-0.3465489546875075,0.05
DIS,2026-03-11,1.769863,646,155.0,1.529807,101.31999969482422,4.499999758808485,0.2822200074056706,0.37124560381873817,10.0,0.08534297006377682,0.0001,-0.3465489546875075,0.05
DIS,2026-03-11,1.769863,646,160.0,1.579155,101.31999969482422,4.07000000030563,0.2863905393843673,0.37124560381873817,10.0,0.08534297006377682,0.0001,-0.3465489546875075,0.05
DIS,2026-03-11,1.769863,646,165.0,1.628504,101.31999969482422,3.1599999879967715,0.2759442121896896,0.37124560381873817,10.0,0.08534297006377682,0.0001,-0.3465489546875075,0.05
DIS,2026-03-11,1.769863,646,170.0,1.677852,101.31999969482422,3.0499999078868765,0.28551976689651354,0.37124560381873817,10.0,0.08534297006377682,0.0001,-0.3465489546875075,0.05
DIS,2026-03-11,1.769863,646,175.0,1.727201,101.31999969482422,2.350006157783554,0.2759304207586868,0.37124560381873817,10.0,0.08534297006377682,0.0001,-0.3465489546875075,0.05
DIS,2026-03-11,1.865753,681,55.0,0.542835,101.31999969482422,53.178771935795886,0.4115002672185498,0.37124560381873817,10.0,0.08534297006377682,0.0001,-0.3465489546875075,0.05
DIS,2026-03-11,1.865753,681,60.0,0.592183,101.31999969482422,49.71411490974146,0.42270064822242837,0.37124560381873817,10.0,0.08534297006377682,0.0001,-0.3465489546875075,0.05
DIS,2026-03-11,1.865753,681,65.0,0.641532,101.31999969482422,45.03945783161209,0.37427711184037327,0.37124560381873817,10.0,0.08534297006377682,0.0001,-0.3465489546875075,0.05
DIS,2026-03-11,1.865753,681,70.0,0.69088,101.31999969482422,41.65480072315263,0.3777412375304655,0.37124560381873817,10.0,0.08534297006377682,0.0001,-0.3465489546875075,0.05
DIS,2026-03-11,1.865753,681,75.0,0.740229,101.31999969482422,37.940143658881986,0.36378024339652043,0.37124560381873817,10.0,0.08534297006377682,0.0001,-0.3465489546875075,0.05
DIS,2026-03-11,1.865753,681,80.0,0.789578,101.31999969482422,33.955486487855474,0.33958567609853224,0.37124560381873817,10.0,0.08534297006377682,0.0001,-0.3465489546875075,0.05
DIS,2026-03-11,1.865753,681,85.0,0.838926,101.31999969482422,31.590827673936623,0.3556244624454986,0.37124560381873817,10.0,0.08534297006377682,0.0001,-0.3465489546875075,0.05
DIS,2026-03-11,1.865753,681,90.0,0.888275,101.31999969482422,29.38617245036656,0.36755725247275106,0.37124560381873817,10.0,0.08534297006377682,0.0001,-0.3465489546875075,0.05
DIS,2026-03-11,1.865753,681,95.0,0.937623,101.31999969482422,26.93151275768755,0.3682722073893836,0.37124560381873817,10.0,0.08534297006377682,0.0001,-0.3465489546875075,0.05
DIS,2026-03-11,1.865753,681,100.0,0.986972,101.31999969482422,23.7768583078334,0.3509765377036574,0.37124560381873817,10.0,0.08534297006377682,0.0001,-0.3465489546875075,0.05
DIS,2026-03-11,1.865753,681,105.0,1.036321,101.31999969482422,17.329999999062224,0.2683162216134397,0.37124560381873817,10.0,0.08534297006377682,0.0001,-0.3465489546875075,0.05
DIS,2026-03-11,1.865753,681,110.0,1.085669,101.31999969482422,15.090000447944043,0.2659836351122332,0.37124560381873817,10.0,0.08534297006377682,0.0001,-0.3465489546875075,0.05
DIS,2026-03-11,1.865753,681,115.0,1.135018,101.31999969482422,12.999997234843491,0.26241747883766603,0.37124560381873817,10.0,0.08534297006377682,0.0001,-0.3465489546875075,0.05
DIS,2026-03-11,1.865753,681,120.0,1.184366,101.31999969482422,11.579999967482053,0.26722227895102535,0.37124560381873817,10.0,0.08534297006377682,0.0001,-0.3465489546875075,0.05
DIS,2026-03-11,1.865753,681,125.0,1.233715,101.31999969482422,9.949988125442367,0.26469948236484425,0.37124560381873817,10.0,0.08534297006377682,0.0001,-0.3465489546875075,0.05
DIS,2026-03-11,1.865753,681,130.0,1.283064,101.31999969482422,8.319999386903465,0.25877748276972096,0.37124560381873817,10.0,0.08534297006377682,0.0001,-0.3465489546875075,0.05
DIS,2026-03-11,1.865753,681,135.0,1.332412,101.31999969482422,7.2499983145810845,0.26019650137534245,0.37124560381873817,10.0,0.08534297006377682,0.0001,-0.3465489546875075,0.05
DIS,2026-03-11,1.865753,681,140.0,1.381761,101.31999969482422,6.469999261932234,0.26462701319507137,0.37124560381873817,10.0,0.08534297006377682,0.0001,-0.3465489546875075,0.05
DIS,2026-03-11,1.865753,681,145.0,1.431109,101.31999969482422,5.870000008443,0.2705142573528101,0.37124560381873817,10.0,0.08534297006377682,0.0001,-0.3465489546875075,0.05
DIS,2026-03-11,1.865753,681,150.0,1.480458,101.31999969482422,4.9999998139487865,0.26855544571133405,0.37124560381873817,10.0,0.08534297006377682,0.0001,-0.3465489546875075,0.05
DIS,2026-03-11,1.865753,681,155.0,1.529807,101.31999969482422,4.870005489833861,0.2811577845813614,0.37124560381873817,10.0,0.08534297006377682,0.0001,-0.3465489546875075,0.05
DIS,2026-03-11,1.865753,681,160.0,1.579155,101.31999969482422,4.000000000092079,0.2750929238548924,0.37124560381873817,10.0,0.08534297006377682,0.0001,-0.3465489546875075,0.05
DIS,2026-03-11,1.865753,681,165.0,1.628504,101.31999969482422,3.4600008530808104,0.27476021064351086,0.37124560381873817,10.0,0.08534297006377682,0.0001,-0.3465489546875075,0.05
DIS,2026-03-11,1.865753,681,170.0,1.677852,101.31999969482422,3.1499999746131166,0.27890844091030903,0.37124560381873817,10.0,0.08534297006377682,0.0001,-0.3465489546875075,0.05
