ticker,valuation_date,maturity_years,maturity_days,strike,moneyness,spot_price,call_price,implied_vol,heston_v0,heston_kappa,heston_theta,heston_sigma,heston_rho,risk_free_rate
NFLX,2026-03-11,0.005479,2,50.0,0.515783,96.94000244140625,46.96369919507138,3.1298169688596915,0.5381547483646649,10.0,0.14259448737260563,2.0,-0.18125143832496582,0.05
NFLX,2026-03-11,0.005479,2,60.0,0.61894,96.94000244140625,36.966438540802706,2.317803581804681,0.5381547483646649,10.0,0.14259448737260563,2.0,-0.18125143832496582,0.05
NFLX,2026-03-11,0.005479,2,65.0,0.670518,96.94000244140625,31.977808224603933,2.1043882572175905,0.5381547483646649,10.0,0.14259448737260563,2.0,-0.18125143832496582,0.05
NFLX,2026-03-11,0.005479,2,66.0,0.680833,96.94000244140625,30.97808217505178,2.0310081193179754,0.5381547483646649,10.0,0.14259448737260563,2.0,-0.18125143832496582,0.05
NFLX,2026-03-11,0.005479,2,67.0,0.691149,96.94000244140625,29.968356091477744,1.8210930975063966,0.5381547483646649,10.0,0.14259448737260563,2.0,-0.18125143832496582,0.05
NFLX,2026-03-11,0.005479,2,68.0,0.701465,96.94000244140625,28.968630034883873,1.7539258797282484,0.5381547483646649,10.0,0.14259448737260563,2.0,-0.18125143832496582,0.05
NFLX,2026-03-11,0.005479,2,69.0,0.71178,96.94000244140625,27.968903961536668,1.687600122721806,0.5381547483646649,10.0,0.14259448737260563,2.0,-0.18125143832496582,0.05
NFLX,2026-03-11,0.005479,2,70.0,0.722096,96.94000244140625,26.969177911440966,1.622083765633047,0.5381547483646649,10.0,0.14259448737260563,2.0,-0.18125143832496582,0.05
NFLX,2026-03-11,0.005479,2,71.0,0.732412,96.94000244140625,25.969451831793194,1.557343966790977,0.5381547483646649,10.0,0.14259448737260563,2.0,-0.18125143832496582,0.05
NFLX,2026-03-11,0.005479,2,72.0,0.742727,96.94000244140625,24.98972576356489,1.6888456982547426,0.5381547483646649,10.0,0.14259448737260563,2.0,-0.18125143832496582,0.05
NFLX,2026-03-11,0.005479,2,73.0,0.753043,96.94000244140625,23.969999700801296,1.430071228886077,0.5381547483646649,10.0,0.14259448737260563,2.0,-0.18125143832496582,0.05
NFLX,2026-03-11,0.005479,2,74.0,0.763359,96.94000244140625,22.97027363913905,1.3674769209572801,0.5381547483646649,10.0,0.14259448737260563,2.0,-0.18125143832496582,0.05
NFLX,2026-03-11,0.005479,2,75.0,0.773674,96.94000244140625,21.97054756996907,1.3055368839983403,0.5381547483646649,10.0,0.14259448737260563,2.0,-0.18125143832496582,0.05
NFLX,2026-03-11,0.005479,2,76.0,0.78399,96.94000244140625,20.970821494605488,1.2442210681172219,0.5381547483646649,10.0,0.14259448737260563,2.0,-0.18125143832496582,0.05
NFLX,2026-03-11,0.005479,2,77.0,0.794306,96.94000244140625,19.971095458899512,1.1834998787921887,0.5381547483646649,10.0,0.14259448737260563,2.0,-0.18125143832496582,0.05
NFLX,2026-03-11,0.005479,2,78.0,0.804621,96.94000244140625,18.971369376757707,1.123341736365955,0.5381547483646649,10.0,0.14259448737260563,2.0,-0.18125143832496582,0.05
NFLX,2026-03-11,0.005479,2,79.0,0.814937,96.94000244140625,18.01164331142604,1.2994615118227606,0.5381547483646649,10.0,0.14259448737260563,2.0,-0.18125143832496582,0.05
NFLX,2026-03-11,0.005479,2,80.0,0.825253,96.94000244140625,16.971917260442638,1.004591993637165,0.5381547483646649,10.0,0.14259448737260563,2.0,-0.18125143832496582,0.05
NFLX,2026-03-11,0.005479,2,81.0,0.835568,96.94000244140625,15.97219118143039,0.9459349888917369,0.5381547483646649,10.0,0.14259448737260563,2.0,-0.18125143832496582,0.05
NFLX,2026-03-11,0.005479,2,82.0,0.845884,96.94000244140625,15.022465188718584,1.1226673411323524,0.5381547483646649,10.0,0.14259448737260563,2.0,-0.18125143832496582,0.05
NFLX,2026-03-11,0.005479,2,83.0,0.8562,96.94000244140625,13.982739035475078,0.9013909796023991,0.5381547483646649,10.0,0.14259448737260563,2.0,-0.18125143832496582,0.05
NFLX,2026-03-11,0.005479,2,84.0,0.866515,96.94000244140625,12.993012992815537,0.8866443802560829,0.5381547483646649,10.0,0.14259448737260563,2.0,-0.18125143832496582,0.05
NFLX,2026-03-11,0.005479,2,85.0,0.876831,96.94000244140625,12.003286923065417,0.8578385472614234,0.5381547483646649,10.0,0.14259448737260563,2.0,-0.18125143832496582,0.05
NFLX,2026-03-11,0.005479,2,86.0,0.887147,96.94000244140625,10.99356085792374,0.7590142627191696,0.5381547483646649,10.0,0.14259448737260563,2.0,-0.18125143832496582,0.05
NFLX,2026-03-11,0.005479,2,87.0,0.897462,96.94000244140625,10.023834693637284,0.7757591914104769,0.5381547483646649,10.0,0.14259448737260563,2.0,-0.18125143832496582,0.05
NFLX,2026-03-11,0.005479,2,88.0,0.907778,96.94000244140625,9.034108688751132,0.7262728318981563,0.5381547483646649,10.0,0.14259448737260563,2.0,-0.18125143832496582,0.05
NFLX,2026-03-11,0.005479,2,89.0,0.918094,96.94000244140625,8.054382663095936,0.6879289299376524,0.5381547483646649,10.0,0.14259448737260563,2.0,-0.18125143832496582,0.05
NFLX,2026-03-11,0.005479,2,90.0,0.928409,96.94000244140625,7.084656537479589,0.6530051958741867,0.5381547483646649,10.0,0.14259448737260563,2.0,-0.18125143832496582,0.05
NFLX,2026-03-11,0.005479,2,91.0,0.938725,96.94000244140625,6.134930532524265,0.6258223228420758,0.5381547483646649,10.0,0.14259448737260563,2.0,-0.18125143832496582,0.05
NFLX,2026-03-11,0.005479,2,92.0,0.949041,96.94000244140625,5.205204485066162,0.5977079144767378,0.5381547483646649,10.0,0.14259448737260563,2.0,-0.18125143832496582,0.05
NFLX,2026-03-11,0.005479,2,93.0,0.959356,96.94000244140625,4.3254786181366995,0.5814410891900749,0.5381547483646649,10.0,0.14259448737260563,2.0,-0.18125143832496582,0.05
NFLX,2026-03-11,0.005479,2,94.0,0.969672,96.94000244140625,3.455752337687656,0.5461336670425179,0.5381547483646649,10.0,0.14259448737260563,2.0,-0.18125143832496582,0.05
NFLX,2026-03-11,0.005479,2,95.0,0.979988,96.94000244140625,2.7060262385892884,0.5384792323605981,0.5381547483646649,10.0,0.14259448737260563,2.0,-0.18125143832496582,0.05
NFLX,2026-03-11,0.005479,2,96.0,0.990303,96.94000244140625,1.9863002087375108,0.5098817157810733,0.5381547483646649,10.0,0.14259448737260563,2.0,-0.18125143832496582,0.05
NFLX,2026-03-11,0.005479,2,97.0,1.000619,96.94000244140625,1.450000000042209,0.5122673392595587,0.5381547483646649,10.0,0.14259448737260563,2.0,-0.18125143832496582,0.05
NFLX,2026-03-11,0.005479,2,98.0,1.010935,96.94000244140625,0.9700000003567197,0.49603145861890824,0.5381547483646649,10.0,0.14259448737260563,2.0,-0.18125143832496582,0.05
NFLX,2026-03-11,0.005479,2,99.0,1.02125,96.94000244140625,0.6499994330470464,0.4994260584214276,0.5381547483646649,10.0,0.14259448737260563,2.0,-0.18125143832496582,0.05
NFLX,2026-03-11,0.005479,2,100.0,1.031566,96.94000244140625,0.4000003260888647,0.4933663610651871,0.5381547483646649,10.0,0.14259448737260563,2.0,-0.18125143832496582,0.05
NFLX,2026-03-11,0.005479,2,101.0,1.041882,96.94000244140625,0.25000000065874595,0.4995699199945426,0.5381547483646649,10.0,0.14259448737260563,2.0,-0.18125143832496582,0.05
NFLX,2026-03-11,0.005479,2,102.0,1.052197,96.94000244140625,0.13999984608131122,0.49568994733173716,0.5381547483646649,10.0,0.14259448737260563,2.0,-0.18125143832496582,0.05
NFLX,2026-03-11,0.005479,2,103.0,1.062513,96.94000244140625,0.09000000026739663,0.5125718599654582,0.5381547483646649,10.0,0.14259448737260563,2.0,-0.18125143832496582,0.05
NFLX,2026-03-11,0.005479,2,104.0,1.072829,96.94000244140625,0.05999999769045683,0.5326406175771659,0.5381547483646649,10.0,0.14259448737260563,2.0,-0.18125143832496582,0.05
NFLX,2026-03-11,0.005479,2,105.0,1.083144,96.94000244140625,0.03999999536059384,0.5515826614843696,0.5381547483646649,10.0,0.14259448737260563,2.0,-0.18125143832496582,0.05
NFLX,2026-03-11,0.005479,2,106.0,1.09346,96.94000244140625,0.03000000212387155,0.5795012541343015,0.5381547483646649,10.0,0.14259448737260563,2.0,-0.18125143832496582,0.05
NFLX,2026-03-11,0.005479,2,107.0,1.103776,96.94000244140625,0.010000000460226532,0.5457883634831752,0.5381547483646649,10.0,0.14259448737260563,2.0,-0.18125143832496582,0.05
NFLX,2026-03-11,0.005479,2,108.0,1.114091,96.94000244140625,0.030000000063836296,0.6809072141918314,0.5381547483646649,10.0,0.14259448737260563,2.0,-0.18125143832496582,0.05
NFLX,2026-03-11,0.005479,2,109.0,1.124407,96.94000244140625,0.00999999931354878,0.6348258781521587,0.5381547483646649,10.0,0.14259448737260563,2.0,-0.18125143832496582,0.05
NFLX,2026-03-11,0.005479,2,110.0,1.134722,96.94000244140625,0.01000000000091894,0.6781796095472808,0.5381547483646649,10.0,0.14259448737260563,2.0,-0.18125143832496582,0.05
NFLX,2026-03-11,0.005479,2,111.0,1.145038,96.94000244140625,0.010000018332313676,0.72082033689719,0.5381547483646649,10.0,0.14259448737260563,2.0,-0.18125143832496582,0.05
NFLX,2026-03-11,0.005479,2,112.0,1.155354,96.94000244140625,0.009999994252662958,0.7627870101400804,0.5381547483646649,10.0,0.14259448737260563,2.0,-0.18125143832496582,0.05
NFLX,2026-03-11,0.005479,2,113.0,1.165669,96.94000244140625,0.010000000001812004,0.804114722065977,0.5381547483646649,10.0,0.14259448737260563,2.0,-0.18125143832496582,0.05
NFLX,2026-03-11,0.005479,2,114.0,1.175985,96.94000244140625,0.01999999986382095,0.9150548382983337,0.5381547483646649,10.0,0.14259448737260563,2.0,-0.18125143832496582,0.05
NFLX,2026-03-11,0.005479,2,115.0,1.186301,96.94000244140625,0.010000001835812344,0.8849712412548417,0.5381547483646649,10.0,0.14259448737260563,2.0,-0.18125143832496582,0.05
NFLX,2026-03-11,0.005479,2,116.0,1.196616,96.94000244140625,0.019999993741345534,0.9999031975655636,0.5381547483646649,10.0,0.14259448737260563,2.0,-0.18125143832496582,0.05
NFLX,2026-03-11,0.005479,2,117.0,1.206932,96.94000244140625,0.009999999935775716,0.9635977698497867,0.5381547483646649,10.0,0.14259448737260563,2.0,-0.18125143832496582,0.05
NFLX,2026-03-11,0.005479,2,118.0,1.217248,96.94000244140625,0.010000000001782805,1.0021293209298667,0.5381547483646649,10.0,0.14259448737260563,2.0,-0.18125143832496582,0.05
NFLX,2026-03-11,0.005479,2,119.0,1.227563,96.94000244140625,0.010000015095525283,1.0401652723477617,0.5381547483646649,10.0,0.14259448737260563,2.0,-0.18125143832496582,0.05
NFLX,2026-03-11,0.005479,2,120.0,1.237879,96.94000244140625,0.009999999160605177,1.0777222987680677,0.5381547483646649,10.0,0.14259448737260563,2.0,-0.18125143832496582,0.05
NFLX,2026-03-11,0.005479,2,121.0,1.248195,96.94000244140625,0.02000000000779434,1.2020842342036422,0.5381547483646649,10.0,0.14259448737260563,2.0,-0.18125143832496582,0.05
NFLX,2026-03-11,0.005479,2,122.0,1.25851,96.94000244140625,0.009999999881028787,1.151463466672475,0.5381547483646649,10.0,0.14259448737260563,2.0,-0.18125143832496582,0.05
NFLX,2026-03-11,0.005479,2,123.0,1.268826,96.94000244140625,0.020000000481409375,1.2793983373217195,0.5381547483646649,10.0,0.14259448737260563,2.0,-0.18125143832496582,0.05
NFLX,2026-03-11,0.005479,2,124.0,1.279142,96.94000244140625,0.009999997266975591,1.223467451545304,0.5381547483646649,10.0,0.14259448737260563,2.0,-0.18125143832496582,0.05
NFLX,2026-03-11,0.005479,2,125.0,1.289457,96.94000244140625,0.0100000135382865,1.2588501257188291,0.5381547483646649,10.0,0.14259448737260563,2.0,-0.18125143832496582,0.05
NFLX,2026-03-11,0.005479,2,127.0,1.310089,96.94000244140625,0.019999988439259875,1.4286127616720767,0.5381547483646649,10.0,0.14259448737260563,2.0,-0.18125143832496582,0.05
NFLX,2026-03-11,0.005479,2,130.0,1.341036,96.94000244140625,0.020000000000273688,1.5361784838377412,0.5381547483646649,10.0,0.14259448737260563,2.0,-0.18125143832496582,0.05
NFLX,2026-03-11,0.005479,2,131.0,1.351351,96.94000244140625,0.01000000000335638,1.4631558246204601,0.5381547483646649,10.0,0.14259448737260563,2.0,-0.18125143832496582,0.05
NFLX,2026-03-11,0.005479,2,133.0,1.371983,96.94000244140625,0.010000000188360003,1.5284397807792844,0.5381547483646649,10.0,0.14259448737260563,2.0,-0.18125143832496582,0.05
NFLX,2026-03-11,0.005479,2,134.0,1.382298,96.94000244140625,0.009999999813843474,1.5605907528597918,0.5381547483646649,10.0,0.14259448737260563,2.0,-0.18125143832496582,0.05
NFLX,2026-03-11,0.005479,2,135.0,1.392614,96.94000244140625,0.019999999855685735,1.7080006856390755,0.5381547483646649,10.0,0.14259448737260563,2.0,-0.18125143832496582,0.05
NFLX,2026-03-11,0.005479,2,140.0,1.444192,96.94000244140625,0.010000006064188494,1.7470659152963794,0.5381547483646649,10.0,0.14259448737260563,2.0,-0.18125143832496582,0.05
NFLX,2026-03-11,0.005479,2,145.0,1.495771,96.94000244140625,0.009999999854478386,1.8947154191564701,0.5381547483646649,10.0,0.14259448737260563,2.0,-0.18125143832496582,0.05
NFLX,2026-03-11,0.005479,2,150.0,1.547349,96.94000244140625,0.009999998192911336,2.036025502372331,0.5381547483646649,10.0,0.14259448737260563,2.0,-0.18125143832496582,0.05
NFLX,2026-03-11,0.005479,2,155.0,1.598927,96.94000244140625,0.010000000000074255,2.171549588428322,0.5381547483646649,10.0,0.14259448737260563,2.0,-0.18125143832496582,0.05
NFLX,2026-03-11,0.005479,2,160.0,1.650505,96.94000244140625,0.009999997241769698,2.3017637068139996,0.5381547483646649,10.0,0.14259448737260563,2.0,-0.18125143832496582,0.05
NFLX,2026-03-11,0.005479,2,165.0,1.702084,96.94000244140625,4.0026205144902764e-35,0.5865113513439719,0.5381547483646649,10.0,0.14259448737260563,2.0,-0.18125143832496582,0.05
NFLX,2026-03-11,0.024658,9,49.0,0.505467,96.94000244140625,48.02037614930819,1.626350606767101,0.5381547483646649,10.0,0.14259448737260563,2.0,-0.18125143832496582,0.05
NFLX,2026-03-11,0.024658,9,50.0,0.515783,96.94000244140625,47.011608293741126,1.477415067724499,0.5381547483646649,10.0,0.14259448737260563,2.0,-0.18125143832496582,0.05
NFLX,2026-03-11,0.024658,9,51.0,0.526099,96.94000244140625,46.012840410043616,1.435993044506049,0.5381547483646649,10.0,0.14259448737260563,2.0,-0.18125143832496582,0.05
NFLX,2026-03-11,0.024658,9,52.0,0.536414,96.94000244140625,45.024072527074104,1.494241359461951,0.5381547483646649,10.0,0.14259448737260563,2.0,-0.18125143832496582,0.05
NFLX,2026-03-11,0.024658,9,53.0,0.54673,96.94000244140625,44.01530465821398,1.3554489727867098,0.5381547483646649,10.0,0.14259448737260563,2.0,-0.18125143832496582,0.05
NFLX,2026-03-11,0.024658,9,54.0,0.557046,96.94000244140625,43.106536787627185,1.713181056769247,0.5381547483646649,10.0,0.14259448737260563,2.0,-0.18125143832496582,0.05
NFLX,2026-03-11,0.024658,9,55.0,0.567361,96.94000244140625,42.027768880744,1.3692551742910624,0.5381547483646649,10.0,0.14259448737260563,2.0,-0.18125143832496582,0.05
NFLX,2026-03-11,0.024658,9,56.0,0.577677,96.94000244140625,41.01900097986807,1.2399241869073596,0.5381547483646649,10.0,0.14259448737260563,2.0,-0.18125143832496582,0.05
NFLX,2026-03-11,0.024658,9,57.0,0.587993,96.94000244140625,40.020233112032656,1.2027164416714398,0.5381547483646649,10.0,0.14259448737260563,2.0,-0.18125143832496582,0.05
NFLX,2026-03-11,0.024658,9,58.0,0.598308,96.94000244140625,39.04146522925011,1.3076644381163514,0.5381547483646649,10.0,0.14259448737260563,2.0,-0.18125143832496582,0.05
NFLX,2026-03-11,0.024658,9,59.0,0.608624,96.94000244140625,38.1526973463415,1.5543675627555298,0.5381547483646649,10.0,0.14259448737260563,2.0,-0.18125143832496582,0.05
NFLX,2026-03-11,0.024658,9,60.0,0.61894,96.94000244140625,37.02392945424638,1.0946471635462371,0.5381547483646649,10.0,0.14259448737260563,2.0,-0.18125143832496582,0.05
NFLX,2026-03-11,0.024658,9,61.0,0.629255,96.94000244140625,36.03516157945148,1.1374264435495334,0.5381547483646649,10.0,0.14259448737260563,2.0,-0.18125143832496582,0.05
NFLX,2026-03-11,0.024658,9,62.0,0.639571,96.94000244140625,35.04639372269253,1.1520143151617015,0.5381547483646649,10.0,0.14259448737260563,2.0,-0.18125143832496582,0.05
NFLX,2026-03-11,0.024658,9,63.0,0.649887,96.94000244140625,34.03762582664486,1.064791343841909,0.5381547483646649,10.0,0.14259448737260563,2.0,-0.18125143832496582,0.05
NFLX,2026-03-11,0.024658,9,64.0,0.660202,96.94000244140625,33.03885793125664,1.0292456691895038,0.5381547483646649,10.0,0.14259448737260563,2.0,-0.18125143832496582,0.05
NFLX,2026-03-11,0.024658,9,65.0,0.670518,96.94000244140625,32.04009004892042,0.9941884942108343,0.5381547483646649,10.0,0.14259448737260563,2.0,-0.18125143832496582,0.05
NFLX,2026-03-11,0.024658,9,66.0,0.680833,96.94000244140625,31.051322163194598,1.005123088289749,0.5381547483646649,10.0,0.14259448737260563,2.0,-0.18125143832496582,0.05
NFLX,2026-03-11,0.024658,9,67.0,0.691149,96.94000244140625,30.05255428242255,0.9696138032098814,0.5381547483646649,10.0,0.14259448737260563,2.0,-0.18125143832496582,0.05
NFLX,2026-03-11,0.024658,9,68.0,0.701465,96.94000244140625,29.043786407081328,0.8917626188601696,0.5381547483646649,10.0,0.14259448737260563,2.0,-0.18125143832496582,0.05
NFLX,2026-03-11,0.024658,9,69.0,0.71178,96.94000244140625,28.045018516619407,0.8584770390692307,0.5381547483646649,10.0,0.14259448737260563,2.0,-0.18125143832496582,0.05
NFLX,2026-03-11,0.024658,9,70.0,0.722096,96.94000244140625,27.06625058395916,0.8972473341995457,0.5381547483646649,10.0,0.14259448737260563,2.0,-0.18125143832496582,0.05
NFLX,2026-03-11,0.024658,9,71.0,0.732412,96.94000244140625,26.057482748093776,0.8318739444644402,0.5381547483646649,10.0,0.14259448737260563,2.0,-0.18125143832496582,0.05
NFLX,2026-03-11,0.024658,9,72.0,0.742727,96.94000244140625,25.04871486616932,0.7609556351543403,0.5381547483646649,10.0,0.14259448737260563,2.0,-0.18125143832496582,0.05
NFLX,2026-03-11,0.024658,9,73.0,0.753043,96.94000244140625,24.069947012675627,0.7938385634409003,0.5381547483646649,10.0,0.14259448737260563,2.0,-0.18125143832496582,0.05
NFLX,2026-03-11,0.024658,9,74.0,0.763359,96.94000244140625,23.071179104061883,0.7600939267558318,0.5381547483646649,10.0,0.14259448737260563,2.0,-0.18125143832496582,0.05
NFLX,2026-03-11,0.024658,9,75.0,0.773674,96.94000244140625,22.08241121886084,0.7489969153355038,0.5381547483646649,10.0,0.14259448737260563,2.0,-0.18125143832496582,0.05
NFLX,2026-03-11,0.024658,9,76.0,0.78399,96.94000244140625,21.093643287089037,0.7338776517366432,0.5381547483646649,10.0,0.14259448737260563,2.0,-0.18125143832496582,0.05
NFLX,2026-03-11,0.024658,9,77.0,0.794306,96.94000244140625,20.094875452296577,0.6995552280595198,0.5381547483646649,10.0,0.14259448737260563,2.0,-0.18125143832496582,0.05
NFLX,2026-03-11,0.024658,9,78.0,0.804621,96.94000244140625,19.096107567150497,0.665518657097545,0.5381547483646649,10.0,0.14259448737260563,2.0,-0.18125143832496582,0.05
NFLX,2026-03-11,0.024658,9,79.0,0.814937,96.94000244140625,18.11733987648408,0.660390592002233,0.5381547483646649,10.0,0.14259448737260563,2.0,-0.18125143832496582,0.05
NFLX,2026-03-11,0.024658,9,80.0,0.825253,96.94000244140625,17.12857179417513,0.6378023504850413,0.5381547483646649,10.0,0.14259448737260563,2.0,-0.18125143832496582,0.05
NFLX,2026-03-11,0.024658,9,81.0,0.835568,96.94000244140625,16.139804027583352,0.6136455377220523,0.5381547483646649,10.0,0.14259448737260563,2.0,-0.18125143832496582,0.05
NFLX,2026-03-11,0.024658,9,82.0,0.845884,96.94000244140625,15.151036036472988,0.5881300028354186,0.5381547483646649,10.0,0.14259448737260563,2.0,-0.18125143832496582,0.05
NFLX,2026-03-11,0.024658,9,83.0,0.8562,96.94000244140625,14.27226779215816,0.6392234355604874,0.5381547483646649,10.0,0.14259448737260563,2.0,-0.18125143832496582,0.05
NFLX,2026-03-11,0.024658,9,84.0,0.866515,96.94000244140625,13.193500299718295,0.5486377847453034,0.5381547483646649,10.0,0.14259448737260563,2.0,-0.18125143832496582,0.05
NFLX,2026-03-11,0.024658,9,85.0,0.876831,96.94000244140625,12.214732639285216,0.5250538092108371,0.5381547483646649,10.0,0.14259448737260563,2.0,-0.18125143832496582,0.05
NFLX,2026-03-11,0.024658,9,86.0,0.887147,96.94000244140625,11.26596449172392,0.5160014287419479,0.5381547483646649,10.0,0.14259448737260563,2.0,-0.18125143832496582,0.05
NFLX,2026-03-11,0.024658,9,87.0,0.897462,96.94000244140625,10.32719640736569,0.505537446881927,0.5381547483646649,10.0,0.14259448737260563,2.0,-0.18125143832496582,0.05
NFLX,2026-03-11,0.024658,9,88.0,0.907778,96.94000244140625,9.408428631416697,0.49699908409546534,0.5381547483646649,10.0,0.14259448737260563,2.0,-0.18125143832496582,0.05
NFLX,2026-03-11,0.024658,9,89.0,0.918094,96.94000244140625,8.459661320987308,0.47183783741342333,0.5381547483646649,10.0,0.14259448737260563,2.0,-0.18125143832496582,0.05
NFLX,2026-03-11,0.024658,9,90.0,0.928409,96.94000244140625,7.560892163632218,0.4586384829597292,0.5381547483646649,10.0,0.14259448737260563,2.0,-0.18125143832496582,0.05
NFLX,2026-03-11,0.024658,9,91.0,0.938725,96.94000244140625,6.692125108536558,0.447157001839606,0.5381547483646649,10.0,0.14259448737260563,2.0,-0.18125143832496582,0.05
NFLX,2026-03-11,0.024658,9,92.0,0.949041,96.94000244140625,5.853357197917305,0.4356681492639814,0.5381547483646649,10.0,0.14259448737260563,2.0,-0.18125143832496582,0.05
NFLX,2026-03-11,0.024658,9,93.0,0.959356,96.94000244140625,5.074589325969612,0.4291858063725931,0.5381547483646649,10.0,0.14259448737260563,2.0,-0.18125143832496582,0.05
NFLX,2026-03-11,0.024658,9,94.0,0.969672,96.94000244140625,4.305821430518712,0.4158146657806187,0.5381547483646649,10.0,0.14259448737260563,2.0,-0.18125143832496582,0.05
NFLX,2026-03-11,0.024658,9,95.0,0.979988,96.94000244140625,3.617053568862147,0.40826606488684886,0.5381547483646649,10.0,0.14259448737260563,2.0,-0.18125143832496582,0.05
NFLX,2026-03-11,0.024658,9,96.0,0.990303,96.94000244140625,3.0182854988732686,0.40620624242743675,0.5381547483646649,10.0,0.14259448737260563,2.0,-0.18125143832496582,0.05
NFLX,2026-03-11,0.024658,9,97.0,1.000619,96.94000244140625,2.420000002415385,0.39376299448734675,0.5381547483646649,10.0,0.14259448737260563,2.0,-0.18125143832496582,0.05
NFLX,2026-03-11,0.024658,9,98.0,1.010935,96.94000244140625,1.89999991546523,0.3834770460607016,0.5381547483646649,10.0,0.14259448737260563,2.0,-0.18125143832496582,0.05
NFLX,2026-03-11,0.024658,9,99.0,1.02125,96.94000244140625,1.4500000113607072,0.37337691128692724,0.5381547483646649,10.0,0.14259448737260563,2.0,-0.18125143832496582,0.05
NFLX,2026-03-11,0.024658,9,100.0,1.031566,96.94000244140625,1.1299999625011985,0.37432791652370323,0.5381547483646649,10.0,0.14259448737260563,2.0,-0.18125143832496582,0.05
NFLX,2026-03-11,0.024658,9,101.0,1.041882,96.94000244140625,0.8500000338534051,0.37166577574546383,0.5381547483646649,10.0,0.14259448737260563,2.0,-0.18125143832496582,0.05
NFLX,2026-03-11,0.024658,9,102.0,1.052197,96.94000244140625,0.6500002468233781,0.3746898601429383,0.5381547483646649,10.0,0.14259448737260563,2.0,-0.18125143832496582,0.05
NFLX,2026-03-11,0.024658,9,103.0,1.062513,96.94000244140625,0.45000088680571615,0.3664854569512445,0.5381547483646649,10.0,0.14259448737260563,2.0,-0.18125143832496582,0.05
NFLX,2026-03-11,0.024658,9,104.0,1.072829,96.94000244140625,0.3299998804576827,0.3685066346106529,0.5381547483646649,10.0,0.14259448737260563,2.0,-0.18125143832496582,0.05
NFLX,2026-03-11,0.024658,9,105.0,1.083144,96.94000244140625,0.2500000199004493,0.3747999044659824,0.5381547483646649,10.0,0.14259448737260563,2.0,-0.18125143832496582,0.05
NFLX,2026-03-11,0.024658,9,106.0,1.09346,96.94000244140625,0.17000001503949935,0.37196617558448447,0.5381547483646649,10.0,0.14259448737260563,2.0,-0.18125143832496582,0.05
NFLX,2026-03-11,0.024658,9,107.0,1.103776,96.94000244140625,0.1299998587190263,0.37989877141790823,0.5381547483646649,10.0,0.14259448737260563,2.0,-0.18125143832496582,0.05
NFLX,2026-03-11,0.024658,9,108.0,1.114091,96.94000244140625,0.08999999905729839,0.38053625928687135,0.5381547483646649,10.0,0.14259448737260563,2.0,-0.18125143832496582,0.05
NFLX,2026-03-11,0.024658,9,109.0,1.124407,96.94000244140625,0.08000000099044824,0.3985383028050705,0.5381547483646649,10.0,0.14259448737260563,2.0,-0.18125143832496582,0.05
NFLX,2026-03-11,0.024658,9,110.0,1.134722,96.94000244140625,0.06999999702527582,0.4145723385170663,0.5381547483646649,10.0,0.14259448737260563,2.0,-0.18125143832496582,0.05
NFLX,2026-03-11,0.024658,9,111.0,1.145038,96.94000244140625,0.05000000001293525,0.4164967106509253,0.5381547483646649,10.0,0.14259448737260563,2.0,-0.18125143832496582,0.05
NFLX,2026-03-11,0.024658,9,112.0,1.155354,96.94000244140625,0.04000000079542887,0.4255989450922022,0.5381547483646649,10.0,0.14259448737260563,2.0,-0.18125143832496582,0.05
NFLX,2026-03-11,0.024658,9,114.0,1.175985,96.94000244140625,0.030000022596345266,0.4518376468460007,0.5381547483646649,10.0,0.14259448737260563,2.0,-0.18125143832496582,0.05
NFLX,2026-03-11,0.024658,9,115.0,1.186301,96.94000244140625,0.029999996040489307,0.47280584496305,0.5381547483646649,10.0,0.14259448737260563,2.0,-0.18125143832496582,0.05
NFLX,2026-03-11,0.024658,9,116.0,1.196616,96.94000244140625,0.029999999902638352,0.49346446737095007,0.5381547483646649,10.0,0.14259448737260563,2.0,-0.18125143832496582,0.05
NFLX,2026-03-11,0.024658,9,116.5,1.201774,96.94000244140625,0.03999999357448458,0.5232012741764024,0.5381547483646649,10.0,0.14259448737260563,2.0,-0.18125143832496582,0.05
NFLX,2026-03-11,0.024658,9,117.0,1.206932,96.94000244140625,0.019999999918658085,0.4887533270170404,0.5381547483646649,10.0,0.14259448737260563,2.0,-0.18125143832496582,0.05
NFLX,2026-03-11,0.024658,9,117.5,1.21209,96.94000244140625,0.06000000056620558,0.5757877114651725,0.5381547483646649,10.0,0.14259448737260563,2.0,-0.18125143832496582,0.05
NFLX,2026-03-11,0.024658,9,118.0,1.217248,96.94000244140625,0.039999998622101796,0.5543028340659997,0.5381547483646649,10.0,0.14259448737260563,2.0,-0.18125143832496582,0.05
NFLX,2026-03-11,0.024658,9,118.5,1.222406,96.94000244140625,0.030000075072863064,0.543840775997438,0.5381547483646649,10.0,0.14259448737260563,2.0,-0.18125143832496582,0.05
NFLX,2026-03-11,0.024658,9,119.0,1.227563,96.94000244140625,0.05000005664749407,0.592335170346658,0.5381547483646649,10.0,0.14259448737260563,2.0,-0.18125143832496582,0.05
NFLX,2026-03-11,0.024658,9,119.5,1.232721,96.94000244140625,0.07999999969976024,0.6450540325462958,0.5381547483646649,10.0,0.14259448737260563,2.0,-0.18125143832496582,0.05
NFLX,2026-03-11,0.024658,9,120.0,1.237879,96.94000244140625,0.020000004641461344,0.545951450875817,0.5381547483646649,10.0,0.14259448737260563,2.0,-0.18125143832496582,0.05
NFLX,2026-03-11,0.024658,9,120.5,1.243037,96.94000244140625,0.04999998762617053,0.6230710730686968,0.5381547483646649,10.0,0.14259448737260563,2.0,-0.18125143832496582,0.05
NFLX,2026-03-11,0.024658,9,121.0,1.248195,96.94000244140625,0.02000002462800099,0.56452688080521,0.5381547483646649,10.0,0.14259448737260563,2.0,-0.18125143832496582,0.05
NFLX,2026-03-11,0.024658,9,121.5,1.253353,96.94000244140625,0.09000000001210573,0.700025446427108,0.5381547483646649,10.0,0.14259448737260563,2.0,-0.18125143832496582,0.05
NFLX,2026-03-11,0.024658,9,122.0,1.25851,96.94000244140625,0.009999998541269595,0.5407957463972961,0.5381547483646649,10.0,0.14259448737260563,2.0,-0.18125143832496582,0.05
NFLX,2026-03-11,0.024658,9,122.5,1.263668,96.94000244140625,0.009999997025893714,0.5493600098891461,0.5381547483646649,10.0,0.14259448737260563,2.0,-0.18125143832496582,0.05
NFLX,2026-03-11,0.024658,9,123.0,1.268826,96.94000244140625,0.059999989046302105,0.6899335250451711,0.5381547483646649,10.0,0.14259448737260563,2.0,-0.18125143832496582,0.05
NFLX,2026-03-11,0.024658,9,123.5,1.273984,96.94000244140625,0.040000025791828486,0.6630987430448146,0.5381547483646649,10.0,0.14259448737260563,2.0,-0.18125143832496582,0.05
NFLX,2026-03-11,0.024658,9,124.0,1.279142,96.94000244140625,0.01999999907157879,0.6188930936179117,0.5381547483646649,10.0,0.14259448737260563,2.0,-0.18125143832496582,0.05
NFLX,2026-03-11,0.024658,9,124.5,1.2843,96.94000244140625,0.08000000000227603,0.7495638508429292,0.5381547483646649,10.0,0.14259448737260563,2.0,-0.18125143832496582,0.05
NFLX,2026-03-11,0.024658,9,125.0,1.289457,96.94000244140625,0.009999999031410023,0.591439246266765,0.5381547483646649,10.0,0.14259448737260563,2.0,-0.18125143832496582,0.05
NFLX,2026-03-11,0.024658,9,125.5,1.294615,96.94000244140625,0.05000000002209215,0.7213111992943141,0.5381547483646649,10.0,0.14259448737260563,2.0,-0.18125143832496582,0.05
NFLX,2026-03-11,0.024658,9,126.0,1.299773,96.94000244140625,0.009999960502973304,0.6079375096251114,0.5381547483646649,10.0,0.14259448737260563,2.0,-0.18125143832496582,0.05
NFLX,2026-03-11,0.024658,9,126.5,1.304931,96.94000244140625,0.050000000493726215,0.7402428228344955,0.5381547483646649,10.0,0.14259448737260563,2.0,-0.18125143832496582,0.05
NFLX,2026-03-11,0.024658,9,127.0,1.310089,96.94000244140625,0.030000000232146218,0.7033822134010091,0.5381547483646649,10.0,0.14259448737260563,2.0,-0.18125143832496582,0.05
NFLX,2026-03-11,0.024658,9,127.5,1.315247,96.94000244140625,0.02000000002997404,0.679932995569001,0.5381547483646649,10.0,0.14259448737260563,2.0,-0.18125143832496582,0.05
NFLX,2026-03-11,0.024658,9,128.0,1.320404,96.94000244140625,0.009999999860727304,0.6403919340206594,0.5381547483646649,10.0,0.14259448737260563,2.0,-0.18125143832496582,0.05
NFLX,2026-03-11,0.024658,9,128.5,1.325562,96.94000244140625,0.030000017158795078,0.7298935487244006,0.5381547483646649,10.0,0.14259448737260563,2.0,-0.18125143832496582,0.05
NFLX,2026-03-11,0.024658,9,129.0,1.33072,96.94000244140625,0.030000048252921685,0.738632026080172,0.5381547483646649,10.0,0.14259448737260563,2.0,-0.18125143832496582,0.05
NFLX,2026-03-11,0.024658,9,129.5,1.335878,96.94000244140625,0.02000003689857488,0.7137490329360228,0.5381547483646649,10.0,0.14259448737260563,2.0,-0.18125143832496582,0.05
NFLX,2026-03-11,0.024658,9,130.0,1.341036,96.94000244140625,0.01999998852871565,0.7220882734583541,0.5381547483646649,10.0,0.14259448737260563,2.0,-0.18125143832496582,0.05
NFLX,2026-03-11,0.024658,9,130.5,1.346193,96.94000244140625,0.039999999522230545,0.7913570378200497,0.5381547483646649,10.0,0.14259448737260563,2.0,-0.18125143832496582,0.05
NFLX,2026-03-11,0.024658,9,131.0,1.351351,96.94000244140625,0.029999997537579537,0.7731090669199497,0.5381547483646649,10.0,0.14259448737260563,2.0,-0.18125143832496582,0.05
NFLX,2026-03-11,0.024658,9,131.5,1.356509,96.94000244140625,0.049999999652769134,0.8316889962740092,0.5381547483646649,10.0,0.14259448737260563,2.0,-0.18125143832496582,0.05
NFLX,2026-03-11,0.024658,9,132.0,1.361667,96.94000244140625,0.009999999009836447,0.703256261057221,0.5381547483646649,10.0,0.14259448737260563,2.0,-0.18125143832496582,0.05
NFLX,2026-03-11,0.024658,9,132.5,1.366825,96.94000244140625,0.0399999961973998,0.8261830055712077,0.5381547483646649,10.0,0.14259448737260563,2.0,-0.18125143832496582,0.05
NFLX,2026-03-11,0.024658,9,133.0,1.371983,96.94000244140625,0.06000012631218876,0.8784823644895258,0.5381547483646649,10.0,0.14259448737260563,2.0,-0.18125143832496582,0.05
NFLX,2026-03-11,0.024658,9,133.5,1.37714,96.94000244140625,0.029999952088184068,0.81517814238071,0.5381547483646649,10.0,0.14259448737260563,2.0,-0.18125143832496582,0.05
NFLX,2026-03-11,0.024658,9,134.0,1.382298,96.94000244140625,0.010000000007427179,0.7337314608490395,0.5381547483646649,10.0,0.14259448737260563,2.0,-0.18125143832496582,0.05
NFLX,2026-03-11,0.024658,9,134.5,1.387456,96.94000244140625,0.02000000001915425,0.7951984697271418,0.5381547483646649,10.0,0.14259448737260563,2.0,-0.18125143832496582,0.05
NFLX,2026-03-11,0.024658,9,135.0,1.392614,96.94000244140625,0.010000000332677395,0.7487426256165697,0.5381547483646649,10.0,0.14259448737260563,2.0,-0.18125143832496582,0.05
NFLX,2026-03-11,0.024658,9,135.5,1.397772,96.94000244140625,0.030000027025559817,0.8480545640931753,0.5381547483646649,10.0,0.14259448737260563,2.0,-0.18125143832496582,0.05
NFLX,2026-03-11,0.024658,9,136.0,1.40293,96.94000244140625,0.010000000292088806,0.7636072996719224,0.5381547483646649,10.0,0.14259448737260563,2.0,-0.18125143832496582,0.05
NFLX,2026-03-11,0.024658,9,138.0,1.423561,96.94000244140625,0.019999999483421627,0.8497985676724267,0.5381547483646649,10.0,0.14259448737260563,2.0,-0.18125143832496582,0.05
NFLX,2026-03-11,0.024658,9,140.0,1.444192,96.94000244140625,0.020000001935056855,0.8801741667337858,0.5381547483646649,10.0,0.14259448737260563,2.0,-0.18125143832496582,0.05
NFLX,2026-03-11,0.024658,9,142.0,1.464824,96.94000244140625,0.5099996057122453,1.4438153529940319,0.5381547483646649,10.0,0.14259448737260563,2.0,-0.18125143832496582,0.05
NFLX,2026-03-11,0.024658,9,144.0,1.485455,96.94000244140625,0.030000022179840102,0.9807709728546803,0.5381547483646649,10.0,0.14259448737260563,2.0,-0.18125143832496582,0.05
NFLX,2026-03-11,0.024658,9,145.0,1.495771,96.94000244140625,0.030000000392085835,0.9956975729787549,0.5381547483646649,10.0,0.14259448737260563,2.0,-0.18125143832496582,0.05
NFLX,2026-03-11,0.024658,9,146.0,1.506086,96.94000244140625,0.01000000005710222,0.9048409875203453,0.5381547483646649,10.0,0.14259448737260563,2.0,-0.18125143832496582,0.05
NFLX,2026-03-11,0.024658,9,148.0,1.526718,96.94000244140625,0.10000000000706977,1.2028398023585367,0.5381547483646649,10.0,0.14259448737260563,2.0,-0.18125143832496582,0.05
NFLX,2026-03-11,0.024658,9,150.0,1.547349,96.94000244140625,0.019999976319143187,1.023960325365106,0.5381547483646649,10.0,0.14259448737260563,2.0,-0.18125143832496582,0.05
NFLX,2026-03-11,0.024658,9,152.0,1.56798,96.94000244140625,0.00999998948839037,0.9837902939863095,0.5381547483646649,10.0,0.14259448737260563,2.0,-0.18125143832496582,0.05
NFLX,2026-03-11,0.024658,9,154.0,1.588611,96.94000244140625,0.009999999797732473,1.0092439690809774,0.5381547483646649,10.0,0.14259448737260563,2.0,-0.18125143832496582,0.05
NFLX,2026-03-11,0.024658,9,155.0,1.598927,96.94000244140625,0.019999990210704643,1.0913145718845656,0.5381547483646649,10.0,0.14259448737260563,2.0,-0.18125143832496582,0.05
NFLX,2026-03-11,0.024658,9,156.0,1.609243,96.94000244140625,0.11999999986175514,1.3601670550906793,0.5381547483646649,10.0,0.14259448737260563,2.0,-0.18125143832496582,0.05
NFLX,2026-03-11,0.024658,9,158.0,1.629874,96.94000244140625,0.010000000000211146,1.0589429886586073,0.5381547483646649,10.0,0.14259448737260563,2.0,-0.18125143832496582,0.05
NFLX,2026-03-11,0.024658,9,160.0,1.650505,96.94000244140625,0.010000004306378152,1.083214475546579,0.5381547483646649,10.0,0.14259448737260563,2.0,-0.18125143832496582,0.05
NFLX,2026-03-11,0.024658,9,162.0,1.671137,96.94000244140625,0.009999988811886074,1.107116605782678,0.5381547483646649,10.0,0.14259448737260563,2.0,-0.18125143832496582,0.05
NFLX,2026-03-11,0.024658,9,164.0,1.691768,96.94000244140625,0.0700000000991432,1.3812835435508397,0.5381547483646649,10.0,0.14259448737260563,2.0,-0.18125143832496582,0.05
NFLX,2026-03-11,0.024658,9,165.0,1.702084,96.94000244140625,0.09000000255674023,1.438546596814157,0.5381547483646649,10.0,0.14259448737260563,2.0,-0.18125143832496582,0.05
NFLX,2026-03-11,0.024658,9,166.0,1.712399,96.94000244140625,0.010000018398848676,1.1538589773393257,0.5381547483646649,10.0,0.14259448737260563,2.0,-0.18125143832496582,0.05
NFLX,2026-03-11,0.024658,9,168.0,1.733031,96.94000244140625,0.5100000608474309,1.914871959661451,0.5381547483646649,10.0,0.14259448737260563,2.0,-0.18125143832496582,0.05
NFLX,2026-03-11,0.024658,9,170.0,1.753662,96.94000244140625,0.009999997788742693,1.1992538244834139,0.5381547483646649,10.0,0.14259448737260563,2.0,-0.18125143832496582,0.05
NFLX,2026-03-11,0.024658,9,172.0,1.774293,96.94000244140625,0.00999999429772705,1.2214704774947842,0.5381547483646649,10.0,0.14259448737260563,2.0,-0.18125143832496582,0.05
NFLX,2026-03-11,0.024658,9,174.0,1.794925,96.94000244140625,0.09999999907008905,1.5794613012339664,0.5381547483646649,10.0,0.14259448737260563,2.0,-0.18125143832496582,0.05
NFLX,2026-03-11,0.043836,16,50.0,0.515783,96.94000244140625,47.07947147256816,1.2403661417438936,0.5381547483646649,10.0,0.14259448737260563,2.0,-0.18125143832496582,0.05
NFLX,2026-03-11,0.043836,16,60.0,0.61894,96.94000244140625,37.11136527736944,0.9549929415768964,0.5381547483646649,10.0,0.14259448737260563,2.0,-0.18125143832496582,0.05
NFLX,2026-03-11,0.043836,16,65.0,0.670518,96.94000244140625,32.12231218125753,0.8101728244407083,0.5381547483646649,10.0,0.14259448737260563,2.0,-0.18125143832496582,0.05
NFLX,2026-03-11,0.043836,16,66.0,0.680833,96.94000244140625,31.144501592669727,0.8245278492689058,0.5381547483646649,10.0,0.14259448737260563,2.0,-0.18125143832496582,0.05
NFLX,2026-03-11,0.043836,16,67.0,0.691149,96.94000244140625,30.13669095632612,0.7768250486299728,0.5381547483646649,10.0,0.14259448737260563,2.0,-0.18125143832496582,0.05
NFLX,2026-03-11,0.043836,16,68.0,0.701465,96.94000244140625,29.15888032456533,0.784100624435821,0.5381547483646649,10.0,0.14259448737260563,2.0,-0.18125143832496582,0.05
NFLX,2026-03-11,0.043836,16,69.0,0.71178,96.94000244140625,28.131069704479117,0.7011346290528178,0.5381547483646649,10.0,0.14259448737260563,2.0,-0.18125143832496582,0.05
NFLX,2026-03-11,0.043836,16,70.0,0.722096,96.94000244140625,27.143259083415884,0.694617475958976,0.5381547483646649,10.0,0.14259448737260563,2.0,-0.18125143832496582,0.05
NFLX,2026-03-11,0.043836,16,71.0,0.732412,96.94000244140625,26.15544857594672,0.6846771243557116,0.5381547483646649,10.0,0.14259448737260563,2.0,-0.18125143832496582,0.05
NFLX,2026-03-11,0.043836,16,72.0,0.742727,96.94000244140625,25.157637844079204,0.6576583764844781,0.5381547483646649,10.0,0.14259448737260563,2.0,-0.18125143832496582,0.05
NFLX,2026-03-11,0.043836,16,73.0,0.753043,96.94000244140625,24.159827224385253,0.6309243410166054,0.5381547483646649,10.0,0.14259448737260563,2.0,-0.18125143832496582,0.05
NFLX,2026-03-11,0.043836,16,74.0,0.763359,96.94000244140625,23.232016557234147,0.6810630127140301,0.5381547483646649,10.0,0.14259448737260563,2.0,-0.18125143832496582,0.05
NFLX,2026-03-11,0.043836,16,75.0,0.773674,96.94000244140625,22.19420598822461,0.6144295471644987,0.5381547483646649,10.0,0.14259448737260563,2.0,-0.18125143832496582,0.05
NFLX,2026-03-11,0.043836,16,76.0,0.78399,96.94000244140625,21.20639544028505,0.5971265507457448,0.5381547483646649,10.0,0.14259448737260563,2.0,-0.18125143832496582,0.05
NFLX,2026-03-11,0.043836,16,77.0,0.794306,96.94000244140625,20.268584483335218,0.6176686477248805,0.5381547483646649,10.0,0.14259448737260563,2.0,-0.18125143832496582,0.05
NFLX,2026-03-11,0.043836,16,78.0,0.804621,96.94000244140625,19.240774121917568,0.5672982887172129,0.5381547483646649,10.0,0.14259448737260563,2.0,-0.18125143832496582,0.05
NFLX,2026-03-11,0.043836,16,79.0,0.814937,96.94000244140625,18.272963509277474,0.5600940243174621,0.5381547483646649,10.0,0.14259448737260563,2.0,-0.18125143832496582,0.05
NFLX,2026-03-11,0.043836,16,80.0,0.825253,96.94000244140625,17.28515305986471,0.5377404144051693,0.5381547483646649,10.0,0.14259448737260563,2.0,-0.18125143832496582,0.05
NFLX,2026-03-11,0.043836,16,81.0,0.835568,96.94000244140625,16.307342278253202,0.5204099258409975,0.5381547483646649,10.0,0.14259448737260563,2.0,-0.18125143832496582,0.05
NFLX,2026-03-11,0.043836,16,82.0,0.845884,96.94000244140625,15.34953170337998,0.5113669319146493,0.5381547483646649,10.0,0.14259448737260563,2.0,-0.18125143832496582,0.05
NFLX,2026-03-11,0.043836,16,83.0,0.8562,96.94000244140625,14.391720983868638,0.4991097994659021,0.5381547483646649,10.0,0.14259448737260563,2.0,-0.18125143832496582,0.05
NFLX,2026-03-11,0.043836,16,84.0,0.866515,96.94000244140625,13.413909807633416,0.47669087168886404,0.5381547483646649,10.0,0.14259448737260563,2.0,-0.18125143832496582,0.05
NFLX,2026-03-11,0.043836,16,85.0,0.876831,96.94000244140625,12.496100313533987,0.47384855318079927,0.5381547483646649,10.0,0.14259448737260563,2.0,-0.18125143832496582,0.05
NFLX,2026-03-11,0.043836,16,86.0,0.887147,96.94000244140625,11.578288893171461,0.46600220158841743,0.5381547483646649,10.0,0.14259448737260563,2.0,-0.18125143832496582,0.05
NFLX,2026-03-11,0.043836,16,87.0,0.897462,96.94000244140625,10.640477852303079,0.44908356715204845,0.5381547483646649,10.0,0.14259448737260563,2.0,-0.18125143832496582,0.05
NFLX,2026-03-11,0.043836,16,88.0,0.907778,96.94000244140625,9.742667936416453,0.4392341530167124,0.5381547483646649,10.0,0.14259448737260563,2.0,-0.18125143832496582,0.05
NFLX,2026-03-11,0.043836,16,89.0,0.918094,96.94000244140625,8.884856196628007,0.43387331788493777,0.5381547483646649,10.0,0.14259448737260563,2.0,-0.18125143832496582,0.05
NFLX,2026-03-11,0.043836,16,90.0,0.928409,96.94000244140625,8.027046697599971,0.4236788229515956,0.5381547483646649,10.0,0.14259448737260563,2.0,-0.18125143832496582,0.05
NFLX,2026-03-11,0.043836,16,91.0,0.938725,96.94000244140625,7.199235407290857,0.4144575684346834,0.5381547483646649,10.0,0.14259448737260563,2.0,-0.18125143832496582,0.05
NFLX,2026-03-11,0.043836,16,92.0,0.949041,96.94000244140625,6.421425459442617,0.4085254114368183,0.5381547483646649,10.0,0.14259448737260563,2.0,-0.18125143832496582,0.05
NFLX,2026-03-11,0.043836,16,93.0,0.959356,96.94000244140625,5.673614772170488,0.40172174069513616,0.5381547483646649,10.0,0.14259448737260563,2.0,-0.18125143832496582,0.05
NFLX,2026-03-11,0.043836,16,94.0,0.969672,96.94000244140625,4.985803647901712,0.39779269804173517,0.5381547483646649,10.0,0.14259448737260563,2.0,-0.18125143832496582,0.05
NFLX,2026-03-11,0.043836,16,95.0,0.979988,96.94000244140625,4.297993600864565,0.3880859456766924,0.5381547483646649,10.0,0.14259448737260563,2.0,-0.18125143832496582,0.05
NFLX,2026-03-11,0.043836,16,96.0,0.990303,96.94000244140625,3.5701829317872864,0.36779152553332917,0.5381547483646649,10.0,0.14259448737260563,2.0,-0.18125143832496582,0.05
NFLX,2026-03-11,0.043836,16,97.0,1.000619,96.94000244140625,3.0800000189243235,0.37128575622873505,0.5381547483646649,10.0,0.14259448737260563,2.0,-0.18125143832496582,0.05
NFLX,2026-03-11,0.043836,16,98.0,1.010935,96.94000244140625,2.54999999826169,0.3632664944509025,0.5381547483646649,10.0,0.14259448737260563,2.0,-0.18125143832496582,0.05
NFLX,2026-03-11,0.043836,16,99.0,1.02125,96.94000244140625,2.090000000024304,0.35726207393579235,0.5381547483646649,10.0,0.14259448737260563,2.0,-0.18125143832496582,0.05
NFLX,2026-03-11,0.043836,16,100.0,1.031566,96.94000244140625,1.6999995667982617,0.3533265652983161,0.5381547483646649,10.0,0.14259448737260563,2.0,-0.18125143832496582,0.05
NFLX,2026-03-11,0.043836,16,101.0,1.041882,96.94000244140625,1.409999921909531,0.3560796855829288,0.5381547483646649,10.0,0.14259448737260563,2.0,-0.18125143832496582,0.05
NFLX,2026-03-11,0.043836,16,102.0,1.052197,96.94000244140625,1.1200000052478707,0.35245180039451685,0.5381547483646649,10.0,0.14259448737260563,2.0,-0.18125143832496582,0.05
NFLX,2026-03-11,0.043836,16,103.0,1.062513,96.94000244140625,0.8699999180882152,0.34790581323895525,0.5381547483646649,10.0,0.14259448737260563,2.0,-0.18125143832496582,0.05
NFLX,2026-03-11,0.043836,16,104.0,1.072829,96.94000244140625,0.6900001918609604,0.34835894375065496,0.5381547483646649,10.0,0.14259448737260563,2.0,-0.18125143832496582,0.05
NFLX,2026-03-11,0.043836,16,105.0,1.083144,96.94000244140625,0.5100000057263436,0.34199450304480894,0.5381547483646649,10.0,0.14259448737260563,2.0,-0.18125143832496582,0.05
NFLX,2026-03-11,0.043836,16,106.0,1.09346,96.94000244140625,0.39000000001472657,0.3413842737825876,0.5381547483646649,10.0,0.14259448737260563,2.0,-0.18125143832496582,0.05
NFLX,2026-03-11,0.043836,16,107.0,1.103776,96.94000244140625,0.3100001782655255,0.34522189088089944,0.5381547483646649,10.0,0.14259448737260563,2.0,-0.18125143832496582,0.05
NFLX,2026-03-11,0.043836,16,108.0,1.114091,96.94000244140625,0.23999978285129586,0.34707153281295944,0.5381547483646649,10.0,0.14259448737260563,2.0,-0.18125143832496582,0.05
NFLX,2026-03-11,0.043836,16,109.0,1.124407,96.94000244140625,0.21000000778477013,0.3587579249920479,0.5381547483646649,10.0,0.14259448737260563,2.0,-0.18125143832496582,0.05
NFLX,2026-03-11,0.043836,16,110.0,1.134722,96.94000244140625,0.15000000007400427,0.3548303679322887,0.5381547483646649,10.0,0.14259448737260563,2.0,-0.18125143832496582,0.05
NFLX,2026-03-11,0.043836,16,111.0,1.145038,96.94000244140625,0.10999961286483195,0.3538895014096978,0.5381547483646649,10.0,0.14259448737260563,2.0,-0.18125143832496582,0.05
NFLX,2026-03-11,0.043836,16,112.0,1.155354,96.94000244140625,0.10999999761221613,0.3730206801928755,0.5381547483646649,10.0,0.14259448737260563,2.0,-0.18125143832496582,0.05
NFLX,2026-03-11,0.043836,16,113.0,1.165669,96.94000244140625,0.1300000016401106,0.4036961020869067,0.5381547483646649,10.0,0.14259448737260563,2.0,-0.18125143832496582,0.05
NFLX,2026-03-11,0.043836,16,114.0,1.175985,96.94000244140625,0.06999983271851207,0.38083915255453443,0.5381547483646649,10.0,0.14259448737260563,2.0,-0.18125143832496582,0.05
NFLX,2026-03-11,0.043836,16,115.0,1.186301,96.94000244140625,0.05999988087126518,0.38882196590878504,0.5381547483646649,10.0,0.14259448737260563,2.0,-0.18125143832496582,0.05
NFLX,2026-03-11,0.043836,16,116.0,1.196616,96.94000244140625,0.05000000005488414,0.39487212556285783,0.5381547483646649,10.0,0.14259448737260563,2.0,-0.18125143832496582,0.05
NFLX,2026-03-11,0.043836,16,120.0,1.237879,96.94000244140625,0.029999999496620355,0.42826246970841647,0.5381547483646649,10.0,0.14259448737260563,2.0,-0.18125143832496582,0.05
NFLX,2026-03-11,0.043836,16,121.0,1.248195,96.94000244140625,0.040000027894713686,0.45924402698520855,0.5381547483646649,10.0,0.14259448737260563,2.0,-0.18125143832496582,0.05
NFLX,2026-03-11,0.043836,16,122.0,1.25851,96.94000244140625,0.06000000553143847,0.5005696791930119,0.5381547483646649,10.0,0.14259448737260563,2.0,-0.18125143832496582,0.05
NFLX,2026-03-11,0.043836,16,123.0,1.268826,96.94000244140625,0.08999999476086673,0.5468998386475622,0.5381547483646649,10.0,0.14259448737260563,2.0,-0.18125143832496582,0.05
NFLX,2026-03-11,0.043836,16,125.0,1.289457,96.94000244140625,0.02999994418805918,0.4988469770396847,0.5381547483646649,10.0,0.14259448737260563,2.0,-0.18125143832496582,0.05
NFLX,2026-03-11,0.043836,16,126.0,1.299773,96.94000244140625,0.06999999868189666,0.571950738377562,0.5381547483646649,10.0,0.14259448737260563,2.0,-0.18125143832496582,0.05
NFLX,2026-03-11,0.043836,16,127.0,1.310089,96.94000244140625,0.06000006133901681,0.5742670972844086,0.5381547483646649,10.0,0.14259448737260563,2.0,-0.18125143832496582,0.05
NFLX,2026-03-11,0.043836,16,130.0,1.341036,96.94000244140625,0.05000000015694339,0.6019050329896889,0.5381547483646649,10.0,0.14259448737260563,2.0,-0.18125143832496582,0.05
NFLX,2026-03-11,0.043836,16,132.0,1.361667,96.94000244140625,0.030000007564075615,0.590950848866712,0.5381547483646649,10.0,0.14259448737260563,2.0,-0.18125143832496582,0.05
NFLX,2026-03-11,0.043836,16,135.0,1.392614,96.94000244140625,0.02999994239475534,0.6283355508415208,0.5381547483646649,10.0,0.14259448737260563,2.0,-0.18125143832496582,0.05
NFLX,2026-03-11,0.043836,16,145.0,1.495771,96.94000244140625,0.010000000819425842,0.6670433224152448,0.5381547483646649,10.0,0.14259448737260563,2.0,-0.18125143832496582,0.05
NFLX,2026-03-11,0.043836,16,150.0,1.547349,96.94000244140625,0.010000000004936255,0.7170291787768064,0.5381547483646649,10.0,0.14259448737260563,2.0,-0.18125143832496582,0.05
NFLX,2026-03-11,0.043836,16,165.0,1.702084,96.94000244140625,1.5323213330862905e-06,0.5203982277337259,0.5381547483646649,10.0,0.14259448737260563,2.0,-0.18125143832496582,0.05
NFLX,2026-03-11,0.060274,22,50.0,0.515783,96.94000244140625,47.120460517751894,1.0590018762334825,0.5381547483646649,10.0,0.14259448737260563,2.0,-0.18125143832496582,0.05
NFLX,2026-03-11,0.060274,22,60.0,0.61894,96.94000244140625,37.15055214628134,0.7885090219482391,0.5381547483646649,10.0,0.14259448737260563,2.0,-0.18125143832496582,0.05
NFLX,2026-03-11,0.060274,22,65.0,0.670518,96.94000244140625,32.175598048119966,0.6921919696118757,0.5381547483646649,10.0,0.14259448737260563,2.0,-0.18125143832496582,0.05
NFLX,2026-03-11,0.060274,22,66.0,0.680833,96.94000244140625,31.198607113119664,0.7044935164716074,0.5381547483646649,10.0,0.14259448737260563,2.0,-0.18125143832496582,0.05
NFLX,2026-03-11,0.060274,22,67.0,0.691149,96.94000244140625,30.20161626946245,0.6800618344679821,0.5381547483646649,10.0,0.14259448737260563,2.0,-0.18125143832496582,0.05
NFLX,2026-03-11,0.060274,22,68.0,0.701465,96.94000244140625,29.19462539253955,0.6401408821718313,0.5381547483646649,10.0,0.14259448737260563,2.0,-0.18125143832496582,0.05
NFLX,2026-03-11,0.060274,22,69.0,0.71178,96.94000244140625,28.21763445618126,0.6457889541202501,0.5381547483646649,10.0,0.14259448737260563,2.0,-0.18125143832496582,0.05
NFLX,2026-03-11,0.060274,22,70.0,0.722096,96.94000244140625,27.21064378133876,0.6085381551115673,0.5381547483646649,10.0,0.14259448737260563,2.0,-0.18125143832496582,0.05
NFLX,2026-03-11,0.060274,22,71.0,0.732412,96.94000244140625,26.253652919112824,0.6306507648744042,0.5381547483646649,10.0,0.14259448737260563,2.0,-0.18125143832496582,0.05
NFLX,2026-03-11,0.060274,22,72.0,0.742727,96.94000244140625,25.236662105566296,0.5859939905576708,0.5381547483646649,10.0,0.14259448737260563,2.0,-0.18125143832496582,0.05
NFLX,2026-03-11,0.060274,22,73.0,0.753043,96.94000244140625,24.249671462146537,0.5725393431237401,0.5381547483646649,10.0,0.14259448737260563,2.0,-0.18125143832496582,0.05
NFLX,2026-03-11,0.060274,22,74.0,0.763359,96.94000244140625,23.292680428010797,0.5823133888786792,0.5381547483646649,10.0,0.14259448737260563,2.0,-0.18125143832496582,0.05
NFLX,2026-03-11,0.060274,22,75.0,0.773674,96.94000244140625,22.28568957004667,0.5503238794236639,0.5381547483646649,10.0,0.14259448737260563,2.0,-0.18125143832496582,0.05
NFLX,2026-03-11,0.060274,22,76.0,0.78399,96.94000244140625,21.298698695821955,0.5334109511884398,0.5381547483646649,10.0,0.14259448737260563,2.0,-0.18125143832496582,0.05
NFLX,2026-03-11,0.060274,22,77.0,0.794306,96.94000244140625,20.311707861354037,0.5158849580407974,0.5381547483646649,10.0,0.14259448737260563,2.0,-0.18125143832496582,0.05
NFLX,2026-03-11,0.060274,22,78.0,0.804621,96.94000244140625,19.564717261589124,0.604532565214014,0.5381547483646649,10.0,0.14259448737260563,2.0,-0.18125143832496582,0.05
NFLX,2026-03-11,0.060274,22,79.0,0.814937,96.94000244140625,18.43772609552184,0.5273049789949462,0.5381547483646649,10.0,0.14259448737260563,2.0,-0.18125143832496582,0.05
NFLX,2026-03-11,0.060274,22,80.0,0.825253,96.94000244140625,17.420735401327647,0.4928901122297947,0.5381547483646649,10.0,0.14259448737260563,2.0,-0.18125143832496582,0.05
NFLX,2026-03-11,0.060274,22,81.0,0.835568,96.94000244140625,16.433744522306966,0.47133915137160054,0.5381547483646649,10.0,0.14259448737260563,2.0,-0.18125143832496582,0.05
NFLX,2026-03-11,0.060274,22,82.0,0.845884,96.94000244140625,15.486754207401646,0.46408497831936557,0.5381547483646649,10.0,0.14259448737260563,2.0,-0.18125143832496582,0.05
NFLX,2026-03-11,0.060274,22,83.0,0.8562,96.94000244140625,14.539762886735573,0.45403140444169326,0.5381547483646649,10.0,0.14259448737260563,2.0,-0.18125143832496582,0.05
NFLX,2026-03-11,0.060274,22,84.0,0.866515,96.94000244140625,13.642772049335377,0.45540439726659854,0.5381547483646649,10.0,0.14259448737260563,2.0,-0.18125143832496582,0.05
NFLX,2026-03-11,0.060274,22,85.0,0.876831,96.94000244140625,12.735781183055394,0.44955357877857177,0.5381547483646649,10.0,0.14259448737260563,2.0,-0.18125143832496582,0.05
NFLX,2026-03-11,0.060274,22,86.0,0.887147,96.94000244140625,11.808790661480757,0.43614030423009836,0.5381547483646649,10.0,0.14259448737260563,2.0,-0.18125143832496582,0.05
NFLX,2026-03-11,0.060274,22,87.0,0.897462,96.94000244140625,10.921800000222987,0.42859218899638907,0.5381547483646649,10.0,0.14259448737260563,2.0,-0.18125143832496582,0.05
NFLX,2026-03-11,0.060274,22,88.0,0.907778,96.94000244140625,10.024808695992519,0.41613663415037594,0.5381547483646649,10.0,0.14259448737260563,2.0,-0.18125143832496582,0.05
NFLX,2026-03-11,0.060274,22,89.0,0.918094,96.94000244140625,9.107817862791734,0.39791881060745915,0.5381547483646649,10.0,0.14259448737260563,2.0,-0.18125143832496582,0.05
NFLX,2026-03-11,0.060274,22,90.0,0.928409,96.94000244140625,8.29082698153293,0.3931794910144443,0.5381547483646649,10.0,0.14259448737260563,2.0,-0.18125143832496582,0.05
NFLX,2026-03-11,0.060274,22,91.0,0.938725,96.94000244140625,7.513836225367228,0.39001954415341383,0.5381547483646649,10.0,0.14259448737260563,2.0,-0.18125143832496582,0.05
NFLX,2026-03-11,0.060274,22,92.0,0.949041,96.94000244140625,6.796843671525679,0.39028350535952877,0.5381547483646649,10.0,0.14259448737260563,2.0,-0.18125143832496582,0.05
NFLX,2026-03-11,0.060274,22,93.0,0.959356,96.94000244140625,5.8798544891696025,0.3615447546144623,0.5381547483646649,10.0,0.14259448737260563,2.0,-0.18125143832496582,0.05
NFLX,2026-03-11,0.060274,22,94.0,0.969672,96.94000244140625,5.362863714112841,0.37708063364492034,0.5381547483646649,10.0,0.14259448737260563,2.0,-0.18125143832496582,0.05
NFLX,2026-03-11,0.060274,22,95.0,0.979988,96.94000244140625,4.6758728313310485,0.36764572647704297,0.5381547483646649,10.0,0.14259448737260563,2.0,-0.18125143832496582,0.05
NFLX,2026-03-11,0.060274,22,96.0,0.990303,96.94000244140625,4.07888197852828,0.3636295459241213,0.5381547483646649,10.0,0.14259448737260563,2.0,-0.18125143832496582,0.05
NFLX,2026-03-11,0.060274,22,97.0,1.000619,96.94000244140625,3.3500000425703504,0.3409873829228447,0.5381547483646649,10.0,0.14259448737260563,2.0,-0.18125143832496582,0.05
NFLX,2026-03-11,0.060274,22,98.0,1.010935,96.94000244140625,3.000002017805187,0.35352220618467245,0.5381547483646649,10.0,0.14259448737260563,2.0,-0.18125143832496582,0.05
NFLX,2026-03-11,0.060274,22,99.0,1.02125,96.94000244140625,2.4999987990801102,0.345235958775807,0.5381547483646649,10.0,0.14259448737260563,2.0,-0.18125143832496582,0.05
NFLX,2026-03-11,0.060274,22,100.0,1.031566,96.94000244140625,2.10000000690102,0.34255382575429916,0.5381547483646649,10.0,0.14259448737260563,2.0,-0.18125143832496582,0.05
NFLX,2026-03-11,0.060274,22,101.0,1.041882,96.94000244140625,1.6899999985174539,0.33346410898899576,0.5381547483646649,10.0,0.14259448737260563,2.0,-0.18125143832496582,0.05
NFLX,2026-03-11,0.060274,22,102.0,1.052197,96.94000244140625,1.4000013262883897,0.3328666608311445,0.5381547483646649,10.0,0.14259448737260563,2.0,-0.18125143832496582,0.05
NFLX,2026-03-11,0.060274,22,103.0,1.062513,96.94000244140625,1.1600001202978767,0.33360452273659075,0.5381547483646649,10.0,0.14259448737260563,2.0,-0.18125143832496582,0.05
NFLX,2026-03-11,0.060274,22,104.0,1.072829,96.94000244140625,1.0199999547976084,0.3435506068107215,0.5381547483646649,10.0,0.14259448737260563,2.0,-0.18125143832496582,0.05
NFLX,2026-03-11,0.060274,22,105.0,1.083144,96.94000244140625,0.7800001800396643,0.33493257232228196,0.5381547483646649,10.0,0.14259448737260563,2.0,-0.18125143832496582,0.05
NFLX,2026-03-11,0.060274,22,106.0,1.09346,96.94000244140625,0.6200000000650512,0.333240409965037,0.5381547483646649,10.0,0.14259448737260563,2.0,-0.18125143832496582,0.05
NFLX,2026-03-11,0.060274,22,107.0,1.103776,96.94000244140625,0.5299999971508846,0.3399394467351924,0.5381547483646649,10.0,0.14259448737260563,2.0,-0.18125143832496582,0.05
NFLX,2026-03-11,0.060274,22,108.0,1.114091,96.94000244140625,0.4000000128247354,0.3346756701912774,0.5381547483646649,10.0,0.14259448737260563,2.0,-0.18125143832496582,0.05
NFLX,2026-03-11,0.060274,22,109.0,1.124407,96.94000244140625,0.3299999978824033,0.3383918161428837,0.5381547483646649,10.0,0.14259448737260563,2.0,-0.18125143832496582,0.05
NFLX,2026-03-11,0.060274,22,110.0,1.134722,96.94000244140625,0.2899998646125095,0.34722614498213317,0.5381547483646649,10.0,0.14259448737260563,2.0,-0.18125143832496582,0.05
NFLX,2026-03-11,0.060274,22,111.0,1.145038,96.94000244140625,0.24000001289959982,0.3509092970731853,0.5381547483646649,10.0,0.14259448737260563,2.0,-0.18125143832496582,0.05
NFLX,2026-03-11,0.060274,22,112.0,1.155354,96.94000244140625,0.19999975779590784,0.35508332543697313,0.5381547483646649,10.0,0.14259448737260563,2.0,-0.18125143832496582,0.05
NFLX,2026-03-11,0.060274,22,113.0,1.165669,96.94000244140625,0.22999975773202141,0.3832982578967504,0.5381547483646649,10.0,0.14259448737260563,2.0,-0.18125143832496582,0.05
NFLX,2026-03-11,0.060274,22,114.0,1.175985,96.94000244140625,0.1799999518761375,0.38139308844258296,0.5381547483646649,10.0,0.14259448737260563,2.0,-0.18125143832496582,0.05
NFLX,2026-03-11,0.060274,22,115.0,1.186301,96.94000244140625,0.10999999668085092,0.3639048812759654,0.5381547483646649,10.0,0.14259448737260563,2.0,-0.18125143832496582,0.05
NFLX,2026-03-11,0.060274,22,116.0,1.196616,96.94000244140625,0.25000011703431557,0.4417797735088867,0.5381547483646649,10.0,0.14259448737260563,2.0,-0.18125143832496582,0.05
NFLX,2026-03-11,0.060274,22,117.0,1.206932,96.94000244140625,0.08999998807582177,0.3814323063262259,0.5381547483646649,10.0,0.14259448737260563,2.0,-0.18125143832496582,0.05
NFLX,2026-03-11,0.060274,22,118.0,1.217248,96.94000244140625,0.08999999524970193,0.3958679098020208,0.5381547483646649,10.0,0.14259448737260563,2.0,-0.18125143832496582,0.05
NFLX,2026-03-11,0.060274,22,119.0,1.227563,96.94000244140625,0.42655777727120103,0.5497329347933191,0.5381547483646649,10.0,0.14259448737260563,2.0,-0.18125143832496582,0.05
NFLX,2026-03-11,0.060274,22,120.0,1.237879,96.94000244140625,0.07000000005738105,0.4083105923677759,0.5381547483646649,10.0,0.14259448737260563,2.0,-0.18125143832496582,0.05
NFLX,2026-03-11,0.060274,22,122.0,1.25851,96.94000244140625,0.149999786768098,0.4903195615308703,0.5381547483646649,10.0,0.14259448737260563,2.0,-0.18125143832496582,0.05
NFLX,2026-03-11,0.060274,22,124.0,1.279142,96.94000244140625,0.13999971656474752,0.5127453389790204,0.5381547483646649,10.0,0.14259448737260563,2.0,-0.18125143832496582,0.05
NFLX,2026-03-11,0.060274,22,125.0,1.289457,96.94000244140625,0.03999983665020723,0.4395989728036634,0.5381547483646649,10.0,0.14259448737260563,2.0,-0.18125143832496582,0.05
NFLX,2026-03-11,0.060274,22,127.0,1.310089,96.94000244140625,0.08000027230626605,0.5084383821490275,0.5381547483646649,10.0,0.14259448737260563,2.0,-0.18125143832496582,0.05
NFLX,2026-03-11,0.060274,22,128.0,1.320404,96.94000244140625,0.08999997155569095,0.5298409288156597,0.5381547483646649,10.0,0.14259448737260563,2.0,-0.18125143832496582,0.05
NFLX,2026-03-11,0.060274,22,129.0,1.33072,96.94000244140625,0.05000017617838659,0.5004323548748671,0.5381547483646649,10.0,0.14259448737260563,2.0,-0.18125143832496582,0.05
NFLX,2026-03-11,0.060274,22,130.0,1.341036,96.94000244140625,0.04999997984006899,0.5120700053083993,0.5381547483646649,10.0,0.14259448737260563,2.0,-0.18125143832496582,0.05
NFLX,2026-03-11,0.060274,22,135.0,1.392614,96.94000244140625,0.0400000018673935,0.5530331962589737,0.5381547483646649,10.0,0.14259448737260563,2.0,-0.18125143832496582,0.05
NFLX,2026-03-11,0.060274,22,140.0,1.444192,96.94000244140625,0.040000000015714354,0.605407035288345,0.5381547483646649,10.0,0.14259448737260563,2.0,-0.18125143832496582,0.05
NFLX,2026-03-11,0.060274,22,145.0,1.495771,96.94000244140625,0.039999998983670015,0.655304089726799,0.5381547483646649,10.0,0.14259448737260563,2.0,-0.18125143832496582,0.05
NFLX,2026-03-11,0.060274,22,150.0,1.547349,96.94000244140625,0.030000000170705476,0.6808974621054898,0.5381547483646649,10.0,0.14259448737260563,2.0,-0.18125143832496582,0.05
NFLX,2026-03-11,0.060274,22,155.0,1.598927,96.94000244140625,0.029999998761268798,0.7254367289760534,0.5381547483646649,10.0,0.14259448737260563,2.0,-0.18125143832496582,0.05
NFLX,2026-03-11,0.082192,30,50.0,0.515783,96.94000244140625,47.1750602535821,0.908261400232904,0.5381547483646649,10.0,0.14259448737260563,2.0,-0.18125143832496582,0.05
NFLX,2026-03-11,0.082192,30,60.0,0.61894,96.94000244140625,37.22607181560846,0.699951593135551,0.5381547483646649,10.0,0.14259448737260563,2.0,-0.18125143832496582,0.05
NFLX,2026-03-11,0.082192,30,65.0,0.670518,96.94000244140625,32.26657759177561,0.6260047449227611,0.5381547483646649,10.0,0.14259448737260563,2.0,-0.18125143832496582,0.05
NFLX,2026-03-11,0.082192,30,70.0,0.722096,96.94000244140625,27.327083377087973,0.5628731655301124,0.5381547483646649,10.0,0.14259448737260563,2.0,-0.18125143832496582,0.05
NFLX,2026-03-11,0.082192,30,71.0,0.732412,96.94000244140625,26.361184528884095,0.5646858702843837,0.5381547483646649,10.0,0.14259448737260563,2.0,-0.18125143832496582,0.05
NFLX,2026-03-11,0.082192,30,72.0,0.742727,96.94000244140625,25.39528567569276,0.5623298061596245,0.5381547483646649,10.0,0.14259448737260563,2.0,-0.18125143832496582,0.05
NFLX,2026-03-11,0.082192,30,73.0,0.753043,96.94000244140625,24.399386808536264,0.5403029331869161,0.5381547483646649,10.0,0.14259448737260563,2.0,-0.18125143832496582,0.05
NFLX,2026-03-11,0.082192,30,74.0,0.763359,96.94000244140625,23.40348794326397,0.5184892247456633,0.5381547483646649,10.0,0.14259448737260563,2.0,-0.18125143832496582,0.05
NFLX,2026-03-11,0.082192,30,75.0,0.773674,96.94000244140625,22.437589156617307,0.5125442785136229,0.5381547483646649,10.0,0.14259448737260563,2.0,-0.18125143832496582,0.05
NFLX,2026-03-11,0.082192,30,76.0,0.78399,96.94000244140625,21.491690302374124,0.5130697105367833,0.5381547483646649,10.0,0.14259448737260563,2.0,-0.18125143832496582,0.05
NFLX,2026-03-11,0.082192,30,77.0,0.794306,96.94000244140625,20.495791622982836,0.49056869499029215,0.5381547483646649,10.0,0.14259448737260563,2.0,-0.18125143832496582,0.05
NFLX,2026-03-11,0.082192,30,78.0,0.804621,96.94000244140625,19.50989262796773,0.47213044354392464,0.5381547483646649,10.0,0.14259448737260563,2.0,-0.18125143832496582,0.05
NFLX,2026-03-11,0.082192,30,79.0,0.814937,96.94000244140625,18.573993549371735,0.4708509458665127,0.5381547483646649,10.0,0.14259448737260563,2.0,-0.18125143832496582,0.05
NFLX,2026-03-11,0.082192,30,80.0,0.825253,96.94000244140625,17.628095036267553,0.4633292458156401,0.5381547483646649,10.0,0.14259448737260563,2.0,-0.18125143832496582,0.05
NFLX,2026-03-11,0.082192,30,81.0,0.835568,96.94000244140625,16.642196094829487,0.44282468117279866,0.5381547483646649,10.0,0.14259448737260563,2.0,-0.18125143832496582,0.05
NFLX,2026-03-11,0.082192,30,82.0,0.845884,96.94000244140625,15.76629725282767,0.4499370654214876,0.5381547483646649,10.0,0.14259448737260563,2.0,-0.18125143832496582,0.05
NFLX,2026-03-11,0.082192,30,83.0,0.8562,96.94000244140625,14.78039840907455,0.4278281031384002,0.5381547483646649,10.0,0.14259448737260563,2.0,-0.18125143832496582,0.05
NFLX,2026-03-11,0.082192,30,84.0,0.866515,96.94000244140625,13.87449947821554,0.42240665760180396,0.5381547483646649,10.0,0.14259448737260563,2.0,-0.18125143832496582,0.05
NFLX,2026-03-11,0.082192,30,85.0,0.876831,96.94000244140625,13.0286007306688,0.4253652320210831,0.5381547483646649,10.0,0.14259448737260563,2.0,-0.18125143832496582,0.05
NFLX,2026-03-11,0.082192,30,86.0,0.887147,96.94000244140625,12.14270158850772,0.4176456130074246,0.5381547483646649,10.0,0.14259448737260563,2.0,-0.18125143832496582,0.05
NFLX,2026-03-11,0.082192,30,87.0,0.897462,96.94000244140625,11.266803563899373,0.40918001711107144,0.5381547483646649,10.0,0.14259448737260563,2.0,-0.18125143832496582,0.05
NFLX,2026-03-11,0.082192,30,88.0,0.907778,96.94000244140625,10.410904190198735,0.4012842444874476,0.5381547483646649,10.0,0.14259448737260563,2.0,-0.18125143832496582,0.05
NFLX,2026-03-11,0.082192,30,89.0,0.918094,96.94000244140625,9.605005339342455,0.39745720480289887,0.5381547483646649,10.0,0.14259448737260563,2.0,-0.18125143832496582,0.05
NFLX,2026-03-11,0.082192,30,90.0,0.928409,96.94000244140625,8.759106598460406,0.38578752425008944,0.5381547483646649,10.0,0.14259448737260563,2.0,-0.18125143832496582,0.05
NFLX,2026-03-11,0.082192,30,91.0,0.938725,96.94000244140625,8.023207658886136,0.38442893903417796,0.5381547483646649,10.0,0.14259448737260563,2.0,-0.18125143832496582,0.05
NFLX,2026-03-11,0.082192,30,92.0,0.949041,96.94000244140625,7.217308737904588,0.3721793628510718,0.5381547483646649,10.0,0.14259448737260563,2.0,-0.18125143832496582,0.05
NFLX,2026-03-11,0.082192,30,93.0,0.959356,96.94000244140625,6.501412362574136,0.36667966096872195,0.5381547483646649,10.0,0.14259448737260563,2.0,-0.18125143832496582,0.05
NFLX,2026-03-11,0.082192,30,94.0,0.969672,96.94000244140625,5.875511132067857,0.36676390828220345,0.5381547483646649,10.0,0.14259448737260563,2.0,-0.18125143832496582,0.05
NFLX,2026-03-11,0.082192,30,95.0,0.979988,96.94000244140625,5.229614754330484,0.3613351135764766,0.5381547483646649,10.0,0.14259448737260563,2.0,-0.18125143832496582,0.05
NFLX,2026-03-11,0.082192,30,96.0,0.990303,96.94000244140625,4.613713435781172,0.3553216020265351,0.5381547483646649,10.0,0.14259448737260563,2.0,-0.18125143832496582,0.05
NFLX,2026-03-11,0.082192,30,97.0,1.000619,96.94000244140625,4.000000186431322,0.3460687379864589,0.5381547483646649,10.0,0.14259448737260563,2.0,-0.18125143832496582,0.05
NFLX,2026-03-11,0.082192,30,98.0,1.010935,96.94000244140625,3.5999999954535156,0.35253464878756996,0.5381547483646649,10.0,0.14259448737260563,2.0,-0.18125143832496582,0.05
NFLX,2026-03-11,0.082192,30,99.0,1.02125,96.94000244140625,3.0499999153838857,0.3417806942430262,0.5381547483646649,10.0,0.14259448737260563,2.0,-0.18125143832496582,0.05
NFLX,2026-03-11,0.082192,30,100.0,1.031566,96.94000244140625,2.5700000001356216,0.33352450438080455,0.5381547483646649,10.0,0.14259448737260563,2.0,-0.18125143832496582,0.05
NFLX,2026-03-11,0.082192,30,101.0,1.041882,96.94000244140625,2.1899997103097917,0.33064467412567533,0.5381547483646649,10.0,0.14259448737260563,2.0,-0.18125143832496582,0.05
NFLX,2026-03-11,0.082192,30,102.0,1.052197,96.94000244140625,1.8499999889509766,0.32777713754229343,0.5381547483646649,10.0,0.14259448737260563,2.0,-0.18125143832496582,0.05
NFLX,2026-03-11,0.082192,30,103.0,1.062513,96.94000244140625,1.4800000000760498,0.31765466118030156,0.5381547483646649,10.0,0.14259448737260563,2.0,-0.18125143832496582,0.05
NFLX,2026-03-11,0.082192,30,104.0,1.072829,96.94000244140625,1.250000393489067,0.3182334853327839,0.5381547483646649,10.0,0.14259448737260563,2.0,-0.18125143832496582,0.05
NFLX,2026-03-11,0.082192,30,105.0,1.083144,96.94000244140625,1.0799997858313723,0.3224288609083451,0.5381547483646649,10.0,0.14259448737260563,2.0,-0.18125143832496582,0.05
NFLX,2026-03-11,0.082192,30,106.0,1.09346,96.94000244140625,0.9200000148388341,0.32492296641006885,0.5381547483646649,10.0,0.14259448737260563,2.0,-0.18125143832496582,0.05
NFLX,2026-03-11,0.082192,30,107.0,1.103776,96.94000244140625,0.7100005401469716,0.31691561467689217,0.5381547483646649,10.0,0.14259448737260563,2.0,-0.18125143832496582,0.05
NFLX,2026-03-11,0.082192,30,108.0,1.114091,96.94000244140625,0.589999997487384,0.318083372570467,0.5381547483646649,10.0,0.14259448737260563,2.0,-0.18125143832496582,0.05
NFLX,2026-03-11,0.082192,30,109.0,1.124407,96.94000244140625,0.5000000001424034,0.32135584197345085,0.5381547483646649,10.0,0.14259448737260563,2.0,-0.18125143832496582,0.05
NFLX,2026-03-11,0.082192,30,110.0,1.134722,96.94000244140625,0.45000004403164695,0.32986727214043643,0.5381547483646649,10.0,0.14259448737260563,2.0,-0.18125143832496582,0.05
NFLX,2026-03-11,0.082192,30,111.0,1.145038,96.94000244140625,0.3499999138833729,0.3258911425809745,0.5381547483646649,10.0,0.14259448737260563,2.0,-0.18125143832496582,0.05
NFLX,2026-03-11,0.082192,30,115.0,1.186301,96.94000244140625,0.19000000015664664,0.34251457370402283,0.5381547483646649,10.0,0.14259448737260563,2.0,-0.18125143832496582,0.05
NFLX,2026-03-11,0.082192,30,120.0,1.237879,96.94000244140625,0.1400000000164483,0.38862623887657716,0.5381547483646649,10.0,0.14259448737260563,2.0,-0.18125143832496582,0.05
NFLX,2026-03-11,0.082192,30,125.0,1.289457,96.94000244140625,0.07000000043133059,0.4042896573692175,0.5381547483646649,10.0,0.14259448737260563,2.0,-0.18125143832496582,0.05
NFLX,2026-03-11,0.082192,30,130.0,1.341036,96.94000244140625,0.039999998724310704,0.42498239217841527,0.5381547483646649,10.0,0.14259448737260563,2.0,-0.18125143832496582,0.05
NFLX,2026-03-11,0.082192,30,135.0,1.392614,96.94000244140625,0.06999983587726577,0.5069263389795267,0.5381547483646649,10.0,0.14259448737260563,2.0,-0.18125143832496582,0.05
NFLX,2026-03-11,0.082192,30,140.0,1.444192,96.94000244140625,0.10999994397440394,0.5894092328208306,0.5381547483646649,10.0,0.14259448737260563,2.0,-0.18125143832496582,0.05
NFLX,2026-03-11,0.082192,30,145.0,1.495771,96.94000244140625,0.01999996311194796,0.519065648120677,0.5381547483646649,10.0,0.14259448737260563,2.0,-0.18125143832496582,0.05
NFLX,2026-03-11,0.082192,30,155.0,1.598927,96.94000244140625,0.029999999697793878,0.6199578263770403,0.5381547483646649,10.0,0.14259448737260563,2.0,-0.18125143832496582,0.05
NFLX,2026-03-11,0.10137,37,50.0,0.515783,96.94000244140625,47.23278588888702,0.8460724641795837,0.5381547483646649,10.0,0.14259448737260563,2.0,-0.18125143832496582,0.05
NFLX,2026-03-11,0.10137,37,55.0,0.567361,96.94000244140625,42.248064301450036,0.7101765501830136,0.5381547483646649,10.0,0.14259448737260563,2.0,-0.18125143832496582,0.05
NFLX,2026-03-11,0.10137,37,58.0,0.598308,96.94000244140625,39.28323124049073,0.6900545586325668,0.5381547483646649,10.0,0.14259448737260563,2.0,-0.18125143832496582,0.05
NFLX,2026-03-11,0.10137,37,60.0,0.61894,96.94000244140625,37.3133427725365,0.6779596033921502,0.5381547483646649,10.0,0.14259448737260563,2.0,-0.18125143832496582,0.05
NFLX,2026-03-11,0.10137,37,62.0,0.639571,96.94000244140625,35.33345391317747,0.6483885655866234,0.5381547483646649,10.0,0.14259448737260563,2.0,-0.18125143832496582,0.05
NFLX,2026-03-11,0.10137,37,64.0,0.660202,96.94000244140625,33.39356532202577,0.6527236578371822,0.5381547483646649,10.0,0.14259448737260563,2.0,-0.18125143832496582,0.05
NFLX,2026-03-11,0.10137,37,65.0,0.670518,96.94000244140625,32.3786209922587,0.6155688172478448,0.5381547483646649,10.0,0.14259448737260563,2.0,-0.18125143832496582,0.05
NFLX,2026-03-11,0.10137,37,66.0,0.680833,96.94000244140625,31.41367666454329,0.6178340770715752,0.5381547483646649,10.0,0.14259448737260563,2.0,-0.18125143832496582,0.05
NFLX,2026-03-11,0.10137,37,68.0,0.701465,96.94000244140625,29.443788001496202,0.5891777937578176,0.5381547483646649,10.0,0.14259448737260563,2.0,-0.18125143832496582,0.05
NFLX,2026-03-11,0.10137,37,70.0,0.722096,96.94000244140625,27.47389932021622,0.5591821768314198,0.5381547483646649,10.0,0.14259448737260563,2.0,-0.18125143832496582,0.05
NFLX,2026-03-11,0.10137,37,72.0,0.742727,96.94000244140625,25.544010682086252,0.5462443439867702,0.5381547483646649,10.0,0.14259448737260563,2.0,-0.18125143832496582,0.05
NFLX,2026-03-11,0.10137,37,74.0,0.763359,96.94000244140625,23.594122023990607,0.5199986687971316,0.5381547483646649,10.0,0.14259448737260563,2.0,-0.18125143832496582,0.05
NFLX,2026-03-11,0.10137,37,75.0,0.773674,96.94000244140625,22.649177726304373,0.5161614661656102,0.5381547483646649,10.0,0.14259448737260563,2.0,-0.18125143832496582,0.05
NFLX,2026-03-11,0.10137,37,76.0,0.78399,96.94000244140625,21.624233363152797,0.48490224091732465,0.5381547483646649,10.0,0.14259448737260563,2.0,-0.18125143832496582,0.05
NFLX,2026-03-11,0.10137,37,78.0,0.804621,96.94000244140625,19.804343923460323,0.49061676006765137,0.5381547483646649,10.0,0.14259448737260563,2.0,-0.18125143832496582,0.05
NFLX,2026-03-11,0.10137,37,80.0,0.825253,96.94000244140625,17.96445604246354,0.47935315390670236,0.5381547483646649,10.0,0.14259448737260563,2.0,-0.18125143832496582,0.05
NFLX,2026-03-11,0.10137,37,82.0,0.845884,96.94000244140625,16.134567908207714,0.4628551211789347,0.5381547483646649,10.0,0.14259448737260563,2.0,-0.18125143832496582,0.05
NFLX,2026-03-11,0.10137,37,84.0,0.866515,96.94000244140625,14.394678669545414,0.4541290681298977,0.5381547483646649,10.0,0.14259448737260563,2.0,-0.18125143832496582,0.05
NFLX,2026-03-11,0.10137,37,85.0,0.876831,96.94000244140625,13.52973466321987,0.44729536653511043,0.5381547483646649,10.0,0.14259448737260563,2.0,-0.18125143832496582,0.05
NFLX,2026-03-11,0.10137,37,86.0,0.887147,96.94000244140625,12.704790062562296,0.44374945343254524,0.5381547483646649,10.0,0.14259448737260563,2.0,-0.18125143832496582,0.05
NFLX,2026-03-11,0.10137,37,88.0,0.907778,96.94000244140625,11.034902126705745,0.42772884834984376,0.5381547483646649,10.0,0.14259448737260563,2.0,-0.18125143832496582,0.05
NFLX,2026-03-11,0.10137,37,90.0,0.928409,96.94000244140625,9.535010609227264,0.4218620661988923,0.5381547483646649,10.0,0.14259448737260563,2.0,-0.18125143832496582,0.05
NFLX,2026-03-11,0.10137,37,92.0,0.949041,96.94000244140625,8.085121506217178,0.4112044090305987,0.5381547483646649,10.0,0.14259448737260563,2.0,-0.18125143832496582,0.05
NFLX,2026-03-11,0.10137,37,94.0,0.969672,96.94000244140625,6.785235422700687,0.4044978745375275,0.5381547483646649,10.0,0.14259448737260563,2.0,-0.18125143832496582,0.05
NFLX,2026-03-11,0.10137,37,95.0,0.979988,96.94000244140625,6.2102908159933605,0.40372592859007195,0.5381547483646649,10.0,0.14259448737260563,2.0,-0.18125143832496582,0.05
NFLX,2026-03-11,0.10137,37,96.0,0.990303,96.94000244140625,5.635348210712017,0.4003285130020363,0.5381547483646649,10.0,0.14259448737260563,2.0,-0.18125143832496582,0.05
NFLX,2026-03-11,0.10137,37,98.0,1.010935,96.94000244140625,4.500000513703654,0.38707722531970595,0.5381547483646649,10.0,0.14259448737260563,2.0,-0.18125143832496582,0.05
NFLX,2026-03-11,0.10137,37,100.0,1.031566,96.94000244140625,3.599999230605185,0.3825113796069147,0.5381547483646649,10.0,0.14259448737260563,2.0,-0.18125143832496582,0.05
NFLX,2026-03-11,0.10137,37,102.0,1.052197,96.94000244140625,2.7799998165981634,0.3738310241874172,0.5381547483646649,10.0,0.14259448737260563,2.0,-0.18125143832496582,0.05
NFLX,2026-03-11,0.10137,37,104.0,1.072829,96.94000244140625,2.0799995137183274,0.364285404419275,0.5381547483646649,10.0,0.14259448737260563,2.0,-0.18125143832496582,0.05
NFLX,2026-03-11,0.10137,37,105.0,1.083144,96.94000244140625,1.890000000156551,0.37032887171460166,0.5381547483646649,10.0,0.14259448737260563,2.0,-0.18125143832496582,0.05
NFLX,2026-03-11,0.10137,37,106.0,1.09346,96.94000244140625,1.640000158831306,0.3683609576708827,0.5381547483646649,10.0,0.14259448737260563,2.0,-0.18125143832496582,0.05
NFLX,2026-03-11,0.10137,37,108.0,1.114091,96.94000244140625,1.1800000007103257,0.36032475065722813,0.5381547483646649,10.0,0.14259448737260563,2.0,-0.18125143832496582,0.05
NFLX,2026-03-11,0.10137,37,110.0,1.134722,96.94000244140625,0.9299991662219185,0.3669004126341547,0.5381547483646649,10.0,0.14259448737260563,2.0,-0.18125143832496582,0.05
NFLX,2026-03-11,0.10137,37,112.0,1.155354,96.94000244140625,0.7199999868092579,0.3714231455786277,0.5381547483646649,10.0,0.14259448737260563,2.0,-0.18125143832496582,0.05
NFLX,2026-03-11,0.10137,37,114.0,1.175985,96.94000244140625,0.5300000258946884,0.3712084695451971,0.5381547483646649,10.0,0.14259448737260563,2.0,-0.18125143832496582,0.05
NFLX,2026-03-11,0.10137,37,115.0,1.186301,96.94000244140625,0.46000074198427754,0.3725581162616987,0.5381547483646649,10.0,0.14259448737260563,2.0,-0.18125143832496582,0.05
NFLX,2026-03-11,0.10137,37,116.0,1.196616,96.94000244140625,0.3799999247529593,0.36975851351837624,0.5381547483646649,10.0,0.14259448737260563,2.0,-0.18125143832496582,0.05
NFLX,2026-03-11,0.10137,37,118.0,1.217248,96.94000244140625,0.280000500662168,0.37153558438694545,0.5381547483646649,10.0,0.14259448737260563,2.0,-0.18125143832496582,0.05
NFLX,2026-03-11,0.10137,37,120.0,1.237879,96.94000244140625,0.20999993137829964,0.37496327713300565,0.5381547483646649,10.0,0.14259448737260563,2.0,-0.18125143832496582,0.05
NFLX,2026-03-11,0.10137,37,122.0,1.25851,96.94000244140625,0.17000010614208527,0.38352954369779546,0.5381547483646649,10.0,0.14259448737260563,2.0,-0.18125143832496582,0.05
NFLX,2026-03-11,0.10137,37,124.0,1.279142,96.94000244140625,0.14999999147486065,0.3971872424810069,0.5381547483646649,10.0,0.14259448737260563,2.0,-0.18125143832496582,0.05
NFLX,2026-03-11,0.10137,37,125.0,1.289457,96.94000244140625,0.1199999986453939,0.39339408774208817,0.5381547483646649,10.0,0.14259448737260563,2.0,-0.18125143832496582,0.05
NFLX,2026-03-11,0.10137,37,126.0,1.299773,96.94000244140625,0.1299999544439321,0.4088741365132691,0.5381547483646649,10.0,0.14259448737260563,2.0,-0.18125143832496582,0.05
NFLX,2026-03-11,0.10137,37,128.0,1.320404,96.94000244140625,0.100000000043456,0.412375909145822,0.5381547483646649,10.0,0.14259448737260563,2.0,-0.18125143832496582,0.05
NFLX,2026-03-11,0.10137,37,130.0,1.341036,96.94000244140625,0.0800000021371241,0.4181060537732456,0.5381547483646649,10.0,0.14259448737260563,2.0,-0.18125143832496582,0.05
NFLX,2026-03-11,0.10137,37,132.0,1.361667,96.94000244140625,0.09000000281885479,0.4439224239769682,0.5381547483646649,10.0,0.14259448737260563,2.0,-0.18125143832496582,0.05
NFLX,2026-03-11,0.10137,37,134.0,1.382298,96.94000244140625,0.08000000954776731,0.4547225453308514,0.5381547483646649,10.0,0.14259448737260563,2.0,-0.18125143832496582,0.05
NFLX,2026-03-11,0.10137,37,135.0,1.392614,96.94000244140625,0.07000002780635883,0.455330695988429,0.5381547483646649,10.0,0.14259448737260563,2.0,-0.18125143832496582,0.05
NFLX,2026-03-11,0.10137,37,136.0,1.40293,96.94000244140625,0.060000086386495566,0.45475464215854106,0.5381547483646649,10.0,0.14259448737260563,2.0,-0.18125143832496582,0.05
NFLX,2026-03-11,0.10137,37,138.0,1.423561,96.94000244140625,0.03999999611381655,0.4486365167767238,0.5381547483646649,10.0,0.14259448737260563,2.0,-0.18125143832496582,0.05
NFLX,2026-03-11,0.10137,37,140.0,1.444192,96.94000244140625,0.029999959395863862,0.4494496842318383,0.5381547483646649,10.0,0.14259448737260563,2.0,-0.18125143832496582,0.05
NFLX,2026-03-11,0.10137,37,142.0,1.464824,96.94000244140625,0.02999994982395926,0.4646792917184027,0.5381547483646649,10.0,0.14259448737260563,2.0,-0.18125143832496582,0.05
NFLX,2026-03-11,0.10137,37,144.0,1.485455,96.94000244140625,0.07000008178132178,0.5305188121709764,0.5381547483646649,10.0,0.14259448737260563,2.0,-0.18125143832496582,0.05
NFLX,2026-03-11,0.10137,37,145.0,1.495771,96.94000244140625,0.05000013984339824,0.5164755784334583,0.5381547483646649,10.0,0.14259448737260563,2.0,-0.18125143832496582,0.05
NFLX,2026-03-11,0.10137,37,146.0,1.506086,96.94000244140625,0.05999994360486882,0.5358805584412915,0.5381547483646649,10.0,0.14259448737260563,2.0,-0.18125143832496582,0.05
NFLX,2026-03-11,0.10137,37,148.0,1.526718,96.94000244140625,0.010000000018175942,0.4557480796320322,0.5381547483646649,10.0,0.14259448737260563,2.0,-0.18125143832496582,0.05
NFLX,2026-03-11,0.10137,37,150.0,1.547349,96.94000244140625,0.040000012780624594,0.5398414682789043,0.5381547483646649,10.0,0.14259448737260563,2.0,-0.18125143832496582,0.05
NFLX,2026-03-11,0.10137,37,152.0,1.56798,96.94000244140625,0.050000023650048075,0.5685326230625891,0.5381547483646649,10.0,0.14259448737260563,2.0,-0.18125143832496582,0.05
NFLX,2026-03-11,0.10137,37,154.0,1.588611,96.94000244140625,0.06000001084946338,0.5955698455046229,0.5381547483646649,10.0,0.14259448737260563,2.0,-0.18125143832496582,0.05
NFLX,2026-03-11,0.10137,37,155.0,1.598927,96.94000244140625,0.04000013780490086,0.5750516111177831,0.5381547483646649,10.0,0.14259448737260563,2.0,-0.18125143832496582,0.05
NFLX,2026-03-11,0.10137,37,156.0,1.609243,96.94000244140625,0.02999999859986957,0.5639437230611017,0.5381547483646649,10.0,0.14259448737260563,2.0,-0.18125143832496582,0.05
NFLX,2026-03-11,0.10137,37,158.0,1.629874,96.94000244140625,0.18999999869480844,0.7271537942405945,0.5381547483646649,10.0,0.14259448737260563,2.0,-0.18125143832496582,0.05
NFLX,2026-03-11,0.10137,37,160.0,1.650505,96.94000244140625,0.010000044690190474,0.5305917531351009,0.5381547483646649,10.0,0.14259448737260563,2.0,-0.18125143832496582,0.05
NFLX,2026-03-11,0.10137,37,162.0,1.671137,96.94000244140625,0.03999999977197699,0.621965563979315,0.5381547483646649,10.0,0.14259448737260563,2.0,-0.18125143832496582,0.05
NFLX,2026-03-11,0.10137,37,164.0,1.691768,96.94000244140625,0.020000007198954395,0.5909451263074347,0.5381547483646649,10.0,0.14259448737260563,2.0,-0.18125143832496582,0.05
NFLX,2026-03-11,0.10137,37,166.0,1.712399,96.94000244140625,0.04999999805739175,0.6638653057601452,0.5381547483646649,10.0,0.14259448737260563,2.0,-0.18125143832496582,0.05
NFLX,2026-03-11,0.10137,37,168.0,1.733031,96.94000244140625,0.030000104016319695,0.6403733218349534,0.5381547483646649,10.0,0.14259448737260563,2.0,-0.18125143832496582,0.05
NFLX,2026-03-11,0.10137,37,170.0,1.753662,96.94000244140625,0.029999999040734915,0.6524480384252092,0.5381547483646649,10.0,0.14259448737260563,2.0,-0.18125143832496582,0.05
NFLX,2026-03-11,0.10137,37,172.0,1.774293,96.94000244140625,0.030000000003370664,0.6643485536590396,0.5381547483646649,10.0,0.14259448737260563,2.0,-0.18125143832496582,0.05
NFLX,2026-03-11,0.10137,37,174.0,1.794925,96.94000244140625,0.01999999280647391,0.6494721746888671,0.5381547483646649,10.0,0.14259448737260563,2.0,-0.18125143832496582,0.05
NFLX,2026-03-11,0.120548,44,65.0,0.670518,96.94000244140625,32.48060513659185,0.5936353438598353,0.5381547483646649,10.0,0.14259448737260563,2.0,-0.18125143832496582,0.05
NFLX,2026-03-11,0.120548,44,70.0,0.722096,96.94000244140625,27.660651331916725,0.5648418181414357,0.5381547483646649,10.0,0.14259448737260563,2.0,-0.18125143832496582,0.05
NFLX,2026-03-11,0.120548,44,75.0,0.773674,96.94000244140625,22.895697464668885,0.5219754874782293,0.5381547483646649,10.0,0.14259448737260563,2.0,-0.18125143832496582,0.05
NFLX,2026-03-11,0.120548,44,80.0,0.825253,96.94000244140625,18.3207440957014,0.49017421892542057,0.5381547483646649,10.0,0.14259448737260563,2.0,-0.18125143832496582,0.05
NFLX,2026-03-11,0.120548,44,85.0,0.876831,96.94000244140625,14.070789967716905,0.46736120575952866,0.5381547483646649,10.0,0.14259448737260563,2.0,-0.18125143832496582,0.05
NFLX,2026-03-11,0.120548,44,86.0,0.887147,96.94000244140625,13.10679954718961,0.44540595520195697,0.5381547483646649,10.0,0.14259448737260563,2.0,-0.18125143832496582,0.05
NFLX,2026-03-11,0.120548,44,87.0,0.897462,96.94000244140625,12.4828089007963,0.45870060431714615,0.5381547483646649,10.0,0.14259448737260563,2.0,-0.18125143832496582,0.05
NFLX,2026-03-11,0.120548,44,88.0,0.907778,96.94000244140625,11.628818109327561,0.44582617213543924,0.5381547483646649,10.0,0.14259448737260563,2.0,-0.18125143832496582,0.05
NFLX,2026-03-11,0.120548,44,89.0,0.918094,96.94000244140625,11.034826618551811,0.4560816890453589,0.5381547483646649,10.0,0.14259448737260563,2.0,-0.18125143832496582,0.05
NFLX,2026-03-11,0.120548,44,90.0,0.928409,96.94000244140625,10.2308366238995,0.4445723957676678,0.5381547483646649,10.0,0.14259448737260563,2.0,-0.18125143832496582,0.05
NFLX,2026-03-11,0.120548,44,91.0,0.938725,96.94000244140625,9.596848685026487,0.446291974436594,0.5381547483646649,10.0,0.14259448737260563,2.0,-0.18125143832496582,0.05
NFLX,2026-03-11,0.120548,44,92.0,0.949041,96.94000244140625,8.792855263619863,0.431651112527579,0.5381547483646649,10.0,0.14259448737260563,2.0,-0.18125143832496582,0.05
NFLX,2026-03-11,0.120548,44,93.0,0.959356,96.94000244140625,8.148864453930123,0.42858379756269704,0.5381547483646649,10.0,0.14259448737260563,2.0,-0.18125143832496582,0.05
NFLX,2026-03-11,0.120548,44,94.0,0.969672,96.94000244140625,7.624870804244182,0.43291532781662284,0.5381547483646649,10.0,0.14259448737260563,2.0,-0.18125143832496582,0.05
NFLX,2026-03-11,0.120548,44,95.0,0.979988,96.94000244140625,6.760882912359541,0.408787135788928,0.5381547483646649,10.0,0.14259448737260563,2.0,-0.18125143832496582,0.05
NFLX,2026-03-11,0.120548,44,96.0,0.990303,96.94000244140625,7.610830937317573,0.5130271778444037,0.5381547483646649,10.0,0.14259448737260563,2.0,-0.18125143832496582,0.05
NFLX,2026-03-11,0.120548,44,97.0,1.000619,96.94000244140625,5.550002297426438,0.3949295229168976,0.5381547483646649,10.0,0.14259448737260563,2.0,-0.18125143832496582,0.05
NFLX,2026-03-11,0.120548,44,98.0,1.010935,96.94000244140625,5.1500026842972275,0.40019192504003304,0.5381547483646649,10.0,0.14259448737260563,2.0,-0.18125143832496582,0.05
NFLX,2026-03-11,0.120548,44,99.0,1.02125,96.94000244140625,4.699999835933568,0.3995429976544263,0.5381547483646649,10.0,0.14259448737260563,2.0,-0.18125143832496582,0.05
NFLX,2026-03-11,0.120548,44,100.0,1.031566,96.94000244140625,4.2999999435139955,0.4005083166977175,0.5381547483646649,10.0,0.14259448737260563,2.0,-0.18125143832496582,0.05
NFLX,2026-03-11,0.120548,44,101.0,1.041882,96.94000244140625,4.049996910331515,0.4107471213224085,0.5381547483646649,10.0,0.14259448737260563,2.0,-0.18125143832496582,0.05
NFLX,2026-03-11,0.120548,44,102.0,1.052197,96.94000244140625,3.6000000010316597,0.4038775616847271,0.5381547483646649,10.0,0.14259448737260563,2.0,-0.18125143832496582,0.05
NFLX,2026-03-11,0.120548,44,103.0,1.062513,96.94000244140625,3.199999762794967,0.39866087218195445,0.5381547483646649,10.0,0.14259448737260563,2.0,-0.18125143832496582,0.05
NFLX,2026-03-11,0.120548,44,104.0,1.072829,96.94000244140625,3.349998833678793,0.43514951404095054,0.5381547483646649,10.0,0.14259448737260563,2.0,-0.18125143832496582,0.05
NFLX,2026-03-11,0.120548,44,105.0,1.083144,96.94000244140625,2.559999912997089,0.39454565510554473,0.5381547483646649,10.0,0.14259448737260563,2.0,-0.18125143832496582,0.05
NFLX,2026-03-11,0.120548,44,106.0,1.09346,96.94000244140625,2.290000685113892,0.3935850483478394,0.5381547483646649,10.0,0.14259448737260563,2.0,-0.18125143832496582,0.05
NFLX,2026-03-11,0.120548,44,107.0,1.103776,96.94000244140625,2.000000009989055,0.3887904796001665,0.5381547483646649,10.0,0.14259448737260563,2.0,-0.18125143832496582,0.05
NFLX,2026-03-11,0.120548,44,108.0,1.114091,96.94000244140625,1.7200025841174238,0.38252044257795415,0.5381547483646649,10.0,0.14259448737260563,2.0,-0.18125143832496582,0.05
NFLX,2026-03-11,0.120548,44,109.0,1.124407,96.94000244140625,1.7899999979733394,0.40814368014175334,0.5381547483646649,10.0,0.14259448737260563,2.0,-0.18125143832496582,0.05
NFLX,2026-03-11,0.120548,44,110.0,1.134722,96.94000244140625,1.4700000000185263,0.39448126658415417,0.5381547483646649,10.0,0.14259448737260563,2.0,-0.18125143832496582,0.05
NFLX,2026-03-11,0.120548,44,111.0,1.145038,96.94000244140625,1.2700002484087456,0.39036390356019196,0.5381547483646649,10.0,0.14259448737260563,2.0,-0.18125143832496582,0.05
NFLX,2026-03-11,0.120548,44,115.0,1.186301,96.94000244140625,0.7300015747734729,0.3840567174154071,0.5381547483646649,10.0,0.14259448737260563,2.0,-0.18125143832496582,0.05
NFLX,2026-03-11,0.120548,44,120.0,1.237879,96.94000244140625,0.3499992874349793,0.3795903688580473,0.5381547483646649,10.0,0.14259448737260563,2.0,-0.18125143832496582,0.05
NFLX,2026-03-11,0.120548,44,125.0,1.289457,96.94000244140625,0.25000007343505715,0.4080955021375453,0.5381547483646649,10.0,0.14259448737260563,2.0,-0.18125143832496582,0.05
NFLX,2026-03-11,0.120548,44,130.0,1.341036,96.94000244140625,0.20999999279991366,0.4445126962822549,0.5381547483646649,10.0,0.14259448737260563,2.0,-0.18125143832496582,0.05
NFLX,2026-03-11,0.178082,65,49.0,0.505467,96.94000244140625,48.474367126109556,0.7401818169428706,0.5381547483646649,10.0,0.14259448737260563,2.0,-0.18125143832496582,0.05
NFLX,2026-03-11,0.178082,65,50.0,0.515783,96.94000244140625,47.44323159437081,0.6738151251385206,0.5381547483646649,10.0,0.14259448737260563,2.0,-0.18125143832496582,0.05
NFLX,2026-03-11,0.178082,65,51.0,0.526099,96.94000244140625,46.40209627447799,0.5403109763650897,0.5381547483646649,10.0,0.14259448737260563,2.0,-0.18125143832496582,0.05
NFLX,2026-03-11,0.178082,65,52.0,0.536414,96.94000244140625,45.70096062607579,0.8091497355228052,0.5381547483646649,10.0,0.14259448737260563,2.0,-0.18125143832496582,0.05
NFLX,2026-03-11,0.178082,65,53.0,0.54673,96.94000244140625,44.51982560026294,0.6722851498183796,0.5381547483646649,10.0,0.14259448737260563,2.0,-0.18125143832496582,0.05
NFLX,2026-03-11,0.178082,65,54.0,0.557046,96.94000244140625,43.57869025265567,0.6909777847682773,0.5381547483646649,10.0,0.14259448737260563,2.0,-0.18125143832496582,0.05
NFLX,2026-03-11,0.178082,65,55.0,0.567361,96.94000244140625,42.52755461136823,0.6269932446799238,0.5381547483646649,10.0,0.14259448737260563,2.0,-0.18125143832496582,0.05
NFLX,2026-03-11,0.178082,65,56.0,0.577677,96.94000244140625,41.5564191322939,0.6254190894220409,0.5381547483646649,10.0,0.14259448737260563,2.0,-0.18125143832496582,0.05
NFLX,2026-03-11,0.178082,65,57.0,0.587993,96.94000244140625,40.555283771523825,0.5999670570851131,0.5381547483646649,10.0,0.14259448737260563,2.0,-0.18125143832496582,0.05
NFLX,2026-03-11,0.178082,65,58.0,0.598308,96.94000244140625,39.65414835165699,0.638923122447744,0.5381547483646649,10.0,0.14259448737260563,2.0,-0.18125143832496582,0.05
NFLX,2026-03-11,0.178082,65,59.0,0.608624,96.94000244140625,38.61301304067019,0.592554192376524,0.5381547483646649,10.0,0.14259448737260563,2.0,-0.18125143832496582,0.05
NFLX,2026-03-11,0.178082,65,60.0,0.61894,96.94000244140625,37.6518771544944,0.5920191819462314,0.5381547483646649,10.0,0.14259448737260563,2.0,-0.18125143832496582,0.05
NFLX,2026-03-11,0.178082,65,61.0,0.629255,96.94000244140625,36.69074214878404,0.589289356086402,0.5381547483646649,10.0,0.14259448737260563,2.0,-0.18125143832496582,0.05
NFLX,2026-03-11,0.178082,65,62.0,0.639571,96.94000244140625,35.70960672714766,0.5761151779684199,0.5381547483646649,10.0,0.14259448737260563,2.0,-0.18125143832496582,0.05
NFLX,2026-03-11,0.178082,65,63.0,0.649887,96.94000244140625,34.77847131925459,0.5829689061612751,0.5381547483646649,10.0,0.14259448737260563,2.0,-0.18125143832496582,0.05
NFLX,2026-03-11,0.178082,65,64.0,0.660202,96.94000244140625,33.75733588907556,0.5535061050191586,0.5381547483646649,10.0,0.14259448737260563,2.0,-0.18125143832496582,0.05
NFLX,2026-03-11,0.178082,65,65.0,0.670518,96.94000244140625,32.81620049220234,0.5543790797616561,0.5381547483646649,10.0,0.14259448737260563,2.0,-0.18125143832496582,0.05
NFLX,2026-03-11,0.178082,65,66.0,0.680833,96.94000244140625,31.89506508548373,0.5590508210020505,0.5381547483646649,10.0,0.14259448737260563,2.0,-0.18125143832496582,0.05
NFLX,2026-03-11,0.178082,65,67.0,0.691149,96.94000244140625,30.853929576886763,0.5257403752537722,0.5381547483646649,10.0,0.14259448737260563,2.0,-0.18125143832496582,0.05
NFLX,2026-03-11,0.178082,65,68.0,0.701465,96.94000244140625,29.982794251212738,0.5423591993911704,0.5381547483646649,10.0,0.14259448737260563,2.0,-0.18125143832496582,0.05
NFLX,2026-03-11,0.178082,65,69.0,0.71178,96.94000244140625,29.061658829732153,0.5414048161044577,0.5381547483646649,10.0,0.14259448737260563,2.0,-0.18125143832496582,0.05
NFLX,2026-03-11,0.178082,65,70.0,0.722096,96.94000244140625,28.07052338295663,0.5230889362065827,0.5381547483646649,10.0,0.14259448737260563,2.0,-0.18125143832496582,0.05
NFLX,2026-03-11,0.178082,65,71.0,0.732412,96.94000244140625,27.20938779361505,0.5324136341782788,0.5381547483646649,10.0,0.14259448737260563,2.0,-0.18125143832496582,0.05
NFLX,2026-03-11,0.178082,65,72.0,0.742727,96.94000244140625,26.23825210159403,0.5176402431688953,0.5381547483646649,10.0,0.14259448737260563,2.0,-0.18125143832496582,0.05
NFLX,2026-03-11,0.178082,65,73.0,0.753043,96.94000244140625,25.25711618337931,0.5009410643357394,0.5381547483646649,10.0,0.14259448737260563,2.0,-0.18125143832496582,0.05
NFLX,2026-03-11,0.178082,65,74.0,0.763359,96.94000244140625,24.335982138793952,0.4948718198357155,0.5381547483646649,10.0,0.14259448737260563,2.0,-0.18125143832496582,0.05
NFLX,2026-03-11,0.178082,65,75.0,0.773674,96.94000244140625,23.50484632555434,0.5020080057511069,0.5381547483646649,10.0,0.14259448737260563,2.0,-0.18125143832496582,0.05
NFLX,2026-03-11,0.178082,65,76.0,0.78399,96.94000244140625,22.593712320088088,0.49467907141122675,0.5381547483646649,10.0,0.14259448737260563,2.0,-0.18125143832496582,0.05
NFLX,2026-03-11,0.178082,65,77.0,0.794306,96.94000244140625,21.70257559231834,0.48921889799026935,0.5381547483646649,10.0,0.14259448737260563,2.0,-0.18125143832496582,0.05
NFLX,2026-03-11,0.178082,65,78.0,0.804621,96.94000244140625,20.81144010281548,0.48267748821359563,0.5381547483646649,10.0,0.14259448737260563,2.0,-0.18125143832496582,0.05
NFLX,2026-03-11,0.178082,65,79.0,0.814937,96.94000244140625,19.920304352213776,0.4751709873664517,0.5381547483646649,10.0,0.14259448737260563,2.0,-0.18125143832496582,0.05
NFLX,2026-03-11,0.178082,65,80.0,0.825253,96.94000244140625,19.029169269206918,0.4667902070324011,0.5381547483646649,10.0,0.14259448737260563,2.0,-0.18125143832496582,0.05
NFLX,2026-03-11,0.178082,65,81.0,0.835568,96.94000244140625,18.22803388073369,0.4673163433660388,0.5381547483646649,10.0,0.14259448737260563,2.0,-0.18125143832496582,0.05
NFLX,2026-03-11,0.178082,65,82.0,0.845884,96.94000244140625,17.336898444444927,0.45694237008551636,0.5381547483646649,10.0,0.14259448737260563,2.0,-0.18125143832496582,0.05
NFLX,2026-03-11,0.178082,65,83.0,0.8562,96.94000244140625,16.48576254645822,0.44979887397454743,0.5381547483646649,10.0,0.14259448737260563,2.0,-0.18125143832496582,0.05
NFLX,2026-03-11,0.178082,65,84.0,0.866515,96.94000244140625,15.694627612833486,0.4472149197752727,0.5381547483646649,10.0,0.14259448737260563,2.0,-0.18125143832496582,0.05
NFLX,2026-03-11,0.178082,65,85.0,0.876831,96.94000244140625,14.873492492867221,0.44058038367830427,0.5381547483646649,10.0,0.14259448737260563,2.0,-0.18125143832496582,0.05
NFLX,2026-03-11,0.178082,65,86.0,0.887147,96.94000244140625,14.122356789710466,0.43875122844841935,0.5381547483646649,10.0,0.14259448737260563,2.0,-0.18125143832496582,0.05
NFLX,2026-03-11,0.178082,65,87.0,0.897462,96.94000244140625,13.311221371372326,0.43063100079893935,0.5381547483646649,10.0,0.14259448737260563,2.0,-0.18125143832496582,0.05
NFLX,2026-03-11,0.178082,65,88.0,0.907778,96.94000244140625,12.600085506419312,0.4292309995350833,0.5381547483646649,10.0,0.14259448737260563,2.0,-0.18125143832496582,0.05
NFLX,2026-03-11,0.178082,65,89.0,0.918094,96.94000244140625,11.978950536312446,0.4329655070944349,0.5381547483646649,10.0,0.14259448737260563,2.0,-0.18125143832496582,0.05
NFLX,2026-03-11,0.178082,65,90.0,0.928409,96.94000244140625,11.237812051806685,0.42629742858430614,0.5381547483646649,10.0,0.14259448737260563,2.0,-0.18125143832496582,0.05
NFLX,2026-03-11,0.178082,65,91.0,0.938725,96.94000244140625,10.596679779177478,0.4253946104567106,0.5381547483646649,10.0,0.14259448737260563,2.0,-0.18125143832496582,0.05
NFLX,2026-03-11,0.178082,65,92.0,0.949041,96.94000244140625,9.825544300808232,0.4142385733926104,0.5381547483646649,10.0,0.14259448737260563,2.0,-0.18125143832496582,0.05
NFLX,2026-03-11,0.178082,65,93.0,0.959356,96.94000244140625,9.314408883756933,0.4191840354740445,0.5381547483646649,10.0,0.14259448737260563,2.0,-0.18125143832496582,0.05
NFLX,2026-03-11,0.178082,65,94.0,0.969672,96.94000244140625,8.623273092773552,0.41080381171394276,0.5381547483646649,10.0,0.14259448737260563,2.0,-0.18125143832496582,0.05
NFLX,2026-03-11,0.178082,65,95.0,0.979988,96.94000244140625,8.032138053631257,0.40754550560612096,0.5381547483646649,10.0,0.14259448737260563,2.0,-0.18125143832496582,0.05
NFLX,2026-03-11,0.178082,65,96.0,0.990303,96.94000244140625,7.5909993343004345,0.4122476475692401,0.5381547483646649,10.0,0.14259448737260563,2.0,-0.18125143832496582,0.05
NFLX,2026-03-11,0.178082,65,97.0,1.000619,96.94000244140625,6.900000000200556,0.39992942893224914,0.5381547483646649,10.0,0.14259448737260563,2.0,-0.18125143832496582,0.05
NFLX,2026-03-11,0.178082,65,98.0,1.010935,96.94000244140625,6.349998619088979,0.39499011128584466,0.5381547483646649,10.0,0.14259448737260563,2.0,-0.18125143832496582,0.05
NFLX,2026-03-11,0.178082,65,99.0,1.02125,96.94000244140625,5.899996799192174,0.3947457426461611,0.5381547483646649,10.0,0.14259448737260563,2.0,-0.18125143832496582,0.05
NFLX,2026-03-11,0.178082,65,100.0,1.031566,96.94000244140625,5.409998950180118,0.3905949303827386,0.5381547483646649,10.0,0.14259448737260563,2.0,-0.18125143832496582,0.05
NFLX,2026-03-11,0.178082,65,101.0,1.041882,96.94000244140625,4.799999950279215,0.3775668246394039,0.5381547483646649,10.0,0.14259448737260563,2.0,-0.18125143832496582,0.05
NFLX,2026-03-11,0.178082,65,102.0,1.052197,96.94000244140625,4.5899978893224045,0.3877844210557197,0.5381547483646649,10.0,0.14259448737260563,2.0,-0.18125143832496582,0.05
NFLX,2026-03-11,0.178082,65,103.0,1.062513,96.94000244140625,4.120000000350707,0.380423612145413,0.5381547483646649,10.0,0.14259448737260563,2.0,-0.18125143832496582,0.05
NFLX,2026-03-11,0.178082,65,104.0,1.072829,96.94000244140625,3.7000000331515324,0.3746263341221879,0.5381547483646649,10.0,0.14259448737260563,2.0,-0.18125143832496582,0.05
NFLX,2026-03-11,0.178082,65,105.0,1.083144,96.94000244140625,3.5899991702077756,0.38748566026135156,0.5381547483646649,10.0,0.14259448737260563,2.0,-0.18125143832496582,0.05
NFLX,2026-03-11,0.178082,65,106.0,1.09346,96.94000244140625,3.0999999956153204,0.37412489361187234,0.5381547483646649,10.0,0.14259448737260563,2.0,-0.18125143832496582,0.05
NFLX,2026-03-11,0.178082,65,107.0,1.103776,96.94000244140625,2.9099998603142225,0.37935471918250224,0.5381547483646649,10.0,0.14259448737260563,2.0,-0.18125143832496582,0.05
NFLX,2026-03-11,0.178082,65,108.0,1.114091,96.94000244140625,2.520000000024588,0.36932174606189794,0.5381547483646649,10.0,0.14259448737260563,2.0,-0.18125143832496582,0.05
NFLX,2026-03-11,0.178082,65,109.0,1.124407,96.94000244140625,2.3400000035385204,0.3727658239306387,0.5381547483646649,10.0,0.14259448737260563,2.0,-0.18125143832496582,0.05
NFLX,2026-03-11,0.178082,65,110.0,1.134722,96.94000244140625,2.200000132701902,0.3781838089427012,0.5381547483646649,10.0,0.14259448737260563,2.0,-0.18125143832496582,0.05
NFLX,2026-03-11,0.178082,65,111.0,1.145038,96.94000244140625,1.899999990246144,0.3700299120960582,0.5381547483646649,10.0,0.14259448737260563,2.0,-0.18125143832496582,0.05
NFLX,2026-03-11,0.178082,65,112.0,1.155354,96.94000244140625,1.7599992972477594,0.37319763104383497,0.5381547483646649,10.0,0.14259448737260563,2.0,-0.18125143832496582,0.05
NFLX,2026-03-11,0.178082,65,114.0,1.175985,96.94000244140625,1.430000720120944,0.37200015918255647,0.5381547483646649,10.0,0.14259448737260563,2.0,-0.18125143832496582,0.05
NFLX,2026-03-11,0.178082,65,115.0,1.186301,96.94000244140625,1.31999995962296,0.3747263656923619,0.5381547483646649,10.0,0.14259448737260563,2.0,-0.18125143832496582,0.05
NFLX,2026-03-11,0.178082,65,116.0,1.196616,96.94000244140625,1.2200012468504156,0.37754343335519774,0.5381547483646649,10.0,0.14259448737260563,2.0,-0.18125143832496582,0.05
NFLX,2026-03-11,0.178082,65,118.0,1.217248,96.94000244140625,0.9499999765931566,0.3726497933064297,0.5381547483646649,10.0,0.14259448737260563,2.0,-0.18125143832496582,0.05
NFLX,2026-03-11,0.178082,65,120.0,1.237879,96.94000244140625,0.7600000053420821,0.37180787387662284,0.5381547483646649,10.0,0.14259448737260563,2.0,-0.18125143832496582,0.05
NFLX,2026-03-11,0.178082,65,122.0,1.25851,96.94000244140625,0.6900000794149648,0.38336718039003964,0.5381547483646649,10.0,0.14259448737260563,2.0,-0.18125143832496582,0.05
NFLX,2026-03-11,0.178082,65,124.0,1.279142,96.94000244140625,0.5599999941185283,0.383884918251385,0.5381547483646649,10.0,0.14259448737260563,2.0,-0.18125143832496582,0.05
NFLX,2026-03-11,0.178082,65,125.0,1.289457,96.94000244140625,0.5199999720386668,0.3868783806648802,0.5381547483646649,10.0,0.14259448737260563,2.0,-0.18125143832496582,0.05
NFLX,2026-03-11,0.178082,65,126.0,1.299773,96.94000244140625,0.6600000981621941,0.4186941198457604,0.5381547483646649,10.0,0.14259448737260563,2.0,-0.18125143832496582,0.05
NFLX,2026-03-11,0.178082,65,128.0,1.320404,96.94000244140625,0.3999998015596704,0.3920846156904981,0.5381547483646649,10.0,0.14259448737260563,2.0,-0.18125143832496582,0.05
NFLX,2026-03-11,0.178082,65,130.0,1.341036,96.94000244140625,0.36999998448382954,0.40299588285226895,0.5381547483646649,10.0,0.14259448737260563,2.0,-0.18125143832496582,0.05
NFLX,2026-03-11,0.178082,65,132.0,1.361667,96.94000244140625,0.29000025256252027,0.40067784758582015,0.5381547483646649,10.0,0.14259448737260563,2.0,-0.18125143832496582,0.05
NFLX,2026-03-11,0.178082,65,134.0,1.382298,96.94000244140625,0.34000000105628114,0.4289403706139889,0.5381547483646649,10.0,0.14259448737260563,2.0,-0.18125143832496582,0.05
NFLX,2026-03-11,0.178082,65,135.0,1.392614,96.94000244140625,0.2099999846911329,0.4010017259261791,0.5381547483646649,10.0,0.14259448737260563,2.0,-0.18125143832496582,0.05
NFLX,2026-03-11,0.178082,65,136.0,1.40293,96.94000244140625,0.26999996730314013,0.4264198429881882,0.5381547483646649,10.0,0.14259448737260563,2.0,-0.18125143832496582,0.05
NFLX,2026-03-11,0.178082,65,138.0,1.423561,96.94000244140625,0.16999986259465683,0.40872838782619764,0.5381547483646649,10.0,0.14259448737260563,2.0,-0.18125143832496582,0.05
NFLX,2026-03-11,0.178082,65,140.0,1.444192,96.94000244140625,0.16000000000896053,0.4186631400945095,0.5381547483646649,10.0,0.14259448737260563,2.0,-0.18125143832496582,0.05
NFLX,2026-03-11,0.178082,65,142.0,1.464824,96.94000244140625,0.12000000054787985,0.4141333838763336,0.5381547483646649,10.0,0.14259448737260563,2.0,-0.18125143832496582,0.05
NFLX,2026-03-11,0.178082,65,144.0,1.485455,96.94000244140625,0.16000000018057836,0.4454351850109987,0.5381547483646649,10.0,0.14259448737260563,2.0,-0.18125143832496582,0.05
NFLX,2026-03-11,0.178082,65,145.0,1.495771,96.94000244140625,0.14000000091223042,0.4430802518383618,0.5381547483646649,10.0,0.14259448737260563,2.0,-0.18125143832496582,0.05
NFLX,2026-03-11,0.178082,65,146.0,1.506086,96.94000244140625,0.23000014947206004,0.4851299028849004,0.5381547483646649,10.0,0.14259448737260563,2.0,-0.18125143832496582,0.05
NFLX,2026-03-11,0.178082,65,148.0,1.526718,96.94000244140625,0.1700000001698747,0.4754755110652152,0.5381547483646649,10.0,0.14259448737260563,2.0,-0.18125143832496582,0.05
NFLX,2026-03-11,0.178082,65,150.0,1.547349,96.94000244140625,0.10000003230333832,0.4526875703734577,0.5381547483646649,10.0,0.14259448737260563,2.0,-0.18125143832496582,0.05
NFLX,2026-03-11,0.178082,65,152.0,1.56798,96.94000244140625,0.14000000054175232,0.48648511623051194,0.5381547483646649,10.0,0.14259448737260563,2.0,-0.18125143832496582,0.05
NFLX,2026-03-11,0.178082,65,154.0,1.588611,96.94000244140625,0.1500000064845881,0.5033169689326197,0.5381547483646649,10.0,0.14259448737260563,2.0,-0.18125143832496582,0.05
NFLX,2026-03-11,0.178082,65,155.0,1.598927,96.94000244140625,0.08000007060427916,0.4678854419525135,0.5381547483646649,10.0,0.14259448737260563,2.0,-0.18125143832496582,0.05
NFLX,2026-03-11,0.178082,65,156.0,1.609243,96.94000244140625,0.0999999983325841,0.48723636229568007,0.5381547483646649,10.0,0.14259448737260563,2.0,-0.18125143832496582,0.05
NFLX,2026-03-11,0.178082,65,158.0,1.629874,96.94000244140625,0.1699999710596929,0.5362171271079001,0.5381547483646649,10.0,0.14259448737260563,2.0,-0.18125143832496582,0.05
NFLX,2026-03-11,0.178082,65,160.0,1.650505,96.94000244140625,0.11999996608932362,0.5217571250710181,0.5381547483646649,10.0,0.14259448737260563,2.0,-0.18125143832496582,0.05
NFLX,2026-03-11,0.178082,65,162.0,1.671137,96.94000244140625,0.300000112121638,0.6096087942883348,0.5381547483646649,10.0,0.14259448737260563,2.0,-0.18125143832496582,0.05
NFLX,2026-03-11,0.178082,65,164.0,1.691768,96.94000244140625,0.1300000217025199,0.5493604744946774,0.5381547483646649,10.0,0.14259448737260563,2.0,-0.18125143832496582,0.05
NFLX,2026-03-11,0.178082,65,165.0,1.702084,96.94000244140625,0.11000000346133931,0.5425522570880432,0.5381547483646649,10.0,0.14259448737260563,2.0,-0.18125143832496582,0.05
NFLX,2026-03-11,0.178082,65,166.0,1.712399,96.94000244140625,0.049999968649204196,0.49777414445499624,0.5381547483646649,10.0,0.14259448737260563,2.0,-0.18125143832496582,0.05
NFLX,2026-03-11,0.178082,65,168.0,1.733031,96.94000244140625,0.05999997210978936,0.518125395623149,0.5381547483646649,10.0,0.14259448737260563,2.0,-0.18125143832496582,0.05
NFLX,2026-03-11,0.178082,65,170.0,1.753662,96.94000244140625,0.11000000007614608,0.5683469424594761,0.5381547483646649,10.0,0.14259448737260563,2.0,-0.18125143832496582,0.05
NFLX,2026-03-11,0.178082,65,172.0,1.774293,96.94000244140625,0.1300000000486461,0.5911351828639414,0.5381547483646649,10.0,0.14259448737260563,2.0,-0.18125143832496582,0.05
NFLX,2026-03-11,0.178082,65,174.0,1.794925,96.94000244140625,0.049999965191753426,0.5355407707809451,0.5381547483646649,10.0,0.14259448737260563,2.0,-0.18125143832496582,0.05
NFLX,2026-03-11,0.271233,99,49.0,0.505467,96.94000244140625,48.700037294552416,0.6034499753610512,0.5381547483646649,10.0,0.14259448737260563,2.0,-0.18125143832496582,0.05
NFLX,2026-03-11,0.271233,99,50.0,0.515783,96.94000244140625,47.86350751330228,0.6746554577153198,0.5381547483646649,10.0,0.14259448737260563,2.0,-0.18125143832496582,0.05
NFLX,2026-03-11,0.271233,99,51.0,0.526099,96.94000244140625,46.886977489551015,0.6613136235685331,0.5381547483646649,10.0,0.14259448737260563,2.0,-0.18125143832496582,0.05
NFLX,2026-03-11,0.271233,99,52.0,0.536414,96.94000244140625,46.140447085304444,0.7256508816219505,0.5381547483646649,10.0,0.14259448737260563,2.0,-0.18125143832496582,0.05
NFLX,2026-03-11,0.271233,99,53.0,0.54673,96.94000244140625,45.16391769074244,0.709528448711232,0.5381547483646649,10.0,0.14259448737260563,2.0,-0.18125143832496582,0.05
NFLX,2026-03-11,0.271233,99,54.0,0.557046,96.94000244140625,43.86738778830124,0.5839531233885314,0.5381547483646649,10.0,0.14259448737260563,2.0,-0.18125143832496582,0.05
NFLX,2026-03-11,0.271233,99,55.0,0.567361,96.94000244140625,42.88085787895881,0.5680147607521474,0.5381547483646649,10.0,0.14259448737260563,2.0,-0.18125143832496582,0.05
NFLX,2026-03-11,0.271233,99,56.0,0.577677,96.94000244140625,41.91432795952692,0.5610635100421653,0.5381547483646649,10.0,0.14259448737260563,2.0,-0.18125143832496582,0.05
NFLX,2026-03-11,0.271233,99,57.0,0.587993,96.94000244140625,40.94779803770257,0.5535077478181576,0.5381547483646649,10.0,0.14259448737260563,2.0,-0.18125143832496582,0.05
NFLX,2026-03-11,0.271233,99,58.0,0.598308,96.94000244140625,39.9812681382132,0.5454441801796978,0.5381547483646649,10.0,0.14259448737260563,2.0,-0.18125143832496582,0.05
NFLX,2026-03-11,0.271233,99,59.0,0.608624,96.94000244140625,39.06473828390488,0.5532122706411415,0.5381547483646649,10.0,0.14259448737260563,2.0,-0.18125143832496582,0.05
NFLX,2026-03-11,0.271233,99,60.0,0.61894,96.94000244140625,38.03820837221217,0.5248481428461969,0.5381547483646649,10.0,0.14259448737260563,2.0,-0.18125143832496582,0.05
NFLX,2026-03-11,0.271233,99,61.0,0.629255,96.94000244140625,36.7916785161091,0.36749742429599147,0.5381547483646649,10.0,0.14259448737260563,2.0,-0.18125143832496582,0.05
NFLX,2026-03-11,0.271233,99,62.0,0.639571,96.94000244140625,36.145148555351156,0.5177643234819596,0.5381547483646649,10.0,0.14259448737260563,2.0,-0.18125143832496582,0.05
NFLX,2026-03-11,0.271233,99,63.0,0.649887,96.94000244140625,35.3086190489574,0.5384292236323515,0.5381547483646649,10.0,0.14259448737260563,2.0,-0.18125143832496582,0.05
NFLX,2026-03-11,0.271233,99,64.0,0.660202,96.94000244140625,34.24208878022794,0.5044682285354937,0.5381547483646649,10.0,0.14259448737260563,2.0,-0.18125143832496582,0.05
NFLX,2026-03-11,0.271233,99,65.0,0.670518,96.94000244140625,33.33555883985173,0.506638902727811,0.5381547483646649,10.0,0.14259448737260563,2.0,-0.18125143832496582,0.05
NFLX,2026-03-11,0.271233,99,66.0,0.680833,96.94000244140625,32.3890286774059,0.4990932542526075,0.5381547483646649,10.0,0.14259448737260563,2.0,-0.18125143832496582,0.05
NFLX,2026-03-11,0.271233,99,67.0,0.691149,96.94000244140625,31.47249807492637,0.4965877030065754,0.5381547483646649,10.0,0.14259448737260563,2.0,-0.18125143832496582,0.05
NFLX,2026-03-11,0.271233,99,68.0,0.701465,96.94000244140625,30.625967879615303,0.5044631604604798,0.5381547483646649,10.0,0.14259448737260563,2.0,-0.18125143832496582,0.05
NFLX,2026-03-11,0.271233,99,69.0,0.71178,96.94000244140625,29.579439274948264,0.4787765979652492,0.5381547483646649,10.0,0.14259448737260563,2.0,-0.18125143832496582,0.05
NFLX,2026-03-11,0.271233,99,70.0,0.722096,96.94000244140625,28.72290937448767,0.48297358944329893,0.5381547483646649,10.0,0.14259448737260563,2.0,-0.18125143832496582,0.05
NFLX,2026-03-11,0.271233,99,71.0,0.732412,96.94000244140625,27.76637947364224,0.4712557878123664,0.5381547483646649,10.0,0.14259448737260563,2.0,-0.18125143832496582,0.05
NFLX,2026-03-11,0.271233,99,72.0,0.742727,96.94000244140625,26.949849557680686,0.4778550800068634,0.5381547483646649,10.0,0.14259448737260563,2.0,-0.18125143832496582,0.05
NFLX,2026-03-11,0.271233,99,73.0,0.753043,96.94000244140625,25.953319658663062,0.4602848142214391,0.5381547483646649,10.0,0.14259448737260563,2.0,-0.18125143832496582,0.05
NFLX,2026-03-11,0.271233,99,74.0,0.763359,96.94000244140625,25.196789779223955,0.47105166708709023,0.5381547483646649,10.0,0.14259448737260563,2.0,-0.18125143832496582,0.05
NFLX,2026-03-11,0.271233,99,75.0,0.773674,96.94000244140625,24.200259872588212,0.45330104336415394,0.5381547483646649,10.0,0.14259448737260563,2.0,-0.18125143832496582,0.05
NFLX,2026-03-11,0.271233,99,76.0,0.78399,96.94000244140625,23.473729920413554,0.4637513337714816,0.5381547483646649,10.0,0.14259448737260563,2.0,-0.18125143832496582,0.05
NFLX,2026-03-11,0.271233,99,77.0,0.794306,96.94000244140625,22.517200060380688,0.4496611392506939,0.5381547483646649,10.0,0.14259448737260563,2.0,-0.18125143832496582,0.05
NFLX,2026-03-11,0.271233,99,78.0,0.804621,96.94000244140625,21.77067018227168,0.45487799226328823,0.5381547483646649,10.0,0.14259448737260563,2.0,-0.18125143832496582,0.05
NFLX,2026-03-11,0.271233,99,79.0,0.814937,96.94000244140625,21.024142848057885,0.45821675114987775,0.5381547483646649,10.0,0.14259448737260563,2.0,-0.18125143832496582,0.05
NFLX,2026-03-11,0.271233,99,80.0,0.825253,96.94000244140625,20.05760965441361,0.4420903994760871,0.5381547483646649,10.0,0.14259448737260563,2.0,-0.18125143832496582,0.05
NFLX,2026-03-11,0.271233,99,81.0,0.835568,96.94000244140625,19.251080452233843,0.4386901261715249,0.5381547483646649,10.0,0.14259448737260563,2.0,-0.18125143832496582,0.05
NFLX,2026-03-11,0.271233,99,82.0,0.845884,96.94000244140625,18.364552816316916,0.42833259510543537,0.5381547483646649,10.0,0.14259448737260563,2.0,-0.18125143832496582,0.05
NFLX,2026-03-11,0.271233,99,83.0,0.8562,96.94000244140625,17.558020775600262,0.4234427334888891,0.5381547483646649,10.0,0.14259448737260563,2.0,-0.18125143832496582,0.05
NFLX,2026-03-11,0.271233,99,84.0,0.866515,96.94000244140625,16.84149076272236,0.4240373170643345,0.5381547483646649,10.0,0.14259448737260563,2.0,-0.18125143832496582,0.05
NFLX,2026-03-11,0.271233,99,85.0,0.876831,96.94000244140625,16.054960860146423,0.4187224857997801,0.5381547483646649,10.0,0.14259448737260563,2.0,-0.18125143832496582,0.05
NFLX,2026-03-11,0.271233,99,86.0,0.887147,96.94000244140625,15.29843019605525,0.41457071485967434,0.5381547483646649,10.0,0.14259448737260563,2.0,-0.18125143832496582,0.05
NFLX,2026-03-11,0.271233,99,87.0,0.897462,96.94000244140625,14.611901031085125,0.41392003668107946,0.5381547483646649,10.0,0.14259448737260563,2.0,-0.18125143832496582,0.05
NFLX,2026-03-11,0.271233,99,88.0,0.907778,96.94000244140625,13.865371156291559,0.408559274870292,0.5381547483646649,10.0,0.14259448737260563,2.0,-0.18125143832496582,0.05
NFLX,2026-03-11,0.271233,99,89.0,0.918094,96.94000244140625,13.238840393140364,0.40942156109231753,0.5381547483646649,10.0,0.14259448737260563,2.0,-0.18125143832496582,0.05
NFLX,2026-03-11,0.271233,99,90.0,0.928409,96.94000244140625,12.652311374963254,0.41139980236640034,0.5381547483646649,10.0,0.14259448737260563,2.0,-0.18125143832496582,0.05
NFLX,2026-03-11,0.271233,99,91.0,0.938725,96.94000244140625,12.065781454827658,0.4121951579301363,0.5381547483646649,10.0,0.14259448737260563,2.0,-0.18125143832496582,0.05
NFLX,2026-03-11,0.271233,99,92.0,0.949041,96.94000244140625,11.379254737805702,0.40648470540343745,0.5381547483646649,10.0,0.14259448737260563,2.0,-0.18125143832496582,0.05
NFLX,2026-03-11,0.271233,99,93.0,0.959356,96.94000244140625,10.642721324626095,0.397298305113797,0.5381547483646649,10.0,0.14259448737260563,2.0,-0.18125143832496582,0.05
NFLX,2026-03-11,0.271233,99,94.0,0.969672,96.94000244140625,10.186191732929736,0.40201683075274164,0.5381547483646649,10.0,0.14259448737260563,2.0,-0.18125143832496582,0.05
NFLX,2026-03-11,0.271233,99,95.0,0.979988,96.94000244140625,9.349661850929841,0.3860102118714142,0.5381547483646649,10.0,0.14259448737260563,2.0,-0.18125143832496582,0.05
NFLX,2026-03-11,0.271233,99,96.0,0.990303,96.94000244140625,9.033127898223803,0.39582046103985546,0.5381547483646649,10.0,0.14259448737260563,2.0,-0.18125143832496582,0.05
NFLX,2026-03-11,0.271233,99,97.0,1.000619,96.94000244140625,8.130000001883715,0.3748916020658431,0.5381547483646649,10.0,0.14259448737260563,2.0,-0.18125143832496582,0.05
NFLX,2026-03-11,0.271233,99,98.0,1.010935,96.94000244140625,7.500000000316746,0.36692870889157186,0.5381547483646649,10.0,0.14259448737260563,2.0,-0.18125143832496582,0.05
NFLX,2026-03-11,0.271233,99,99.0,1.02125,96.94000244140625,7.05000000192657,0.3669689082828628,0.5381547483646649,10.0,0.14259448737260563,2.0,-0.18125143832496582,0.05
NFLX,2026-03-11,0.271233,99,100.0,1.031566,96.94000244140625,6.7500000002257465,0.37343316088171036,0.5381547483646649,10.0,0.14259448737260563,2.0,-0.18125143832496582,0.05
NFLX,2026-03-11,0.271233,99,101.0,1.041882,96.94000244140625,6.150000000639821,0.3639942469895777,0.5381547483646649,10.0,0.14259448737260563,2.0,-0.18125143832496582,0.05
NFLX,2026-03-11,0.271233,99,102.0,1.052197,96.94000244140625,5.880000000023756,0.369977965496414,0.5381547483646649,10.0,0.14259448737260563,2.0,-0.18125143832496582,0.05
NFLX,2026-03-11,0.271233,99,103.0,1.062513,96.94000244140625,5.349999914632363,0.36200144963708103,0.5381547483646649,10.0,0.14259448737260563,2.0,-0.18125143832496582,0.05
NFLX,2026-03-11,0.271233,99,104.0,1.072829,96.94000244140625,4.94999564936073,0.3595178458412024,0.5381547483646649,10.0,0.14259448737260563,2.0,-0.18125143832496582,0.05
NFLX,2026-03-11,0.271233,99,105.0,1.083144,96.94000244140625,4.750000000232049,0.36628617790022105,0.5381547483646649,10.0,0.14259448737260563,2.0,-0.18125143832496582,0.05
NFLX,2026-03-11,0.271233,99,106.0,1.09346,96.94000244140625,4.250000020668459,0.35668742805530246,0.5381547483646649,10.0,0.14259448737260563,2.0,-0.18125143832496582,0.05
NFLX,2026-03-11,0.271233,99,107.0,1.103776,96.94000244140625,4.099999566638875,0.3643877266359918,0.5381547483646649,10.0,0.14259448737260563,2.0,-0.18125143832496582,0.05
NFLX,2026-03-11,0.271233,99,108.0,1.114091,96.94000244140625,3.700001044266692,0.3579720525233711,0.5381547483646649,10.0,0.14259448737260563,2.0,-0.18125143832496582,0.05
NFLX,2026-03-11,0.271233,99,109.0,1.124407,96.94000244140625,3.499999986536224,0.36142164631664125,0.5381547483646649,10.0,0.14259448737260563,2.0,-0.18125143832496582,0.05
NFLX,2026-03-11,0.271233,99,110.0,1.134722,96.94000244140625,3.2999997509679098,0.3641416513292513,0.5381547483646649,10.0,0.14259448737260563,2.0,-0.18125143832496582,0.05
NFLX,2026-03-11,0.271233,99,111.0,1.145038,96.94000244140625,3.1999980948581026,0.37187035102235355,0.5381547483646649,10.0,0.14259448737260563,2.0,-0.18125143832496582,0.05
NFLX,2026-03-11,0.271233,99,112.0,1.155354,96.94000244140625,2.7900000008018644,0.36086511088695933,0.5381547483646649,10.0,0.14259448737260563,2.0,-0.18125143832496582,0.05
NFLX,2026-03-11,0.271233,99,112.5,1.160512,96.94000244140625,2.7500000033330423,0.3647326957426274,0.5381547483646649,10.0,0.14259448737260563,2.0,-0.18125143832496582,0.05
NFLX,2026-03-11,0.271233,99,113.0,1.165669,96.94000244140625,2.530000074006171,0.357489501960709,0.5381547483646649,10.0,0.14259448737260563,2.0,-0.18125143832496582,0.05
NFLX,2026-03-11,0.271233,99,113.5,1.170827,96.94000244140625,2.840000007914977,0.3824701034783771,0.5381547483646649,10.0,0.14259448737260563,2.0,-0.18125143832496582,0.05
NFLX,2026-03-11,0.271233,99,114.0,1.175985,96.94000244140625,2.460000553975071,0.3650967018000083,0.5381547483646649,10.0,0.14259448737260563,2.0,-0.18125143832496582,0.05
NFLX,2026-03-11,0.271233,99,114.5,1.181143,96.94000244140625,2.6200002485477043,0.38099782827745593,0.5381547483646649,10.0,0.14259448737260563,2.0,-0.18125143832496582,0.05
NFLX,2026-03-11,0.271233,99,115.0,1.186301,96.94000244140625,2.0199997701650645,0.34805784923483535,0.5381547483646649,10.0,0.14259448737260563,2.0,-0.18125143832496582,0.05
NFLX,2026-03-11,0.271233,99,115.5,1.191459,96.94000244140625,2.4299968030873984,0.3805967691262639,0.5381547483646649,10.0,0.14259448737260563,2.0,-0.18125143832496582,0.05
NFLX,2026-03-11,0.271233,99,116.0,1.196616,96.94000244140625,2.159999852643505,0.3685645891408496,0.5381547483646649,10.0,0.14259448737260563,2.0,-0.18125143832496582,0.05
NFLX,2026-03-11,0.271233,99,116.5,1.201774,96.94000244140625,1.9999971255843114,0.36321817938369017,0.5381547483646649,10.0,0.14259448737260563,2.0,-0.18125143832496582,0.05
NFLX,2026-03-11,0.271233,99,117.0,1.206932,96.94000244140625,1.950000000035537,0.36514226977183434,0.5381547483646649,10.0,0.14259448737260563,2.0,-0.18125143832496582,0.05
NFLX,2026-03-11,0.271233,99,117.5,1.21209,96.94000244140625,2.109997539056465,0.38153535797080634,0.5381547483646649,10.0,0.14259448737260563,2.0,-0.18125143832496582,0.05
NFLX,2026-03-11,0.271233,99,118.0,1.217248,96.94000244140625,2.1999985554038233,0.39302218066826705,0.5381547483646649,10.0,0.14259448737260563,2.0,-0.18125143832496582,0.05
NFLX,2026-03-11,0.271233,99,118.5,1.222406,96.94000244140625,2.249998566082464,0.4017455962899065,0.5381547483646649,10.0,0.14259448737260563,2.0,-0.18125143832496582,0.05
NFLX,2026-03-11,0.271233,99,119.0,1.227563,96.94000244140625,1.9200000064201248,0.38397195828029906,0.5381547483646649,10.0,0.14259448737260563,2.0,-0.18125143832496582,0.05
NFLX,2026-03-11,0.271233,99,119.5,1.232721,96.94000244140625,2.1800000000325745,0.4074502239609416,0.5381547483646649,10.0,0.14259448737260563,2.0,-0.18125143832496582,0.05
NFLX,2026-03-11,0.271233,99,120.0,1.237879,96.94000244140625,1.4899995274112712,0.3616197359435778,0.5381547483646649,10.0,0.14259448737260563,2.0,-0.18125143832496582,0.05
NFLX,2026-03-11,0.271233,99,120.5,1.243037,96.94000244140625,1.2700000060088623,0.3483805775069324,0.5381547483646649,10.0,0.14259448737260563,2.0,-0.18125143832496582,0.05
NFLX,2026-03-11,0.271233,99,121.0,1.248195,96.94000244140625,1.8500008756459252,0.3989792289933486,0.5381547483646649,10.0,0.14259448737260563,2.0,-0.18125143832496582,0.05
NFLX,2026-03-11,0.271233,99,121.5,1.253353,96.94000244140625,1.6699999596806698,0.3901995108232068,0.5381547483646649,10.0,0.14259448737260563,2.0,-0.18125143832496582,0.05
NFLX,2026-03-11,0.271233,99,122.0,1.25851,96.94000244140625,1.4300000001279187,0.37576611260623494,0.5381547483646649,10.0,0.14259448737260563,2.0,-0.18125143832496582,0.05
NFLX,2026-03-11,0.271233,99,122.5,1.263668,96.94000244140625,0.17999998259294037,0.23312047040319347,0.5381547483646649,10.0,0.14259448737260563,2.0,-0.18125143832496582,0.05
NFLX,2026-03-11,0.271233,99,123.0,1.268826,96.94000244140625,1.3900000046116308,0.38164339952665455,0.5381547483646649,10.0,0.14259448737260563,2.0,-0.18125143832496582,0.05
NFLX,2026-03-11,0.271233,99,123.5,1.273984,96.94000244140625,1.3900000110548305,0.38618588513658725,0.5381547483646649,10.0,0.14259448737260563,2.0,-0.18125143832496582,0.05
NFLX,2026-03-11,0.271233,99,124.0,1.279142,96.94000244140625,1.1299999267157919,0.36756916434377557,0.5381547483646649,10.0,0.14259448737260563,2.0,-0.18125143832496582,0.05
NFLX,2026-03-11,0.271233,99,124.5,1.2843,96.94000244140625,1.350000244147795,0.3917088221140496,0.5381547483646649,10.0,0.14259448737260563,2.0,-0.18125143832496582,0.05
NFLX,2026-03-11,0.271233,99,125.0,1.289457,96.94000244140625,0.9800000006396647,0.3616683307033243,0.5381547483646649,10.0,0.14259448737260563,2.0,-0.18125143832496582,0.05
NFLX,2026-03-11,0.271233,99,125.5,1.294615,96.94000244140625,1.0700024716292287,0.37473206697702766,0.5381547483646649,10.0,0.14259448737260563,2.0,-0.18125143832496582,0.05
NFLX,2026-03-11,0.271233,99,126.0,1.299773,96.94000244140625,1.1199991995471148,0.3837589390127603,0.5381547483646649,10.0,0.14259448737260563,2.0,-0.18125143832496582,0.05
NFLX,2026-03-11,0.271233,99,126.5,1.304931,96.94000244140625,0.9100000165164062,0.3668689698723817,0.5381547483646649,10.0,0.14259448737260563,2.0,-0.18125143832496582,0.05
NFLX,2026-03-11,0.271233,99,127.0,1.310089,96.94000244140625,1.0700000000357015,0.3872518292432993,0.5381547483646649,10.0,0.14259448737260563,2.0,-0.18125143832496582,0.05
NFLX,2026-03-11,0.271233,99,127.5,1.315247,96.94000244140625,0.9000000266941015,0.37386481427107976,0.5381547483646649,10.0,0.14259448737260563,2.0,-0.18125143832496582,0.05
NFLX,2026-03-11,0.271233,99,128.0,1.320404,96.94000244140625,0.9300000122543821,0.3810575618147554,0.5381547483646649,10.0,0.14259448737260563,2.0,-0.18125143832496582,0.05
NFLX,2026-03-11,0.271233,99,128.5,1.325562,96.94000244140625,1.0400000015200543,0.39647950400801935,0.5381547483646649,10.0,0.14259448737260563,2.0,-0.18125143832496582,0.05
NFLX,2026-03-11,0.271233,99,129.0,1.33072,96.94000244140625,0.8800000558317098,0.3835415241503776,0.5381547483646649,10.0,0.14259448737260563,2.0,-0.18125143832496582,0.05
NFLX,2026-03-11,0.271233,99,129.5,1.335878,96.94000244140625,0.9500000083887272,0.3950495495261344,0.5381547483646649,10.0,0.14259448737260563,2.0,-0.18125143832496582,0.05
NFLX,2026-03-11,0.271233,99,130.0,1.341036,96.94000244140625,0.6899999791541491,0.36889628737321656,0.5381547483646649,10.0,0.14259448737260563,2.0,-0.18125143832496582,0.05
NFLX,2026-03-11,0.271233,99,130.5,1.346193,96.94000244140625,0.6999999879356045,0.37386292992103465,0.5381547483646649,10.0,0.14259448737260563,2.0,-0.18125143832496582,0.05
NFLX,2026-03-11,0.271233,99,131.0,1.351351,96.94000244140625,0.6299997393074932,0.3685134994369408,0.5381547483646649,10.0,0.14259448737260563,2.0,-0.18125143832496582,0.05
NFLX,2026-03-11,0.271233,99,131.5,1.356509,96.94000244140625,0.9700000053563098,0.4126933313069033,0.5381547483646649,10.0,0.14259448737260563,2.0,-0.18125143832496582,0.05
NFLX,2026-03-11,0.271233,99,132.0,1.361667,96.94000244140625,0.6200003238574654,0.37437879834279714,0.5381547483646649,10.0,0.14259448737260563,2.0,-0.18125143832496582,0.05
NFLX,2026-03-11,0.271233,99,134.0,1.382298,96.94000244140625,0.6999999962802264,0.39923453962545774,0.5381547483646649,10.0,0.14259448737260563,2.0,-0.18125143832496582,0.05
NFLX,2026-03-11,0.271233,99,135.0,1.392614,96.94000244140625,0.5199984087174032,0.38080948556266203,0.5381547483646649,10.0,0.14259448737260563,2.0,-0.18125143832496582,0.05
NFLX,2026-03-11,0.271233,99,136.0,1.40293,96.94000244140625,0.5399994125170542,0.39057919125769824,0.5381547483646649,10.0,0.14259448737260563,2.0,-0.18125143832496582,0.05
NFLX,2026-03-11,0.271233,99,138.0,1.423561,96.94000244140625,0.4999998314476901,0.3974730167955743,0.5381547483646649,10.0,0.14259448737260563,2.0,-0.18125143832496582,0.05
NFLX,2026-03-11,0.271233,99,140.0,1.444192,96.94000244140625,0.3899999723097807,0.39087134391144157,0.5381547483646649,10.0,0.14259448737260563,2.0,-0.18125143832496582,0.05
NFLX,2026-03-11,0.271233,99,142.0,1.464824,96.94000244140625,0.21999945246546204,0.36455521589400036,0.5381547483646649,10.0,0.14259448737260563,2.0,-0.18125143832496582,0.05
NFLX,2026-03-11,0.271233,99,144.0,1.485455,96.94000244140625,0.3500000145329514,0.4067949474420839,0.5381547483646649,10.0,0.14259448737260563,2.0,-0.18125143832496582,0.05
NFLX,2026-03-11,0.271233,99,145.0,1.495771,96.94000244140625,0.3500000002026482,0.4125792752068783,0.5381547483646649,10.0,0.14259448737260563,2.0,-0.18125143832496582,0.05
NFLX,2026-03-11,0.271233,99,146.0,1.506086,96.94000244140625,0.29000023936352193,0.40476400894719744,0.5381547483646649,10.0,0.14259448737260563,2.0,-0.18125143832496582,0.05
NFLX,2026-03-11,0.271233,99,148.0,1.526718,96.94000244140625,0.4300001036283918,0.44594284932714356,0.5381547483646649,10.0,0.14259448737260563,2.0,-0.18125143832496582,0.05
NFLX,2026-03-11,0.271233,99,150.0,1.547349,96.94000244140625,0.21999994931637712,0.4078257509497218,0.5381547483646649,10.0,0.14259448737260563,2.0,-0.18125143832496582,0.05
NFLX,2026-03-11,0.271233,99,152.0,1.56798,96.94000244140625,0.12000000004138878,0.3823521311188274,0.5381547483646649,10.0,0.14259448737260563,2.0,-0.18125143832496582,0.05
NFLX,2026-03-11,0.271233,99,154.0,1.588611,96.94000244140625,0.20000000002260876,0.4220071341532767,0.5381547483646649,10.0,0.14259448737260563,2.0,-0.18125143832496582,0.05
NFLX,2026-03-11,0.271233,99,155.0,1.598927,96.94000244140625,0.16000000026339722,0.4130088485620091,0.5381547483646649,10.0,0.14259448737260563,2.0,-0.18125143832496582,0.05
NFLX,2026-03-11,0.271233,99,156.0,1.609243,96.94000244140625,0.3499997624511919,0.4726313981068089,0.5381547483646649,10.0,0.14259448737260563,2.0,-0.18125143832496582,0.05
NFLX,2026-03-11,0.271233,99,158.0,1.629874,96.94000244140625,0.14000000378743582,0.41922744691356706,0.5381547483646649,10.0,0.14259448737260563,2.0,-0.18125143832496582,0.05
NFLX,2026-03-11,0.271233,99,160.0,1.650505,96.94000244140625,0.2000000003875706,0.45103868877408615,0.5381547483646649,10.0,0.14259448737260563,2.0,-0.18125143832496582,0.05
NFLX,2026-03-11,0.271233,99,162.0,1.671137,96.94000244140625,0.08000039167101103,0.40644695861754226,0.5381547483646649,10.0,0.14259448737260563,2.0,-0.18125143832496582,0.05
NFLX,2026-03-11,0.271233,99,164.0,1.691768,96.94000244140625,0.15000001012866981,0.450586034798179,0.5381547483646649,10.0,0.14259448737260563,2.0,-0.18125143832496582,0.05
NFLX,2026-03-11,0.271233,99,165.0,1.702084,96.94000244140625,0.21000000030948307,0.47757225527344804,0.5381547483646649,10.0,0.14259448737260563,2.0,-0.18125143832496582,0.05
NFLX,2026-03-11,0.271233,99,166.0,1.712399,96.94000244140625,0.13000003815792005,0.4504763877467543,0.5381547483646649,10.0,0.14259448737260563,2.0,-0.18125143832496582,0.05
NFLX,2026-03-11,0.271233,99,168.0,1.733031,96.94000244140625,0.12000007110432631,0.45414861333222956,0.5381547483646649,10.0,0.14259448737260563,2.0,-0.18125143832496582,0.05
NFLX,2026-03-11,0.271233,99,170.0,1.753662,96.94000244140625,0.10000029070929828,0.45172434298722536,0.5381547483646649,10.0,0.14259448737260563,2.0,-0.18125143832496582,0.05
NFLX,2026-03-11,0.271233,99,172.0,1.774293,96.94000244140625,0.24999955170531507,0.5218930326093125,0.5381547483646649,10.0,0.14259448737260563,2.0,-0.18125143832496582,0.05
NFLX,2026-03-11,0.271233,99,174.0,1.794925,96.94000244140625,0.0399999909517218,0.4205451471389294,0.5381547483646649,10.0,0.14259448737260563,2.0,-0.18125143832496582,0.05
NFLX,2026-03-11,0.350685,128,50.0,0.515783,96.94000244140625,48.00907324946437,0.5752424537657933,0.5381547483646649,10.0,0.14259448737260563,2.0,-0.18125143832496582,0.05
NFLX,2026-03-11,0.350685,128,55.0,0.567361,96.94000244140625,43.175980262429796,0.5317800447191068,0.5381547483646649,10.0,0.14259448737260563,2.0,-0.18125143832496582,0.05
NFLX,2026-03-11,0.350685,128,60.0,0.61894,96.94000244140625,38.512886220097734,0.522527701047431,0.5381547483646649,10.0,0.14259448737260563,2.0,-0.18125143832496582,0.05
NFLX,2026-03-11,0.350685,128,65.0,0.670518,96.94000244140625,33.87979559384999,0.4969331723128268,0.5381547483646649,10.0,0.14259448737260563,2.0,-0.18125143832496582,0.05
NFLX,2026-03-11,0.350685,128,70.0,0.722096,96.94000244140625,29.376702972768676,0.47403312273227516,0.5381547483646649,10.0,0.14259448737260563,2.0,-0.18125143832496582,0.05
NFLX,2026-03-11,0.350685,128,75.0,0.773674,96.94000244140625,25.05360898562494,0.4537481446267177,0.5381547483646649,10.0,0.14259448737260563,2.0,-0.18125143832496582,0.05
NFLX,2026-03-11,0.350685,128,80.0,0.825253,96.94000244140625,20.950516384318156,0.43461104236723813,0.5381547483646649,10.0,0.14259448737260563,2.0,-0.18125143832496582,0.05
NFLX,2026-03-11,0.350685,128,85.0,0.876831,96.94000244140625,17.167422758644356,0.4191190960758573,0.5381547483646649,10.0,0.14259448737260563,2.0,-0.18125143832496582,0.05
NFLX,2026-03-11,0.350685,128,90.0,0.928409,96.94000244140625,13.804329902593835,0.408369872899216,0.5381547483646649,10.0,0.14259448737260563,2.0,-0.18125143832496582,0.05
NFLX,2026-03-11,0.350685,128,95.0,0.979988,96.94000244140625,10.861236989328702,0.3992010809360628,0.5381547483646649,10.0,0.14259448737260563,2.0,-0.18125143832496582,0.05
NFLX,2026-03-11,0.350685,128,100.0,1.031566,96.94000244140625,8.000000012725508,0.3756958696782081,0.5381547483646649,10.0,0.14259448737260563,2.0,-0.18125143832496582,0.05
NFLX,2026-03-11,0.350685,128,105.0,1.083144,96.94000244140625,5.699999835857959,0.35843314463926923,0.5381547483646649,10.0,0.14259448737260563,2.0,-0.18125143832496582,0.05
NFLX,2026-03-11,0.350685,128,110.0,1.134722,96.94000244140625,4.309997491873283,0.3636397357764687,0.5381547483646649,10.0,0.14259448737260563,2.0,-0.18125143832496582,0.05
NFLX,2026-03-11,0.350685,128,115.0,1.186301,96.94000244140625,3.1000000007699775,0.36125557922262996,0.5381547483646649,10.0,0.14259448737260563,2.0,-0.18125143832496582,0.05
NFLX,2026-03-11,0.350685,128,120.0,1.237879,96.94000244140625,2.1400016314151316,0.35611044849498136,0.5381547483646649,10.0,0.14259448737260563,2.0,-0.18125143832496582,0.05
NFLX,2026-03-11,0.350685,128,125.0,1.289457,96.94000244140625,1.5700000000254786,0.36083541589176826,0.5381547483646649,10.0,0.14259448737260563,2.0,-0.18125143832496582,0.05
NFLX,2026-03-11,0.350685,128,130.0,1.341036,96.94000244140625,1.130000000188172,0.3635791105673361,0.5381547483646649,10.0,0.14259448737260563,2.0,-0.18125143832496582,0.05
NFLX,2026-03-11,0.350685,128,135.0,1.392614,96.94000244140625,0.8599978470395779,0.37144519998097547,0.5381547483646649,10.0,0.14259448737260563,2.0,-0.18125143832496582,0.05
NFLX,2026-03-11,0.350685,128,140.0,1.444192,96.94000244140625,0.6700000392098886,0.38033180155765894,0.5381547483646649,10.0,0.14259448737260563,2.0,-0.18125143832496582,0.05
NFLX,2026-03-11,0.350685,128,145.0,1.495771,96.94000244140625,0.6099997395954446,0.4006047173177066,0.5381547483646649,10.0,0.14259448737260563,2.0,-0.18125143832496582,0.05
NFLX,2026-03-11,0.350685,128,150.0,1.547349,96.94000244140625,0.3199993509404262,0.37870017112288235,0.5381547483646649,10.0,0.14259448737260563,2.0,-0.18125143832496582,0.05
NFLX,2026-03-11,0.350685,128,155.0,1.598927,96.94000244140625,0.330000101521307,0.404146584507383,0.5381547483646649,10.0,0.14259448737260563,2.0,-0.18125143832496582,0.05
NFLX,2026-03-11,0.350685,128,160.0,1.650505,96.94000244140625,0.24999993234877227,0.4077668427018967,0.5381547483646649,10.0,0.14259448737260563,2.0,-0.18125143832496582,0.05
NFLX,2026-03-11,0.350685,128,165.0,1.702084,96.94000244140625,0.17000000027704565,0.40470001400904415,0.5381547483646649,10.0,0.14259448737260563,2.0,-0.18125143832496582,0.05
NFLX,2026-03-11,0.350685,128,170.0,1.753662,96.94000244140625,0.2750000000467874,0.45520177120830335,0.5381547483646649,10.0,0.14259448737260563,2.0,-0.18125143832496582,0.05
NFLX,2026-03-11,0.446575,163,50.0,0.515783,96.94000244140625,48.32406861389986,0.5421167161617773,0.5381547483646649,10.0,0.14259448737260563,2.0,-0.18125143832496582,0.05
NFLX,2026-03-11,0.446575,163,55.0,0.567361,96.94000244140625,43.61447533386791,0.5202198932841587,0.5381547483646649,10.0,0.14259448737260563,2.0,-0.18125143832496582,0.05
NFLX,2026-03-11,0.446575,163,56.0,0.577677,96.94000244140625,42.796556653476415,0.5383148220898402,0.5381547483646649,10.0,0.14259448737260563,2.0,-0.18125143832496582,0.05
NFLX,2026-03-11,0.446575,163,58.0,0.598308,96.94000244140625,40.920719034407725,0.5237462105437669,0.5381547483646649,10.0,0.14259448737260563,2.0,-0.18125143832496582,0.05
NFLX,2026-03-11,0.446575,163,60.0,0.61894,96.94000244140625,39.03488037354365,0.5066497264024831,0.5381547483646649,10.0,0.14259448737260563,2.0,-0.18125143832496582,0.05
NFLX,2026-03-11,0.446575,163,61.0,0.629255,96.94000244140625,38.096964049411916,0.4986121295895751,0.5381547483646649,10.0,0.14259448737260563,2.0,-0.18125143832496582,0.05
NFLX,2026-03-11,0.446575,163,62.0,0.639571,96.94000244140625,37.1990451028734,0.4958571923572881,0.5381547483646649,10.0,0.14259448737260563,2.0,-0.18125143832496582,0.05
NFLX,2026-03-11,0.446575,163,63.0,0.649887,96.94000244140625,37.72112605749823,0.6375622321584705,0.5381547483646649,10.0,0.14259448737260563,2.0,-0.18125143832496582,0.05
NFLX,2026-03-11,0.446575,163,64.0,0.660202,96.94000244140625,35.433205543321236,0.49182163225774356,0.5381547483646649,10.0,0.14259448737260563,2.0,-0.18125143832496582,0.05
NFLX,2026-03-11,0.446575,163,65.0,0.670518,96.94000244140625,34.385288586966496,0.46959497715625154,0.5381547483646649,10.0,0.14259448737260563,2.0,-0.18125143832496582,0.05
NFLX,2026-03-11,0.446575,163,66.0,0.680833,96.94000244140625,33.65736966598607,0.48374652266788626,0.5381547483646649,10.0,0.14259448737260563,2.0,-0.18125143832496582,0.05
NFLX,2026-03-11,0.446575,163,67.0,0.691149,96.94000244140625,32.619451225559175,0.46339549679156306,0.5381547483646649,10.0,0.14259448737260563,2.0,-0.18125143832496582,0.05
NFLX,2026-03-11,0.446575,163,68.0,0.701465,96.94000244140625,31.971532563065075,0.4821281903168311,0.5381547483646649,10.0,0.14259448737260563,2.0,-0.18125143832496582,0.05
NFLX,2026-03-11,0.446575,163,69.0,0.71178,96.94000244140625,30.903613891412704,0.4594776096143791,0.5381547483646649,10.0,0.14259448737260563,2.0,-0.18125143832496582,0.05
NFLX,2026-03-11,0.446575,163,70.0,0.722096,96.94000244140625,30.225695157255906,0.4721454264415203,0.5381547483646649,10.0,0.14259448737260563,2.0,-0.18125143832496582,0.05
NFLX,2026-03-11,0.446575,163,71.0,0.732412,96.94000244140625,29.317776533382535,0.4636170388522296,0.5381547483646649,10.0,0.14259448737260563,2.0,-0.18125143832496582,0.05
NFLX,2026-03-11,0.446575,163,72.0,0.742727,96.94000244140625,28.549857904420435,0.4659512997698448,0.5381547483646649,10.0,0.14259448737260563,2.0,-0.18125143832496582,0.05
NFLX,2026-03-11,0.446575,163,73.0,0.753043,96.94000244140625,27.581939197813078,0.4521774857324619,0.5381547483646649,10.0,0.14259448737260563,2.0,-0.18125143832496582,0.05
NFLX,2026-03-11,0.446575,163,74.0,0.763359,96.94000244140625,26.77402051471281,0.4502675502534275,0.5381547483646649,10.0,0.14259448737260563,2.0,-0.18125143832496582,0.05
NFLX,2026-03-11,0.446575,163,75.0,0.773674,96.94000244140625,26.00610160540581,0.45043806188993,0.5381547483646649,10.0,0.14259448737260563,2.0,-0.18125143832496582,0.05
NFLX,2026-03-11,0.446575,163,76.0,0.78399,96.94000244140625,25.24818316216387,0.45040930738359236,0.5381547483646649,10.0,0.14259448737260563,2.0,-0.18125143832496582,0.05
NFLX,2026-03-11,0.446575,163,77.0,0.794306,96.94000244140625,24.370266131243667,0.4419262889596591,0.5381547483646649,10.0,0.14259448737260563,2.0,-0.18125143832496582,0.05
NFLX,2026-03-11,0.446575,163,78.0,0.804621,96.94000244140625,23.562345965019183,0.43756062621934544,0.5381547483646649,10.0,0.14259448737260563,2.0,-0.18125143832496582,0.05
NFLX,2026-03-11,0.446575,163,79.0,0.814937,96.94000244140625,22.984427143046943,0.44629699787610877,0.5381547483646649,10.0,0.14259448737260563,2.0,-0.18125143832496582,0.05
NFLX,2026-03-11,0.446575,163,80.0,0.825253,96.94000244140625,22.10650846674585,0.43658762466510503,0.5381547483646649,10.0,0.14259448737260563,2.0,-0.18125143832496582,0.05
NFLX,2026-03-11,0.446575,163,81.0,0.835568,96.94000244140625,21.528588042451133,0.4432246466965693,0.5381547483646649,10.0,0.14259448737260563,2.0,-0.18125143832496582,0.05
NFLX,2026-03-11,0.446575,163,82.0,0.845884,96.94000244140625,20.61067064514613,0.43062490791342994,0.5381547483646649,10.0,0.14259448737260563,2.0,-0.18125143832496582,0.05
NFLX,2026-03-11,0.446575,163,83.0,0.8562,96.94000244140625,19.982752420320274,0.43301418746902864,0.5381547483646649,10.0,0.14259448737260563,2.0,-0.18125143832496582,0.05
NFLX,2026-03-11,0.446575,163,84.0,0.866515,96.94000244140625,19.044833763163503,0.41894364403780554,0.5381547483646649,10.0,0.14259448737260563,2.0,-0.18125143832496582,0.05
NFLX,2026-03-11,0.446575,163,85.0,0.876831,96.94000244140625,18.566912761855356,0.4274517112535045,0.5381547483646649,10.0,0.14259448737260563,2.0,-0.18125143832496582,0.05
NFLX,2026-03-11,0.446575,163,86.0,0.887147,96.94000244140625,17.868996135294218,0.4243129207701083,0.5381547483646649,10.0,0.14259448737260563,2.0,-0.18125143832496582,0.05
NFLX,2026-03-11,0.446575,163,87.0,0.897462,96.94000244140625,17.22107775662927,0.42295542649781465,0.5381547483646649,10.0,0.14259448737260563,2.0,-0.18125143832496582,0.05
NFLX,2026-03-11,0.446575,163,88.0,0.907778,96.94000244140625,16.58315906960577,0.42143221732692104,0.5381547483646649,10.0,0.14259448737260563,2.0,-0.18125143832496582,0.05
NFLX,2026-03-11,0.446575,163,89.0,0.918094,96.94000244140625,15.755240394429904,0.41085609378174115,0.5381547483646649,10.0,0.14259448737260563,2.0,-0.18125143832496582,0.05
NFLX,2026-03-11,0.446575,163,90.0,0.928409,96.94000244140625,15.207321308191474,0.412244564978083,0.5381547483646649,10.0,0.14259448737260563,2.0,-0.18125143832496582,0.05
NFLX,2026-03-11,0.446575,163,91.0,0.938725,96.94000244140625,14.549403145054576,0.408213241545701,0.5381547483646649,10.0,0.14259448737260563,2.0,-0.18125143832496582,0.05
NFLX,2026-03-11,0.446575,163,92.0,0.949041,96.94000244140625,14.121484392899468,0.4133504912061701,0.5381547483646649,10.0,0.14259448737260563,2.0,-0.18125143832496582,0.05
NFLX,2026-03-11,0.446575,163,93.0,0.959356,96.94000244140625,13.543565758913687,0.41147901794116265,0.5381547483646649,10.0,0.14259448737260563,2.0,-0.18125143832496582,0.05
NFLX,2026-03-11,0.446575,163,94.0,0.969672,96.94000244140625,12.955647076008432,0.40863118183738145,0.5381547483646649,10.0,0.14259448737260563,2.0,-0.18125143832496582,0.05
NFLX,2026-03-11,0.446575,163,95.0,0.979988,96.94000244140625,12.48772834803981,0.4100888336306554,0.5381547483646649,10.0,0.14259448737260563,2.0,-0.18125143832496582,0.05
NFLX,2026-03-11,0.446575,163,96.0,0.990303,96.94000244140625,11.80980969034043,0.4025235162528101,0.5381547483646649,10.0,0.14259448737260563,2.0,-0.18125143832496582,0.05
NFLX,2026-03-11,0.446575,163,97.0,1.000619,96.94000244140625,10.450000037323534,0.3675198808198839,0.5381547483646649,10.0,0.14259448737260563,2.0,-0.18125143832496582,0.05
NFLX,2026-03-11,0.446575,163,98.0,1.010935,96.94000244140625,10.050000037620904,0.37016525461625266,0.5381547483646649,10.0,0.14259448737260563,2.0,-0.18125143832496582,0.05
NFLX,2026-03-11,0.446575,163,99.0,1.02125,96.94000244140625,10.140000000488648,0.3912753771711554,0.5381547483646649,10.0,0.14259448737260563,2.0,-0.18125143832496582,0.05
NFLX,2026-03-11,0.446575,163,100.0,1.031566,96.94000244140625,9.380000025697527,0.3785497365023117,0.5381547483646649,10.0,0.14259448737260563,2.0,-0.18125143832496582,0.05
NFLX,2026-03-11,0.446575,163,101.0,1.041882,96.94000244140625,8.950000058418006,0.3781166028667136,0.5381547483646649,10.0,0.14259448737260563,2.0,-0.18125143832496582,0.05
NFLX,2026-03-11,0.446575,163,102.0,1.052197,96.94000244140625,8.350000005781325,0.370527207627721,0.5381547483646649,10.0,0.14259448737260563,2.0,-0.18125143832496582,0.05
NFLX,2026-03-11,0.446575,163,103.0,1.062513,96.94000244140625,8.100000011598944,0.37591163570303915,0.5381547483646649,10.0,0.14259448737260563,2.0,-0.18125143832496582,0.05
NFLX,2026-03-11,0.446575,163,104.0,1.072829,96.94000244140625,7.700000058897565,0.3749283617811739,0.5381547483646649,10.0,0.14259448737260563,2.0,-0.18125143832496582,0.05
NFLX,2026-03-11,0.446575,163,105.0,1.083144,96.94000244140625,7.1500000591329,0.3675476029247523,0.5381547483646649,10.0,0.14259448737260563,2.0,-0.18125143832496582,0.05
NFLX,2026-03-11,0.446575,163,106.0,1.09346,96.94000244140625,6.950000020760989,0.37323937089593123,0.5381547483646649,10.0,0.14259448737260563,2.0,-0.18125143832496582,0.05
NFLX,2026-03-11,0.446575,163,107.0,1.103776,96.94000244140625,6.249998305676563,0.35876277163908277,0.5381547483646649,10.0,0.14259448737260563,2.0,-0.18125143832496582,0.05
NFLX,2026-03-11,0.446575,163,108.0,1.114091,96.94000244140625,6.29999975017752,0.37331185318703786,0.5381547483646649,10.0,0.14259448737260563,2.0,-0.18125143832496582,0.05
NFLX,2026-03-11,0.446575,163,109.0,1.124407,96.94000244140625,5.7000000000377185,0.36154450485884676,0.5381547483646649,10.0,0.14259448737260563,2.0,-0.18125143832496582,0.05
NFLX,2026-03-11,0.446575,163,110.0,1.134722,96.94000244140625,5.550000000866216,0.3672446477755894,0.5381547483646649,10.0,0.14259448737260563,2.0,-0.18125143832496582,0.05
NFLX,2026-03-11,0.446575,163,111.0,1.145038,96.94000244140625,5.250000018709045,0.3664115152945028,0.5381547483646649,10.0,0.14259448737260563,2.0,-0.18125143832496582,0.05
NFLX,2026-03-11,0.446575,163,112.0,1.155354,96.94000244140625,5.049999735372424,0.3692051172516264,0.5381547483646649,10.0,0.14259448737260563,2.0,-0.18125143832496582,0.05
NFLX,2026-03-11,0.446575,163,114.0,1.175985,96.94000244140625,4.399999997740547,0.36286163347148753,0.5381547483646649,10.0,0.14259448737260563,2.0,-0.18125143832496582,0.05
NFLX,2026-03-11,0.446575,163,115.0,1.186301,96.94000244140625,4.099999951384529,0.3598826044993361,0.5381547483646649,10.0,0.14259448737260563,2.0,-0.18125143832496582,0.05
NFLX,2026-03-11,0.446575,163,116.0,1.196616,96.94000244140625,4.349999954165547,0.38061036398359527,0.5381547483646649,10.0,0.14259448737260563,2.0,-0.18125143832496582,0.05
NFLX,2026-03-11,0.446575,163,118.0,1.217248,96.94000244140625,3.450000000188407,0.35890989312828125,0.5381547483646649,10.0,0.14259448737260563,2.0,-0.18125143832496582,0.05
NFLX,2026-03-11,0.446575,163,120.0,1.237879,96.94000244140625,3.25000002067015,0.367110194048251,0.5381547483646649,10.0,0.14259448737260563,2.0,-0.18125143832496582,0.05
NFLX,2026-03-11,0.446575,163,122.0,1.25851,96.94000244140625,2.75999686635614,0.3596157357002444,0.5381547483646649,10.0,0.14259448737260563,2.0,-0.18125143832496582,0.05
NFLX,2026-03-11,0.446575,163,124.0,1.279142,96.94000244140625,2.8099999868610475,0.3781514826094313,0.5381547483646649,10.0,0.14259448737260563,2.0,-0.18125143832496582,0.05
NFLX,2026-03-11,0.446575,163,125.0,1.289457,96.94000244140625,2.370000000024657,0.36245339796559173,0.5381547483646649,10.0,0.14259448737260563,2.0,-0.18125143832496582,0.05
NFLX,2026-03-11,0.446575,163,126.0,1.299773,96.94000244140625,2.529995974235554,0.3786958315816811,0.5381547483646649,10.0,0.14259448737260563,2.0,-0.18125143832496582,0.05
NFLX,2026-03-11,0.446575,163,128.0,1.320404,96.94000244140625,2.3400000070834643,0.3828500712554336,0.5381547483646649,10.0,0.14259448737260563,2.0,-0.18125143832496582,0.05
NFLX,2026-03-11,0.446575,163,130.0,1.341036,96.94000244140625,1.7999972817962266,0.364535449398404,0.5381547483646649,10.0,0.14259448737260563,2.0,-0.18125143832496582,0.05
NFLX,2026-03-11,0.446575,163,132.0,1.361667,96.94000244140625,1.9999996034358318,0.39036748847238567,0.5381547483646649,10.0,0.14259448737260563,2.0,-0.18125143832496582,0.05
NFLX,2026-03-11,0.446575,163,134.0,1.382298,96.94000244140625,1.9100000000268142,0.39774623226860095,0.5381547483646649,10.0,0.14259448737260563,2.0,-0.18125143832496582,0.05
NFLX,2026-03-11,0.446575,163,135.0,1.392614,96.94000244140625,1.6700002623140264,0.3882571819967735,0.5381547483646649,10.0,0.14259448737260563,2.0,-0.18125143832496582,0.05
NFLX,2026-03-11,0.446575,163,136.0,1.40293,96.94000244140625,1.5199999797171007,0.38395378490716203,0.5381547483646649,10.0,0.14259448737260563,2.0,-0.18125143832496582,0.05
NFLX,2026-03-11,0.446575,163,138.0,1.423561,96.94000244140625,1.3800029257366315,0.3855551672880395,0.5381547483646649,10.0,0.14259448737260563,2.0,-0.18125143832496582,0.05
NFLX,2026-03-11,0.446575,163,140.0,1.444192,96.94000244140625,1.1000001500629963,0.3745053344200245,0.5381547483646649,10.0,0.14259448737260563,2.0,-0.18125143832496582,0.05
NFLX,2026-03-11,0.446575,163,142.0,1.464824,96.94000244140625,1.0900002216396611,0.38451997381076164,0.5381547483646649,10.0,0.14259448737260563,2.0,-0.18125143832496582,0.05
NFLX,2026-03-11,0.446575,163,144.0,1.485455,96.94000244140625,1.1500000648708255,0.40035723881312363,0.5381547483646649,10.0,0.14259448737260563,2.0,-0.18125143832496582,0.05
NFLX,2026-03-11,0.446575,163,145.0,1.495771,96.94000244140625,1.0500005460645792,0.39679158808302395,0.5381547483646649,10.0,0.14259448737260563,2.0,-0.18125143832496582,0.05
NFLX,2026-03-11,0.446575,163,146.0,1.506086,96.94000244140625,1.0400006422073425,0.40102368531367927,0.5381547483646649,10.0,0.14259448737260563,2.0,-0.18125143832496582,0.05
NFLX,2026-03-11,0.446575,163,148.0,1.526718,96.94000244140625,0.7850000979273295,0.3858421267971699,0.5381547483646649,10.0,0.14259448737260563,2.0,-0.18125143832496582,0.05
NFLX,2026-03-11,0.446575,163,150.0,1.547349,96.94000244140625,0.6300000000211794,0.37760290592164236,0.5381547483646649,10.0,0.14259448737260563,2.0,-0.18125143832496582,0.05
NFLX,2026-03-11,0.446575,163,152.0,1.56798,96.94000244140625,0.30999998000881757,0.33910081552054855,0.5381547483646649,10.0,0.14259448737260563,2.0,-0.18125143832496582,0.05
NFLX,2026-03-11,0.446575,163,154.0,1.588611,96.94000244140625,0.6399995408945749,0.3968959044664323,0.5381547483646649,10.0,0.14259448737260563,2.0,-0.18125143832496582,0.05
NFLX,2026-03-11,0.446575,163,155.0,1.598927,96.94000244140625,0.5099996603833432,0.38399231710975706,0.5381547483646649,10.0,0.14259448737260563,2.0,-0.18125143832496582,0.05
NFLX,2026-03-11,0.446575,163,156.0,1.609243,96.94000244140625,0.5499998595099775,0.3938535423945923,0.5381547483646649,10.0,0.14259448737260563,2.0,-0.18125143832496582,0.05
NFLX,2026-03-11,0.446575,163,158.0,1.629874,96.94000244140625,0.389999975282854,0.377852948576505,0.5381547483646649,10.0,0.14259448737260563,2.0,-0.18125143832496582,0.05
NFLX,2026-03-11,0.446575,163,160.0,1.650505,96.94000244140625,0.42999867646545376,0.39253318854071123,0.5381547483646649,10.0,0.14259448737260563,2.0,-0.18125143832496582,0.05
NFLX,2026-03-11,0.446575,163,162.0,1.671137,96.94000244140625,0.32500003738961425,0.3817394181632019,0.5381547483646649,10.0,0.14259448737260563,2.0,-0.18125143832496582,0.05
NFLX,2026-03-11,0.446575,163,164.0,1.691768,96.94000244140625,0.6500002229150263,0.4405855901802741,0.5381547483646649,10.0,0.14259448737260563,2.0,-0.18125143832496582,0.05
NFLX,2026-03-11,0.446575,163,165.0,1.702084,96.94000244140625,0.4400000000139661,0.4138050874102075,0.5381547483646649,10.0,0.14259448737260563,2.0,-0.18125143832496582,0.05
NFLX,2026-03-11,0.446575,163,166.0,1.712399,96.94000244140625,0.11000000264516818,0.33856326438838685,0.5381547483646649,10.0,0.14259448737260563,2.0,-0.18125143832496582,0.05
NFLX,2026-03-11,0.446575,163,168.0,1.733031,96.94000244140625,0.4499998701110903,0.42688125440507746,0.5381547483646649,10.0,0.14259448737260563,2.0,-0.18125143832496582,0.05
NFLX,2026-03-11,0.446575,163,170.0,1.753662,96.94000244140625,0.0899997182040908,0.34272103805986825,0.5381547483646649,10.0,0.14259448737260563,2.0,-0.18125143832496582,0.05
NFLX,2026-03-11,0.446575,163,172.0,1.774293,96.94000244140625,0.29499990946849364,0.411984803705491,0.5381547483646649,10.0,0.14259448737260563,2.0,-0.18125143832496582,0.05
NFLX,2026-03-11,0.446575,163,174.0,1.794925,96.94000244140625,0.12000000004675027,0.3683661066859311,0.5381547483646649,10.0,0.14259448737260563,2.0,-0.18125143832496582,0.05
NFLX,2026-03-11,0.523288,191,50.0,0.515783,96.94000244140625,48.831255394631484,0.5801972110731588,0.5381547483646649,10.0,0.14259448737260563,2.0,-0.18125143832496582,0.05
NFLX,2026-03-11,0.523288,191,55.0,0.567361,96.94000244140625,44.020380700490634,0.520400706006216,0.5381547483646649,10.0,0.14259448737260563,2.0,-0.18125143832496582,0.05
NFLX,2026-03-11,0.523288,191,56.0,0.577677,96.94000244140625,43.13620526669022,0.5212926179316154,0.5381547483646649,10.0,0.14259448737260563,2.0,-0.18125143832496582,0.05
NFLX,2026-03-11,0.523288,191,58.0,0.598308,96.94000244140625,41.207856588173435,0.4972712171191843,0.5381547483646649,10.0,0.14259448737260563,2.0,-0.18125143832496582,0.05
NFLX,2026-03-11,0.523288,191,60.0,0.61894,96.94000244140625,39.52950615569195,0.5061979059417684,0.5381547483646649,10.0,0.14259448737260563,2.0,-0.18125143832496582,0.05
NFLX,2026-03-11,0.523288,191,61.0,0.629255,96.94000244140625,38.53533121734062,0.4902440360962595,0.5381547483646649,10.0,0.14259448737260563,2.0,-0.18125143832496582,0.05
NFLX,2026-03-11,0.523288,191,62.0,0.639571,96.94000244140625,37.65115843792384,0.4873150084565865,0.5381547483646649,10.0,0.14259448737260563,2.0,-0.18125143832496582,0.05
NFLX,2026-03-11,0.523288,191,63.0,0.649887,96.94000244140625,36.736981058175736,0.4805467885860703,0.5381547483646649,10.0,0.14259448737260563,2.0,-0.18125143832496582,0.05
NFLX,2026-03-11,0.523288,191,64.0,0.660202,96.94000244140625,35.842806389510876,0.4756128112094321,0.5381547483646649,10.0,0.14259448737260563,2.0,-0.18125143832496582,0.05
NFLX,2026-03-11,0.523288,191,65.0,0.670518,96.94000244140625,34.948633579961715,0.47028662705850294,0.5381547483646649,10.0,0.14259448737260563,2.0,-0.18125143832496582,0.05
NFLX,2026-03-11,0.523288,191,66.0,0.680833,96.94000244140625,34.14445653161191,0.4729483619307853,0.5381547483646649,10.0,0.14259448737260563,2.0,-0.18125143832496582,0.05
NFLX,2026-03-11,0.523288,191,67.0,0.691149,96.94000244140625,33.340279570503064,0.47441842846422544,0.5381547483646649,10.0,0.14259448737260563,2.0,-0.18125143832496582,0.05
NFLX,2026-03-11,0.523288,191,68.0,0.701465,96.94000244140625,32.35610535474941,0.4599926451631947,0.5381547483646649,10.0,0.14259448737260563,2.0,-0.18125143832496582,0.05
NFLX,2026-03-11,0.523288,191,69.0,0.71178,96.94000244140625,31.511931685329593,0.45717516134591074,0.5381547483646649,10.0,0.14259448737260563,2.0,-0.18125143832496582,0.05
NFLX,2026-03-11,0.523288,191,70.0,0.722096,96.94000244140625,30.69775738342063,0.4560942984957805,0.5381547483646649,10.0,0.14259448737260563,2.0,-0.18125143832496582,0.05
NFLX,2026-03-11,0.523288,191,71.0,0.732412,96.94000244140625,30.34358138043404,0.4866203521741821,0.5381547483646649,10.0,0.14259448737260563,2.0,-0.18125143832496582,0.05
NFLX,2026-03-11,0.523288,191,72.0,0.742727,96.94000244140625,29.159403976338247,0.4581038157366447,0.5381547483646649,10.0,0.14259448737260563,2.0,-0.18125143832496582,0.05
NFLX,2026-03-11,0.523288,191,73.0,0.753043,96.94000244140625,28.295231675419018,0.4515630257033137,0.5381547483646649,10.0,0.14259448737260563,2.0,-0.18125143832496582,0.05
NFLX,2026-03-11,0.523288,191,74.0,0.763359,96.94000244140625,27.49105701337338,0.4485992732695371,0.5381547483646649,10.0,0.14259448737260563,2.0,-0.18125143832496582,0.05
NFLX,2026-03-11,0.523288,191,75.0,0.773674,96.94000244140625,26.586878517993583,0.438961104744495,0.5381547483646649,10.0,0.14259448737260563,2.0,-0.18125143832496582,0.05
NFLX,2026-03-11,0.523288,191,76.0,0.78399,96.94000244140625,25.49270504253623,0.4176577955429477,0.5381547483646649,10.0,0.14259448737260563,2.0,-0.18125143832496582,0.05
NFLX,2026-03-11,0.523288,191,77.0,0.794306,96.94000244140625,25.178532217861594,0.44251100264141263,0.5381547483646649,10.0,0.14259448737260563,2.0,-0.18125143832496582,0.05
NFLX,2026-03-11,0.523288,191,78.0,0.804621,96.94000244140625,24.40435727011264,0.439202522634156,0.5381547483646649,10.0,0.14259448737260563,2.0,-0.18125143832496582,0.05
NFLX,2026-03-11,0.523288,191,79.0,0.814937,96.94000244140625,23.58018233153588,0.4327666690493337,0.5381547483646649,10.0,0.14259448737260563,2.0,-0.18125143832496582,0.05
NFLX,2026-03-11,0.523288,191,80.0,0.825253,96.94000244140625,22.806005367306824,0.4286347388898462,0.5381547483646649,10.0,0.14259448737260563,2.0,-0.18125143832496582,0.05
NFLX,2026-03-11,0.523288,191,81.0,0.835568,96.94000244140625,22.23183236499029,0.43407797836032663,0.5381547483646649,10.0,0.14259448737260563,2.0,-0.18125143832496582,0.05
NFLX,2026-03-11,0.523288,191,82.0,0.845884,96.94000244140625,21.357657500344004,0.42401515614074714,0.5381547483646649,10.0,0.14259448737260563,2.0,-0.18125143832496582,0.05
NFLX,2026-03-11,0.523288,191,83.0,0.8562,96.94000244140625,20.78348497536153,0.4280094422079381,0.5381547483646649,10.0,0.14259448737260563,2.0,-0.18125143832496582,0.05
NFLX,2026-03-11,0.523288,191,84.0,0.866515,96.94000244140625,20.059306273073375,0.4242781449016088,0.5381547483646649,10.0,0.14259448737260563,2.0,-0.18125143832496582,0.05
NFLX,2026-03-11,0.523288,191,85.0,0.876831,96.94000244140625,19.385132553132422,0.4223506783853605,0.5381547483646649,10.0,0.14259448737260563,2.0,-0.18125143832496582,0.05
NFLX,2026-03-11,0.523288,191,86.0,0.887147,96.94000244140625,18.560957779076652,0.41334774357419884,0.5381547483646649,10.0,0.14259448737260563,2.0,-0.18125143832496582,0.05
NFLX,2026-03-11,0.523288,191,87.0,0.897462,96.94000244140625,17.88678282735645,0.4105598369591299,0.5381547483646649,10.0,0.14259448737260563,2.0,-0.18125143832496582,0.05
NFLX,2026-03-11,0.523288,191,88.0,0.907778,96.94000244140625,17.31261350036052,0.41148242660196027,0.5381547483646649,10.0,0.14259448737260563,2.0,-0.18125143832496582,0.05
NFLX,2026-03-11,0.523288,191,89.0,0.918094,96.94000244140625,16.738432905498968,0.41177819766291157,0.5381547483646649,10.0,0.14259448737260563,2.0,-0.18125143832496582,0.05
NFLX,2026-03-11,0.523288,191,90.0,0.928409,96.94000244140625,16.16425801969418,0.4114878801622866,0.5381547483646649,10.0,0.14259448737260563,2.0,-0.18125143832496582,0.05
NFLX,2026-03-11,0.523288,191,91.0,0.938725,96.94000244140625,15.390083154900985,0.4027301666539696,0.5381547483646649,10.0,0.14259448737260563,2.0,-0.18125143832496582,0.05
NFLX,2026-03-11,0.523288,191,92.0,0.949041,96.94000244140625,14.975908378278412,0.4077180532431294,0.5381547483646649,10.0,0.14259448737260563,2.0,-0.18125143832496582,0.05
NFLX,2026-03-11,0.523288,191,93.0,0.959356,96.94000244140625,14.291733455619898,0.4016453708827553,0.5381547483646649,10.0,0.14259448737260563,2.0,-0.18125143832496582,0.05
NFLX,2026-03-11,0.523288,191,94.0,0.969672,96.94000244140625,14.047558356801957,0.4118644216276828,0.5381547483646649,10.0,0.14259448737260563,2.0,-0.18125143832496582,0.05
NFLX,2026-03-11,0.523288,191,95.0,0.979988,96.94000244140625,12.993383326639304,0.39098451180787797,0.5381547483646649,10.0,0.14259448737260563,2.0,-0.18125143832496582,0.05
NFLX,2026-03-11,0.523288,191,96.0,0.990303,96.94000244140625,12.869208471626422,0.4044915639384447,0.5381547483646649,10.0,0.14259448737260563,2.0,-0.18125143832496582,0.05
NFLX,2026-03-11,0.523288,191,97.0,1.000619,96.94000244140625,11.60000012110671,0.3751849903987422,0.5381547483646649,10.0,0.14259448737260563,2.0,-0.18125143832496582,0.05
NFLX,2026-03-11,0.523288,191,98.0,1.010935,96.94000244140625,11.200000118941603,0.37750037721917007,0.5381547483646649,10.0,0.14259448737260563,2.0,-0.18125143832496582,0.05
NFLX,2026-03-11,0.523288,191,99.0,1.02125,96.94000244140625,10.70000000831196,0.37564124602044413,0.5381547483646649,10.0,0.14259448737260563,2.0,-0.18125143832496582,0.05
NFLX,2026-03-11,0.523288,191,100.0,1.031566,96.94000244140625,10.150000007244813,0.3714877987288005,0.5381547483646649,10.0,0.14259448737260563,2.0,-0.18125143832496582,0.05
NFLX,2026-03-11,0.523288,191,101.0,1.041882,96.94000244140625,10.350000133743066,0.3937611302736087,0.5381547483646649,10.0,0.14259448737260563,2.0,-0.18125143832496582,0.05
NFLX,2026-03-11,0.523288,191,102.0,1.052197,96.94000244140625,9.900000185636983,0.39216235421215145,0.5381547483646649,10.0,0.14259448737260563,2.0,-0.18125143832496582,0.05
NFLX,2026-03-11,0.523288,191,103.0,1.062513,96.94000244140625,8.950000007982553,0.372227828195167,0.5381547483646649,10.0,0.14259448737260563,2.0,-0.18125143832496582,0.05
NFLX,2026-03-11,0.523288,191,104.0,1.072829,96.94000244140625,8.45000003953394,0.3679165107874037,0.5381547483646649,10.0,0.14259448737260563,2.0,-0.18125143832496582,0.05
NFLX,2026-03-11,0.523288,191,105.0,1.083144,96.94000244140625,8.030000191596073,0.3659802420676301,0.5381547483646649,10.0,0.14259448737260563,2.0,-0.18125143832496582,0.05
NFLX,2026-03-11,0.523288,191,106.0,1.09346,96.94000244140625,8.860000214845847,0.4084125906584822,0.5381547483646649,10.0,0.14259448737260563,2.0,-0.18125143832496582,0.05
NFLX,2026-03-11,0.523288,191,107.0,1.103776,96.94000244140625,7.350000205281432,0.36642662989933555,0.5381547483646649,10.0,0.14259448737260563,2.0,-0.18125143832496582,0.05
NFLX,2026-03-11,0.523288,191,108.0,1.114091,96.94000244140625,6.9500000535175275,0.36378125896246416,0.5381547483646649,10.0,0.14259448737260563,2.0,-0.18125143832496582,0.05
NFLX,2026-03-11,0.523288,191,109.0,1.124407,96.94000244140625,6.95000000617101,0.37526137001281334,0.5381547483646649,10.0,0.14259448737260563,2.0,-0.18125143832496582,0.05
NFLX,2026-03-11,0.523288,191,110.0,1.134722,96.94000244140625,6.249999420573488,0.36070449474284755,0.5381547483646649,10.0,0.14259448737260563,2.0,-0.18125143832496582,0.05
NFLX,2026-03-11,0.523288,191,111.0,1.145038,96.94000244140625,6.000001324578182,0.36218392319499026,0.5381547483646649,10.0,0.14259448737260563,2.0,-0.18125143832496582,0.05
NFLX,2026-03-11,0.523288,191,112.0,1.155354,96.94000244140625,5.700000001035978,0.36137801033437833,0.5381547483646649,10.0,0.14259448737260563,2.0,-0.18125143832496582,0.05
NFLX,2026-03-11,0.523288,191,114.0,1.175985,96.94000244140625,5.1999997285804795,0.3622820018073323,0.5381547483646649,10.0,0.14259448737260563,2.0,-0.18125143832496582,0.05
NFLX,2026-03-11,0.523288,191,115.0,1.186301,96.94000244140625,4.849997142314415,0.35821522566454644,0.5381547483646649,10.0,0.14259448737260563,2.0,-0.18125143832496582,0.05
NFLX,2026-03-11,0.523288,191,116.0,1.196616,96.94000244140625,4.599999998471237,0.35759168202642494,0.5381547483646649,10.0,0.14259448737260563,2.0,-0.18125143832496582,0.05
NFLX,2026-03-11,0.523288,191,118.0,1.217248,96.94000244140625,4.749999990449059,0.38148228098841247,0.5381547483646649,10.0,0.14259448737260563,2.0,-0.18125143832496582,0.05
NFLX,2026-03-11,0.523288,191,120.0,1.237879,96.94000244140625,3.700000000033917,0.35501885959687046,0.5381547483646649,10.0,0.14259448737260563,2.0,-0.18125143832496582,0.05
NFLX,2026-03-11,0.523288,191,122.0,1.25851,96.94000244140625,3.4000000094951695,0.35786737410161684,0.5381547483646649,10.0,0.14259448737260563,2.0,-0.18125143832496582,0.05
NFLX,2026-03-11,0.523288,191,124.0,1.279142,96.94000244140625,3.000001257339971,0.35481495556209963,0.5381547483646649,10.0,0.14259448737260563,2.0,-0.18125143832496582,0.05
NFLX,2026-03-11,0.523288,191,125.0,1.289457,96.94000244140625,2.980003460836244,0.3611792732235893,0.5381547483646649,10.0,0.14259448737260563,2.0,-0.18125143832496582,0.05
NFLX,2026-03-11,0.523288,191,126.0,1.299773,96.94000244140625,2.709999920667425,0.35536832110791794,0.5381547483646649,10.0,0.14259448737260563,2.0,-0.18125143832496582,0.05
NFLX,2026-03-11,0.523288,191,128.0,1.320404,96.94000244140625,2.7999997800102143,0.3736339371289062,0.5381547483646649,10.0,0.14259448737260563,2.0,-0.18125143832496582,0.05
NFLX,2026-03-11,0.523288,191,130.0,1.341036,96.94000244140625,2.2500000669375346,0.3587430654175713,0.5381547483646649,10.0,0.14259448737260563,2.0,-0.18125143832496582,0.05
NFLX,2026-03-11,0.523288,191,132.0,1.361667,96.94000244140625,2.2500007166337213,0.3714169654992957,0.5381547483646649,10.0,0.14259448737260563,2.0,-0.18125143832496582,0.05
NFLX,2026-03-11,0.523288,191,134.0,1.382298,96.94000244140625,2.179999989088145,0.37985502546462285,0.5381547483646649,10.0,0.14259448737260563,2.0,-0.18125143832496582,0.05
NFLX,2026-03-11,0.523288,191,135.0,1.392614,96.94000244140625,1.930003356381647,0.37147045873718565,0.5381547483646649,10.0,0.14259448737260563,2.0,-0.18125143832496582,0.05
NFLX,2026-03-11,0.523288,191,136.0,1.40293,96.94000244140625,1.7200000389816523,0.3645390714062636,0.5381547483646649,10.0,0.14259448737260563,2.0,-0.18125143832496582,0.05
NFLX,2026-03-11,0.523288,191,138.0,1.423561,96.94000244140625,1.8300000122755726,0.38265062987699594,0.5381547483646649,10.0,0.14259448737260563,2.0,-0.18125143832496582,0.05
NFLX,2026-03-11,0.523288,191,140.0,1.444192,96.94000244140625,1.6999965498043696,0.38548662860610194,0.5381547483646649,10.0,0.14259448737260563,2.0,-0.18125143832496582,0.05
NFLX,2026-03-11,0.523288,191,142.0,1.464824,96.94000244140625,1.4500014677877786,0.3793150747732402,0.5381547483646649,10.0,0.14259448737260563,2.0,-0.18125143832496582,0.05
NFLX,2026-03-11,0.523288,191,144.0,1.485455,96.94000244140625,1.1600002861371337,0.3679338277403473,0.5381547483646649,10.0,0.14259448737260563,2.0,-0.18125143832496582,0.05
NFLX,2026-03-11,0.523288,191,145.0,1.495771,96.94000244140625,1.380000005599058,0.38951988303822577,0.5381547483646649,10.0,0.14259448737260563,2.0,-0.18125143832496582,0.05
NFLX,2026-03-11,0.523288,191,146.0,1.506086,96.94000244140625,1.1000012764119944,0.3727933087604996,0.5381547483646649,10.0,0.14259448737260563,2.0,-0.18125143832496582,0.05
NFLX,2026-03-11,0.523288,191,148.0,1.526718,96.94000244140625,1.0499980988447515,0.37803025843849397,0.5381547483646649,10.0,0.14259448737260563,2.0,-0.18125143832496582,0.05
NFLX,2026-03-11,0.523288,191,150.0,1.547349,96.94000244140625,0.9099997702271265,0.3747397935574509,0.5381547483646649,10.0,0.14259448737260563,2.0,-0.18125143832496582,0.05
NFLX,2026-03-11,0.523288,191,152.0,1.56798,96.94000244140625,0.8500004382026765,0.3778513607671687,0.5381547483646649,10.0,0.14259448737260563,2.0,-0.18125143832496582,0.05
NFLX,2026-03-11,0.523288,191,154.0,1.588611,96.94000244140625,0.7900000152991691,0.3804226906916525,0.5381547483646649,10.0,0.14259448737260563,2.0,-0.18125143832496582,0.05
NFLX,2026-03-11,0.523288,191,155.0,1.598927,96.94000244140625,0.6499995961762366,0.36946146611415426,0.5381547483646649,10.0,0.14259448737260563,2.0,-0.18125143832496582,0.05
NFLX,2026-03-11,0.523288,191,156.0,1.609243,96.94000244140625,0.7400007607002284,0.38350088302356755,0.5381547483646649,10.0,0.14259448737260563,2.0,-0.18125143832496582,0.05
NFLX,2026-03-11,0.523288,191,158.0,1.629874,96.94000244140625,0.6600008238537347,0.38266982792420823,0.5381547483646649,10.0,0.14259448737260563,2.0,-0.18125143832496582,0.05
NFLX,2026-03-11,0.523288,191,160.0,1.650505,96.94000244140625,0.639998564329666,0.3881753296582687,0.5381547483646649,10.0,0.14259448737260563,2.0,-0.18125143832496582,0.05
NFLX,2026-03-11,0.523288,191,162.0,1.671137,96.94000244140625,0.5799996182868679,0.38844732662282105,0.5381547483646649,10.0,0.14259448737260563,2.0,-0.18125143832496582,0.05
NFLX,2026-03-11,0.523288,191,164.0,1.691768,96.94000244140625,0.6449999054881639,0.40404573898176654,0.5381547483646649,10.0,0.14259448737260563,2.0,-0.18125143832496582,0.05
NFLX,2026-03-11,0.523288,191,165.0,1.702084,96.94000244140625,0.8599999732952259,0.4319306305803453,0.5381547483646649,10.0,0.14259448737260563,2.0,-0.18125143832496582,0.05
NFLX,2026-03-11,0.523288,191,166.0,1.712399,96.94000244140625,1.3349999974861682,0.4797778662841299,0.5381547483646649,10.0,0.14259448737260563,2.0,-0.18125143832496582,0.05
NFLX,2026-03-11,0.523288,191,168.0,1.733031,96.94000244140625,0.5299985419789541,0.4037460257541026,0.5381547483646649,10.0,0.14259448737260563,2.0,-0.18125143832496582,0.05
NFLX,2026-03-11,0.523288,191,170.0,1.753662,96.94000244140625,0.48000015670552765,0.4035652805338809,0.5381547483646649,10.0,0.14259448737260563,2.0,-0.18125143832496582,0.05
NFLX,2026-03-11,0.523288,191,172.0,1.774293,96.94000244140625,0.40000000013385373,0.3977315229141672,0.5381547483646649,10.0,0.14259448737260563,2.0,-0.18125143832496582,0.05
NFLX,2026-03-11,0.523288,191,174.0,1.794925,96.94000244140625,0.4400000008048446,0.4109224561732237,0.5381547483646649,10.0,0.14259448737260563,2.0,-0.18125143832496582,0.05
NFLX,2026-03-11,0.772603,282,49.0,0.505467,96.94000244140625,50.686783205212464,0.5410206555574752,0.5381547483646649,10.0,0.14259448737260563,2.0,-0.18125143832496582,0.05
NFLX,2026-03-11,0.772603,282,50.0,0.515783,96.94000244140625,49.59467913431604,0.509761838920622,0.5381547483646649,10.0,0.14259448737260563,2.0,-0.18125143832496582,0.05
NFLX,2026-03-11,0.772603,282,51.0,0.526099,96.94000244140625,49.02257154219668,0.5470656618876293,0.5381547483646649,10.0,0.14259448737260563,2.0,-0.18125143832496582,0.05
NFLX,2026-03-11,0.772603,282,52.0,0.536414,96.94000244140625,47.76046491050904,0.4972181729598766,0.5381547483646649,10.0,0.14259448737260563,2.0,-0.18125143832496582,0.05
NFLX,2026-03-11,0.772603,282,53.0,0.54673,96.94000244140625,46.83835841865592,0.49005331666046437,0.5381547483646649,10.0,0.14259448737260563,2.0,-0.18125143832496582,0.05
NFLX,2026-03-11,0.772603,282,54.0,0.557046,96.94000244140625,46.086251930263956,0.5025310399672646,0.5381547483646649,10.0,0.14259448737260563,2.0,-0.18125143832496582,0.05
NFLX,2026-03-11,0.772603,282,55.0,0.567361,96.94000244140625,45.35414542102544,0.5141481675939201,0.5381547483646649,10.0,0.14259448737260563,2.0,-0.18125143832496582,0.05
NFLX,2026-03-11,0.772603,282,56.0,0.577677,96.94000244140625,44.262037751464725,0.488395833458302,0.5381547483646649,10.0,0.14259448737260563,2.0,-0.18125143832496582,0.05
NFLX,2026-03-11,0.772603,282,57.0,0.587993,96.94000244140625,43.40993242895383,0.4870638479031674,0.5381547483646649,10.0,0.14259448737260563,2.0,-0.18125143832496582,0.05
NFLX,2026-03-11,0.772603,282,58.0,0.598308,96.94000244140625,42.537823868045315,0.48327097758696014,0.5381547483646649,10.0,0.14259448737260563,2.0,-0.18125143832496582,0.05
NFLX,2026-03-11,0.772603,282,59.0,0.608624,96.94000244140625,41.715719504199214,0.4834919707935237,0.5381547483646649,10.0,0.14259448737260563,2.0,-0.18125143832496582,0.05
NFLX,2026-03-11,0.772603,282,60.0,0.61894,96.94000244140625,40.843612984607056,0.4788272274056337,0.5381547483646649,10.0,0.14259448737260563,2.0,-0.18125143832496582,0.05
NFLX,2026-03-11,0.772603,282,61.0,0.629255,96.94000244140625,39.87150649352397,0.465807411035281,0.5381547483646649,10.0,0.14259448737260563,2.0,-0.18125143832496582,0.05
NFLX,2026-03-11,0.772603,282,62.0,0.639571,96.94000244140625,39.04939907955214,0.4648460457999283,0.5381547483646649,10.0,0.14259448737260563,2.0,-0.18125143832496582,0.05
NFLX,2026-03-11,0.772603,282,63.0,0.649887,96.94000244140625,38.2072934862085,0.46181399434469717,0.5381547483646649,10.0,0.14259448737260563,2.0,-0.18125143832496582,0.05
NFLX,2026-03-11,0.772603,282,64.0,0.660202,96.94000244140625,37.62518702342265,0.4764337192051711,0.5381547483646649,10.0,0.14259448737260563,2.0,-0.18125143832496582,0.05
NFLX,2026-03-11,0.772603,282,65.0,0.670518,96.94000244140625,36.64308053130577,0.4627127215472334,0.5381547483646649,10.0,0.14259448737260563,2.0,-0.18125143832496582,0.05
NFLX,2026-03-11,0.772603,282,66.0,0.680833,96.94000244140625,35.62097404148578,0.44655970584063065,0.5381547483646649,10.0,0.14259448737260563,2.0,-0.18125143832496582,0.05
NFLX,2026-03-11,0.772603,282,67.0,0.691149,96.94000244140625,34.87886417602418,0.4486443331902297,0.5381547483646649,10.0,0.14259448737260563,2.0,-0.18125143832496582,0.05
NFLX,2026-03-11,0.772603,282,68.0,0.701465,96.94000244140625,34.25676104351926,0.4570536275026685,0.5381547483646649,10.0,0.14259448737260563,2.0,-0.18125143832496582,0.05
NFLX,2026-03-11,0.772603,282,69.0,0.71178,96.94000244140625,33.2446545539217,0.44183222796712246,0.5381547483646649,10.0,0.14259448737260563,2.0,-0.18125143832496582,0.05
NFLX,2026-03-11,0.772603,282,70.0,0.722096,96.94000244140625,32.58254880643452,0.44658204763070525,0.5381547483646649,10.0,0.14259448737260563,2.0,-0.18125143832496582,0.05
NFLX,2026-03-11,0.772603,282,71.0,0.732412,96.94000244140625,31.770441747433956,0.4423788408673764,0.5381547483646649,10.0,0.14259448737260563,2.0,-0.18125143832496582,0.05
NFLX,2026-03-11,0.772603,282,72.0,0.742727,96.94000244140625,30.968335118443655,0.43842510406284635,0.5381547483646649,10.0,0.14259448737260563,2.0,-0.18125143832496582,0.05
NFLX,2026-03-11,0.772603,282,73.0,0.753043,96.94000244140625,30.266228602809868,0.43919633348906445,0.5381547483646649,10.0,0.14259448737260563,2.0,-0.18125143832496582,0.05
NFLX,2026-03-11,0.772603,282,74.0,0.763359,96.94000244140625,29.414122110981516,0.4321229207295628,0.5381547483646649,10.0,0.14259448737260563,2.0,-0.18125143832496582,0.05
NFLX,2026-03-11,0.772603,282,75.0,0.773674,96.94000244140625,28.8320136805657,0.43763197082412875,0.5381547483646649,10.0,0.14259448737260563,2.0,-0.18125143832496582,0.05
NFLX,2026-03-11,0.772603,282,76.0,0.78399,96.94000244140625,28.06990881960791,0.4341251893413358,0.5381547483646649,10.0,0.14259448737260563,2.0,-0.18125143832496582,0.05
NFLX,2026-03-11,0.772603,282,77.0,0.794306,96.94000244140625,27.227802570076392,0.42678519242651286,0.5381547483646649,10.0,0.14259448737260563,2.0,-0.18125143832496582,0.05
NFLX,2026-03-11,0.772603,282,78.0,0.804621,96.94000244140625,26.575696143054316,0.42752433705443393,0.5381547483646649,10.0,0.14259448737260563,2.0,-0.18125143832496582,0.05
NFLX,2026-03-11,0.772603,282,79.0,0.814937,96.94000244140625,25.703590644719,0.4185267610158307,0.5381547483646649,10.0,0.14259448737260563,2.0,-0.18125143832496582,0.05
NFLX,2026-03-11,0.772603,282,80.0,0.825253,96.94000244140625,25.301482653920047,0.42868320932089743,0.5381547483646649,10.0,0.14259448737260563,2.0,-0.18125143832496582,0.05
NFLX,2026-03-11,0.772603,282,81.0,0.835568,96.94000244140625,24.509376586432154,0.422391426816313,0.5381547483646649,10.0,0.14259448737260563,2.0,-0.18125143832496582,0.05
NFLX,2026-03-11,0.772603,282,82.0,0.845884,96.94000244140625,23.99727018485232,0.426773347571085,0.5381547483646649,10.0,0.14259448737260563,2.0,-0.18125143832496582,0.05
NFLX,2026-03-11,0.772603,282,83.0,0.8562,96.94000244140625,22.98516369266695,0.4115871808075492,0.5381547483646649,10.0,0.14259448737260563,2.0,-0.18125143832496582,0.05
NFLX,2026-03-11,0.772603,282,84.0,0.866515,96.94000244140625,22.91305720136866,0.4314220577590413,0.5381547483646649,10.0,0.14259448737260563,2.0,-0.18125143832496582,0.05
NFLX,2026-03-11,0.772603,282,85.0,0.876831,96.94000244140625,22.110950785276216,0.42358425891808277,0.5381547483646649,10.0,0.14259448737260563,2.0,-0.18125143832496582,0.05
NFLX,2026-03-11,0.772603,282,86.0,0.887147,96.94000244140625,21.648845539828443,0.42768580737160833,0.5381547483646649,10.0,0.14259448737260563,2.0,-0.18125143832496582,0.05
NFLX,2026-03-11,0.772603,282,87.0,0.897462,96.94000244140625,20.68674007859653,0.41381499377744013,0.5381547483646649,10.0,0.14259448737260563,2.0,-0.18125143832496582,0.05
NFLX,2026-03-11,0.772603,282,88.0,0.907778,96.94000244140625,20.274636328864965,0.41886967738842923,0.5381547483646649,10.0,0.14259448737260563,2.0,-0.18125143832496582,0.05
NFLX,2026-03-11,0.772603,282,89.0,0.918094,96.94000244140625,19.21253040663997,0.40142547339931595,0.5381547483646649,10.0,0.14259448737260563,2.0,-0.18125143832496582,0.05
NFLX,2026-03-11,0.772603,282,90.0,0.928409,96.94000244140625,19.35042400094124,0.4240067083480519,0.5381547483646649,10.0,0.14259448737260563,2.0,-0.18125143832496582,0.05
NFLX,2026-03-11,0.772603,282,91.0,0.938725,96.94000244140625,18.108316896793887,0.4003687903358996,0.5381547483646649,10.0,0.14259448737260563,2.0,-0.18125143832496582,0.05
NFLX,2026-03-11,0.772603,282,92.0,0.949041,96.94000244140625,17.606208324306316,0.4009013622864704,0.5381547483646649,10.0,0.14259448737260563,2.0,-0.18125143832496582,0.05
NFLX,2026-03-11,0.772603,282,93.0,0.959356,96.94000244140625,17.464099003575903,0.4125289365718515,0.5381547483646649,10.0,0.14259448737260563,2.0,-0.18125143832496582,0.05
NFLX,2026-03-11,0.772603,282,94.0,0.969672,96.94000244140625,16.8419917684828,0.4083820157337873,0.5381547483646649,10.0,0.14259448737260563,2.0,-0.18125143832496582,0.05
NFLX,2026-03-11,0.772603,282,95.0,0.979988,96.94000244140625,16.35988612183082,0.40833921585150945,0.5381547483646649,10.0,0.14259448737260563,2.0,-0.18125143832496582,0.05
NFLX,2026-03-11,0.772603,282,96.0,0.990303,96.94000244140625,15.82778081071735,0.4064041691359291,0.5381547483646649,10.0,0.14259448737260563,2.0,-0.18125143832496582,0.05
NFLX,2026-03-11,0.772603,282,97.0,1.000619,96.94000244140625,14.30000111752144,0.37368173277181255,0.5381547483646649,10.0,0.14259448737260563,2.0,-0.18125143832496582,0.05
NFLX,2026-03-11,0.772603,282,98.0,1.010935,96.94000244140625,14.15000134385594,0.3829824135962206,0.5381547483646649,10.0,0.14259448737260563,2.0,-0.18125143832496582,0.05
NFLX,2026-03-11,0.772603,282,99.0,1.02125,96.94000244140625,13.750000611874334,0.3842594123547753,0.5381547483646649,10.0,0.14259448737260563,2.0,-0.18125143832496582,0.05
NFLX,2026-03-11,0.772603,282,100.0,1.031566,96.94000244140625,13.000000018180366,0.37469522397287136,0.5381547483646649,10.0,0.14259448737260563,2.0,-0.18125143832496582,0.05
NFLX,2026-03-11,0.772603,282,101.0,1.041882,96.94000244140625,12.790000053621696,0.38098381137798215,0.5381547483646649,10.0,0.14259448737260563,2.0,-0.18125143832496582,0.05
NFLX,2026-03-11,0.772603,282,102.0,1.052197,96.94000244140625,11.90000022501355,0.36671382037548556,0.5381547483646649,10.0,0.14259448737260563,2.0,-0.18125143832496582,0.05
NFLX,2026-03-11,0.772603,282,103.0,1.062513,96.94000244140625,12.540001075265401,0.3974521459037037,0.5381547483646649,10.0,0.14259448737260563,2.0,-0.18125143832496582,0.05
NFLX,2026-03-11,0.772603,282,104.0,1.072829,96.94000244140625,11.10000117014836,0.3663475483652246,0.5381547483646649,10.0,0.14259448737260563,2.0,-0.18125143832496582,0.05
NFLX,2026-03-11,0.772603,282,105.0,1.083144,96.94000244140625,10.65000067075048,0.3642019840166428,0.5381547483646649,10.0,0.14259448737260563,2.0,-0.18125143832496582,0.05
NFLX,2026-03-11,0.772603,282,106.0,1.09346,96.94000244140625,11.370000852649184,0.39616174501507834,0.5381547483646649,10.0,0.14259448737260563,2.0,-0.18125143832496582,0.05
NFLX,2026-03-11,0.772603,282,107.0,1.103776,96.94000244140625,10.349999598855263,0.37661207764247046,0.5381547483646649,10.0,0.14259448737260563,2.0,-0.18125143832496582,0.05
NFLX,2026-03-11,0.772603,282,108.0,1.114091,96.94000244140625,10.599999652600665,0.39413839489633623,0.5381547483646649,10.0,0.14259448737260563,2.0,-0.18125143832496582,0.05
NFLX,2026-03-11,0.772603,282,109.0,1.124407,96.94000244140625,10.250001118725486,0.39373134432134316,0.5381547483646649,10.0,0.14259448737260563,2.0,-0.18125143832496582,0.05
NFLX,2026-03-11,0.772603,282,110.0,1.134722,96.94000244140625,8.800004962837257,0.3605239131468731,0.5381547483646649,10.0,0.14259448737260563,2.0,-0.18125143832496582,0.05
NFLX,2026-03-11,0.772603,282,111.0,1.145038,96.94000244140625,9.550005156007373,0.39208471007999385,0.5381547483646649,10.0,0.14259448737260563,2.0,-0.18125143832496582,0.05
NFLX,2026-03-11,0.772603,282,112.0,1.155354,96.94000244140625,9.150006566145365,0.3893642892278529,0.5381547483646649,10.0,0.14259448737260563,2.0,-0.18125143832496582,0.05
NFLX,2026-03-11,0.772603,282,114.0,1.175985,96.94000244140625,8.150004563139277,0.37705120790797275,0.5381547483646649,10.0,0.14259448737260563,2.0,-0.18125143832496582,0.05
NFLX,2026-03-11,0.772603,282,115.0,1.186301,96.94000244140625,7.470001377836695,0.3649222256489607,0.5381547483646649,10.0,0.14259448737260563,2.0,-0.18125143832496582,0.05
NFLX,2026-03-11,0.772603,282,116.0,1.196616,96.94000244140625,7.250000288196869,0.3664004011202664,0.5381547483646649,10.0,0.14259448737260563,2.0,-0.18125143832496582,0.05
NFLX,2026-03-11,0.772603,282,118.0,1.217248,96.94000244140625,7.550000028314468,0.39144370968902,0.5381547483646649,10.0,0.14259448737260563,2.0,-0.18125143832496582,0.05
NFLX,2026-03-11,0.772603,282,120.0,1.237879,96.94000244140625,5.9999999892416795,0.3581799159081479,0.5381547483646649,10.0,0.14259448737260563,2.0,-0.18125143832496582,0.05
NFLX,2026-03-11,0.772603,282,122.0,1.25851,96.94000244140625,6.029999890569368,0.3734582217179052,0.5381547483646649,10.0,0.14259448737260563,2.0,-0.18125143832496582,0.05
NFLX,2026-03-11,0.772603,282,124.0,1.279142,96.94000244140625,5.989999154688732,0.3859752983319482,0.5381547483646649,10.0,0.14259448737260563,2.0,-0.18125143832496582,0.05
NFLX,2026-03-11,0.772603,282,125.0,1.289457,96.94000244140625,4.999999990052025,0.3599059314521722,0.5381547483646649,10.0,0.14259448737260563,2.0,-0.18125143832496582,0.05
NFLX,2026-03-11,0.772603,282,126.0,1.299773,96.94000244140625,5.449999997700004,0.3814840560819433,0.5381547483646649,10.0,0.14259448737260563,2.0,-0.18125143832496582,0.05
NFLX,2026-03-11,0.772603,282,128.0,1.320404,96.94000244140625,5.099999909869073,0.3823770726689844,0.5381547483646649,10.0,0.14259448737260563,2.0,-0.18125143832496582,0.05
NFLX,2026-03-11,0.772603,282,130.0,1.341036,96.94000244140625,4.100000000254074,0.3593078937815863,0.5381547483646649,10.0,0.14259448737260563,2.0,-0.18125143832496582,0.05
NFLX,2026-03-11,0.772603,282,132.0,1.361667,96.94000244140625,4.080000002354097,0.3700936428577016,0.5381547483646649,10.0,0.14259448737260563,2.0,-0.18125143832496582,0.05
NFLX,2026-03-11,0.772603,282,134.0,1.382298,96.94000244140625,4.000000024858874,0.3782978196676584,0.5381547483646649,10.0,0.14259448737260563,2.0,-0.18125143832496582,0.05
NFLX,2026-03-11,0.772603,282,135.0,1.392614,96.94000244140625,3.3500028373733457,0.35872814746918474,0.5381547483646649,10.0,0.14259448737260563,2.0,-0.18125143832496582,0.05
NFLX,2026-03-11,0.772603,282,136.0,1.40293,96.94000244140625,3.1999999921262123,0.3579664125784506,0.5381547483646649,10.0,0.14259448737260563,2.0,-0.18125143832496582,0.05
NFLX,2026-03-11,0.772603,282,138.0,1.423561,96.94000244140625,3.099999840750719,0.36408927084113796,0.5381547483646649,10.0,0.14259448737260563,2.0,-0.18125143832496582,0.05
NFLX,2026-03-11,0.772603,282,140.0,1.444192,96.94000244140625,2.9999978122616575,0.369815970367073,0.5381547483646649,10.0,0.14259448737260563,2.0,-0.18125143832496582,0.05
NFLX,2026-03-11,0.772603,282,142.0,1.464824,96.94000244140625,2.6700000112095506,0.36508654559375714,0.5381547483646649,10.0,0.14259448737260563,2.0,-0.18125143832496582,0.05
NFLX,2026-03-11,0.772603,282,144.0,1.485455,96.94000244140625,2.3799999931297506,0.36102230926098827,0.5381547483646649,10.0,0.14259448737260563,2.0,-0.18125143832496582,0.05
NFLX,2026-03-11,0.772603,282,145.0,1.495771,96.94000244140625,2.4099999901777984,0.3669057273533909,0.5381547483646649,10.0,0.14259448737260563,2.0,-0.18125143832496582,0.05
NFLX,2026-03-11,0.772603,282,146.0,1.506086,96.94000244140625,2.5500034418005875,0.37787402920142044,0.5381547483646649,10.0,0.14259448737260563,2.0,-0.18125143832496582,0.05
NFLX,2026-03-11,0.772603,282,148.0,1.526718,96.94000244140625,2.239995537481363,0.3718083508291605,0.5381547483646649,10.0,0.14259448737260563,2.0,-0.18125143832496582,0.05
NFLX,2026-03-11,0.772603,282,150.0,1.547349,96.94000244140625,1.9500002719993166,0.3654277446617383,0.5381547483646649,10.0,0.14259448737260563,2.0,-0.18125143832496582,0.05
NFLX,2026-03-11,0.772603,282,152.0,1.56798,96.94000244140625,1.9800006142378486,0.3751160776244644,0.5381547483646649,10.0,0.14259448737260563,2.0,-0.18125143832496582,0.05
NFLX,2026-03-11,0.772603,282,154.0,1.588611,96.94000244140625,1.8699999489492392,0.3771207550503612,0.5381547483646649,10.0,0.14259448737260563,2.0,-0.18125143832496582,0.05
NFLX,2026-03-11,0.772603,282,155.0,1.598927,96.94000244140625,1.889999959178013,0.3821021790090818,0.5381547483646649,10.0,0.14259448737260563,2.0,-0.18125143832496582,0.05
NFLX,2026-03-11,0.772603,282,156.0,1.609243,96.94000244140625,0.48000000319612646,0.28369141413535026,0.5381547483646649,10.0,0.14259448737260563,2.0,-0.18125143832496582,0.05
NFLX,2026-03-11,0.772603,282,158.0,1.629874,96.94000244140625,1.740003273705426,0.3850563379123279,0.5381547483646649,10.0,0.14259448737260563,2.0,-0.18125143832496582,0.05
NFLX,2026-03-11,0.772603,282,160.0,1.650505,96.94000244140625,1.3000025492930458,0.36507382124290166,0.5381547483646649,10.0,0.14259448737260563,2.0,-0.18125143832496582,0.05
NFLX,2026-03-11,0.772603,282,162.0,1.671137,96.94000244140625,1.5400000393505167,0.3875617091723907,0.5381547483646649,10.0,0.14259448737260563,2.0,-0.18125143832496582,0.05
NFLX,2026-03-11,0.772603,282,164.0,1.691768,96.94000244140625,1.1399998407204945,0.36759922713231113,0.5381547483646649,10.0,0.14259448737260563,2.0,-0.18125143832496582,0.05
NFLX,2026-03-11,0.772603,282,165.0,1.702084,96.94000244140625,1.2899969026770393,0.38154509253229607,0.5381547483646649,10.0,0.14259448737260563,2.0,-0.18125143832496582,0.05
NFLX,2026-03-11,0.772603,282,166.0,1.712399,96.94000244140625,0.4199999977304625,0.30711857812523785,0.5381547483646649,10.0,0.14259448737260563,2.0,-0.18125143832496582,0.05
NFLX,2026-03-11,0.772603,282,168.0,1.733031,96.94000244140625,1.1499998853881506,0.3814260035730104,0.5381547483646649,10.0,0.14259448737260563,2.0,-0.18125143832496582,0.05
NFLX,2026-03-11,0.772603,282,170.0,1.753662,96.94000244140625,1.199999972447463,0.3914977458727924,0.5381547483646649,10.0,0.14259448737260563,2.0,-0.18125143832496582,0.05
NFLX,2026-03-11,0.772603,282,172.0,1.774293,96.94000244140625,0.3599988999849786,0.3158089266728781,0.5381547483646649,10.0,0.14259448737260563,2.0,-0.18125143832496582,0.05
NFLX,2026-03-11,0.772603,282,174.0,1.794925,96.94000244140625,1.0200001602183484,0.39008171734953206,0.5381547483646649,10.0,0.14259448737260563,2.0,-0.18125143832496582,0.05
NFLX,2026-03-11,0.849315,310,49.0,0.505467,96.94000244140625,50.67726134463379,0.49194437419345916,0.5381547483646649,10.0,0.14259448737260563,2.0,-0.18125143832496582,0.05
NFLX,2026-03-11,0.849315,310,50.0,0.515783,96.94000244140625,49.898838056512666,0.5045853728745328,0.5381547483646649,10.0,0.14259448737260563,2.0,-0.18125143832496582,0.05
NFLX,2026-03-11,0.849315,310,51.0,0.526099,96.94000244140625,48.86041476567251,0.48197383786000797,0.5381547483646649,10.0,0.14259448737260563,2.0,-0.18125143832496582,0.05
NFLX,2026-03-11,0.849315,310,52.0,0.536414,96.94000244140625,48.09199148284369,0.4935899111469762,0.5381547483646649,10.0,0.14259448737260563,2.0,-0.18125143832496582,0.05
NFLX,2026-03-11,0.849315,310,53.0,0.54673,96.94000244140625,47.09356819695132,0.47691216288521965,0.5381547483646649,10.0,0.14259448737260563,2.0,-0.18125143832496582,0.05
NFLX,2026-03-11,0.849315,310,54.0,0.557046,96.94000244140625,46.475144830787194,0.5013212364252164,0.5381547483646649,10.0,0.14259448737260563,2.0,-0.18125143832496582,0.05
NFLX,2026-03-11,0.849315,310,55.0,0.567361,96.94000244140625,45.60672161483443,0.49771078075249203,0.5381547483646649,10.0,0.14259448737260563,2.0,-0.18125143832496582,0.05
NFLX,2026-03-11,0.849315,310,56.0,0.577677,96.94000244140625,44.59829831275712,0.4808583816660873,0.5381547483646649,10.0,0.14259448737260563,2.0,-0.18125143832496582,0.05
NFLX,2026-03-11,0.849315,310,57.0,0.587993,96.94000244140625,43.75987623472587,0.47982880506299597,0.5381547483646649,10.0,0.14259448737260563,2.0,-0.18125143832496582,0.05
NFLX,2026-03-11,0.849315,310,58.0,0.598308,96.94000244140625,42.891451779378194,0.47566262277786997,0.5381547483646649,10.0,0.14259448737260563,2.0,-0.18125143832496582,0.05
NFLX,2026-03-11,0.849315,310,59.0,0.608624,96.94000244140625,42.023028468928125,0.4712043804910772,0.5381547483646649,10.0,0.14259448737260563,2.0,-0.18125143832496582,0.05
NFLX,2026-03-11,0.849315,310,60.0,0.61894,96.94000244140625,41.22460451866942,0.4718968777642201,0.5381547483646649,10.0,0.14259448737260563,2.0,-0.18125143832496582,0.05
NFLX,2026-03-11,0.849315,310,61.0,0.629255,96.94000244140625,40.286181625879856,0.4615272080795004,0.5381547483646649,10.0,0.14259448737260563,2.0,-0.18125143832496582,0.05
NFLX,2026-03-11,0.849315,310,62.0,0.639571,96.94000244140625,39.54775949195192,0.4656089915596111,0.5381547483646649,10.0,0.14259448737260563,2.0,-0.18125143832496582,0.05
NFLX,2026-03-11,0.849315,310,63.0,0.649887,96.94000244140625,38.70933534357744,0.4619444095624729,0.5381547483646649,10.0,0.14259448737260563,2.0,-0.18125143832496582,0.05
NFLX,2026-03-11,0.849315,310,64.0,0.660202,96.94000244140625,37.91091203042587,0.46056608903958285,0.5381547483646649,10.0,0.14259448737260563,2.0,-0.18125143832496582,0.05
NFLX,2026-03-11,0.849315,310,65.0,0.670518,96.94000244140625,37.10248673664423,0.4580918050097201,0.5381547483646649,10.0,0.14259448737260563,2.0,-0.18125143832496582,0.05
NFLX,2026-03-11,0.849315,310,66.0,0.680833,96.94000244140625,36.354065399629526,0.45879890376023513,0.5381547483646649,10.0,0.14259448737260563,2.0,-0.18125143832496582,0.05
NFLX,2026-03-11,0.849315,310,67.0,0.691149,96.94000244140625,35.415642149379,0.44800038753610416,0.5381547483646649,10.0,0.14259448737260563,2.0,-0.18125143832496582,0.05
NFLX,2026-03-11,0.849315,310,68.0,0.701465,96.94000244140625,34.75721985526862,0.4529393060954708,0.5381547483646649,10.0,0.14259448737260563,2.0,-0.18125143832496582,0.05
NFLX,2026-03-11,0.849315,310,69.0,0.71178,96.94000244140625,33.958795800769366,0.44952109084308517,0.5381547483646649,10.0,0.14259448737260563,2.0,-0.18125143832496582,0.05
NFLX,2026-03-11,0.849315,310,70.0,0.722096,96.94000244140625,33.11037236252849,0.4432333589191863,0.5381547483646649,10.0,0.14259448737260563,2.0,-0.18125143832496582,0.05
NFLX,2026-03-11,0.849315,310,71.0,0.732412,96.94000244140625,32.42194901910074,0.4448180450008778,0.5381547483646649,10.0,0.14259448737260563,2.0,-0.18125143832496582,0.05
NFLX,2026-03-11,0.849315,310,72.0,0.742727,96.94000244140625,31.683525728974566,0.4433859116634833,0.5381547483646649,10.0,0.14259448737260563,2.0,-0.18125143832496582,0.05
NFLX,2026-03-11,0.849315,310,73.0,0.753043,96.94000244140625,30.805102769352786,0.4350153409563653,0.5381547483646649,10.0,0.14259448737260563,2.0,-0.18125143832496582,0.05
NFLX,2026-03-11,0.849315,310,74.0,0.763359,96.94000244140625,30.116677877864397,0.43528033036101604,0.5381547483646649,10.0,0.14259448737260563,2.0,-0.18125143832496582,0.05
NFLX,2026-03-11,0.849315,310,75.0,0.773674,96.94000244140625,29.508255784897784,0.4385555901463941,0.5381547483646649,10.0,0.14259448737260563,2.0,-0.18125143832496582,0.05
NFLX,2026-03-11,0.849315,310,76.0,0.78399,96.94000244140625,28.599832551923257,0.42838200138114824,0.5381547483646649,10.0,0.14259448737260563,2.0,-0.18125143832496582,0.05
NFLX,2026-03-11,0.849315,310,77.0,0.794306,96.94000244140625,27.891409288415602,0.4266174598471187,0.5381547483646649,10.0,0.14259448737260563,2.0,-0.18125143832496582,0.05
NFLX,2026-03-11,0.849315,310,78.0,0.804621,96.94000244140625,27.332984005291337,0.4305712083307072,0.5381547483646649,10.0,0.14259448737260563,2.0,-0.18125143832496582,0.05
NFLX,2026-03-11,0.849315,310,79.0,0.814937,96.94000244140625,25.90456807261895,0.399242009251938,0.5381547483646649,10.0,0.14259448737260563,2.0,-0.18125143832496582,0.05
NFLX,2026-03-11,0.849315,310,80.0,0.825253,96.94000244140625,25.966139406445514,0.4269875566128005,0.5381547483646649,10.0,0.14259448737260563,2.0,-0.18125143832496582,0.05
NFLX,2026-03-11,0.849315,310,81.0,0.835568,96.94000244140625,25.297710328350774,0.42525740381946475,0.5381547483646649,10.0,0.14259448737260563,2.0,-0.18125143832496582,0.05
NFLX,2026-03-11,0.849315,310,82.0,0.845884,96.94000244140625,24.649288711597386,0.42392815312028714,0.5381547483646649,10.0,0.14259448737260563,2.0,-0.18125143832496582,0.05
NFLX,2026-03-11,0.849315,310,83.0,0.8562,96.94000244140625,24.150869574413505,0.4276328551006461,0.5381547483646649,10.0,0.14259448737260563,2.0,-0.18125143832496582,0.05
NFLX,2026-03-11,0.849315,310,84.0,0.866515,96.94000244140625,23.612447187507165,0.42938339758886757,0.5381547483646649,10.0,0.14259448737260563,2.0,-0.18125143832496582,0.05
NFLX,2026-03-11,0.849315,310,85.0,0.876831,96.94000244140625,22.734025392042284,0.4189753241789611,0.5381547483646649,10.0,0.14259448737260563,2.0,-0.18125143832496582,0.05
NFLX,2026-03-11,0.849315,310,86.0,0.887147,96.94000244140625,22.16560620766002,0.41905940139022424,0.5381547483646649,10.0,0.14259448737260563,2.0,-0.18125143832496582,0.05
NFLX,2026-03-11,0.849315,310,87.0,0.897462,96.94000244140625,21.557171799261404,0.4174360888909647,0.5381547483646649,10.0,0.14259448737260563,2.0,-0.18125143832496582,0.05
NFLX,2026-03-11,0.849315,310,88.0,0.907778,96.94000244140625,21.048750666819878,0.4187734692923555,0.5381547483646649,10.0,0.14259448737260563,2.0,-0.18125143832496582,0.05
NFLX,2026-03-11,0.849315,310,89.0,0.918094,96.94000244140625,20.390326763708522,0.41487982866505985,0.5381547483646649,10.0,0.14259448737260563,2.0,-0.18125143832496582,0.05
NFLX,2026-03-11,0.849315,310,90.0,0.928409,96.94000244140625,19.83190073693215,0.41392379259013784,0.5381547483646649,10.0,0.14259448737260563,2.0,-0.18125143832496582,0.05
NFLX,2026-03-11,0.849315,310,91.0,0.938725,96.94000244140625,19.193489779779426,0.4101442500241367,0.5381547483646649,10.0,0.14259448737260563,2.0,-0.18125143832496582,0.05
NFLX,2026-03-11,0.849315,310,92.0,0.949041,96.94000244140625,18.615062749802426,0.4079769086183235,0.5381547483646649,10.0,0.14259448737260563,2.0,-0.18125143832496582,0.05
NFLX,2026-03-11,0.849315,310,93.0,0.959356,96.94000244140625,17.97663662082649,0.4036946250098899,0.5381547483646649,10.0,0.14259448737260563,2.0,-0.18125143832496582,0.05
NFLX,2026-03-11,0.849315,310,94.0,0.969672,96.94000244140625,17.45821246441225,0.4028021925622329,0.5381547483646649,10.0,0.14259448737260563,2.0,-0.18125143832496582,0.05
NFLX,2026-03-11,0.849315,310,95.0,0.979988,96.94000244140625,17.15979101547091,0.4081750199788093,0.5381547483646649,10.0,0.14259448737260563,2.0,-0.18125143832496582,0.05
NFLX,2026-03-11,0.849315,310,96.0,0.990303,96.94000244140625,16.601369434500334,0.40543029099714023,0.5381547483646649,10.0,0.14259448737260563,2.0,-0.18125143832496582,0.05
NFLX,2026-03-11,0.849315,310,97.0,1.000619,96.94000244140625,15.230002108397514,0.3785903524118776,0.5381547483646649,10.0,0.14259448737260563,2.0,-0.18125143832496582,0.05
NFLX,2026-03-11,0.849315,310,98.0,1.010935,96.94000244140625,14.81000219014549,0.37954243228813955,0.5381547483646649,10.0,0.14259448737260563,2.0,-0.18125143832496582,0.05
NFLX,2026-03-11,0.849315,310,99.0,1.02125,96.94000244140625,14.200001165308983,0.3746783026354462,0.5381547483646649,10.0,0.14259448737260563,2.0,-0.18125143832496582,0.05
NFLX,2026-03-11,0.849315,310,100.0,1.031566,96.94000244140625,13.650000153967376,0.37128254459631665,0.5381547483646649,10.0,0.14259448737260563,2.0,-0.18125143832496582,0.05
NFLX,2026-03-11,0.849315,310,101.0,1.041882,96.94000244140625,13.500000143850649,0.3790114000381617,0.5381547483646649,10.0,0.14259448737260563,2.0,-0.18125143832496582,0.05
NFLX,2026-03-11,0.849315,310,102.0,1.052197,96.94000244140625,13.000000013092695,0.37642955441395887,0.5381547483646649,10.0,0.14259448737260563,2.0,-0.18125143832496582,0.05
NFLX,2026-03-11,0.849315,310,103.0,1.062513,96.94000244140625,13.300000789563057,0.39619604937120656,0.5381547483646649,10.0,0.14259448737260563,2.0,-0.18125143832496582,0.05
NFLX,2026-03-11,0.849315,310,104.0,1.072829,96.94000244140625,13.250002333027105,0.405687167656129,0.5381547483646649,10.0,0.14259448737260563,2.0,-0.18125143832496582,0.05
NFLX,2026-03-11,0.849315,310,105.0,1.083144,96.94000244140625,11.650002090729494,0.3712390359895566,0.5381547483646649,10.0,0.14259448737260563,2.0,-0.18125143832496582,0.05
NFLX,2026-03-11,0.849315,310,106.0,1.09346,96.94000244140625,12.250002910768387,0.39843568493637804,0.5381547483646649,10.0,0.14259448737260563,2.0,-0.18125143832496582,0.05
NFLX,2026-03-11,0.849315,310,107.0,1.103776,96.94000244140625,10.649999684150771,0.36356672248733146,0.5381547483646649,10.0,0.14259448737260563,2.0,-0.18125143832496582,0.05
NFLX,2026-03-11,0.849315,310,108.0,1.114091,96.94000244140625,10.299999429061707,0.36351895563785347,0.5381547483646649,10.0,0.14259448737260563,2.0,-0.18125143832496582,0.05
NFLX,2026-03-11,0.849315,310,109.0,1.124407,96.94000244140625,10.000001236407584,0.36459820151238176,0.5381547483646649,10.0,0.14259448737260563,2.0,-0.18125143832496582,0.05
NFLX,2026-03-11,0.849315,310,110.0,1.134722,96.94000244140625,9.800003848666428,0.36822292257861794,0.5381547483646649,10.0,0.14259448737260563,2.0,-0.18125143832496582,0.05
NFLX,2026-03-11,0.849315,310,111.0,1.145038,96.94000244140625,10.20000489084417,0.3885004998691347,0.5381547483646649,10.0,0.14259448737260563,2.0,-0.18125143832496582,0.05
NFLX,2026-03-11,0.849315,310,112.0,1.155354,96.94000244140625,9.029993313808667,0.3642604417592481,0.5381547483646649,10.0,0.14259448737260563,2.0,-0.18125143832496582,0.05
NFLX,2026-03-11,0.849315,310,114.0,1.175985,96.94000244140625,8.399995283867248,0.3631989240342559,0.5381547483646649,10.0,0.14259448737260563,2.0,-0.18125143832496582,0.05
NFLX,2026-03-11,0.849315,310,115.0,1.186301,96.94000244140625,8.099993101818889,0.3627123595626996,0.5381547483646649,10.0,0.14259448737260563,2.0,-0.18125143832496582,0.05
NFLX,2026-03-11,0.849315,310,116.0,1.196616,96.94000244140625,7.980007846552311,0.367171510254451,0.5381547483646649,10.0,0.14259448737260563,2.0,-0.18125143832496582,0.05
NFLX,2026-03-11,0.849315,310,118.0,1.217248,96.94000244140625,7.55000163598595,0.36997767933598374,0.5381547483646649,10.0,0.14259448737260563,2.0,-0.18125143832496582,0.05
NFLX,2026-03-11,0.849315,310,120.0,1.237879,96.94000244140625,6.839999970754306,0.3636234327326891,0.5381547483646649,10.0,0.14259448737260563,2.0,-0.18125143832496582,0.05
NFLX,2026-03-11,0.849315,310,122.0,1.25851,96.94000244140625,6.520000000289741,0.36793150480392234,0.5381547483646649,10.0,0.14259448737260563,2.0,-0.18125143832496582,0.05
NFLX,2026-03-11,0.849315,310,124.0,1.279142,96.94000244140625,6.19999995440336,0.37151332178596086,0.5381547483646649,10.0,0.14259448737260563,2.0,-0.18125143832496582,0.05
NFLX,2026-03-11,0.849315,310,125.0,1.289457,96.94000244140625,5.719999013750407,0.3630821214629912,0.5381547483646649,10.0,0.14259448737260563,2.0,-0.18125143832496582,0.05
NFLX,2026-03-11,0.849315,310,126.0,1.299773,96.94000244140625,5.6699973470276355,0.3678048755616268,0.5381547483646649,10.0,0.14259448737260563,2.0,-0.18125143832496582,0.05
NFLX,2026-03-11,0.849315,310,128.0,1.320404,96.94000244140625,5.949996013876021,0.3889210673698553,0.5381547483646649,10.0,0.14259448737260563,2.0,-0.18125143832496582,0.05
NFLX,2026-03-11,0.849315,310,130.0,1.341036,96.94000244140625,4.66999919807688,0.359272376407448,0.5381547483646649,10.0,0.14259448737260563,2.0,-0.18125143832496582,0.05
NFLX,2026-03-11,0.849315,310,132.0,1.361667,96.94000244140625,4.859998761601744,0.3768899757075816,0.5381547483646649,10.0,0.14259448737260563,2.0,-0.18125143832496582,0.05
NFLX,2026-03-11,0.849315,310,134.0,1.382298,96.94000244140625,4.450000000093215,0.37386506758656185,0.5381547483646649,10.0,0.14259448737260563,2.0,-0.18125143832496582,0.05
NFLX,2026-03-11,0.849315,310,135.0,1.392614,96.94000244140625,3.970000014456197,0.36226185057101357,0.5381547483646649,10.0,0.14259448737260563,2.0,-0.18125143832496582,0.05
NFLX,2026-03-11,0.849315,310,136.0,1.40293,96.94000244140625,4.500000000418737,0.3861410029261376,0.5381547483646649,10.0,0.14259448737260563,2.0,-0.18125143832496582,0.05
NFLX,2026-03-11,0.849315,310,138.0,1.423561,96.94000244140625,3.8000003760759675,0.3712848501056264,0.5381547483646649,10.0,0.14259448737260563,2.0,-0.18125143832496582,0.05
NFLX,2026-03-11,0.849315,310,140.0,1.444192,96.94000244140625,3.3199999904927253,0.36283919058377656,0.5381547483646649,10.0,0.14259448737260563,2.0,-0.18125143832496582,0.05
NFLX,2026-03-11,0.849315,310,142.0,1.464824,96.94000244140625,3.3699999741709625,0.3741416858941714,0.5381547483646649,10.0,0.14259448737260563,2.0,-0.18125143832496582,0.05
NFLX,2026-03-11,0.849315,310,144.0,1.485455,96.94000244140625,3.1599987515940313,0.37492350597947965,0.5381547483646649,10.0,0.14259448737260563,2.0,-0.18125143832496582,0.05
NFLX,2026-03-11,0.849315,310,145.0,1.495771,96.94000244140625,2.9500000000879574,0.37077650712454596,0.5381547483646649,10.0,0.14259448737260563,2.0,-0.18125143832496582,0.05
NFLX,2026-03-11,0.849315,310,146.0,1.506086,96.94000244140625,3.1000041109318506,0.38132458696826516,0.5381547483646649,10.0,0.14259448737260563,2.0,-0.18125143832496582,0.05
NFLX,2026-03-11,0.849315,310,148.0,1.526718,96.94000244140625,2.870000009735165,0.3803155054405469,0.5381547483646649,10.0,0.14259448737260563,2.0,-0.18125143832496582,0.05
NFLX,2026-03-11,0.849315,310,150.0,1.547349,96.94000244140625,2.399999830098846,0.36782228494244606,0.5381547483646649,10.0,0.14259448737260563,2.0,-0.18125143832496582,0.05
NFLX,2026-03-11,0.849315,310,152.0,1.56798,96.94000244140625,2.0700000091570256,0.3600178063809639,0.5381547483646649,10.0,0.14259448737260563,2.0,-0.18125143832496582,0.05
NFLX,2026-03-11,0.849315,310,154.0,1.588611,96.94000244140625,2.040000126722605,0.3661630047821165,0.5381547483646649,10.0,0.14259448737260563,2.0,-0.18125143832496582,0.05
NFLX,2026-03-11,0.849315,310,155.0,1.598927,96.94000244140625,2.010000635545868,0.3684036742962242,0.5381547483646649,10.0,0.14259448737260563,2.0,-0.18125143832496582,0.05
NFLX,2026-03-11,0.849315,310,156.0,1.609243,96.94000244140625,2.190000009761924,0.38111464451211574,0.5381547483646649,10.0,0.14259448737260563,2.0,-0.18125143832496582,0.05
NFLX,2026-03-11,0.849315,310,158.0,1.629874,96.94000244140625,1.5000001134422885,0.35150281060543487,0.5381547483646649,10.0,0.14259448737260563,2.0,-0.18125143832496582,0.05
NFLX,2026-03-11,0.849315,310,160.0,1.650505,96.94000244140625,1.5600000386977264,0.361927785551801,0.5381547483646649,10.0,0.14259448737260563,2.0,-0.18125143832496582,0.05
NFLX,2026-03-11,0.849315,310,162.0,1.671137,96.94000244140625,1.6300000087655402,0.3728068780520601,0.5381547483646649,10.0,0.14259448737260563,2.0,-0.18125143832496582,0.05
NFLX,2026-03-11,0.849315,310,164.0,1.691768,96.94000244140625,1.7500000002659792,0.386386856243582,0.5381547483646649,10.0,0.14259448737260563,2.0,-0.18125143832496582,0.05
NFLX,2026-03-11,0.849315,310,165.0,1.702084,96.94000244140625,1.2799999878084591,0.36122651982707893,0.5381547483646649,10.0,0.14259448737260563,2.0,-0.18125143832496582,0.05
NFLX,2026-03-11,0.849315,310,166.0,1.712399,96.94000244140625,1.3299974291696,0.3676773522041895,0.5381547483646649,10.0,0.14259448737260563,2.0,-0.18125143832496582,0.05
NFLX,2026-03-11,0.849315,310,168.0,1.733031,96.94000244140625,1.3399972230970363,0.37464724312702874,0.5381547483646649,10.0,0.14259448737260563,2.0,-0.18125143832496582,0.05
NFLX,2026-03-11,0.849315,310,170.0,1.753662,96.94000244140625,1.19999984733938,0.37141862753320554,0.5381547483646649,10.0,0.14259448737260563,2.0,-0.18125143832496582,0.05
NFLX,2026-03-11,0.849315,310,172.0,1.774293,96.94000244140625,1.1399992096748983,0.3731901794499731,0.5381547483646649,10.0,0.14259448737260563,2.0,-0.18125143832496582,0.05
NFLX,2026-03-11,0.849315,310,174.0,1.794925,96.94000244140625,1.0300012784773704,0.37089279745632936,0.5381547483646649,10.0,0.14259448737260563,2.0,-0.18125143832496582,0.05
NFLX,2026-03-11,1.021918,373,50.0,0.515783,96.94000244140625,50.510624829898646,0.48741497368548325,0.5381547483646649,10.0,0.14259448737260563,2.0,-0.18125143832496582,0.05
NFLX,2026-03-11,1.021918,373,55.0,0.567361,96.94000244140625,46.15968723240167,0.46760234908337683,0.5381547483646649,10.0,0.14259448737260563,2.0,-0.18125143832496582,0.05
NFLX,2026-03-11,1.021918,373,60.0,0.61894,96.94000244140625,42.28874930411125,0.4738857364170807,0.5381547483646649,10.0,0.14259448737260563,2.0,-0.18125143832496582,0.05
NFLX,2026-03-11,1.021918,373,65.0,0.670518,96.94000244140625,37.73781149803898,0.4293963550523219,0.5381547483646649,10.0,0.14259448737260563,2.0,-0.18125143832496582,0.05
NFLX,2026-03-11,1.021918,373,70.0,0.722096,96.94000244140625,34.34687854564576,0.4412867183785561,0.5381547483646649,10.0,0.14259448737260563,2.0,-0.18125143832496582,0.05
NFLX,2026-03-11,1.021918,373,75.0,0.773674,96.94000244140625,30.72593316223122,0.4309386877818662,0.5381547483646649,10.0,0.14259448737260563,2.0,-0.18125143832496582,0.05
NFLX,2026-03-11,1.021918,373,80.0,0.825253,96.94000244140625,27.264998258897734,0.41970202245317295,0.5381547483646649,10.0,0.14259448737260563,2.0,-0.18125143832496582,0.05
NFLX,2026-03-11,1.021918,373,85.0,0.876831,96.94000244140625,24.424060492442713,0.4220268950629148,0.5381547483646649,10.0,0.14259448737260563,2.0,-0.18125143832496582,0.05
NFLX,2026-03-11,1.021918,373,90.0,0.928409,96.94000244140625,21.703118845465546,0.4200424415606255,0.5381547483646649,10.0,0.14259448737260563,2.0,-0.18125143832496582,0.05
NFLX,2026-03-11,1.021918,373,95.0,0.979988,96.94000244140625,18.22218592622435,0.3906352172114915,0.5381547483646649,10.0,0.14259448737260563,2.0,-0.18125143832496582,0.05
NFLX,2026-03-11,1.021918,373,100.0,1.031566,96.94000244140625,15.500001195648267,0.3773870921123252,0.5381547483646649,10.0,0.14259448737260563,2.0,-0.18125143832496582,0.05
NFLX,2026-03-11,1.021918,373,105.0,1.083144,96.94000244140625,13.30000347276443,0.37208574239009157,0.5381547483646649,10.0,0.14259448737260563,2.0,-0.18125143832496582,0.05
NFLX,2026-03-11,1.021918,373,110.0,1.134722,96.94000244140625,11.199997423871835,0.36357041891815717,0.5381547483646649,10.0,0.14259448737260563,2.0,-0.18125143832496582,0.05
NFLX,2026-03-11,1.021918,373,115.0,1.186301,96.94000244140625,9.799999998792146,0.3674896486608842,0.5381547483646649,10.0,0.14259448737260563,2.0,-0.18125143832496582,0.05
NFLX,2026-03-11,1.021918,373,120.0,1.237879,96.94000244140625,8.249999995976477,0.3624210738931074,0.5381547483646649,10.0,0.14259448737260563,2.0,-0.18125143832496582,0.05
NFLX,2026-03-11,1.021918,373,125.0,1.289457,96.94000244140625,7.000000012344785,0.3604063464899488,0.5381547483646649,10.0,0.14259448737260563,2.0,-0.18125143832496582,0.05
NFLX,2026-03-11,1.021918,373,130.0,1.341036,96.94000244140625,5.949999558164457,0.35941413517494897,0.5381547483646649,10.0,0.14259448737260563,2.0,-0.18125143832496582,0.05
NFLX,2026-03-11,1.021918,373,135.0,1.392614,96.94000244140625,5.449999983908047,0.37069084594890833,0.5381547483646649,10.0,0.14259448737260563,2.0,-0.18125143832496582,0.05
NFLX,2026-03-11,1.021918,373,140.0,1.444192,96.94000244140625,4.360000000699596,0.3605382321068473,0.5381547483646649,10.0,0.14259448737260563,2.0,-0.18125143832496582,0.05
NFLX,2026-03-11,1.021918,373,145.0,1.495771,96.94000244140625,3.7000019238892143,0.3600551656396727,0.5381547483646649,10.0,0.14259448737260563,2.0,-0.18125143832496582,0.05
NFLX,2026-03-11,1.021918,373,150.0,1.547349,96.94000244140625,3.4499999273269726,0.3712191570200561,0.5381547483646649,10.0,0.14259448737260563,2.0,-0.18125143832496582,0.05
NFLX,2026-03-11,1.021918,373,155.0,1.598927,96.94000244140625,3.0000000030485676,0.3729740548679599,0.5381547483646649,10.0,0.14259448737260563,2.0,-0.18125143832496582,0.05
NFLX,2026-03-11,1.268493,463,49.0,0.505467,96.94000244140625,52.676303982165194,0.5117267642456921,0.5381547483646649,10.0,0.14259448737260563,2.0,-0.18125143832496582,0.05
NFLX,2026-03-11,1.268493,463,50.0,0.515783,96.94000244140625,51.67276099549644,0.4948445957861983,0.5381547483646649,10.0,0.14259448737260563,2.0,-0.18125143832496582,0.05
NFLX,2026-03-11,1.268493,463,52.0,0.536414,96.94000244140625,51.52567139935048,0.5863654253169244,0.5381547483646649,10.0,0.14259448737260563,2.0,-0.18125143832496582,0.05
NFLX,2026-03-11,1.268493,463,54.0,0.557046,96.94000244140625,48.20858280390894,0.47138132634978364,0.5381547483646649,10.0,0.14259448737260563,2.0,-0.18125143832496582,0.05
NFLX,2026-03-11,1.268493,463,55.0,0.567361,96.94000244140625,47.990036812856374,0.5064208098041163,0.5381547483646649,10.0,0.14259448737260563,2.0,-0.18125143832496582,0.05
NFLX,2026-03-11,1.268493,463,56.0,0.577677,96.94000244140625,48.73149562031862,0.5860722422073117,0.5381547483646649,10.0,0.14259448737260563,2.0,-0.18125143832496582,0.05
NFLX,2026-03-11,1.268493,463,58.0,0.598308,96.94000244140625,45.50440291122928,0.4907904283738827,0.5381547483646649,10.0,0.14259448737260563,2.0,-0.18125143832496582,0.05
NFLX,2026-03-11,1.268493,463,60.0,0.61894,96.94000244140625,43.40731562309117,0.4565478560842401,0.5381547483646649,10.0,0.14259448737260563,2.0,-0.18125143832496582,0.05
NFLX,2026-03-11,1.268493,463,62.0,0.639571,96.94000244140625,41.51022472637493,0.434178446813851,0.5381547483646649,10.0,0.14259448737260563,2.0,-0.18125143832496582,0.05
NFLX,2026-03-11,1.268493,463,64.0,0.660202,96.94000244140625,40.36313339242816,0.4491784014633098,0.5381547483646649,10.0,0.14259448737260563,2.0,-0.18125143832496582,0.05
NFLX,2026-03-11,1.268493,463,65.0,0.670518,96.94000244140625,39.9345849273298,0.4616037610319235,0.5381547483646649,10.0,0.14259448737260563,2.0,-0.18125143832496582,0.05
NFLX,2026-03-11,1.268493,463,66.0,0.680833,96.94000244140625,39.18604303864793,0.4589129095637276,0.5381547483646649,10.0,0.14259448737260563,2.0,-0.18125143832496582,0.05
NFLX,2026-03-11,1.268493,463,68.0,0.701465,96.94000244140625,37.11895311891102,0.42917722998194513,0.5381547483646649,10.0,0.14259448737260563,2.0,-0.18125143832496582,0.05
NFLX,2026-03-11,1.268493,463,70.0,0.722096,96.94000244140625,36.26186155051167,0.4488011995085688,0.5381547483646649,10.0,0.14259448737260563,2.0,-0.18125143832496582,0.05
NFLX,2026-03-11,1.268493,463,72.0,0.742727,96.94000244140625,34.714774665402246,0.4393582416719249,0.5381547483646649,10.0,0.14259448737260563,2.0,-0.18125143832496582,0.05
NFLX,2026-03-11,1.268493,463,74.0,0.763359,96.94000244140625,33.76768471509515,0.45053670737067913,0.5381547483646649,10.0,0.14259448737260563,2.0,-0.18125143832496582,0.05
NFLX,2026-03-11,1.268493,463,75.0,0.773674,96.94000244140625,32.79913757728492,0.43836784685345936,0.5381547483646649,10.0,0.14259448737260563,2.0,-0.18125143832496582,0.05
NFLX,2026-03-11,1.268493,463,76.0,0.78399,96.94000244140625,32.16059951258116,0.4374439852019608,0.5381547483646649,10.0,0.14259448737260563,2.0,-0.18125143832496582,0.05
NFLX,2026-03-11,1.268493,463,78.0,0.804621,96.94000244140625,30.753505777130904,0.43064359622436726,0.5381547483646649,10.0,0.14259448737260563,2.0,-0.18125143832496582,0.05
NFLX,2026-03-11,1.268493,463,80.0,0.825253,96.94000244140625,29.806416085444795,0.4374245417425077,0.5381547483646649,10.0,0.14259448737260563,2.0,-0.18125143832496582,0.05
NFLX,2026-03-11,1.268493,463,82.0,0.845884,96.94000244140625,28.179326421208977,0.42240125141624724,0.5381547483646649,10.0,0.14259448737260563,2.0,-0.18125143832496582,0.05
NFLX,2026-03-11,1.268493,463,84.0,0.866515,96.94000244140625,27.132236779044426,0.4240185592099135,0.5381547483646649,10.0,0.14259448737260563,2.0,-0.18125143832496582,0.05
NFLX,2026-03-11,1.268493,463,85.0,0.876831,96.94000244140625,26.713691964343532,0.4273667786076888,0.5381547483646649,10.0,0.14259448737260563,2.0,-0.18125143832496582,0.05
NFLX,2026-03-11,1.268493,463,86.0,0.887147,96.94000244140625,25.33514713320762,0.4035632387945359,0.5381547483646649,10.0,0.14259448737260563,2.0,-0.18125143832496582,0.05
NFLX,2026-03-11,1.268493,463,88.0,0.907778,96.94000244140625,24.828057494918625,0.4183086946179355,0.5381547483646649,10.0,0.14259448737260563,2.0,-0.18125143832496582,0.05
NFLX,2026-03-11,1.268493,463,90.0,0.928409,96.94000244140625,24.170971085708636,0.4273225738822393,0.5381547483646649,10.0,0.14259448737260563,2.0,-0.18125143832496582,0.05
NFLX,2026-03-11,1.268493,463,92.0,0.949041,96.94000244140625,23.203886989123767,0.42702248025376655,0.5381547483646649,10.0,0.14259448737260563,2.0,-0.18125143832496582,0.05
NFLX,2026-03-11,1.268493,463,94.0,0.969672,96.94000244140625,22.166785298343797,0.4241126151506628,0.5381547483646649,10.0,0.14259448737260563,2.0,-0.18125143832496582,0.05
NFLX,2026-03-11,1.268493,463,95.0,0.979988,96.94000244140625,21.208243690733248,0.4113866671120187,0.5381547483646649,10.0,0.14259448737260563,2.0,-0.18125143832496582,0.05
NFLX,2026-03-11,1.268493,463,96.0,0.990303,96.94000244140625,21.18969886356389,0.42197565382249513,0.5381547483646649,10.0,0.14259448737260563,2.0,-0.18125143832496582,0.05
NFLX,2026-03-11,1.268493,463,98.0,1.010935,96.94000244140625,18.42999999970894,0.37573252750435066,0.5381547483646649,10.0,0.14259448737260563,2.0,-0.18125143832496582,0.05
NFLX,2026-03-11,1.268493,463,100.0,1.031566,96.94000244140625,17.499991136083004,0.37394560929427445,0.5381547483646649,10.0,0.14259448737260563,2.0,-0.18125143832496582,0.05
NFLX,2026-03-11,1.268493,463,102.0,1.052197,96.94000244140625,16.50000030530792,0.36972147840940073,0.5381547483646649,10.0,0.14259448737260563,2.0,-0.18125143832496582,0.05
NFLX,2026-03-11,1.268493,463,104.0,1.072829,96.94000244140625,16.020000528467698,0.3769432681415539,0.5381547483646649,10.0,0.14259448737260563,2.0,-0.18125143832496582,0.05
NFLX,2026-03-11,1.268493,463,105.0,1.083144,96.94000244140625,15.500000001256147,0.3736892649454149,0.5381547483646649,10.0,0.14259448737260563,2.0,-0.18125143832496582,0.05
NFLX,2026-03-11,1.268493,463,106.0,1.09346,96.94000244140625,16.16000183395746,0.3976953013818251,0.5381547483646649,10.0,0.14259448737260563,2.0,-0.18125143832496582,0.05
NFLX,2026-03-11,1.268493,463,108.0,1.114091,96.94000244140625,14.479999999909573,0.375398481924443,0.5381547483646649,10.0,0.14259448737260563,2.0,-0.18125143832496582,0.05
NFLX,2026-03-11,1.268493,463,110.0,1.134722,96.94000244140625,14.189999999074814,0.38459563988454504,0.5381547483646649,10.0,0.14259448737260563,2.0,-0.18125143832496582,0.05
NFLX,2026-03-11,1.268493,463,112.0,1.155354,96.94000244140625,13.399999998059315,0.38158124703748597,0.5381547483646649,10.0,0.14259448737260563,2.0,-0.18125143832496582,0.05
NFLX,2026-03-11,1.268493,463,114.0,1.175985,96.94000244140625,12.800010447846553,0.38227804200768645,0.5381547483646649,10.0,0.14259448737260563,2.0,-0.18125143832496582,0.05
NFLX,2026-03-11,1.268493,463,115.0,1.186301,96.94000244140625,11.96999137575584,0.37020778822469735,0.5381547483646649,10.0,0.14259448737260563,2.0,-0.18125143832496582,0.05
NFLX,2026-03-11,1.268493,463,116.0,1.196616,96.94000244140625,12.19999292684524,0.3823393626834531,0.5381547483646649,10.0,0.14259448737260563,2.0,-0.18125143832496582,0.05
NFLX,2026-03-11,1.268493,463,118.0,1.217248,96.94000244140625,11.119999998361777,0.3707086482794903,0.5381547483646649,10.0,0.14259448737260563,2.0,-0.18125143832496582,0.05
NFLX,2026-03-11,1.268493,463,120.0,1.237879,96.94000244140625,10.149999986044651,0.360896314610026,0.5381547483646649,10.0,0.14259448737260563,2.0,-0.18125143832496582,0.05
NFLX,2026-03-11,1.268493,463,122.0,1.25851,96.94000244140625,9.949999971527248,0.3683791411006538,0.5381547483646649,10.0,0.14259448737260563,2.0,-0.18125143832496582,0.05
NFLX,2026-03-11,1.268493,463,124.0,1.279142,96.94000244140625,10.149999961606998,0.3847745831947912,0.5381547483646649,10.0,0.14259448737260563,2.0,-0.18125143832496582,0.05
NFLX,2026-03-11,1.268493,463,125.0,1.289457,96.94000244140625,9.749999949825103,0.38106918453774113,0.5381547483646649,10.0,0.14259448737260563,2.0,-0.18125143832496582,0.05
NFLX,2026-03-11,1.268493,463,126.0,1.299773,96.94000244140625,9.599999944388596,0.38311519147831996,0.5381547483646649,10.0,0.14259448737260563,2.0,-0.18125143832496582,0.05
NFLX,2026-03-11,1.268493,463,128.0,1.320404,96.94000244140625,8.849999952012258,0.3761114208875927,0.5381547483646649,10.0,0.14259448737260563,2.0,-0.18125143832496582,0.05
NFLX,2026-03-11,1.268493,463,130.0,1.341036,96.94000244140625,8.199999981643842,0.37084073797622996,0.5381547483646649,10.0,0.14259448737260563,2.0,-0.18125143832496582,0.05
NFLX,2026-03-11,1.268493,463,132.0,1.361667,96.94000244140625,7.899999995921878,0.3735465535008371,0.5381547483646649,10.0,0.14259448737260563,2.0,-0.18125143832496582,0.05
NFLX,2026-03-11,1.268493,463,134.0,1.382298,96.94000244140625,7.600002813393104,0.3758297235510507,0.5381547483646649,10.0,0.14259448737260563,2.0,-0.18125143832496582,0.05
NFLX,2026-03-11,1.268493,463,135.0,1.392614,96.94000244140625,6.59000202875475,0.3550263203647147,0.5381547483646649,10.0,0.14259448737260563,2.0,-0.18125143832496582,0.05
NFLX,2026-03-11,1.268493,463,136.0,1.40293,96.94000244140625,7.020000085191022,0.3706117124319315,0.5381547483646649,10.0,0.14259448737260563,2.0,-0.18125143832496582,0.05
NFLX,2026-03-11,1.268493,463,138.0,1.423561,96.94000244140625,6.529999977060637,0.36706211544279116,0.5381547483646649,10.0,0.14259448737260563,2.0,-0.18125143832496582,0.05
NFLX,2026-03-11,1.268493,463,140.0,1.444192,96.94000244140625,6.249999318251504,0.3684649637002196,0.5381547483646649,10.0,0.14259448737260563,2.0,-0.18125143832496582,0.05
NFLX,2026-03-11,1.268493,463,142.0,1.464824,96.94000244140625,5.299999965464295,0.35125574296987416,0.5381547483646649,10.0,0.14259448737260563,2.0,-0.18125143832496582,0.05
NFLX,2026-03-11,1.268493,463,144.0,1.485455,96.94000244140625,5.82999999465758,0.3738974847468027,0.5381547483646649,10.0,0.14259448737260563,2.0,-0.18125143832496582,0.05
NFLX,2026-03-11,1.268493,463,145.0,1.495771,96.94000244140625,5.149999467443042,0.35911149742259674,0.5381547483646649,10.0,0.14259448737260563,2.0,-0.18125143832496582,0.05
NFLX,2026-03-11,1.268493,463,146.0,1.506086,96.94000244140625,4.050000006376717,0.3309509416578695,0.5381547483646649,10.0,0.14259448737260563,2.0,-0.18125143832496582,0.05
NFLX,2026-03-11,1.268493,463,148.0,1.526718,96.94000244140625,4.899991503095677,0.3635416478341926,0.5381547483646649,10.0,0.14259448737260563,2.0,-0.18125143832496582,0.05
NFLX,2026-03-11,1.268493,463,150.0,1.547349,96.94000244140625,4.530000001382504,0.360135257253846,0.5381547483646649,10.0,0.14259448737260563,2.0,-0.18125143832496582,0.05
NFLX,2026-03-11,1.268493,463,152.0,1.56798,96.94000244140625,4.480000007806087,0.3658452545629851,0.5381547483646649,10.0,0.14259448737260563,2.0,-0.18125143832496582,0.05
NFLX,2026-03-11,1.268493,463,154.0,1.588611,96.94000244140625,4.000000768860389,0.3581236064265415,0.5381547483646649,10.0,0.14259448737260563,2.0,-0.18125143832496582,0.05
NFLX,2026-03-11,1.268493,463,155.0,1.598927,96.94000244140625,4.200000308552312,0.36777419775587694,0.5381547483646649,10.0,0.14259448737260563,2.0,-0.18125143832496582,0.05
NFLX,2026-03-11,1.268493,463,156.0,1.609243,96.94000244140625,3.0999987224358296,0.3352735022267802,0.5381547483646649,10.0,0.14259448737260563,2.0,-0.18125143832496582,0.05
NFLX,2026-03-11,1.268493,463,158.0,1.629874,96.94000244140625,3.599999989380299,0.3586171155429397,0.5381547483646649,10.0,0.14259448737260563,2.0,-0.18125143832496582,0.05
NFLX,2026-03-11,1.268493,463,160.0,1.650505,96.94000244140625,3.669999984584349,0.3673557046451722,0.5381547483646649,10.0,0.14259448737260563,2.0,-0.18125143832496582,0.05
NFLX,2026-03-11,1.268493,463,162.0,1.671137,96.94000244140625,2.600002587245287,0.33588980267875024,0.5381547483646649,10.0,0.14259448737260563,2.0,-0.18125143832496582,0.05
NFLX,2026-03-11,1.268493,463,164.0,1.691768,96.94000244140625,2.549999985399797,0.33988620707723716,0.5381547483646649,10.0,0.14259448737260563,2.0,-0.18125143832496582,0.05
NFLX,2026-03-11,1.268493,463,166.0,1.712399,96.94000244140625,3.0500000087579515,0.364357479847248,0.5381547483646649,10.0,0.14259448737260563,2.0,-0.18125143832496582,0.05
NFLX,2026-03-11,1.268493,463,168.0,1.733031,96.94000244140625,2.850001257347108,0.3628110144054685,0.5381547483646649,10.0,0.14259448737260563,2.0,-0.18125143832496582,0.05
NFLX,2026-03-11,1.268493,463,170.0,1.753662,96.94000244140625,2.830005255965384,0.36772174498585647,0.5381547483646649,10.0,0.14259448737260563,2.0,-0.18125143832496582,0.05
NFLX,2026-03-11,1.268493,463,172.0,1.774293,96.94000244140625,1.2200041008956566,0.30111524675609463,0.5381547483646649,10.0,0.14259448737260563,2.0,-0.18125143832496582,0.05
NFLX,2026-03-11,1.268493,463,174.0,1.794925,96.94000244140625,2.5100000000708427,0.36621001067451736,0.5381547483646649,10.0,0.14259448737260563,2.0,-0.18125143832496582,0.05
NFLX,2026-03-11,1.769863,646,49.0,0.505467,96.94000244140625,55.63984282376683,0.5540129769233312,0.5381547483646649,10.0,0.14259448737260563,2.0,-0.18125143832496582,0.05
NFLX,2026-03-11,1.769863,646,50.0,0.515783,96.94000244140625,53.41453304756139,0.4688265746635586,0.5381547483646649,10.0,0.14259448737260563,2.0,-0.18125143832496582,0.05
NFLX,2026-03-11,1.769863,646,52.0,0.536414,96.94000244140625,54.00391468098472,0.5722200838046373,0.5381547483646649,10.0,0.14259448737260563,2.0,-0.18125143832496582,0.05
NFLX,2026-03-11,1.769863,646,54.0,0.557046,96.94000244140625,50.713295931954,0.4796648120084502,0.5381547483646649,10.0,0.14259448737260563,2.0,-0.18125143832496582,0.05
NFLX,2026-03-11,1.769863,646,55.0,0.567361,96.94000244140625,49.78798655111002,0.46871533078022576,0.5381547483646649,10.0,0.14259448737260563,2.0,-0.18125143832496582,0.05
NFLX,2026-03-11,1.769863,646,56.0,0.577677,96.94000244140625,50.672676174970235,0.5392621292947815,0.5381547483646649,10.0,0.14259448737260563,2.0,-0.18125143832496582,0.05
NFLX,2026-03-11,1.769863,646,58.0,0.598308,96.94000244140625,47.452062443878944,0.45725843831832846,0.5381547483646649,10.0,0.14259448737260563,2.0,-0.18125143832496582,0.05
NFLX,2026-03-11,1.769863,646,60.0,0.61894,96.94000244140625,45.62143547941741,0.43734484882191693,0.5381547483646649,10.0,0.14259448737260563,2.0,-0.18125143832496582,0.05
NFLX,2026-03-11,1.769863,646,62.0,0.639571,96.94000244140625,44.9908202926795,0.46629523480324864,0.5381547483646649,10.0,0.14259448737260563,2.0,-0.18125143832496582,0.05
NFLX,2026-03-11,1.769863,646,64.0,0.660202,96.94000244140625,43.41020211295886,0.4553722176610413,0.5381547483646649,10.0,0.14259448737260563,2.0,-0.18125143832496582,0.05
NFLX,2026-03-11,1.769863,646,65.0,0.670518,96.94000244140625,42.3948927249064,0.4416917088657532,0.5381547483646649,10.0,0.14259448737260563,2.0,-0.18125143832496582,0.05
NFLX,2026-03-11,1.769863,646,66.0,0.680833,96.94000244140625,44.67958217193545,0.540664419594609,0.5381547483646649,10.0,0.14259448737260563,2.0,-0.18125143832496582,0.05
NFLX,2026-03-11,1.769863,646,68.0,0.701465,96.94000244140625,41.398964357510714,0.4715624246658574,0.5381547483646649,10.0,0.14259448737260563,2.0,-0.18125143832496582,0.05
NFLX,2026-03-11,1.769863,646,70.0,0.722096,96.94000244140625,39.298345655774845,0.44245772576528414,0.5381547483646649,10.0,0.14259448737260563,2.0,-0.18125143832496582,0.05
NFLX,2026-03-11,1.769863,646,72.0,0.742727,96.94000244140625,37.887726477880584,0.4356988855866477,0.5381547483646649,10.0,0.14259448737260563,2.0,-0.18125143832496582,0.05
NFLX,2026-03-11,1.769863,646,74.0,0.763359,96.94000244140625,36.207107444630296,0.42054478807325696,0.5381547483646649,10.0,0.14259448737260563,2.0,-0.18125143832496582,0.05
NFLX,2026-03-11,1.769863,646,75.0,0.773674,96.94000244140625,35.791797706259636,0.4253955275919478,0.5381547483646649,10.0,0.14259448737260563,2.0,-0.18125143832496582,0.05
NFLX,2026-03-11,1.769863,646,76.0,0.78399,96.94000244140625,35.5764882599583,0.4354484026762899,0.5381547483646649,10.0,0.14259448737260563,2.0,-0.18125143832496582,0.05
NFLX,2026-03-11,1.769863,646,78.0,0.804621,96.94000244140625,34.29586981698525,0.430635053903725,0.5381547483646649,10.0,0.14259448737260563,2.0,-0.18125143832496582,0.05
NFLX,2026-03-11,1.769863,646,80.0,0.825253,96.94000244140625,33.21525155681929,0.4305776225440247,0.5381547483646649,10.0,0.14259448737260563,2.0,-0.18125143832496582,0.05
NFLX,2026-03-11,1.769863,646,82.0,0.845884,96.94000244140625,32.364633174245256,0.4355752955505326,0.5381547483646649,10.0,0.14259448737260563,2.0,-0.18125143832496582,0.05
NFLX,2026-03-11,1.769863,646,84.0,0.866515,96.94000244140625,31.254014525180324,0.4331101184711737,0.5381547483646649,10.0,0.14259448737260563,2.0,-0.18125143832496582,0.05
NFLX,2026-03-11,1.769863,646,85.0,0.876831,96.94000244140625,30.25870514518045,0.4209413875431674,0.5381547483646649,10.0,0.14259448737260563,2.0,-0.18125143832496582,0.05
NFLX,2026-03-11,1.769863,646,86.0,0.887147,96.94000244140625,30.023385657964134,0.42717915905615916,0.5381547483646649,10.0,0.14259448737260563,2.0,-0.18125143832496582,0.05
NFLX,2026-03-11,1.769863,646,88.0,0.907778,96.94000244140625,28.51277358686375,0.41429459929987605,0.5381547483646649,10.0,0.14259448737260563,2.0,-0.18125143832496582,0.05
NFLX,2026-03-11,1.769863,646,90.0,0.928409,96.94000244140625,28.202158288045503,0.42879523827963745,0.5381547483646649,10.0,0.14259448737260563,2.0,-0.18125143832496582,0.05
NFLX,2026-03-11,1.769863,646,92.0,0.949041,96.94000244140625,26.951539454211556,0.4209742630823117,0.5381547483646649,10.0,0.14259448737260563,2.0,-0.18125143832496582,0.05
NFLX,2026-03-11,1.769863,646,94.0,0.969672,96.94000244140625,26.550920694486777,0.4315080829617484,0.5381547483646649,10.0,0.14259448737260563,2.0,-0.18125143832496582,0.05
NFLX,2026-03-11,1.769863,646,95.0,0.979988,96.94000244140625,25.205611325043705,0.411499823705874,0.5381547483646649,10.0,0.14259448737260563,2.0,-0.18125143832496582,0.05
NFLX,2026-03-11,1.769863,646,96.0,0.990303,96.94000244140625,24.780301955445346,0.41153092529388663,0.5381547483646649,10.0,0.14259448737260563,2.0,-0.18125143832496582,0.05
NFLX,2026-03-11,1.769863,646,98.0,1.010935,96.94000244140625,22.94999999784217,0.3904237375547615,0.5381547483646649,10.0,0.14259448737260563,2.0,-0.18125143832496582,0.05
NFLX,2026-03-11,1.769863,646,100.0,1.031566,96.94000244140625,21.26999999981288,0.3725611443448956,0.5381547483646649,10.0,0.14259448737260563,2.0,-0.18125143832496582,0.05
NFLX,2026-03-11,1.769863,646,102.0,1.052197,96.94000244140625,20.350002268613736,0.37020042156176336,0.5381547483646649,10.0,0.14259448737260563,2.0,-0.18125143832496582,0.05
NFLX,2026-03-11,1.769863,646,104.0,1.072829,96.94000244140625,19.550009017042818,0.36974809914281603,0.5381547483646649,10.0,0.14259448737260563,2.0,-0.18125143832496582,0.05
NFLX,2026-03-11,1.769863,646,105.0,1.083144,96.94000244140625,20.34999375681977,0.3935081404243773,0.5381547483646649,10.0,0.14259448737260563,2.0,-0.18125143832496582,0.05
NFLX,2026-03-11,1.769863,646,106.0,1.09346,96.94000244140625,19.500004733892617,0.38378098946777095,0.5381547483646649,10.0,0.14259448737260563,2.0,-0.18125143832496582,0.05
NFLX,2026-03-11,1.769863,646,108.0,1.114091,96.94000244140625,19.249990466383323,0.39307630845937,0.5381547483646649,10.0,0.14259448737260563,2.0,-0.18125143832496582,0.05
NFLX,2026-03-11,1.769863,646,110.0,1.134722,96.94000244140625,17.500002201902987,0.3720979401558522,0.5381547483646649,10.0,0.14259448737260563,2.0,-0.18125143832496582,0.05
NFLX,2026-03-11,1.769863,646,112.0,1.155354,96.94000244140625,17.349999999906196,0.38230606776001497,0.5381547483646649,10.0,0.14259448737260563,2.0,-0.18125143832496582,0.05
NFLX,2026-03-11,1.769863,646,114.0,1.175985,96.94000244140625,17.159999998604775,0.39117217294317763,0.5381547483646649,10.0,0.14259448737260563,2.0,-0.18125143832496582,0.05
NFLX,2026-03-11,1.769863,646,115.0,1.186301,96.94000244140625,16.40999999546711,0.3826187966623819,0.5381547483646649,10.0,0.14259448737260563,2.0,-0.18125143832496582,0.05
NFLX,2026-03-11,1.769863,646,116.0,1.196616,96.94000244140625,15.939999990276618,0.3794435285974389,0.5381547483646649,10.0,0.14259448737260563,2.0,-0.18125143832496582,0.05
NFLX,2026-03-11,1.769863,646,118.0,1.217248,96.94000244140625,14.400000444239815,0.36112101674463953,0.5381547483646649,10.0,0.14259448737260563,2.0,-0.18125143832496582,0.05
NFLX,2026-03-11,1.769863,646,120.0,1.237879,96.94000244140625,13.979999942274574,0.36415334941852007,0.5381547483646649,10.0,0.14259448737260563,2.0,-0.18125143832496582,0.05
NFLX,2026-03-11,1.769863,646,122.0,1.25851,96.94000244140625,12.499996824379515,0.3461150378499935,0.5381547483646649,10.0,0.14259448737260563,2.0,-0.18125143832496582,0.05
NFLX,2026-03-11,1.769863,646,124.0,1.279142,96.94000244140625,13.449996869070162,0.37499448012552844,0.5381547483646649,10.0,0.14259448737260563,2.0,-0.18125143832496582,0.05
NFLX,2026-03-11,1.769863,646,125.0,1.289457,96.94000244140625,12.999992492956686,0.3712711732909786,0.5381547483646649,10.0,0.14259448737260563,2.0,-0.18125143832496582,0.05
NFLX,2026-03-11,1.769863,646,126.0,1.299773,96.94000244140625,12.949988619881438,0.375254898464635,0.5381547483646649,10.0,0.14259448737260563,2.0,-0.18125143832496582,0.05
NFLX,2026-03-11,1.769863,646,128.0,1.320404,96.94000244140625,12.640000000088762,0.378859385897445,0.5381547483646649,10.0,0.14259448737260563,2.0,-0.18125143832496582,0.05
NFLX,2026-03-11,1.769863,646,130.0,1.341036,96.94000244140625,10.999999724893812,0.3558842805969938,0.5381547483646649,10.0,0.14259448737260563,2.0,-0.18125143832496582,0.05
NFLX,2026-03-11,1.769863,646,132.0,1.361667,96.94000244140625,11.319999654099622,0.3712186221167528,0.5381547483646649,10.0,0.14259448737260563,2.0,-0.18125143832496582,0.05
NFLX,2026-03-11,1.769863,646,134.0,1.382298,96.94000244140625,11.049999388383181,0.37457531716771425,0.5381547483646649,10.0,0.14259448737260563,2.0,-0.18125143832496582,0.05
NFLX,2026-03-11,1.769863,646,135.0,1.392614,96.94000244140625,10.399999027031985,0.3658263284227628,0.5381547483646649,10.0,0.14259448737260563,2.0,-0.18125143832496582,0.05
NFLX,2026-03-11,1.769863,646,136.0,1.40293,96.94000244140625,9.999998764101296,0.3619420894426693,0.5381547483646649,10.0,0.14259448737260563,2.0,-0.18125143832496582,0.05
NFLX,2026-03-11,1.769863,646,138.0,1.423561,96.94000244140625,9.699998506730942,0.3640011821870362,0.5381547483646649,10.0,0.14259448737260563,2.0,-0.18125143832496582,0.05
NFLX,2026-03-11,1.769863,646,140.0,1.444192,96.94000244140625,9.499998415292822,0.3678175342535219,0.5381547483646649,10.0,0.14259448737260563,2.0,-0.18125143832496582,0.05
NFLX,2026-03-11,1.769863,646,142.0,1.464824,96.94000244140625,9.119998573475943,0.3676601137153623,0.5381547483646649,10.0,0.14259448737260563,2.0,-0.18125143832496582,0.05
NFLX,2026-03-11,1.769863,646,144.0,1.485455,96.94000244140625,7.999999535422155,0.35158685322173444,0.5381547483646649,10.0,0.14259448737260563,2.0,-0.18125143832496582,0.05
NFLX,2026-03-11,1.769863,646,145.0,1.495771,96.94000244140625,8.349999383027718,0.3626209340236319,0.5381547483646649,10.0,0.14259448737260563,2.0,-0.18125143832496582,0.05
NFLX,2026-03-11,1.769863,646,146.0,1.506086,96.94000244140625,7.949999728880194,0.35768646179550717,0.5381547483646649,10.0,0.14259448737260563,2.0,-0.18125143832496582,0.05
NFLX,2026-03-11,1.769863,646,148.0,1.526718,96.94000244140625,8.149999760490271,0.3689607097210457,0.5381547483646649,10.0,0.14259448737260563,2.0,-0.18125143832496582,0.05
NFLX,2026-03-11,1.769863,646,150.0,1.547349,96.94000244140625,7.300000002462667,0.35735116580985804,0.5381547483646649,10.0,0.14259448737260563,2.0,-0.18125143832496582,0.05
NFLX,2026-03-11,1.769863,646,152.0,1.56798,96.94000244140625,3.330000089770838,0.2680249531906519,0.5381547483646649,10.0,0.14259448737260563,2.0,-0.18125143832496582,0.05
NFLX,2026-03-11,1.769863,646,154.0,1.588611,96.94000244140625,3.900000000564436,0.2892572372464059,0.5381547483646649,10.0,0.14259448737260563,2.0,-0.18125143832496582,0.05
NFLX,2026-03-11,1.769863,646,155.0,1.598927,96.94000244140625,6.389999948408597,0.35303855135564766,0.5381547483646649,10.0,0.14259448737260563,2.0,-0.18125143832496582,0.05
NFLX,2026-03-11,1.769863,646,156.0,1.609243,96.94000244140625,6.424999910675503,0.3569312526630823,0.5381547483646649,10.0,0.14259448737260563,2.0,-0.18125143832496582,0.05
NFLX,2026-03-11,1.769863,646,158.0,1.629874,96.94000244140625,6.124997468037076,0.35604357113603313,0.5381547483646649,10.0,0.14259448737260563,2.0,-0.18125143832496582,0.05
NFLX,2026-03-11,1.769863,646,160.0,1.650505,96.94000244140625,6.489999156295134,0.37047364193105325,0.5381547483646649,10.0,0.14259448737260563,2.0,-0.18125143832496582,0.05
NFLX,2026-03-11,1.769863,646,162.0,1.671137,96.94000244140625,2.659997334746203,0.2759106436473903,0.5381547483646649,10.0,0.14259448737260563,2.0,-0.18125143832496582,0.05
NFLX,2026-03-11,1.769863,646,164.0,1.691768,96.94000244140625,2.650007057082675,0.280687751767416,0.5381547483646649,10.0,0.14259448737260563,2.0,-0.18125143832496582,0.05
NFLX,2026-03-11,1.769863,646,166.0,1.712399,96.94000244140625,1.9300019796980692,0.26129221790562773,0.5381547483646649,10.0,0.14259448737260563,2.0,-0.18125143832496582,0.05
NFLX,2026-03-11,1.769863,646,168.0,1.733031,96.94000244140625,1.8600000078001653,0.2634013315938982,0.5381547483646649,10.0,0.14259448737260563,2.0,-0.18125143832496582,0.05
NFLX,2026-03-11,1.769863,646,170.0,1.753662,96.94000244140625,4.750000002034756,0.3555199381409073,0.5381547483646649,10.0,0.14259448737260563,2.0,-0.18125143832496582,0.05
NFLX,2026-03-11,1.769863,646,172.0,1.774293,96.94000244140625,2.2649999264540153,0.2871857013076905,0.5381547483646649,10.0,0.14259448737260563,2.0,-0.18125143832496582,0.05
NFLX,2026-03-11,1.769863,646,174.0,1.794925,96.94000244140625,2.369999982404982,0.29537534231018536,0.5381547483646649,10.0,0.14259448737260563,2.0,-0.18125143832496582,0.05
NFLX,2026-03-11,1.865753,681,49.0,0.505467,96.94000244140625,55.50436317012229,0.5239481004726599,0.5381547483646649,10.0,0.14259448737260563,2.0,-0.18125143832496582,0.05
NFLX,2026-03-11,1.865753,681,50.0,0.515783,96.94000244140625,53.903434003572876,0.47488007448014846,0.5381547483646649,10.0,0.14259448737260563,2.0,-0.18125143832496582,0.05
NFLX,2026-03-11,1.865753,681,51.0,0.526099,96.94000244140625,55.12250145869072,0.5714334661312045,0.5381547483646649,10.0,0.14259448737260563,2.0,-0.18125143832496582,0.05
NFLX,2026-03-11,1.865753,681,52.0,0.536414,96.94000244140625,54.421567210860246,0.5688257496510998,0.5381547483646649,10.0,0.14259448737260563,2.0,-0.18125143832496582,0.05
NFLX,2026-03-11,1.865753,681,53.0,0.54673,96.94000244140625,53.17063750589752,0.5418049262209648,0.5381547483646649,10.0,0.14259448737260563,2.0,-0.18125143832496582,0.05
NFLX,2026-03-11,1.865753,681,54.0,0.557046,96.94000244140625,52.149706088655535,0.5254971221212374,0.5381547483646649,10.0,0.14259448737260563,2.0,-0.18125143832496582,0.05
NFLX,2026-03-11,1.865753,681,55.0,0.567361,96.94000244140625,50.038774682681456,0.4596512320872192,0.5381547483646649,10.0,0.14259448737260563,2.0,-0.18125143832496582,0.05
NFLX,2026-03-11,1.865753,681,56.0,0.577677,96.94000244140625,49.47784654561088,0.4659032943181817,0.5381547483646649,10.0,0.14259448737260563,2.0,-0.18125143832496582,0.05
NFLX,2026-03-11,1.865753,681,57.0,0.587993,96.94000244140625,48.516913800180454,0.45355971164591485,0.5381547483646649,10.0,0.14259448737260563,2.0,-0.18125143832496582,0.05
NFLX,2026-03-11,1.865753,681,58.0,0.598308,96.94000244140625,47.90597983855265,0.45680897281358585,0.5381547483646649,10.0,0.14259448737260563,2.0,-0.18125143832496582,0.05
NFLX,2026-03-11,1.865753,681,59.0,0.608624,96.94000244140625,47.17504894111538,0.45447692625432573,0.5381547483646649,10.0,0.14259448737260563,2.0,-0.18125143832496582,0.05
NFLX,2026-03-11,1.865753,681,60.0,0.61894,96.94000244140625,46.0841172908817,0.4371255006782739,0.5381547483646649,10.0,0.14259448737260563,2.0,-0.18125143832496582,0.05
NFLX,2026-03-11,1.865753,681,61.0,0.629255,96.94000244140625,45.62318619515494,0.4457117688651956,0.5381547483646649,10.0,0.14259448737260563,2.0,-0.18125143832496582,0.05
NFLX,2026-03-11,1.865753,681,62.0,0.639571,96.94000244140625,48.092253411645494,0.5583716581490413,0.5381547483646649,10.0,0.14259448737260563,2.0,-0.18125143832496582,0.05
NFLX,2026-03-11,1.865753,681,63.0,0.649887,96.94000244140625,47.88132127910996,0.5703159326153192,0.5381547483646649,10.0,0.14259448737260563,2.0,-0.18125143832496582,0.05
NFLX,2026-03-11,1.865753,681,64.0,0.660202,96.94000244140625,43.74039310134374,0.44834424154523816,0.5381547483646649,10.0,0.14259448737260563,2.0,-0.18125143832496582,0.05
NFLX,2026-03-11,1.865753,681,65.0,0.670518,96.94000244140625,42.559460534002305,0.4288860444991434,0.5381547483646649,10.0,0.14259448737260563,2.0,-0.18125143832496582,0.05
NFLX,2026-03-11,1.865753,681,66.0,0.680833,96.94000244140625,45.56852692159902,0.5491545866629022,0.5381547483646649,10.0,0.14259448737260563,2.0,-0.18125143832496582,0.05
NFLX,2026-03-11,1.865753,681,67.0,0.691149,96.94000244140625,45.80759639709727,0.5733417415682737,0.5381547483646649,10.0,0.14259448737260563,2.0,-0.18125143832496582,0.05
NFLX,2026-03-11,1.865753,681,68.0,0.701465,96.94000244140625,41.54666581957682,0.4577742591115145,0.5381547483646649,10.0,0.14259448737260563,2.0,-0.18125143832496582,0.05
NFLX,2026-03-11,1.865753,681,69.0,0.71178,96.94000244140625,44.37573400185754,0.5617703614861398,0.5381547483646649,10.0,0.14259448737260563,2.0,-0.18125143832496582,0.05
NFLX,2026-03-11,1.865753,681,70.0,0.722096,96.94000244140625,40.17480223023305,0.4519003909246044,0.5381547483646649,10.0,0.14259448737260563,2.0,-0.18125143832496582,0.05
NFLX,2026-03-11,1.865753,681,71.0,0.732412,96.94000244140625,40.26386984536723,0.47201125633144064,0.5381547483646649,10.0,0.14259448737260563,2.0,-0.18125143832496582,0.05
NFLX,2026-03-11,1.865753,681,72.0,0.742727,96.94000244140625,38.82293869329701,0.44617740492743313,0.5381547483646649,10.0,0.14259448737260563,2.0,-0.18125143832496582,0.05
NFLX,2026-03-11,1.865753,681,73.0,0.753043,96.94000244140625,43.31200923156082,0.5885473594035335,0.5381547483646649,10.0,0.14259448737260563,2.0,-0.18125143832496582,0.05
NFLX,2026-03-11,1.865753,681,74.0,0.763359,96.94000244140625,37.03107575706318,0.42741821414329034,0.5381547483646649,10.0,0.14259448737260563,2.0,-0.18125143832496582,0.05
NFLX,2026-03-11,1.865753,681,75.0,0.773674,96.94000244140625,36.18014430263318,0.4194697699528829,0.5381547483646649,10.0,0.14259448737260563,2.0,-0.18125143832496582,0.05
NFLX,2026-03-11,1.865753,681,76.0,0.78399,96.94000244140625,41.65921368666435,0.5821584513782703,0.5381547483646649,10.0,0.14259448737260563,2.0,-0.18125143832496582,0.05
NFLX,2026-03-11,1.865753,681,77.0,0.794306,96.94000244140625,35.59828206449475,0.43422325973952086,0.5381547483646649,10.0,0.14259448737260563,2.0,-0.18125143832496582,0.05
NFLX,2026-03-11,1.865753,681,78.0,0.804621,96.94000244140625,34.94735097080785,0.4313126230886639,0.5381547483646649,10.0,0.14259448737260563,2.0,-0.18125143832496582,0.05
NFLX,2026-03-11,1.865753,681,79.0,0.814937,96.94000244140625,34.67642010549161,0.4382011559878787,0.5381547483646649,10.0,0.14259448737260563,2.0,-0.18125143832496582,0.05
NFLX,2026-03-11,1.865753,681,80.0,0.825253,96.94000244140625,34.19548898556282,0.43928656143538664,0.5381547483646649,10.0,0.14259448737260563,2.0,-0.18125143832496582,0.05
NFLX,2026-03-11,1.865753,681,81.0,0.835568,96.94000244140625,33.304557923607966,0.4298170880707466,0.5381547483646649,10.0,0.14259448737260563,2.0,-0.18125143832496582,0.05
NFLX,2026-03-11,1.865753,681,82.0,0.845884,96.94000244140625,32.4436265088091,0.42117863602917954,0.5381547483646649,10.0,0.14259448737260563,2.0,-0.18125143832496582,0.05
NFLX,2026-03-11,1.865753,681,83.0,0.8562,96.94000244140625,32.532695093247256,0.435883919407966,0.5381547483646649,10.0,0.14259448737260563,2.0,-0.18125143832496582,0.05
NFLX,2026-03-11,1.865753,681,84.0,0.866515,96.94000244140625,31.851763679209547,0.43140677715252884,0.5381547483646649,10.0,0.14259448737260563,2.0,-0.18125143832496582,0.05
NFLX,2026-03-11,1.865753,681,85.0,0.876831,96.94000244140625,31.38083737348842,0.4318741310029624,0.5381547483646649,10.0,0.14259448737260563,2.0,-0.18125143832496582,0.05
NFLX,2026-03-11,1.865753,681,86.0,0.887147,96.94000244140625,31.04989504614568,0.43544520059975894,0.5381547483646649,10.0,0.14259448737260563,2.0,-0.18125143832496582,0.05
NFLX,2026-03-11,1.865753,681,87.0,0.897462,96.94000244140625,30.188965610654115,0.42647532016254325,0.5381547483646649,10.0,0.14259448737260563,2.0,-0.18125143832496582,0.05
NFLX,2026-03-11,1.865753,681,88.0,0.907778,96.94000244140625,29.698036830003048,0.4260354449630098,0.5381547483646649,10.0,0.14259448737260563,2.0,-0.18125143832496582,0.05
NFLX,2026-03-11,1.865753,681,89.0,0.918094,96.94000244140625,29.967106703342786,0.44264895188609144,0.5381547483646649,10.0,0.14259448737260563,2.0,-0.18125143832496582,0.05
NFLX,2026-03-11,1.865753,681,90.0,0.928409,96.94000244140625,29.036175253895692,0.43187467282662306,0.5381547483646649,10.0,0.14259448737260563,2.0,-0.18125143832496582,0.05
NFLX,2026-03-11,1.865753,681,91.0,0.938725,96.94000244140625,27.89524382611434,0.41653361984669995,0.5381547483646649,10.0,0.14259448737260563,2.0,-0.18125143832496582,0.05
NFLX,2026-03-11,1.865753,681,92.0,0.949041,96.94000244140625,28.064312293781683,0.43006759937628397,0.5381547483646649,10.0,0.14259448737260563,2.0,-0.18125143832496582,0.05
NFLX,2026-03-11,1.865753,681,93.0,0.959356,96.94000244140625,27.783380893738602,0.43342218136708716,0.5381547483646649,10.0,0.14259448737260563,2.0,-0.18125143832496582,0.05
NFLX,2026-03-11,1.865753,681,94.0,0.969672,96.94000244140625,26.81244949983425,0.421735851919626,0.5381547483646649,10.0,0.14259448737260563,2.0,-0.18125143832496582,0.05
NFLX,2026-03-11,1.865753,681,95.0,0.979988,96.94000244140625,26.501518105168827,0.42418134481034314,0.5381547483646649,10.0,0.14259448737260563,2.0,-0.18125143832496582,0.05
NFLX,2026-03-11,1.865753,681,96.0,0.990303,96.94000244140625,26.430586704903227,0.43151687520766085,0.5381547483646649,10.0,0.14259448737260563,2.0,-0.18125143832496582,0.05
NFLX,2026-03-11,1.865753,681,97.0,1.000619,96.94000244140625,23.49999999058057,0.3788240076642816,0.5381547483646649,10.0,0.14259448737260563,2.0,-0.18125143832496582,0.05
NFLX,2026-03-11,1.865753,681,98.0,1.010935,96.94000244140625,22.999999996095454,0.3772326638758069,0.5381547483646649,10.0,0.14259448737260563,2.0,-0.18125143832496582,0.05
NFLX,2026-03-11,1.865753,681,99.0,1.02125,96.94000244140625,22.34999999864288,0.37244874009920337,0.5381547483646649,10.0,0.14259448737260563,2.0,-0.18125143832496582,0.05
NFLX,2026-03-11,1.865753,681,100.0,1.031566,96.94000244140625,22.29999999979485,0.37979185436782315,0.5381547483646649,10.0,0.14259448737260563,2.0,-0.18125143832496582,0.05
NFLX,2026-03-11,1.865753,681,101.0,1.041882,96.94000244140625,21.009999999944107,0.36186877810344714,0.5381547483646649,10.0,0.14259448737260563,2.0,-0.18125143832496582,0.05
NFLX,2026-03-11,1.865753,681,102.0,1.052197,96.94000244140625,19.999988092341013,0.3496868842260975,0.5381547483646649,10.0,0.14259448737260563,2.0,-0.18125143832496582,0.05
NFLX,2026-03-11,1.865753,681,103.0,1.062513,96.94000244140625,21.500007712398777,0.38745418350200683,0.5381547483646649,10.0,0.14259448737260563,2.0,-0.18125143832496582,0.05
NFLX,2026-03-11,1.865753,681,104.0,1.072829,96.94000244140625,20.250011708918066,0.37018995540620964,0.5381547483646649,10.0,0.14259448737260563,2.0,-0.18125143832496582,0.05
NFLX,2026-03-11,1.865753,681,105.0,1.083144,96.94000244140625,20.750010325085285,0.38748395434311167,0.5381547483646649,10.0,0.14259448737260563,2.0,-0.18125143832496582,0.05
NFLX,2026-03-11,1.865753,681,106.0,1.09346,96.94000244140625,20.000003309453355,0.3799488347776561,0.5381547483646649,10.0,0.14259448737260563,2.0,-0.18125143832496582,0.05
NFLX,2026-03-11,1.865753,681,107.0,1.103776,96.94000244140625,19.480009353285986,0.37685872472735515,0.5381547483646649,10.0,0.14259448737260563,2.0,-0.18125143832496582,0.05
NFLX,2026-03-11,1.865753,681,108.0,1.114091,96.94000244140625,19.10998761407439,0.37658761805583424,0.5381547483646649,10.0,0.14259448737260563,2.0,-0.18125143832496582,0.05
NFLX,2026-03-11,1.865753,681,109.0,1.124407,96.94000244140625,17.800006483867882,0.35803310826004736,0.5381547483646649,10.0,0.14259448737260563,2.0,-0.18125143832496582,0.05
NFLX,2026-03-11,1.865753,681,110.0,1.134722,96.94000244140625,18.05000127066826,0.3695239606921502,0.5381547483646649,10.0,0.14259448737260563,2.0,-0.18125143832496582,0.05
NFLX,2026-03-11,1.865753,681,111.0,1.145038,96.94000244140625,18.45000035588935,0.38372518356768104,0.5381547483646649,10.0,0.14259448737260563,2.0,-0.18125143832496582,0.05
NFLX,2026-03-11,1.865753,681,112.0,1.155354,96.94000244140625,17.749995806110896,0.37663810292134486,0.5381547483646649,10.0,0.14259448737260563,2.0,-0.18125143832496582,0.05
NFLX,2026-03-11,1.865753,681,113.0,1.165669,96.94000244140625,16.99999999976356,0.3685293627051959,0.5381547483646649,10.0,0.14259448737260563,2.0,-0.18125143832496582,0.05
NFLX,2026-03-11,1.865753,681,114.0,1.175985,96.94000244140625,16.749999999020616,0.3698774498545444,0.5381547483646649,10.0,0.14259448737260563,2.0,-0.18125143832496582,0.05
NFLX,2026-03-11,1.865753,681,115.0,1.186301,96.94000244140625,17.599999998377427,0.39206338413442804,0.5381547483646649,10.0,0.14259448737260563,2.0,-0.18125143832496582,0.05
NFLX,2026-03-11,1.865753,681,116.0,1.196616,96.94000244140625,17.149999995212767,0.3893409505656856,0.5381547483646649,10.0,0.14259448737260563,2.0,-0.18125143832496582,0.05
NFLX,2026-03-11,1.865753,681,117.0,1.206932,96.94000244140625,16.18999998764054,0.37684177626888776,0.5381547483646649,10.0,0.14259448737260563,2.0,-0.18125143832496582,0.05
NFLX,2026-03-11,1.865753,681,118.0,1.217248,96.94000244140625,16.49999998073158,0.3883625748668027,0.5381547483646649,10.0,0.14259448737260563,2.0,-0.18125143832496582,0.05
NFLX,2026-03-11,1.865753,681,119.0,1.227563,96.94000244140625,15.499999976310015,0.3749343503795566,0.5381547483646649,10.0,0.14259448737260563,2.0,-0.18125143832496582,0.05
NFLX,2026-03-11,1.865753,681,120.0,1.237879,96.94000244140625,14.6500000134346,0.3642699187164003,0.5381547483646649,10.0,0.14259448737260563,2.0,-0.18125143832496582,0.05
NFLX,2026-03-11,1.865753,681,121.0,1.248195,96.94000244140625,15.599999986142386,0.3875847235344829,0.5381547483646649,10.0,0.14259448737260563,2.0,-0.18125143832496582,0.05
NFLX,2026-03-11,1.865753,681,122.0,1.25851,96.94000244140625,14.649999965336434,0.374830213766554,0.5381547483646649,10.0,0.14259448737260563,2.0,-0.18125143832496582,0.05
NFLX,2026-03-11,1.865753,681,123.0,1.268826,96.94000244140625,15.029999975340672,0.38716059105545786,0.5381547483646649,10.0,0.14259448737260563,2.0,-0.18125143832496582,0.05
NFLX,2026-03-11,1.865753,681,124.0,1.279142,96.94000244140625,14.149998967484741,0.3755404558611285,0.5381547483646649,10.0,0.14259448737260563,2.0,-0.18125143832496582,0.05
NFLX,2026-03-11,1.865753,681,125.0,1.289457,96.94000244140625,13.199994504057358,0.36247452623436954,0.5381547483646649,10.0,0.14259448737260563,2.0,-0.18125143832496582,0.05
NFLX,2026-03-11,1.865753,681,126.0,1.299773,96.94000244140625,13.899995898645741,0.38062428303170615,0.5381547483646649,10.0,0.14259448737260563,2.0,-0.18125143832496582,0.05
NFLX,2026-03-11,1.865753,681,127.0,1.310089,96.94000244140625,13.199987916939058,0.3721136187569288,0.5381547483646649,10.0,0.14259448737260563,2.0,-0.18125143832496582,0.05
NFLX,2026-03-11,1.865753,681,128.0,1.320404,96.94000244140625,13.20000928417117,0.3768136525022905,0.5381547483646649,10.0,0.14259448737260563,2.0,-0.18125143832496582,0.05
NFLX,2026-03-11,1.865753,681,129.0,1.33072,96.94000244140625,12.350000000210827,0.3652245920556907,0.5381547483646649,10.0,0.14259448737260563,2.0,-0.18125143832496582,0.05
NFLX,2026-03-11,1.865753,681,130.0,1.341036,96.94000244140625,12.15000000043199,0.3659324779034922,0.5381547483646649,10.0,0.14259448737260563,2.0,-0.18125143832496582,0.05
NFLX,2026-03-11,1.865753,681,131.0,1.351351,96.94000244140625,11.080000002046297,0.3498169308484493,0.5381547483646649,10.0,0.14259448737260563,2.0,-0.18125143832496582,0.05
NFLX,2026-03-11,1.865753,681,132.0,1.361667,96.94000244140625,12.30000000086039,0.37766047827470234,0.5381547483646649,10.0,0.14259448737260563,2.0,-0.18125143832496582,0.05
NFLX,2026-03-11,1.865753,681,133.0,1.371983,96.94000244140625,12.10000000155392,0.37814710299188903,0.5381547483646649,10.0,0.14259448737260563,2.0,-0.18125143832496582,0.05
NFLX,2026-03-11,1.865753,681,134.0,1.382298,96.94000244140625,11.800000002940802,0.37662864971196497,0.5381547483646649,10.0,0.14259448737260563,2.0,-0.18125143832496582,0.05
NFLX,2026-03-11,1.865753,681,135.0,1.392614,96.94000244140625,11.700000004408796,0.37888756514047206,0.5381547483646649,10.0,0.14259448737260563,2.0,-0.18125143832496582,0.05
NFLX,2026-03-11,1.865753,681,136.0,1.40293,96.94000244140625,10.999998976942269,0.3694372120324377,0.5381547483646649,10.0,0.14259448737260563,2.0,-0.18125143832496582,0.05
NFLX,2026-03-11,1.865753,681,137.0,1.413245,96.94000244140625,9.969998184372628,0.3533125268177103,0.5381547483646649,10.0,0.14259448737260563,2.0,-0.18125143832496582,0.05
NFLX,2026-03-11,1.865753,681,138.0,1.423561,96.94000244140625,10.649998418788972,0.3706385033822641,0.5381547483646649,10.0,0.14259448737260563,2.0,-0.18125143832496582,0.05
NFLX,2026-03-11,1.865753,681,139.0,1.433877,96.94000244140625,10.359998062777798,0.36886906730581337,0.5381547483646649,10.0,0.14259448737260563,2.0,-0.18125143832496582,0.05
NFLX,2026-03-11,1.865753,681,140.0,1.444192,96.94000244140625,9.999997720889517,0.36562277541555455,0.5381547483646649,10.0,0.14259448737260563,2.0,-0.18125143832496582,0.05
NFLX,2026-03-11,1.865753,681,141.0,1.454508,96.94000244140625,4.549999876293345,0.2546149905193409,0.5381547483646649,10.0,0.14259448737260563,2.0,-0.18125143832496582,0.05
NFLX,2026-03-11,1.865753,681,142.0,1.464824,96.94000244140625,9.339997478763038,0.3599996959099256,0.5381547483646649,10.0,0.14259448737260563,2.0,-0.18125143832496582,0.05
NFLX,2026-03-11,1.865753,681,143.0,1.475139,96.94000244140625,8.419998176008406,0.3450364448166663,0.5381547483646649,10.0,0.14259448737260563,2.0,-0.18125143832496582,0.05
NFLX,2026-03-11,1.865753,681,144.0,1.485455,96.94000244140625,9.599997383183283,0.37253393013755454,0.5381547483646649,10.0,0.14259448737260563,2.0,-0.18125143832496582,0.05
NFLX,2026-03-11,1.865753,681,145.0,1.495771,96.94000244140625,8.999997821878939,0.3640127668310444,0.5381547483646649,10.0,0.14259448737260563,2.0,-0.18125143832496582,0.05
NFLX,2026-03-11,1.865753,681,146.0,1.506086,96.94000244140625,9.249997690860791,0.3726129784392138,0.5381547483646649,10.0,0.14259448737260563,2.0,-0.18125143832496582,0.05
NFLX,2026-03-11,1.865753,681,147.0,1.516402,96.94000244140625,9.049998004371794,0.3720418265264268,0.5381547483646649,10.0,0.14259448737260563,2.0,-0.18125143832496582,0.05
NFLX,2026-03-11,1.865753,681,148.0,1.526718,96.94000244140625,8.439998896204774,0.36296602946978224,0.5381547483646649,10.0,0.14259448737260563,2.0,-0.18125143832496582,0.05
NFLX,2026-03-11,1.865753,681,149.0,1.537033,96.94000244140625,8.699998726745996,0.3717091829428707,0.5381547483646649,10.0,0.14259448737260563,2.0,-0.18125143832496582,0.05
NFLX,2026-03-11,1.865753,681,150.0,1.547349,96.94000244140625,8.379999253521927,0.3684350749688632,0.5381547483646649,10.0,0.14259448737260563,2.0,-0.18125143832496582,0.05
NFLX,2026-03-11,1.865753,681,151.0,1.557664,96.94000244140625,5.199997492278026,0.3022691372753706,0.5381547483646649,10.0,0.14259448737260563,2.0,-0.18125143832496582,0.05
NFLX,2026-03-11,1.865753,681,152.0,1.56798,96.94000244140625,7.450000025063886,0.3553673415055271,0.5381547483646649,10.0,0.14259448737260563,2.0,-0.18125143832496582,0.05
NFLX,2026-03-11,1.865753,681,153.0,1.578296,96.94000244140625,7.270000004506187,0.3546809654478188,0.5381547483646649,10.0,0.14259448737260563,2.0,-0.18125143832496582,0.05
NFLX,2026-03-11,1.865753,681,154.0,1.588611,96.94000244140625,7.899999917593593,0.37128440718918193,0.5381547483646649,10.0,0.14259448737260563,2.0,-0.18125143832496582,0.05
NFLX,2026-03-11,1.865753,681,155.0,1.598927,96.94000244140625,7.520000005511115,0.3663003031866101,0.5381547483646649,10.0,0.14259448737260563,2.0,-0.18125143832496582,0.05
NFLX,2026-03-11,1.865753,681,156.0,1.609243,96.94000244140625,7.500000002082583,0.36894711880210446,0.5381547483646649,10.0,0.14259448737260563,2.0,-0.18125143832496582,0.05
NFLX,2026-03-11,1.865753,681,157.0,1.619558,96.94000244140625,5.074999972953119,0.3172331726182579,0.5381547483646649,10.0,0.14259448737260563,2.0,-0.18125143832496582,0.05
NFLX,2026-03-11,1.865753,681,158.0,1.629874,96.94000244140625,4.349992745491548,0.30234756430184173,0.5381547483646649,10.0,0.14259448737260563,2.0,-0.18125143832496582,0.05
NFLX,2026-03-11,1.865753,681,159.0,1.64019,96.94000244140625,3.6900000325775437,0.28807395668006147,0.5381547483646649,10.0,0.14259448737260563,2.0,-0.18125143832496582,0.05
NFLX,2026-03-11,1.865753,681,160.0,1.650505,96.94000244140625,6.950002556018738,0.36887842040080004,0.5381547483646649,10.0,0.14259448737260563,2.0,-0.18125143832496582,0.05
NFLX,2026-03-11,1.865753,681,161.0,1.660821,96.94000244140625,4.400001945425263,0.3118698663979092,0.5381547483646649,10.0,0.14259448737260563,2.0,-0.18125143832496582,0.05
NFLX,2026-03-11,1.865753,681,162.0,1.671137,96.94000244140625,5.900009876994208,0.3508212076566508,0.5381547483646649,10.0,0.14259448737260563,2.0,-0.18125143832496582,0.05
NFLX,2026-03-11,1.865753,681,163.0,1.681452,96.94000244140625,3.450002216004485,0.29213296621974977,0.5381547483646649,10.0,0.14259448737260563,2.0,-0.18125143832496582,0.05
NFLX,2026-03-11,1.865753,681,164.0,1.691768,96.94000244140625,2.7599995975022065,0.27478889729293016,0.5381547483646649,10.0,0.14259448737260563,2.0,-0.18125143832496582,0.05
NFLX,2026-03-11,1.865753,681,165.0,1.702084,96.94000244140625,6.549998789868738,0.37403577650191167,0.5381547483646649,10.0,0.14259448737260563,2.0,-0.18125143832496582,0.05
NFLX,2026-03-11,1.865753,681,166.0,1.712399,96.94000244140625,2.490000000687509,0.271320430612552,0.5381547483646649,10.0,0.14259448737260563,2.0,-0.18125143832496582,0.05
NFLX,2026-03-11,1.865753,681,167.0,1.722715,96.94000244140625,5.139997675420258,0.3462306456944714,0.5381547483646649,10.0,0.14259448737260563,2.0,-0.18125143832496582,0.05
NFLX,2026-03-11,1.865753,681,168.0,1.733031,96.94000244140625,6.169999995986672,0.37339313829303494,0.5381547483646649,10.0,0.14259448737260563,2.0,-0.18125143832496582,0.05
NFLX,2026-03-11,1.865753,681,169.0,1.743346,96.94000244140625,2.9499996119066587,0.29263819565794746,0.5381547483646649,10.0,0.14259448737260563,2.0,-0.18125143832496582,0.05
NFLX,2026-03-11,1.865753,681,170.0,1.753662,96.94000244140625,5.749999805690546,0.36873380799871575,0.5381547483646649,10.0,0.14259448737260563,2.0,-0.18125143832496582,0.05
NFLX,2026-03-11,1.865753,681,172.0,1.774293,96.94000244140625,5.374996239472594,0.3647684440463851,0.5381547483646649,10.0,0.14259448737260563,2.0,-0.18125143832496582,0.05
NFLX,2026-03-11,1.865753,681,174.0,1.794925,96.94000244140625,4.650000007397086,0.3515255173320183,0.5381547483646649,10.0,0.14259448737260563,2.0,-0.18125143832496582,0.05
