ticker,valuation_date,maturity_years,maturity_days,strike,moneyness,spot_price,call_price,implied_vol,heston_v0,heston_kappa,heston_theta,heston_sigma,heston_rho,risk_free_rate
SPOT,2026-03-11,0.005479,2,300.0,0.56576,530.260009765625,231.73219028491803,4.092437312804587,0.6858306806256462,10.0,0.19816636006053978,2.0,-0.4803916419883498,0.05
SPOT,2026-03-11,0.005479,2,310.0,0.584619,530.260009765625,220.35492963398576,2.2279907183179266,0.6858306806256462,10.0,0.19816636006053978,2.0,-0.4803916419883498,0.05
SPOT,2026-03-11,0.005479,2,320.0,0.603478,530.260009765625,210.4176689871731,2.4902006865468205,0.6858306806256462,10.0,0.19816636006053978,2.0,-0.4803916419883498,0.05
SPOT,2026-03-11,0.005479,2,330.0,0.622336,530.260009765625,200.49040835115352,2.5285033685805893,0.6858306806256462,10.0,0.19816636006053978,2.0,-0.4803916419883498,0.05
SPOT,2026-03-11,0.005479,2,340.0,0.641195,530.260009765625,190.49314769147543,2.3826980487172746,0.6858306806256462,10.0,0.19816636006053978,2.0,-0.4803916419883498,0.05
SPOT,2026-03-11,0.005479,2,350.0,0.660054,530.260009765625,180.77588706566956,2.5732956156764812,0.6858306806256462,10.0,0.19816636006053978,2.0,-0.4803916419883498,0.05
SPOT,2026-03-11,0.005479,2,360.0,0.678912,530.260009765625,170.8586263927475,2.4789389901362906,0.6858306806256462,10.0,0.19816636006053978,2.0,-0.4803916419883498,0.05
SPOT,2026-03-11,0.005479,2,370.0,0.697771,530.260009765625,161.02136572555793,2.4240488691296047,0.6858306806256462,10.0,0.19816636006053978,2.0,-0.4803916419883498,0.05
SPOT,2026-03-11,0.005479,2,375.0,0.7072,530.260009765625,156.4527353392026,2.549671326755725,0.6858306806256462,10.0,0.19816636006053978,2.0,-0.4803916419883498,0.05
SPOT,2026-03-11,0.005479,2,380.0,0.71663,530.260009765625,152.36410509642758,2.769479236556437,0.6858306806256462,10.0,0.19816636006053978,2.0,-0.4803916419883498,0.05
SPOT,2026-03-11,0.005479,2,385.0,0.726059,530.260009765625,145.65547476939588,1.9404712116195357,0.6858306806256462,10.0,0.19816636006053978,2.0,-0.4803916419883498,0.05
SPOT,2026-03-11,0.005479,2,390.0,0.735488,530.260009765625,141.74684443248742,2.404765127715446,0.6858306806256462,10.0,0.19816636006053978,2.0,-0.4803916419883498,0.05
SPOT,2026-03-11,0.005479,2,392.5,0.740203,530.260009765625,137.868672624446,1.1111683116618811,0.6858306806256462,10.0,0.19816636006053978,2.0,-0.4803916419883498,0.05
SPOT,2026-03-11,0.005479,2,395.0,0.744918,530.260009765625,136.51821411949794,2.242652948683844,0.6858306806256462,10.0,0.19816636006053978,2.0,-0.4803916419883498,0.05
SPOT,2026-03-11,0.005479,2,397.5,0.749632,530.260009765625,132.91889893481795,1.4376997009692987,0.6858306806256462,10.0,0.19816636006053978,2.0,-0.4803916419883498,0.05
SPOT,2026-03-11,0.005479,2,400.0,0.754347,530.260009765625,130.41958379445424,1.4091296857230895,0.6858306806256462,10.0,0.19816636006053978,2.0,-0.4803916419883498,0.05
SPOT,2026-03-11,0.005479,2,402.5,0.759062,530.260009765625,128.0302686310397,1.5730792404932565,0.6858306806256462,10.0,0.19816636006053978,2.0,-0.4803916419883498,0.05
SPOT,2026-03-11,0.005479,2,405.0,0.763776,530.260009765625,129.7009548700221,2.7978812013187264,0.6858306806256462,10.0,0.19816636006053978,2.0,-0.4803916419883498,0.05
SPOT,2026-03-11,0.005479,2,407.5,0.768491,530.260009765625,123.14163839266593,1.6172091919654659,0.6858306806256462,10.0,0.19816636006053978,2.0,-0.4803916419883498,0.05
SPOT,2026-03-11,0.005479,2,410.0,0.773206,530.260009765625,121.37232259723265,1.9505189831246061,0.6858306806256462,10.0,0.19816636006053978,2.0,-0.4803916419883498,0.05
SPOT,2026-03-11,0.005479,2,412.5,0.77792,530.260009765625,118.43300798462684,1.7300142975171262,0.6858306806256462,10.0,0.19816636006053978,2.0,-0.4803916419883498,0.05
SPOT,2026-03-11,0.005479,2,415.0,0.782635,530.260009765625,116.12369282204133,1.7791737084877055,0.6858306806256462,10.0,0.19816636006053978,2.0,-0.4803916419883498,0.05
SPOT,2026-03-11,0.005479,2,417.5,0.78735,530.260009765625,113.36437765993799,1.623437490627132,0.6858306806256462,10.0,0.19816636006053978,2.0,-0.4803916419883498,0.05
SPOT,2026-03-11,0.005479,2,420.0,0.792064,530.260009765625,110.38506249740885,1.0214569299221454,0.6858306806256462,10.0,0.19816636006053978,2.0,-0.4803916419883498,0.05
SPOT,2026-03-11,0.005479,2,422.5,0.796779,530.260009765625,108.43574733510707,1.58774310362631,0.6858306806256462,10.0,0.19816636006053978,2.0,-0.4803916419883498,0.05
SPOT,2026-03-11,0.005479,2,425.0,0.801494,530.260009765625,106.14643152659198,1.6395696202458456,0.6858306806256462,10.0,0.19816636006053978,2.0,-0.4803916419883498,0.05
SPOT,2026-03-11,0.005479,2,427.5,0.806208,530.260009765625,103.78711696406253,1.6524769831332247,0.6858306806256462,10.0,0.19816636006053978,2.0,-0.4803916419883498,0.05
SPOT,2026-03-11,0.005479,2,430.0,0.810923,530.260009765625,100.57780173688963,1.2701430350194272,0.6858306806256462,10.0,0.19816636006053978,2.0,-0.4803916419883498,0.05
SPOT,2026-03-11,0.005479,2,432.5,0.815638,530.260009765625,102.67848552052527,2.332295050997176,0.6858306806256462,10.0,0.19816636006053978,2.0,-0.4803916419883498,0.05
SPOT,2026-03-11,0.005479,2,435.0,0.820352,530.260009765625,97.57917152360312,1.857264376623126,0.6858306806256462,10.0,0.19816636006053978,2.0,-0.4803916419883498,0.05
SPOT,2026-03-11,0.005479,2,437.5,0.825067,530.260009765625,93.10985636124667,1.2008774141554723,0.6858306806256462,10.0,0.19816636006053978,2.0,-0.4803916419883498,0.05
SPOT,2026-03-11,0.005479,2,440.0,0.829782,530.260009765625,92.6405412494986,1.7842383789713732,0.6858306806256462,10.0,0.19816636006053978,2.0,-0.4803916419883498,0.05
SPOT,2026-03-11,0.005479,2,442.5,0.834496,530.260009765625,88.2012260366331,1.1956099152015187,0.6858306806256462,10.0,0.19816636006053978,2.0,-0.4803916419883498,0.05
SPOT,2026-03-11,0.005479,2,445.0,0.839211,530.260009765625,85.83191074462559,1.2283343235073858,0.6858306806256462,10.0,0.19816636006053978,2.0,-0.4803916419883498,0.05
SPOT,2026-03-11,0.005479,2,447.5,0.843926,530.260009765625,83.52259570829091,1.2699488040323232,0.6858306806256462,10.0,0.19816636006053978,2.0,-0.4803916419883498,0.05
SPOT,2026-03-11,0.005479,2,450.0,0.84864,530.260009765625,80.43328054930095,0.8636137963940439,0.6858306806256462,10.0,0.19816636006053978,2.0,-0.4803916419883498,0.05
SPOT,2026-03-11,0.005479,2,452.5,0.853355,530.260009765625,78.40396538634093,1.1567396213298713,0.6858306806256462,10.0,0.19816636006053978,2.0,-0.4803916419883498,0.05
SPOT,2026-03-11,0.005479,2,455.0,0.85807,530.260009765625,75.65465054786722,1.009171632587501,0.6858306806256462,10.0,0.19816636006053978,2.0,-0.4803916419883498,0.05
SPOT,2026-03-11,0.005479,2,457.5,0.862784,530.260009765625,73.43533503712041,1.100170671888027,0.6858306806256462,10.0,0.19816636006053978,2.0,-0.4803916419883498,0.05
SPOT,2026-03-11,0.005479,2,460.0,0.867499,530.260009765625,72.2460196040779,1.3778279901571155,0.6858306806256462,10.0,0.19816636006053978,2.0,-0.4803916419883498,0.05
SPOT,2026-03-11,0.005479,2,462.5,0.872214,530.260009765625,68.07670474498894,0.8692254865329931,0.6858306806256462,10.0,0.19816636006053978,2.0,-0.4803916419883498,0.05
SPOT,2026-03-11,0.005479,2,465.0,0.876928,530.260009765625,65.56738958058469,0.8330208460705351,0.6858306806256462,10.0,0.19816636006053978,2.0,-0.4803916419883498,0.05
SPOT,2026-03-11,0.005479,2,467.5,0.881643,530.260009765625,63.18807441353351,0.86884974693949,0.6858306806256462,10.0,0.19816636006053978,2.0,-0.4803916419883498,0.05
SPOT,2026-03-11,0.005479,2,470.0,0.886358,530.260009765625,60.86875912436932,0.9079724511082461,0.6858306806256462,10.0,0.19816636006053978,2.0,-0.4803916419883498,0.05
SPOT,2026-03-11,0.005479,2,472.5,0.891072,530.260009765625,58.2794440321901,0.8430009030322813,0.6858306806256462,10.0,0.19816636006053978,2.0,-0.4803916419883498,0.05
SPOT,2026-03-11,0.005479,2,475.0,0.895787,530.260009765625,57.4501289240211,1.1654593124807187,0.6858306806256462,10.0,0.19816636006053978,2.0,-0.4803916419883498,0.05
SPOT,2026-03-11,0.005479,2,477.5,0.900502,530.260009765625,54.19081375757236,0.9986446977979165,0.6858306806256462,10.0,0.19816636006053978,2.0,-0.4803916419883498,0.05
SPOT,2026-03-11,0.005479,2,480.0,0.905216,530.260009765625,51.981498541828614,1.0099581918805272,0.6858306806256462,10.0,0.19816636006053978,2.0,-0.4803916419883498,0.05
SPOT,2026-03-11,0.005479,2,482.5,0.909931,530.260009765625,49.84218334641196,1.0250071724743377,0.6858306806256462,10.0,0.19816636006053978,2.0,-0.4803916419883498,0.05
SPOT,2026-03-11,0.005479,2,485.0,0.914646,530.260009765625,46.172868269516016,0.7833921818048828,0.6858306806256462,10.0,0.19816636006053978,2.0,-0.4803916419883498,0.05
SPOT,2026-03-11,0.005479,2,487.5,0.91936,530.260009765625,43.62355285558874,0.7368240431125685,0.6858306806256462,10.0,0.19816636006053978,2.0,-0.4803916419883498,0.05
SPOT,2026-03-11,0.005479,2,490.0,0.924075,530.260009765625,41.24423745566372,0.7259031138987911,0.6858306806256462,10.0,0.19816636006053978,2.0,-0.4803916419883498,0.05
SPOT,2026-03-11,0.005479,2,492.5,0.92879,530.260009765625,38.89492277271228,0.7168801601095384,0.6858306806256462,10.0,0.19816636006053978,2.0,-0.4803916419883498,0.05
SPOT,2026-03-11,0.005479,2,495.0,0.933504,530.260009765625,36.705607715628105,0.7286844583916855,0.6858306806256462,10.0,0.19816636006053978,2.0,-0.4803916419883498,0.05
SPOT,2026-03-11,0.005479,2,497.5,0.938219,530.260009765625,34.326292480236816,0.7062445265501173,0.6858306806256462,10.0,0.19816636006053978,2.0,-0.4803916419883498,0.05
SPOT,2026-03-11,0.005479,2,500.0,0.942934,530.260009765625,32.316976418085915,0.7279436544981627,0.6858306806256462,10.0,0.19816636006053978,2.0,-0.4803916419883498,0.05
SPOT,2026-03-11,0.005479,2,502.5,0.947648,530.260009765625,29.99766213460333,0.7055109945981928,0.6858306806256462,10.0,0.19816636006053978,2.0,-0.4803916419883498,0.05
SPOT,2026-03-11,0.005479,2,505.0,0.952363,530.260009765625,26.948346979100904,0.5987067115008329,0.6858306806256462,10.0,0.19816636006053978,2.0,-0.4803916419883498,0.05
SPOT,2026-03-11,0.005479,2,507.5,0.957078,530.260009765625,24.6990317966858,0.5846842288496661,0.6858306806256462,10.0,0.19816636006053978,2.0,-0.4803916419883498,0.05
SPOT,2026-03-11,0.005479,2,510.0,0.961792,530.260009765625,23.809716063795065,0.6930330920064104,0.6858306806256462,10.0,0.19816636006053978,2.0,-0.4803916419883498,0.05
SPOT,2026-03-11,0.005479,2,512.5,0.966507,530.260009765625,21.010399270641642,0.61683715636509,0.6858306806256462,10.0,0.19816636006053978,2.0,-0.4803916419883498,0.05
SPOT,2026-03-11,0.005479,2,515.0,0.971222,530.260009765625,19.801086329631175,0.6691565897045344,0.6858306806256462,10.0,0.19816636006053978,2.0,-0.4803916419883498,0.05
SPOT,2026-03-11,0.005479,2,517.5,0.975936,530.260009765625,16.05177117243801,0.5172301874505028,0.6858306806256462,10.0,0.19816636006053978,2.0,-0.4803916419883498,0.05
SPOT,2026-03-11,0.005479,2,520.0,0.980651,530.260009765625,16.502453921247195,0.676686764090042,0.6858306806256462,10.0,0.19816636006053978,2.0,-0.4803916419883498,0.05
SPOT,2026-03-11,0.005479,2,522.5,0.985366,530.260009765625,14.8031408476445,0.6676855055597395,0.6858306806256462,10.0,0.19816636006053978,2.0,-0.4803916419883498,0.05
SPOT,2026-03-11,0.005479,2,525.0,0.99008,530.260009765625,13.253827953443988,0.6629841525552952,0.6858306806256462,10.0,0.19816636006053978,2.0,-0.4803916419883498,0.05
SPOT,2026-03-11,0.005479,2,527.5,0.994795,530.260009765625,10.354510460907534,0.5652430237213357,0.6858306806256462,10.0,0.19816636006053978,2.0,-0.4803916419883498,0.05
SPOT,2026-03-11,0.005479,2,530.0,0.99951,530.260009765625,10.185195359563807,0.6377132181262232,0.6858306806256462,10.0,0.19816636006053978,2.0,-0.4803916419883498,0.05
SPOT,2026-03-11,0.005479,2,532.5,1.004224,530.260009765625,9.559999999583766,0.6740059558222629,0.6858306806256462,10.0,0.19816636006053978,2.0,-0.4803916419883498,0.05
SPOT,2026-03-11,0.005479,2,535.0,1.008939,530.260009765625,8.54999920614847,0.6798029437683469,0.6858306806256462,10.0,0.19816636006053978,2.0,-0.4803916419883498,0.05
SPOT,2026-03-11,0.005479,2,537.5,1.013654,530.260009765625,8.800000000029485,0.7622803798427179,0.6858306806256462,10.0,0.19816636006053978,2.0,-0.4803916419883498,0.05
SPOT,2026-03-11,0.005479,2,540.0,1.018368,530.260009765625,7.920000010131247,0.7669689773637991,0.6858306806256462,10.0,0.19816636006053978,2.0,-0.4803916419883498,0.05
SPOT,2026-03-11,0.005479,2,542.5,1.023083,530.260009765625,6.099999999327025,0.701923101433821,0.6858306806256462,10.0,0.19816636006053978,2.0,-0.4803916419883498,0.05
SPOT,2026-03-11,0.005479,2,545.0,1.027798,530.260009765625,5.209999586614941,0.6930655611098141,0.6858306806256462,10.0,0.19816636006053978,2.0,-0.4803916419883498,0.05
SPOT,2026-03-11,0.005479,2,547.5,1.032512,530.260009765625,6.599999918352353,0.8457287218815444,0.6858306806256462,10.0,0.19816636006053978,2.0,-0.4803916419883498,0.05
SPOT,2026-03-11,0.005479,2,550.0,1.037227,530.260009765625,3.900000168097165,0.6922708278955392,0.6858306806256462,10.0,0.19816636006053978,2.0,-0.4803916419883498,0.05
SPOT,2026-03-11,0.005479,2,552.5,1.041942,530.260009765625,5.000000005145893,0.8265880875402731,0.6858306806256462,10.0,0.19816636006053978,2.0,-0.4803916419883498,0.05
SPOT,2026-03-11,0.005479,2,555.0,1.046656,530.260009765625,3.499999913744375,0.748661249772935,0.6858306806256462,10.0,0.19816636006053978,2.0,-0.4803916419883498,0.05
SPOT,2026-03-11,0.005479,2,557.5,1.051371,530.260009765625,2.1499999967163035,0.6620540261393421,0.6858306806256462,10.0,0.19816636006053978,2.0,-0.4803916419883498,0.05
SPOT,2026-03-11,0.005479,2,560.0,1.056086,530.260009765625,2.3199996828619334,0.7185603684753157,0.6858306806256462,10.0,0.19816636006053978,2.0,-0.4803916419883498,0.05
SPOT,2026-03-11,0.005479,2,562.5,1.0608,530.260009765625,1.9799978658139423,0.7191446050382445,0.6858306806256462,10.0,0.19816636006053978,2.0,-0.4803916419883498,0.05
SPOT,2026-03-11,0.005479,2,565.0,1.065515,530.260009765625,1.3000008156395495,0.6692459299881931,0.6858306806256462,10.0,0.19816636006053978,2.0,-0.4803916419883498,0.05
SPOT,2026-03-11,0.005479,2,567.5,1.07023,530.260009765625,0.9500012936062774,0.6488380247242915,0.6858306806256462,10.0,0.19816636006053978,2.0,-0.4803916419883498,0.05
SPOT,2026-03-11,0.005479,2,570.0,1.074944,530.260009765625,1.0000003197199803,0.6887022880594834,0.6858306806256462,10.0,0.19816636006053978,2.0,-0.4803916419883498,0.05
SPOT,2026-03-11,0.005479,2,572.5,1.079659,530.260009765625,0.9899993943894856,0.7181749159724616,0.6858306806256462,10.0,0.19816636006053978,2.0,-0.4803916419883498,0.05
SPOT,2026-03-11,0.005479,2,575.0,1.084374,530.260009765625,0.8299990962639896,0.7192922815792235,0.6858306806256462,10.0,0.19816636006053978,2.0,-0.4803916419883498,0.05
SPOT,2026-03-11,0.005479,2,577.5,1.089088,530.260009765625,4.3500000000486665,1.191926002032325,0.6858306806256462,10.0,0.19816636006053978,2.0,-0.4803916419883498,0.05
SPOT,2026-03-11,0.005479,2,580.0,1.093803,530.260009765625,0.5399997690116187,0.7121152700625769,0.6858306806256462,10.0,0.19816636006053978,2.0,-0.4803916419883498,0.05
SPOT,2026-03-11,0.005479,2,582.5,1.098518,530.260009765625,0.6799999978260409,0.7738875325596194,0.6858306806256462,10.0,0.19816636006053978,2.0,-0.4803916419883498,0.05
SPOT,2026-03-11,0.005479,2,585.0,1.103232,530.260009765625,0.5500001540912827,0.7688841708714339,0.6858306806256462,10.0,0.19816636006053978,2.0,-0.4803916419883498,0.05
SPOT,2026-03-11,0.005479,2,590.0,1.112662,530.260009765625,0.39999997050539093,0.7759934210053993,0.6858306806256462,10.0,0.19816636006053978,2.0,-0.4803916419883498,0.05
SPOT,2026-03-11,0.005479,2,595.0,1.122091,530.260009765625,0.7000009418050794,0.9147551533058834,0.6858306806256462,10.0,0.19816636006053978,2.0,-0.4803916419883498,0.05
SPOT,2026-03-11,0.005479,2,600.0,1.13152,530.260009765625,0.1300000004798525,0.7396150396424497,0.6858306806256462,10.0,0.19816636006053978,2.0,-0.4803916419883498,0.05
SPOT,2026-03-11,0.005479,2,605.0,1.14095,530.260009765625,0.11000004698907428,0.7654585064190311,0.6858306806256462,10.0,0.19816636006053978,2.0,-0.4803916419883498,0.05
SPOT,2026-03-11,0.005479,2,610.0,1.150379,530.260009765625,0.2900000005267156,0.922552172817504,0.6858306806256462,10.0,0.19816636006053978,2.0,-0.4803916419883498,0.05
SPOT,2026-03-11,0.005479,2,615.0,1.159808,530.260009765625,0.16000012073338965,0.8892736465918168,0.6858306806256462,10.0,0.19816636006053978,2.0,-0.4803916419883498,0.05
SPOT,2026-03-11,0.005479,2,620.0,1.169238,530.260009765625,0.04000000051162411,0.7914388672708168,0.6858306806256462,10.0,0.19816636006053978,2.0,-0.4803916419883498,0.05
SPOT,2026-03-11,0.005479,2,625.0,1.178667,530.260009765625,2.0599999979603822,1.5161757549224473,0.6858306806256462,10.0,0.19816636006053978,2.0,-0.4803916419883498,0.05
SPOT,2026-03-11,0.005479,2,630.0,1.188096,530.260009765625,0.19999999486288367,1.0425098277545148,0.6858306806256462,10.0,0.19816636006053978,2.0,-0.4803916419883498,0.05
SPOT,2026-03-11,0.005479,2,635.0,1.197526,530.260009765625,0.49999995444282774,1.2394136731158525,0.6858306806256462,10.0,0.19816636006053978,2.0,-0.4803916419883498,0.05
SPOT,2026-03-11,0.005479,2,640.0,1.206955,530.260009765625,0.1100002008439338,1.0422005296929449,0.6858306806256462,10.0,0.19816636006053978,2.0,-0.4803916419883498,0.05
SPOT,2026-03-11,0.005479,2,650.0,1.225814,530.260009765625,0.049999973550626464,1.0241778973418898,0.6858306806256462,10.0,0.19816636006053978,2.0,-0.4803916419883498,0.05
SPOT,2026-03-11,0.005479,2,655.0,1.235243,530.260009765625,0.34000000047580237,1.3342444217460445,0.6858306806256462,10.0,0.19816636006053978,2.0,-0.4803916419883498,0.05
SPOT,2026-03-11,0.005479,2,660.0,1.244672,530.260009765625,0.05999999286137925,1.112824889308215,0.6858306806256462,10.0,0.19816636006053978,2.0,-0.4803916419883498,0.05
SPOT,2026-03-11,0.005479,2,670.0,1.263531,530.260009765625,0.089999998431602,1.2324654308204195,0.6858306806256462,10.0,0.19816636006053978,2.0,-0.4803916419883498,0.05
SPOT,2026-03-11,0.005479,2,755.0,1.42383,530.260009765625,0.09000000742651926,1.7715837795042726,0.6858306806256462,10.0,0.19816636006053978,2.0,-0.4803916419883498,0.05
SPOT,2026-03-11,0.024658,9,270.0,0.509184,530.260009765625,260.6026813701644,1.3066839527563223,0.6858306806256462,10.0,0.19816636006053978,2.0,-0.4803916419883498,0.05
SPOT,2026-03-11,0.024658,9,280.0,0.528043,530.260009765625,250.61500253113485,1.2397713821060383,0.6858306806256462,10.0,0.19816636006053978,2.0,-0.4803916419883498,0.05
SPOT,2026-03-11,0.024658,9,290.0,0.546902,530.260009765625,240.7173236868917,1.4376615771920747,0.6858306806256462,10.0,0.19816636006053978,2.0,-0.4803916419883498,0.05
SPOT,2026-03-11,0.024658,9,300.0,0.56576,530.260009765625,230.65964492499268,1.2157483669924531,0.6858306806256462,10.0,0.19816636006053978,2.0,-0.4803916419883498,0.05
SPOT,2026-03-11,0.024658,9,310.0,0.584619,530.260009765625,220.7919660456322,1.3478043757285088,0.6858306806256462,10.0,0.19816636006053978,2.0,-0.4803916419883498,0.05
SPOT,2026-03-11,0.024658,9,320.0,0.603478,530.260009765625,211.20428721682498,1.5025167627187375,0.6858306806256462,10.0,0.19816636006053978,2.0,-0.4803916419883498,0.05
SPOT,2026-03-11,0.024658,9,330.0,0.622336,530.260009765625,200.67660838518754,0.9362977445498939,0.6858306806256462,10.0,0.19816636006053978,2.0,-0.4803916419883498,0.05
SPOT,2026-03-11,0.024658,9,340.0,0.641195,530.260009765625,190.7189295553319,0.990122214116308,0.6858306806256462,10.0,0.19816636006053978,2.0,-0.4803916419883498,0.05
SPOT,2026-03-11,0.024658,9,350.0,0.660054,530.260009765625,180.73125066283006,0.9302489426883197,0.6858306806256462,10.0,0.19816636006053978,2.0,-0.4803916419883498,0.05
SPOT,2026-03-11,0.024658,9,360.0,0.678912,530.260009765625,170.74357186424407,0.8718925144329958,0.6858306806256462,10.0,0.19816636006053978,2.0,-0.4803916419883498,0.05
SPOT,2026-03-11,0.024658,9,370.0,0.697771,530.260009765625,160.83589316293785,0.9132156750299135,0.6858306806256462,10.0,0.19816636006053978,2.0,-0.4803916419883498,0.05
SPOT,2026-03-11,0.024658,9,380.0,0.71663,530.260009765625,151.0282142304236,0.9545791757318046,0.6858306806256462,10.0,0.19816636006053978,2.0,-0.4803916419883498,0.05
SPOT,2026-03-11,0.024658,9,390.0,0.735488,530.260009765625,140.96053532322327,0.8526816916233717,0.6858306806256462,10.0,0.19816636006053978,2.0,-0.4803916419883498,0.05
SPOT,2026-03-11,0.024658,9,400.0,0.754347,530.260009765625,130.9028567611403,0.7528270272710473,0.6858306806256462,10.0,0.19816636006053978,2.0,-0.4803916419883498,0.05
SPOT,2026-03-11,0.024658,9,410.0,0.773206,530.260009765625,121.01517774907308,0.7413494034058326,0.6858306806256462,10.0,0.19816636006053978,2.0,-0.4803916419883498,0.05
SPOT,2026-03-11,0.024658,9,420.0,0.792064,530.260009765625,111.07749887330698,0.6978553627760634,0.6858306806256462,10.0,0.19816636006053978,2.0,-0.4803916419883498,0.05
SPOT,2026-03-11,0.024658,9,425.0,0.801494,530.260009765625,106.15365954057125,0.688010940160012,0.6858306806256462,10.0,0.19816636006053978,2.0,-0.4803916419883498,0.05
SPOT,2026-03-11,0.024658,9,430.0,0.810923,530.260009765625,101.19981994229988,0.667101639202463,0.6858306806256462,10.0,0.19816636006053978,2.0,-0.4803916419883498,0.05
SPOT,2026-03-11,0.024658,9,435.0,0.820352,530.260009765625,96.3959798592764,0.6765865372799263,0.6858306806256462,10.0,0.19816636006053978,2.0,-0.4803916419883498,0.05
SPOT,2026-03-11,0.024658,9,440.0,0.829782,530.260009765625,91.47214125160934,0.6562654864220828,0.6858306806256462,10.0,0.19816636006053978,2.0,-0.4803916419883498,0.05
SPOT,2026-03-11,0.024658,9,445.0,0.839211,530.260009765625,87.16830403081019,0.7160841785250306,0.6858306806256462,10.0,0.19816636006053978,2.0,-0.4803916419883498,0.05
SPOT,2026-03-11,0.024658,9,450.0,0.84864,530.260009765625,81.92446243029718,0.6507974103373626,0.6858306806256462,10.0,0.19816636006053978,2.0,-0.4803916419883498,0.05
SPOT,2026-03-11,0.024658,9,455.0,0.85807,530.260009765625,77.10062213600366,0.6344560566137958,0.6858306806256462,10.0,0.19816636006053978,2.0,-0.4803916419883498,0.05
SPOT,2026-03-11,0.024658,9,460.0,0.867499,530.260009765625,72.23678370255334,0.6115306216054842,0.6858306806256462,10.0,0.19816636006053978,2.0,-0.4803916419883498,0.05
SPOT,2026-03-11,0.024658,9,465.0,0.876928,530.260009765625,67.60294417206808,0.6071248934956539,0.6858306806256462,10.0,0.19816636006053978,2.0,-0.4803916419883498,0.05
SPOT,2026-03-11,0.024658,9,470.0,0.886358,530.260009765625,63.04910473955516,0.6030760170141871,0.6858306806256462,10.0,0.19816636006053978,2.0,-0.4803916419883498,0.05
SPOT,2026-03-11,0.024658,9,472.5,0.891072,530.260009765625,60.682185035467626,0.5925892632225785,0.6858306806256462,10.0,0.19816636006053978,2.0,-0.4803916419883498,0.05
SPOT,2026-03-11,0.024658,9,475.0,0.895787,530.260009765625,58.07526533886835,0.5650547280120045,0.6858306806256462,10.0,0.19816636006053978,2.0,-0.4803916419883498,0.05
SPOT,2026-03-11,0.024658,9,477.5,0.900502,530.260009765625,56.138345697318925,0.5817683868219866,0.6858306806256462,10.0,0.19816636006053978,2.0,-0.4803916419883498,0.05
SPOT,2026-03-11,0.024658,9,480.0,0.905216,530.260009765625,54.06142594109036,0.5860460255312971,0.6858306806256462,10.0,0.19816636006053978,2.0,-0.4803916419883498,0.05
SPOT,2026-03-11,0.024658,9,482.5,0.909931,530.260009765625,51.654502965635345,0.5698813322862895,0.6858306806256462,10.0,0.19816636006053978,2.0,-0.4803916419883498,0.05
SPOT,2026-03-11,0.024658,9,485.0,0.914646,530.260009765625,49.327586330482745,0.557695882292759,0.6858306806256462,10.0,0.19816636006053978,2.0,-0.4803916419883498,0.05
SPOT,2026-03-11,0.024658,9,487.5,0.91936,530.260009765625,49.84066677357686,0.67789329085245,0.6858306806256462,10.0,0.19816636006053978,2.0,-0.4803916419883498,0.05
SPOT,2026-03-11,0.024658,9,490.0,0.924075,530.260009765625,44.923747438327496,0.5437129348785593,0.6858306806256462,10.0,0.19816636006053978,2.0,-0.4803916419883498,0.05
SPOT,2026-03-11,0.024658,9,492.5,0.92879,530.260009765625,45.5368283464893,0.6569143365988329,0.6858306806256462,10.0,0.19816636006053978,2.0,-0.4803916419883498,0.05
SPOT,2026-03-11,0.024658,9,495.0,0.933504,530.260009765625,40.96990718951491,0.5452030324954381,0.6858306806256462,10.0,0.19816636006053978,2.0,-0.4803916419883498,0.05
SPOT,2026-03-11,0.024658,9,497.5,0.938219,530.260009765625,39.172982662964046,0.55062557928799,0.6858306806256462,10.0,0.19816636006053978,2.0,-0.4803916419883498,0.05
SPOT,2026-03-11,0.024658,9,500.0,0.942934,530.260009765625,37.37606841853568,0.5537706735105502,0.6858306806256462,10.0,0.19816636006053978,2.0,-0.4803916419883498,0.05
SPOT,2026-03-11,0.024658,9,502.5,0.947648,530.260009765625,35.48914857676925,0.551491733934054,0.6858306806256462,10.0,0.19816636006053978,2.0,-0.4803916419883498,0.05
SPOT,2026-03-11,0.024658,9,505.0,0.952363,530.260009765625,33.23222886688404,0.5340252416447732,0.6858306806256462,10.0,0.19816636006053978,2.0,-0.4803916419883498,0.05
SPOT,2026-03-11,0.024658,9,507.5,0.957078,530.260009765625,31.41530785098513,0.5315908060270723,0.6858306806256462,10.0,0.19816636006053978,2.0,-0.4803916419883498,0.05
SPOT,2026-03-11,0.024658,9,510.0,0.961792,530.260009765625,29.438389393143893,0.5219811825131004,0.6858306806256462,10.0,0.19816636006053978,2.0,-0.4803916419883498,0.05
SPOT,2026-03-11,0.024658,9,512.5,0.966507,530.260009765625,28.211474727492885,0.5363265683832541,0.6858306806256462,10.0,0.19816636006053978,2.0,-0.4803916419883498,0.05
SPOT,2026-03-11,0.024658,9,515.0,0.971222,530.260009765625,25.54454792390203,0.500941563187852,0.6858306806256462,10.0,0.19816636006053978,2.0,-0.4803916419883498,0.05
SPOT,2026-03-11,0.024658,9,517.5,0.975936,530.260009765625,20.397632952465585,0.383639566017229,0.6858306806256462,10.0,0.19816636006053978,2.0,-0.4803916419883498,0.05
SPOT,2026-03-11,0.024658,9,520.0,0.980651,530.260009765625,22.25071062287344,0.4935282184824217,0.6858306806256462,10.0,0.19816636006053978,2.0,-0.4803916419883498,0.05
SPOT,2026-03-11,0.024658,9,525.0,0.99008,530.260009765625,19.706871061953905,0.5022488601186874,0.6858306806256462,10.0,0.19816636006053978,2.0,-0.4803916419883498,0.05
SPOT,2026-03-11,0.024658,9,530.0,0.99951,530.260009765625,17.91303179359113,0.5260013224930936,0.6858306806256462,10.0,0.19816636006053978,2.0,-0.4803916419883498,0.05
SPOT,2026-03-11,0.024658,9,535.0,1.008939,530.260009765625,17.30999999952121,0.5784361015901894,0.6858306806256462,10.0,0.19816636006053978,2.0,-0.4803916419883498,0.05
SPOT,2026-03-11,0.024658,9,537.5,1.013654,530.260009765625,16.949999939035962,0.6006221928592106,0.6858306806256462,10.0,0.19816636006053978,2.0,-0.4803916419883498,0.05
SPOT,2026-03-11,0.024658,9,540.0,1.018368,530.260009765625,12.950007736609848,0.5107312485611692,0.6858306806256462,10.0,0.19816636006053978,2.0,-0.4803916419883498,0.05
SPOT,2026-03-11,0.024658,9,542.5,1.023083,530.260009765625,19.53443916109117,0.7417537110344505,0.6858306806256462,10.0,0.19816636006053978,2.0,-0.4803916419883498,0.05
SPOT,2026-03-11,0.024658,9,545.0,1.027798,530.260009765625,12.300000007163788,0.549505936878087,0.6858306806256462,10.0,0.19816636006053978,2.0,-0.4803916419883498,0.05
SPOT,2026-03-11,0.024658,9,547.5,1.032512,530.260009765625,11.550000162231356,0.5537801372656191,0.6858306806256462,10.0,0.19816636006053978,2.0,-0.4803916419883498,0.05
SPOT,2026-03-11,0.024658,9,550.0,1.037227,530.260009765625,9.679999999027899,0.5204584778936656,0.6858306806256462,10.0,0.19816636006053978,2.0,-0.4803916419883498,0.05
SPOT,2026-03-11,0.024658,9,552.5,1.041942,530.260009765625,10.749999998714515,0.5809081822448999,0.6858306806256462,10.0,0.19816636006053978,2.0,-0.4803916419883498,0.05
SPOT,2026-03-11,0.024658,9,555.0,1.046656,530.260009765625,7.999997616214273,0.514012337245925,0.6858306806256462,10.0,0.19816636006053978,2.0,-0.4803916419883498,0.05
SPOT,2026-03-11,0.024658,9,557.5,1.051371,530.260009765625,8.574996264115214,0.5573591864938782,0.6858306806256462,10.0,0.19816636006053978,2.0,-0.4803916419883498,0.05
SPOT,2026-03-11,0.024658,9,560.0,1.056086,530.260009765625,6.80000001761087,0.5174793929673892,0.6858306806256462,10.0,0.19816636006053978,2.0,-0.4803916419883498,0.05
SPOT,2026-03-11,0.024658,9,562.5,1.0608,530.260009765625,6.700000131715427,0.5356180838664719,0.6858306806256462,10.0,0.19816636006053978,2.0,-0.4803916419883498,0.05
SPOT,2026-03-11,0.024658,9,565.0,1.065515,530.260009765625,6.800000422568559,0.5607225757080011,0.6858306806256462,10.0,0.19816636006053978,2.0,-0.4803916419883498,0.05
SPOT,2026-03-11,0.024658,9,570.0,1.074944,530.260009765625,4.300000011215474,0.5003201455125568,0.6858306806256462,10.0,0.19816636006053978,2.0,-0.4803916419883498,0.05
SPOT,2026-03-11,0.024658,9,575.0,1.084374,530.260009765625,11.50000000029732,0.816613232980797,0.6858306806256462,10.0,0.19816636006053978,2.0,-0.4803916419883498,0.05
SPOT,2026-03-11,0.024658,9,580.0,1.093803,530.260009765625,2.7700001309846556,0.496580003263302,0.6858306806256462,10.0,0.19816636006053978,2.0,-0.4803916419883498,0.05
SPOT,2026-03-11,0.024658,9,585.0,1.103232,530.260009765625,6.500000431861224,0.7068622928502432,0.6858306806256462,10.0,0.19816636006053978,2.0,-0.4803916419883498,0.05
SPOT,2026-03-11,0.024658,9,590.0,1.112662,530.260009765625,1.9299987049531069,0.5078316105200994,0.6858306806256462,10.0,0.19816636006053978,2.0,-0.4803916419883498,0.05
SPOT,2026-03-11,0.024658,9,600.0,1.13152,530.260009765625,1.2399999731918143,0.5098640607642673,0.6858306806256462,10.0,0.19816636006053978,2.0,-0.4803916419883498,0.05
SPOT,2026-03-11,0.024658,9,610.0,1.150379,530.260009765625,1.0600000014797466,0.5438404806223971,0.6858306806256462,10.0,0.19816636006053978,2.0,-0.4803916419883498,0.05
SPOT,2026-03-11,0.024658,9,620.0,1.169238,530.260009765625,1.2300000011319696,0.6113022430143857,0.6858306806256462,10.0,0.19816636006053978,2.0,-0.4803916419883498,0.05
SPOT,2026-03-11,0.024658,9,630.0,1.188096,530.260009765625,0.4999999730220175,0.5604620395366708,0.6858306806256462,10.0,0.19816636006053978,2.0,-0.4803916419883498,0.05
SPOT,2026-03-11,0.024658,9,640.0,1.206955,530.260009765625,1.909999950099909,0.7748800329778919,0.6858306806256462,10.0,0.19816636006053978,2.0,-0.4803916419883498,0.05
SPOT,2026-03-11,0.024658,9,650.0,1.225814,530.260009765625,0.17000000006503146,0.5528314824783451,0.6858306806256462,10.0,0.19816636006053978,2.0,-0.4803916419883498,0.05
SPOT,2026-03-11,0.024658,9,660.0,1.244672,530.260009765625,0.9300000000536635,0.75749763798768,0.6858306806256462,10.0,0.19816636006053978,2.0,-0.4803916419883498,0.05
SPOT,2026-03-11,0.024658,9,670.0,1.263531,530.260009765625,0.39999998523820324,0.699043812761498,0.6858306806256462,10.0,0.19816636006053978,2.0,-0.4803916419883498,0.05
SPOT,2026-03-11,0.024658,9,680.0,1.28239,530.260009765625,0.24999998814357127,0.6903548330002521,0.6858306806256462,10.0,0.19816636006053978,2.0,-0.4803916419883498,0.05
SPOT,2026-03-11,0.024658,9,690.0,1.301248,530.260009765625,0.2000000002004123,0.7048037069814469,0.6858306806256462,10.0,0.19816636006053978,2.0,-0.4803916419883498,0.05
SPOT,2026-03-11,0.024658,9,700.0,1.320107,530.260009765625,0.00999996925932356,0.5513648033457078,0.6858306806256462,10.0,0.19816636006053978,2.0,-0.4803916419883498,0.05
SPOT,2026-03-11,0.024658,9,710.0,1.338966,530.260009765625,0.002874517383207542,0.5276463165920492,0.6858306806256462,10.0,0.19816636006053978,2.0,-0.4803916419883498,0.05
SPOT,2026-03-11,0.024658,9,720.0,1.357824,530.260009765625,0.16999996802932582,0.7870038679578389,0.6858306806256462,10.0,0.19816636006053978,2.0,-0.4803916419883498,0.05
SPOT,2026-03-11,0.024658,9,740.0,1.395542,530.260009765625,0.39999997458192915,0.9428951690812281,0.6858306806256462,10.0,0.19816636006053978,2.0,-0.4803916419883498,0.05
SPOT,2026-03-11,0.024658,9,760.0,1.433259,530.260009765625,0.08999999841795336,0.8468667292758763,0.6858306806256462,10.0,0.19816636006053978,2.0,-0.4803916419883498,0.05
SPOT,2026-03-11,0.024658,9,780.0,1.470976,530.260009765625,0.009999991942598208,0.745083628353135,0.6858306806256462,10.0,0.19816636006053978,2.0,-0.4803916419883498,0.05
SPOT,2026-03-11,0.024658,9,800.0,1.508694,530.260009765625,0.020000055075193868,0.8328999258176844,0.6858306806256462,10.0,0.19816636006053978,2.0,-0.4803916419883498,0.05
SPOT,2026-03-11,0.024658,9,820.0,1.546411,530.260009765625,0.009999996511823761,0.8328863497368315,0.6858306806256462,10.0,0.19816636006053978,2.0,-0.4803916419883498,0.05
SPOT,2026-03-11,0.024658,9,840.0,1.584129,530.260009765625,3.449999984553152,1.7369164962377606,0.6858306806256462,10.0,0.19816636006053978,2.0,-0.4803916419883498,0.05
SPOT,2026-03-11,0.024658,9,860.0,1.621846,530.260009765625,0.1399999975980757,1.1487248258434741,0.6858306806256462,10.0,0.19816636006053978,2.0,-0.4803916419883498,0.05
SPOT,2026-03-11,0.024658,9,880.0,1.659563,530.260009765625,0.09999996691199331,1.1568646578051982,0.6858306806256462,10.0,0.19816636006053978,2.0,-0.4803916419883498,0.05
SPOT,2026-03-11,0.024658,9,900.0,1.697281,530.260009765625,0.4900000082112621,1.4312478123064212,0.6858306806256462,10.0,0.19816636006053978,2.0,-0.4803916419883498,0.05
SPOT,2026-03-11,0.024658,9,920.0,1.734998,530.260009765625,1.0900000455938699,1.649212117889769,0.6858306806256462,10.0,0.19816636006053978,2.0,-0.4803916419883498,0.05
SPOT,2026-03-11,0.024658,9,940.0,1.772715,530.260009765625,0.7600007310523313,1.6187405808939115,0.6858306806256462,10.0,0.19816636006053978,2.0,-0.4803916419883498,0.05
SPOT,2026-03-11,0.043836,16,300.0,0.56576,530.260009765625,231.33730557104428,1.2116684648071543,0.6858306806256462,10.0,0.19816636006053978,2.0,-0.4803916419883498,0.05
SPOT,2026-03-11,0.043836,16,310.0,0.584619,530.260009765625,220.9487177590825,0.7903722463317139,0.6858306806256462,10.0,0.19816636006053978,2.0,-0.4803916419883498,0.05
SPOT,2026-03-11,0.043836,16,320.0,0.603478,530.260009765625,211.1806114973977,1.0011845450416912,0.6858306806256462,10.0,0.19816636006053978,2.0,-0.4803916419883498,0.05
SPOT,2026-03-11,0.043836,16,330.0,0.622336,530.260009765625,201.35250503170914,1.0103405662087597,0.6858306806256462,10.0,0.19816636006053978,2.0,-0.4803916419883498,0.05
SPOT,2026-03-11,0.043836,16,340.0,0.641195,530.260009765625,191.41439917430205,0.9667012013812211,0.6858306806256462,10.0,0.19816636006053978,2.0,-0.4803916419883498,0.05
SPOT,2026-03-11,0.043836,16,350.0,0.660054,530.260009765625,181.92629205109802,1.0248182082767432,0.6858306806256462,10.0,0.19816636006053978,2.0,-0.4803916419883498,0.05
SPOT,2026-03-11,0.043836,16,360.0,0.678912,530.260009765625,171.2581867020042,0.7835398650373826,0.6858306806256462,10.0,0.19816636006053978,2.0,-0.4803916419883498,0.05
SPOT,2026-03-11,0.043836,16,370.0,0.697771,530.260009765625,163.21008105268214,1.0631830355239862,0.6858306806256462,10.0,0.19816636006053978,2.0,-0.4803916419883498,0.05
SPOT,2026-03-11,0.043836,16,375.0,0.7072,530.260009765625,158.72102750075055,1.0774027270036357,0.6858306806256462,10.0,0.19816636006053978,2.0,-0.4803916419883498,0.05
SPOT,2026-03-11,0.043836,16,380.0,0.71663,530.260009765625,153.84197440284078,1.0532214675713665,0.6858306806256462,10.0,0.19816636006053978,2.0,-0.4803916419883498,0.05
SPOT,2026-03-11,0.043836,16,385.0,0.726059,530.260009765625,147.17292129421384,0.8442327055726391,0.6858306806256462,10.0,0.19816636006053978,2.0,-0.4803916419883498,0.05
SPOT,2026-03-11,0.043836,16,390.0,0.735488,530.260009765625,144.3538669998237,1.0246422304151204,0.6858306806256462,10.0,0.19816636006053978,2.0,-0.4803916419883498,0.05
SPOT,2026-03-11,0.043836,16,395.0,0.744918,530.260009765625,136.52481462434844,0.6706707119155957,0.6858306806256462,10.0,0.19816636006053978,2.0,-0.4803916419883498,0.05
SPOT,2026-03-11,0.043836,16,400.0,0.754347,530.260009765625,131.7057620005399,0.6815569018519043,0.6858306806256462,10.0,0.19816636006053978,2.0,-0.4803916419883498,0.05
SPOT,2026-03-11,0.043836,16,405.0,0.763776,530.260009765625,128.4767066432305,0.8553427453917909,0.6858306806256462,10.0,0.19816636006053978,2.0,-0.4803916419883498,0.05
SPOT,2026-03-11,0.043836,16,410.0,0.773206,530.260009765625,122.62765575940745,0.7470768900614353,0.6858306806256462,10.0,0.19816636006053978,2.0,-0.4803916419883498,0.05
SPOT,2026-03-11,0.043836,16,415.0,0.782635,530.260009765625,123.04859754655342,1.0585778870947073,0.6858306806256462,10.0,0.19816636006053978,2.0,-0.4803916419883498,0.05
SPOT,2026-03-11,0.043836,16,420.0,0.792064,530.260009765625,113.57954947478038,0.7674023291963481,0.6858306806256462,10.0,0.19816636006053978,2.0,-0.4803916419883498,0.05
SPOT,2026-03-11,0.043836,16,425.0,0.801494,530.260009765625,108.12049653093555,0.7007527701697027,0.6858306806256462,10.0,0.19816636006053978,2.0,-0.4803916419883498,0.05
SPOT,2026-03-11,0.043836,16,430.0,0.810923,530.260009765625,104.03144270379698,0.7349998359428692,0.6858306806256462,10.0,0.19816636006053978,2.0,-0.4803916419883498,0.05
SPOT,2026-03-11,0.043836,16,435.0,0.820352,530.260009765625,97.04239031933565,0.5397686448174451,0.6858306806256462,10.0,0.19816636006053978,2.0,-0.4803916419883498,0.05
SPOT,2026-03-11,0.043836,16,440.0,0.829782,530.260009765625,92.62333953673146,0.570463201129314,0.6858306806256462,10.0,0.19816636006053978,2.0,-0.4803916419883498,0.05
SPOT,2026-03-11,0.043836,16,445.0,0.839211,530.260009765625,88.63428412390465,0.6150811195852942,0.6858306806256462,10.0,0.19816636006053978,2.0,-0.4803916419883498,0.05
SPOT,2026-03-11,0.043836,16,450.0,0.84864,530.260009765625,83.91523053408378,0.6012847341164714,0.6858306806256462,10.0,0.19816636006053978,2.0,-0.4803916419883498,0.05
SPOT,2026-03-11,0.043836,16,455.0,0.85807,530.260009765625,78.3061774718226,0.5333722138526292,0.6858306806256462,10.0,0.19816636006053978,2.0,-0.4803916419883498,0.05
SPOT,2026-03-11,0.043836,16,460.0,0.867499,530.260009765625,74.1771248363832,0.5531703186065361,0.6858306806256462,10.0,0.19816636006053978,2.0,-0.4803916419883498,0.05
SPOT,2026-03-11,0.043836,16,465.0,0.876928,530.260009765625,69.33807561572621,0.5297962452221797,0.6858306806256462,10.0,0.19816636006053978,2.0,-0.4803916419883498,0.05
SPOT,2026-03-11,0.043836,16,470.0,0.886358,530.260009765625,64.78901873517447,0.5191279052910223,0.6858306806256462,10.0,0.19816636006053978,2.0,-0.4803916419883498,0.05
SPOT,2026-03-11,0.043836,16,475.0,0.895787,530.260009765625,60.09996556215992,0.4999955405877642,0.6858306806256462,10.0,0.19816636006053978,2.0,-0.4803916419883498,0.05
SPOT,2026-03-11,0.043836,16,480.0,0.905216,530.260009765625,55.36091225765938,0.47740085164397883,0.6858306806256462,10.0,0.19816636006053978,2.0,-0.4803916419883498,0.05
SPOT,2026-03-11,0.043836,16,485.0,0.914646,530.260009765625,52.52185699049028,0.5208855534678745,0.6858306806256462,10.0,0.19816636006053978,2.0,-0.4803916419883498,0.05
SPOT,2026-03-11,0.043836,16,490.0,0.924075,530.260009765625,48.88280878033453,0.5270352000259337,0.6858306806256462,10.0,0.19816636006053978,2.0,-0.4803916419883498,0.05
SPOT,2026-03-11,0.043836,16,495.0,0.933504,530.260009765625,43.91375337375945,0.4891959176182081,0.6858306806256462,10.0,0.19816636006053978,2.0,-0.4803916419883498,0.05
SPOT,2026-03-11,0.043836,16,500.0,0.942934,530.260009765625,39.354700079146824,0.46247993726117653,0.6858306806256462,10.0,0.19816636006053978,2.0,-0.4803916419883498,0.05
SPOT,2026-03-11,0.043836,16,505.0,0.952363,530.260009765625,36.41564678547263,0.47738327607160064,0.6858306806256462,10.0,0.19816636006053978,2.0,-0.4803916419883498,0.05
SPOT,2026-03-11,0.043836,16,510.0,0.961792,530.260009765625,32.10659388294465,0.45165687702193047,0.6858306806256462,10.0,0.19816636006053978,2.0,-0.4803916419883498,0.05
SPOT,2026-03-11,0.043836,16,515.0,0.971222,530.260009765625,30.29754079645886,0.48409710282353474,0.6858306806256462,10.0,0.19816636006053978,2.0,-0.4803916419883498,0.05
SPOT,2026-03-11,0.043836,16,520.0,0.980651,530.260009765625,20.198487725094253,0.3139892797612512,0.6858306806256462,10.0,0.19816636006053978,2.0,-0.4803916419883498,0.05
SPOT,2026-03-11,0.043836,16,525.0,0.99008,530.260009765625,22.159434525659663,0.42676310201067086,0.6858306806256462,10.0,0.19816636006053978,2.0,-0.4803916419883498,0.05
SPOT,2026-03-11,0.043836,16,530.0,0.99951,530.260009765625,18.430381512215945,0.40053756016059017,0.6858306806256462,10.0,0.19816636006053978,2.0,-0.4803916419883498,0.05
SPOT,2026-03-11,0.043836,16,535.0,1.008939,530.260009765625,20.899999226068957,0.509688299996169,0.6858306806256462,10.0,0.19816636006053978,2.0,-0.4803916419883498,0.05
SPOT,2026-03-11,0.043836,16,537.5,1.013654,530.260009765625,23.29999999957849,0.5890143336661929,0.6858306806256462,10.0,0.19816636006053978,2.0,-0.4803916419883498,0.05
SPOT,2026-03-11,0.043836,16,540.0,1.018368,530.260009765625,18.87999981646101,0.5132673260429221,0.6858306806256462,10.0,0.19816636006053978,2.0,-0.4803916419883498,0.05
SPOT,2026-03-11,0.043836,16,545.0,1.027798,530.260009765625,17.50000365752581,0.5277299067704209,0.6858306806256462,10.0,0.19816636006053978,2.0,-0.4803916419883498,0.05
SPOT,2026-03-11,0.043836,16,547.5,1.032512,530.260009765625,18.175000000121514,0.5651654569652216,0.6858306806256462,10.0,0.19816636006053978,2.0,-0.4803916419883498,0.05
SPOT,2026-03-11,0.043836,16,550.0,1.037227,530.260009765625,14.150000043305255,0.4928345772673201,0.6858306806256462,10.0,0.19816636006053978,2.0,-0.4803916419883498,0.05
SPOT,2026-03-11,0.043836,16,555.0,1.046656,530.260009765625,13.499995848538191,0.5173214148461527,0.6858306806256462,10.0,0.19816636006053978,2.0,-0.4803916419883498,0.05
SPOT,2026-03-11,0.043836,16,560.0,1.056086,530.260009765625,23.14000001341904,0.78367346056471,0.6858306806256462,10.0,0.19816636006053978,2.0,-0.4803916419883498,0.05
SPOT,2026-03-11,0.043836,16,565.0,1.065515,530.260009765625,10.91999698231811,0.5268115490122178,0.6858306806256462,10.0,0.19816636006053978,2.0,-0.4803916419883498,0.05
SPOT,2026-03-11,0.043836,16,570.0,1.074944,530.260009765625,8.530000054162372,0.4969517245229492,0.6858306806256462,10.0,0.19816636006053978,2.0,-0.4803916419883498,0.05
SPOT,2026-03-11,0.043836,16,575.0,1.084374,530.260009765625,7.059999988510228,0.48630954308303914,0.6858306806256462,10.0,0.19816636006053978,2.0,-0.4803916419883498,0.05
SPOT,2026-03-11,0.043836,16,580.0,1.093803,530.260009765625,5.0000001813095025,0.4509572786851033,0.6858306806256462,10.0,0.19816636006053978,2.0,-0.4803916419883498,0.05
SPOT,2026-03-11,0.043836,16,585.0,1.103232,530.260009765625,11.600000032881297,0.674733795188931,0.6858306806256462,10.0,0.19816636006053978,2.0,-0.4803916419883498,0.05
SPOT,2026-03-11,0.043836,16,590.0,1.112662,530.260009765625,15.400000000143308,0.8067282425120402,0.6858306806256462,10.0,0.19816636006053978,2.0,-0.4803916419883498,0.05
SPOT,2026-03-11,0.043836,16,595.0,1.122091,530.260009765625,9.689999985587889,0.6798600472158216,0.6858306806256462,10.0,0.19816636006053978,2.0,-0.4803916419883498,0.05
SPOT,2026-03-11,0.043836,16,600.0,1.13152,530.260009765625,3.4000029073611415,0.491951594863055,0.6858306806256462,10.0,0.19816636006053978,2.0,-0.4803916419883498,0.05
SPOT,2026-03-11,0.043836,16,605.0,1.14095,530.260009765625,5.789999985835024,0.60824649105507,0.6858306806256462,10.0,0.19816636006053978,2.0,-0.4803916419883498,0.05
SPOT,2026-03-11,0.043836,16,610.0,1.150379,530.260009765625,3.499994699225951,0.5419274013434086,0.6858306806256462,10.0,0.19816636006053978,2.0,-0.4803916419883498,0.05
SPOT,2026-03-11,0.043836,16,615.0,1.159808,530.260009765625,7.800000124138322,0.7272095973752929,0.6858306806256462,10.0,0.19816636006053978,2.0,-0.4803916419883498,0.05
SPOT,2026-03-11,0.043836,16,620.0,1.169238,530.260009765625,4.240000110549445,0.618626779721069,0.6858306806256462,10.0,0.19816636006053978,2.0,-0.4803916419883498,0.05
SPOT,2026-03-11,0.043836,16,625.0,1.178667,530.260009765625,4.020000625286457,0.631009286624984,0.6858306806256462,10.0,0.19816636006053978,2.0,-0.4803916419883498,0.05
SPOT,2026-03-11,0.043836,16,630.0,1.188096,530.260009765625,3.499999983610877,0.6282831128911723,0.6858306806256462,10.0,0.19816636006053978,2.0,-0.4803916419883498,0.05
SPOT,2026-03-11,0.043836,16,635.0,1.197526,530.260009765625,2.359999990755057,0.5881626040479835,0.6858306806256462,10.0,0.19816636006053978,2.0,-0.4803916419883498,0.05
SPOT,2026-03-11,0.043836,16,640.0,1.206955,530.260009765625,2.629998113375393,0.6231189175942227,0.6858306806256462,10.0,0.19816636006053978,2.0,-0.4803916419883498,0.05
SPOT,2026-03-11,0.043836,16,650.0,1.225814,530.260009765625,2.0399996921943924,0.6241748017543408,0.6858306806256462,10.0,0.19816636006053978,2.0,-0.4803916419883498,0.05
SPOT,2026-03-11,0.043836,16,655.0,1.235243,530.260009765625,0.7999997476669876,0.5357176065617634,0.6858306806256462,10.0,0.19816636006053978,2.0,-0.4803916419883498,0.05
SPOT,2026-03-11,0.043836,16,660.0,1.244672,530.260009765625,1.3600002516561283,0.6074507289693266,0.6858306806256462,10.0,0.19816636006053978,2.0,-0.4803916419883498,0.05
SPOT,2026-03-11,0.060274,22,300.0,0.56576,530.260009765625,231.21275833139038,0.8165293155373534,0.6858306806256462,10.0,0.19816636006053978,2.0,-0.4803916419883498,0.05
SPOT,2026-03-11,0.060274,22,310.0,0.584619,530.260009765625,221.5028499508067,0.9426329499930493,0.6858306806256462,10.0,0.19816636006053978,2.0,-0.4803916419883498,0.05
SPOT,2026-03-11,0.060274,22,320.0,0.603478,530.260009765625,211.55294221838608,0.8993902405774882,0.6858306806256462,10.0,0.19816636006053978,2.0,-0.4803916419883498,0.05
SPOT,2026-03-11,0.060274,22,330.0,0.622336,530.260009765625,201.53303322262076,0.832282298843375,0.6858306806256462,10.0,0.19816636006053978,2.0,-0.4803916419883498,0.05
SPOT,2026-03-11,0.060274,22,340.0,0.641195,530.260009765625,191.43312511484868,0.7281321041637531,0.6858306806256462,10.0,0.19816636006053978,2.0,-0.4803916419883498,0.05
SPOT,2026-03-11,0.060274,22,350.0,0.660054,530.260009765625,181.77321646873742,0.7904760321216205,0.6858306806256462,10.0,0.19816636006053978,2.0,-0.4803916419883498,0.05
SPOT,2026-03-11,0.060274,22,360.0,0.678912,530.260009765625,171.58330808237884,0.6807430568752654,0.6858306806256462,10.0,0.19816636006053978,2.0,-0.4803916419883498,0.05
SPOT,2026-03-11,0.060274,22,370.0,0.697771,530.260009765625,161.99339912022077,0.72861469772719,0.6858306806256462,10.0,0.19816636006053978,2.0,-0.4803916419883498,0.05
SPOT,2026-03-11,0.060274,22,375.0,0.7072,530.260009765625,158.878445515998,0.908976866197794,0.6858306806256462,10.0,0.19816636006053978,2.0,-0.4803916419883498,0.05
SPOT,2026-03-11,0.060274,22,380.0,0.71663,530.260009765625,151.5134911933219,0.5421015991755498,0.6858306806256462,10.0,0.19816636006053978,2.0,-0.4803916419883498,0.05
SPOT,2026-03-11,0.060274,22,385.0,0.726059,530.260009765625,150.61853642021345,0.9638298288711806,0.6858306806256462,10.0,0.19816636006053978,2.0,-0.4803916419883498,0.05
SPOT,2026-03-11,0.060274,22,390.0,0.735488,530.260009765625,142.02358276895694,0.6307151349885238,0.6858306806256462,10.0,0.19816636006053978,2.0,-0.4803916419883498,0.05
SPOT,2026-03-11,0.060274,22,395.0,0.744918,530.260009765625,139.73862875298408,0.8499097783178854,0.6858306806256462,10.0,0.19816636006053978,2.0,-0.4803916419883498,0.05
SPOT,2026-03-11,0.060274,22,400.0,0.754347,530.260009765625,132.92367456405634,0.6877330257106946,0.6858306806256462,10.0,0.19816636006053978,2.0,-0.4803916419883498,0.05
SPOT,2026-03-11,0.060274,22,405.0,0.763776,530.260009765625,129.8487203404141,0.7974180003970611,0.6858306806256462,10.0,0.19816636006053978,2.0,-0.4803916419883498,0.05
SPOT,2026-03-11,0.060274,22,410.0,0.773206,530.260009765625,123.74376618520154,0.699036740385824,0.6858306806256462,10.0,0.19816636006053978,2.0,-0.4803916419883498,0.05
SPOT,2026-03-11,0.060274,22,415.0,0.782635,530.260009765625,118.95881203003813,0.6859365644158031,0.6858306806256462,10.0,0.19816636006053978,2.0,-0.4803916419883498,0.05
SPOT,2026-03-11,0.060274,22,420.0,0.792064,530.260009765625,119.88385825215931,0.9299901007363223,0.6858306806256462,10.0,0.19816636006053978,2.0,-0.4803916419883498,0.05
SPOT,2026-03-11,0.060274,22,425.0,0.801494,530.260009765625,108.43890361672442,0.5972905912922855,0.6858306806256462,10.0,0.19816636006053978,2.0,-0.4803916419883498,0.05
SPOT,2026-03-11,0.060274,22,430.0,0.810923,530.260009765625,103.48395066997864,0.5741813556724134,0.6858306806256462,10.0,0.19816636006053978,2.0,-0.4803916419883498,0.05
SPOT,2026-03-11,0.060274,22,435.0,0.820352,530.260009765625,99.90899520779993,0.6284274269141787,0.6858306806256462,10.0,0.19816636006053978,2.0,-0.4803916419883498,0.05
SPOT,2026-03-11,0.060274,22,440.0,0.829782,530.260009765625,94.69404063451509,0.589767775860643,0.6858306806256462,10.0,0.19816636006053978,2.0,-0.4803916419883498,0.05
SPOT,2026-03-11,0.060274,22,445.0,0.839211,530.260009765625,89.08908607429692,0.5312958585536621,0.6858306806256462,10.0,0.19816636006053978,2.0,-0.4803916419883498,0.05
SPOT,2026-03-11,0.060274,22,450.0,0.84864,530.260009765625,90.60413266522266,0.7537969054926467,0.6858306806256462,10.0,0.19816636006053978,2.0,-0.4803916419883498,0.05
SPOT,2026-03-11,0.060274,22,455.0,0.85807,530.260009765625,79.2791784754366,0.4877021125241096,0.6858306806256462,10.0,0.19816636006053978,2.0,-0.4803916419883498,0.05
SPOT,2026-03-11,0.060274,22,460.0,0.867499,530.260009765625,75.29422524337423,0.5055701033167554,0.6858306806256462,10.0,0.19816636006053978,2.0,-0.4803916419883498,0.05
SPOT,2026-03-11,0.060274,22,465.0,0.876928,530.260009765625,71.60926965015705,0.526683058421677,0.6858306806256462,10.0,0.19816636006053978,2.0,-0.4803916419883498,0.05
SPOT,2026-03-11,0.060274,22,470.0,0.886358,530.260009765625,66.84431589464407,0.505031996352547,0.6858306806256462,10.0,0.19816636006053978,2.0,-0.4803916419883498,0.05
SPOT,2026-03-11,0.060274,22,475.0,0.895787,530.260009765625,61.18936149506095,0.45322187502120986,0.6858306806256462,10.0,0.19816636006053978,2.0,-0.4803916419883498,0.05
SPOT,2026-03-11,0.060274,22,480.0,0.905216,530.260009765625,57.69440752581005,0.47123770502344314,0.6858306806256462,10.0,0.19816636006053978,2.0,-0.4803916419883498,0.05
SPOT,2026-03-11,0.060274,22,485.0,0.914646,530.260009765625,54.119453318435944,0.4803520604390915,0.6858306806256462,10.0,0.19816636006053978,2.0,-0.4803916419883498,0.05
SPOT,2026-03-11,0.060274,22,490.0,0.924075,530.260009765625,50.59449925188778,0.48600258658225454,0.6858306806256462,10.0,0.19816636006053978,2.0,-0.4803916419883498,0.05
SPOT,2026-03-11,0.060274,22,495.0,0.933504,530.260009765625,46.64954495526831,0.4775192117636822,0.6858306806256462,10.0,0.19816636006053978,2.0,-0.4803916419883498,0.05
SPOT,2026-03-11,0.060274,22,500.0,0.942934,530.260009765625,41.104597555666714,0.42926857989332345,0.6858306806256462,10.0,0.19816636006053978,2.0,-0.4803916419883498,0.05
SPOT,2026-03-11,0.060274,22,505.0,0.952363,530.260009765625,38.029636548005726,0.4370067576992828,0.6858306806256462,10.0,0.19816636006053978,2.0,-0.4803916419883498,0.05
SPOT,2026-03-11,0.060274,22,510.0,0.961792,530.260009765625,31.28468237051112,0.3612399651886985,0.6858306806256462,10.0,0.19816636006053978,2.0,-0.4803916419883498,0.05
SPOT,2026-03-11,0.060274,22,515.0,0.971222,530.260009765625,31.43972820038971,0.4310861210488867,0.6858306806256462,10.0,0.19816636006053978,2.0,-0.4803916419883498,0.05
SPOT,2026-03-11,0.060274,22,520.0,0.980651,530.260009765625,26.324776791139357,0.38676589981886833,0.6858306806256462,10.0,0.19816636006053978,2.0,-0.4803916419883498,0.05
SPOT,2026-03-11,0.060274,22,525.0,0.99008,530.260009765625,40.73982124898447,0.7222649836546291,0.6858306806256462,10.0,0.19816636006053978,2.0,-0.4803916419883498,0.05
SPOT,2026-03-11,0.060274,22,530.0,0.99951,530.260009765625,25.054866348538667,0.46541437678261954,0.6858306806256462,10.0,0.19816636006053978,2.0,-0.4803916419883498,0.05
SPOT,2026-03-11,0.060274,22,535.0,1.008939,530.260009765625,26.600000225165104,0.5405789888892865,0.6858306806256462,10.0,0.19816636006053978,2.0,-0.4803916419883498,0.05
SPOT,2026-03-11,0.060274,22,540.0,1.018368,530.260009765625,20.539999967384688,0.4661830776564867,0.6858306806256462,10.0,0.19816636006053978,2.0,-0.4803916419883498,0.05
SPOT,2026-03-11,0.060274,22,545.0,1.027798,530.260009765625,22.549998696730967,0.5448581892072836,0.6858306806256462,10.0,0.19816636006053978,2.0,-0.4803916419883498,0.05
SPOT,2026-03-11,0.060274,22,550.0,1.037227,530.260009765625,18.800000000355368,0.509266395925163,0.6858306806256462,10.0,0.19816636006053978,2.0,-0.4803916419883498,0.05
SPOT,2026-03-11,0.060274,22,555.0,1.046656,530.260009765625,26.00000000007543,0.6864270618662597,0.6858306806256462,10.0,0.19816636006053978,2.0,-0.4803916419883498,0.05
SPOT,2026-03-11,0.060274,22,560.0,1.056086,530.260009765625,27.510000000602986,0.7512105626932891,0.6858306806256462,10.0,0.19816636006053978,2.0,-0.4803916419883498,0.05
SPOT,2026-03-11,0.060274,22,565.0,1.065515,530.260009765625,29.00000000291746,0.8146195161279082,0.6858306806256462,10.0,0.19816636006053978,2.0,-0.4803916419883498,0.05
SPOT,2026-03-11,0.060274,22,570.0,1.074944,530.260009765625,10.65000000006063,0.46952830597229644,0.6858306806256462,10.0,0.19816636006053978,2.0,-0.4803916419883498,0.05
SPOT,2026-03-11,0.060274,22,575.0,1.084374,530.260009765625,19.519999996013468,0.6882144251416931,0.6858306806256462,10.0,0.19816636006053978,2.0,-0.4803916419883498,0.05
SPOT,2026-03-11,0.060274,22,580.0,1.093803,530.260009765625,8.54000490978494,0.4744048501682951,0.6858306806256462,10.0,0.19816636006053978,2.0,-0.4803916419883498,0.05
SPOT,2026-03-11,0.060274,22,585.0,1.103232,530.260009765625,7.439999191203512,0.4718518556889946,0.6858306806256462,10.0,0.19816636006053978,2.0,-0.4803916419883498,0.05
SPOT,2026-03-11,0.060274,22,590.0,1.112662,530.260009765625,5.300008287898521,0.4367221747402717,0.6858306806256462,10.0,0.19816636006053978,2.0,-0.4803916419883498,0.05
SPOT,2026-03-11,0.060274,22,595.0,1.122091,530.260009765625,5.960002119689719,0.47819729790943344,0.6858306806256462,10.0,0.19816636006053978,2.0,-0.4803916419883498,0.05
SPOT,2026-03-11,0.060274,22,600.0,1.13152,530.260009765625,10.549999989620645,0.6228793403639024,0.6858306806256462,10.0,0.19816636006053978,2.0,-0.4803916419883498,0.05
SPOT,2026-03-11,0.060274,22,605.0,1.14095,530.260009765625,9.349996925629284,0.6158381705376801,0.6858306806256462,10.0,0.19816636006053978,2.0,-0.4803916419883498,0.05
SPOT,2026-03-11,0.060274,22,610.0,1.150379,530.260009765625,9.400007084901446,0.6398474898037494,0.6858306806256462,10.0,0.19816636006053978,2.0,-0.4803916419883498,0.05
SPOT,2026-03-11,0.060274,22,615.0,1.159808,530.260009765625,7.500001225242386,0.6094373630735789,0.6858306806256462,10.0,0.19816636006053978,2.0,-0.4803916419883498,0.05
SPOT,2026-03-11,0.060274,22,620.0,1.169238,530.260009765625,2.7900000001444667,0.4685136835968226,0.6858306806256462,10.0,0.19816636006053978,2.0,-0.4803916419883498,0.05
SPOT,2026-03-11,0.060274,22,625.0,1.178667,530.260009765625,5.850000125440559,0.5999397415937125,0.6858306806256462,10.0,0.19816636006053978,2.0,-0.4803916419883498,0.05
SPOT,2026-03-11,0.060274,22,630.0,1.188096,530.260009765625,7.219999969876241,0.6627563888257456,0.6858306806256462,10.0,0.19816636006053978,2.0,-0.4803916419883498,0.05
SPOT,2026-03-11,0.060274,22,635.0,1.197526,530.260009765625,6.439994207138767,0.6578478881397605,0.6858306806256462,10.0,0.19816636006053978,2.0,-0.4803916419883498,0.05
SPOT,2026-03-11,0.060274,22,640.0,1.206955,530.260009765625,2.499999454952757,0.5232878484402685,0.6858306806256462,10.0,0.19816636006053978,2.0,-0.4803916419883498,0.05
SPOT,2026-03-11,0.060274,22,645.0,1.216384,530.260009765625,1.2200001848530846,0.4628477625425889,0.6858306806256462,10.0,0.19816636006053978,2.0,-0.4803916419883498,0.05
SPOT,2026-03-11,0.060274,22,650.0,1.225814,530.260009765625,3.799999573878523,0.6156847543284522,0.6858306806256462,10.0,0.19816636006053978,2.0,-0.4803916419883498,0.05
SPOT,2026-03-11,0.060274,22,660.0,1.244672,530.260009765625,2.230000044232213,0.5720806697273401,0.6858306806256462,10.0,0.19816636006053978,2.0,-0.4803916419883498,0.05
SPOT,2026-03-11,0.082192,30,350.0,0.660054,530.260009765625,182.14541446164225,0.6763921675647894,0.6858306806256462,10.0,0.19816636006053978,2.0,-0.4803916419883498,0.05
SPOT,2026-03-11,0.082192,30,360.0,0.678912,530.260009765625,172.04642601090939,0.6041251069149159,0.6858306806256462,10.0,0.19816636006053978,2.0,-0.4803916419883498,0.05
SPOT,2026-03-11,0.082192,30,390.0,0.735488,530.260009765625,147.25951743919586,0.856420799204342,0.6858306806256462,10.0,0.19816636006053978,2.0,-0.4803916419883498,0.05
SPOT,2026-03-11,0.082192,30,395.0,0.744918,530.260009765625,140.0799648132878,0.7251299419502191,0.6858306806256462,10.0,0.19816636006053978,2.0,-0.4803916419883498,0.05
SPOT,2026-03-11,0.082192,30,400.0,0.754347,530.260009765625,132.78047204238368,0.538046443548386,0.6858306806256462,10.0,0.19816636006053978,2.0,-0.4803916419883498,0.05
SPOT,2026-03-11,0.082192,30,405.0,0.763776,530.260009765625,133.69196523188373,0.8287292673759408,0.6858306806256462,10.0,0.19816636006053978,2.0,-0.4803916419883498,0.05
SPOT,2026-03-11,0.082192,30,415.0,0.782635,530.260009765625,121.10199339830808,0.6715641971648327,0.6858306806256462,10.0,0.19816636006053978,2.0,-0.4803916419883498,0.05
SPOT,2026-03-11,0.082192,30,420.0,0.792064,530.260009765625,114.23249536937357,0.5557375888602422,0.6858306806256462,10.0,0.19816636006053978,2.0,-0.4803916419883498,0.05
SPOT,2026-03-11,0.082192,30,425.0,0.801494,530.260009765625,113.26300622693651,0.701713220274446,0.6858306806256462,10.0,0.19816636006053978,2.0,-0.4803916419883498,0.05
SPOT,2026-03-11,0.082192,30,430.0,0.810923,530.260009765625,105.54350630978547,0.5717352516371856,0.6858306806256462,10.0,0.19816636006053978,2.0,-0.4803916419883498,0.05
SPOT,2026-03-11,0.082192,30,435.0,0.820352,530.260009765625,99.67401057812503,0.5083030498092712,0.6858306806256462,10.0,0.19816636006053978,2.0,-0.4803916419883498,0.05
SPOT,2026-03-11,0.082192,30,440.0,0.829782,530.260009765625,95.80451846972755,0.5332269080711979,0.6858306806256462,10.0,0.19816636006053978,2.0,-0.4803916419883498,0.05
SPOT,2026-03-11,0.082192,30,445.0,0.839211,530.260009765625,91.65502444393456,0.5400244063732139,0.6858306806256462,10.0,0.19816636006053978,2.0,-0.4803916419883498,0.05
SPOT,2026-03-11,0.082192,30,450.0,0.84864,530.260009765625,85.08553007200982,0.4560317775763996,0.6858306806256462,10.0,0.19816636006053978,2.0,-0.4803916419883498,0.05
SPOT,2026-03-11,0.082192,30,455.0,0.85807,530.260009765625,91.18244198471893,0.7457615789556408,0.6858306806256462,10.0,0.19816636006053978,2.0,-0.4803916419883498,0.05
SPOT,2026-03-11,0.082192,30,460.0,0.867499,530.260009765625,78.22653919578295,0.5126082860523601,0.6858306806256462,10.0,0.19816636006053978,2.0,-0.4803916419883498,0.05
SPOT,2026-03-11,0.082192,30,465.0,0.876928,530.260009765625,73.08705542006192,0.48213292547226005,0.6858306806256462,10.0,0.19816636006053978,2.0,-0.4803916419883498,0.05
SPOT,2026-03-11,0.082192,30,470.0,0.886358,530.260009765625,70.27755044209744,0.513479648537703,0.6858306806256462,10.0,0.19816636006053978,2.0,-0.4803916419883498,0.05
SPOT,2026-03-11,0.082192,30,475.0,0.895787,530.260009765625,65.20805848034337,0.48368650393325724,0.6858306806256462,10.0,0.19816636006053978,2.0,-0.4803916419883498,0.05
SPOT,2026-03-11,0.082192,30,480.0,0.905216,530.260009765625,61.52856783638276,0.4864404309025817,0.6858306806256462,10.0,0.19816636006053978,2.0,-0.4803916419883498,0.05
SPOT,2026-03-11,0.082192,30,485.0,0.914646,530.260009765625,56.89907073104382,0.4655248359948719,0.6858306806256462,10.0,0.19816636006053978,2.0,-0.4803916419883498,0.05
SPOT,2026-03-11,0.082192,30,490.0,0.924075,530.260009765625,54.209580316089045,0.4844975953071782,0.6858306806256462,10.0,0.19816636006053978,2.0,-0.4803916419883498,0.05
SPOT,2026-03-11,0.082192,30,495.0,0.933504,530.260009765625,46.29008210599585,0.3933354520475257,0.6858306806256462,10.0,0.19816636006053978,2.0,-0.4803916419883498,0.05
SPOT,2026-03-11,0.082192,30,500.0,0.942934,530.260009765625,45.22058783426667,0.44134629680300863,0.6858306806256462,10.0,0.19816636006053978,2.0,-0.4803916419883498,0.05
SPOT,2026-03-11,0.082192,30,505.0,0.952363,530.260009765625,42.34108880356001,0.4482502588306097,0.6858306806256462,10.0,0.19816636006053978,2.0,-0.4803916419883498,0.05
SPOT,2026-03-11,0.082192,30,510.0,0.961792,530.260009765625,38.98159948292823,0.4435078130116228,0.6858306806256462,10.0,0.19816636006053978,2.0,-0.4803916419883498,0.05
SPOT,2026-03-11,0.082192,30,515.0,0.971222,530.260009765625,31.672105235751815,0.367293787625564,0.6858306806256462,10.0,0.19816636006053978,2.0,-0.4803916419883498,0.05
SPOT,2026-03-11,0.082192,30,520.0,0.980651,530.260009765625,28.09259762065858,0.3559631586982408,0.6858306806256462,10.0,0.19816636006053978,2.0,-0.4803916419883498,0.05
SPOT,2026-03-11,0.082192,30,525.0,0.99008,530.260009765625,30.063116788061677,0.43516453723439935,0.6858306806256462,10.0,0.19816636006053978,2.0,-0.4803916419883498,0.05
SPOT,2026-03-11,0.082192,30,530.0,0.99951,530.260009765625,27.82362524435723,0.43972013735275345,0.6858306806256462,10.0,0.19816636006053978,2.0,-0.4803916419883498,0.05
SPOT,2026-03-11,0.082192,30,535.0,1.008939,530.260009765625,30.180005845206097,0.5175822318711185,0.6858306806256462,10.0,0.19816636006053978,2.0,-0.4803916419883498,0.05
SPOT,2026-03-11,0.082192,30,540.0,1.018368,530.260009765625,47.350007225336896,0.8374195068935657,0.6858306806256462,10.0,0.19816636006053978,2.0,-0.4803916419883498,0.05
SPOT,2026-03-11,0.082192,30,545.0,1.027798,530.260009765625,22.399999390653193,0.4601210104865196,0.6858306806256462,10.0,0.19816636006053978,2.0,-0.4803916419883498,0.05
SPOT,2026-03-11,0.082192,30,550.0,1.037227,530.260009765625,24.099993136059965,0.5210216550649883,0.6858306806256462,10.0,0.19816636006053978,2.0,-0.4803916419883498,0.05
SPOT,2026-03-11,0.082192,30,555.0,1.046656,530.260009765625,22.460000000400157,0.5247351744177788,0.6858306806256462,10.0,0.19816636006053978,2.0,-0.4803916419883498,0.05
SPOT,2026-03-11,0.082192,30,560.0,1.056086,530.260009765625,35.309990165647406,0.769725877140641,0.6858306806256462,10.0,0.19816636006053978,2.0,-0.4803916419883498,0.05
SPOT,2026-03-11,0.082192,30,565.0,1.065515,530.260009765625,26.7500000064384,0.6560945330047208,0.6858306806256462,10.0,0.19816636006053978,2.0,-0.4803916419883498,0.05
SPOT,2026-03-11,0.082192,30,570.0,1.074944,530.260009765625,14.899999947286432,0.4777375014311453,0.6858306806256462,10.0,0.19816636006053978,2.0,-0.4803916419883498,0.05
SPOT,2026-03-11,0.082192,30,575.0,1.084374,530.260009765625,21.37998655421714,0.6188042530193405,0.6858306806256462,10.0,0.19816636006053978,2.0,-0.4803916419883498,0.05
SPOT,2026-03-11,0.082192,30,580.0,1.093803,530.260009765625,11.00000000932178,0.4531280228608624,0.6858306806256462,10.0,0.19816636006053978,2.0,-0.4803916419883498,0.05
SPOT,2026-03-11,0.082192,30,585.0,1.103232,530.260009765625,10.65000022384433,0.46875025838336287,0.6858306806256462,10.0,0.19816636006053978,2.0,-0.4803916419883498,0.05
SPOT,2026-03-11,0.082192,30,590.0,1.112662,530.260009765625,10.70000125291351,0.4916828245496182,0.6858306806256462,10.0,0.19816636006053978,2.0,-0.4803916419883498,0.05
SPOT,2026-03-11,0.082192,30,595.0,1.122091,530.260009765625,18.499992730894093,0.665105905426206,0.6858306806256462,10.0,0.19816636006053978,2.0,-0.4803916419883498,0.05
SPOT,2026-03-11,0.082192,30,600.0,1.13152,530.260009765625,7.350000006229308,0.459604870321497,0.6858306806256462,10.0,0.19816636006053978,2.0,-0.4803916419883498,0.05
SPOT,2026-03-11,0.082192,30,605.0,1.14095,530.260009765625,7.3100001153410545,0.4777674686199064,0.6858306806256462,10.0,0.19816636006053978,2.0,-0.4803916419883498,0.05
SPOT,2026-03-11,0.082192,30,610.0,1.150379,530.260009765625,5.829999204729887,0.45902518020016053,0.6858306806256462,10.0,0.19816636006053978,2.0,-0.4803916419883498,0.05
SPOT,2026-03-11,0.082192,30,615.0,1.159808,530.260009765625,9.99998921255657,0.5780348715874812,0.6858306806256462,10.0,0.19816636006053978,2.0,-0.4803916419883498,0.05
SPOT,2026-03-11,0.082192,30,620.0,1.169238,530.260009765625,9.000000014541627,0.5737660845340764,0.6858306806256462,10.0,0.19816636006053978,2.0,-0.4803916419883498,0.05
SPOT,2026-03-11,0.082192,30,630.0,1.188096,530.260009765625,3.2300000004374496,0.4455671889094528,0.6858306806256462,10.0,0.19816636006053978,2.0,-0.4803916419883498,0.05
SPOT,2026-03-11,0.082192,30,640.0,1.206955,530.260009765625,5.200000993562199,0.5412367952525012,0.6858306806256462,10.0,0.19816636006053978,2.0,-0.4803916419883498,0.05
SPOT,2026-03-11,0.082192,30,645.0,1.216384,530.260009765625,3.2599946098614936,0.49079741587185366,0.6858306806256462,10.0,0.19816636006053978,2.0,-0.4803916419883498,0.05
SPOT,2026-03-11,0.082192,30,650.0,1.225814,530.260009765625,5.000006566228635,0.5657321594632996,0.6858306806256462,10.0,0.19816636006053978,2.0,-0.4803916419883498,0.05
SPOT,2026-03-11,0.082192,30,655.0,1.235243,530.260009765625,2.779997746023419,0.4995206613953918,0.6858306806256462,10.0,0.19816636006053978,2.0,-0.4803916419883498,0.05
SPOT,2026-03-11,0.082192,30,660.0,1.244672,530.260009765625,3.0499991376170996,0.524424528900371,0.6858306806256462,10.0,0.19816636006053978,2.0,-0.4803916419883498,0.05
SPOT,2026-03-11,0.10137,37,270.0,0.509184,530.260009765625,261.9050406517972,0.8866895351113672,0.6858306806256462,10.0,0.19816636006053978,2.0,-0.4803916419883498,0.05
SPOT,2026-03-11,0.10137,37,280.0,0.528043,530.260009765625,251.8955972109453,0.8190460027846737,0.6858306806256462,10.0,0.19816636006053978,2.0,-0.4803916419883498,0.05
SPOT,2026-03-11,0.10137,37,290.0,0.546902,530.260009765625,241.80615392934288,0.6972995197154002,0.6858306806256462,10.0,0.19816636006053978,2.0,-0.4803916419883498,0.05
SPOT,2026-03-11,0.10137,37,300.0,0.56576,530.260009765625,232.166710931639,0.79249563995384,0.6858306806256462,10.0,0.19816636006053978,2.0,-0.4803916419883498,0.05
SPOT,2026-03-11,0.10137,37,310.0,0.584619,530.260009765625,222.16726747451895,0.7380423004798535,0.6858306806256462,10.0,0.19816636006053978,2.0,-0.4803916419883498,0.05
SPOT,2026-03-11,0.10137,37,320.0,0.603478,530.260009765625,212.31782420110443,0.7231756029842229,0.6858306806256462,10.0,0.19816636006053978,2.0,-0.4803916419883498,0.05
SPOT,2026-03-11,0.10137,37,330.0,0.622336,530.260009765625,202.18838073094918,0.638303939597254,0.6858306806256462,10.0,0.19816636006053978,2.0,-0.4803916419883498,0.05
SPOT,2026-03-11,0.10137,37,340.0,0.641195,530.260009765625,192.82893757477666,0.7121099144060894,0.6858306806256462,10.0,0.19816636006053978,2.0,-0.4803916419883498,0.05
SPOT,2026-03-11,0.10137,37,350.0,0.660054,530.260009765625,182.4294942702142,0.6003499304130007,0.6858306806256462,10.0,0.19816636006053978,2.0,-0.4803916419883498,0.05
SPOT,2026-03-11,0.10137,37,360.0,0.678912,530.260009765625,173.42005245291534,0.6836731309446569,0.6858306806256462,10.0,0.19816636006053978,2.0,-0.4803916419883498,0.05
SPOT,2026-03-11,0.10137,37,370.0,0.697771,530.260009765625,163.59060777324925,0.6529683284973682,0.6858306806256462,10.0,0.19816636006053978,2.0,-0.4803916419883498,0.05
SPOT,2026-03-11,0.10137,37,380.0,0.71663,530.260009765625,152.97116421232909,0.5493696173351967,0.6858306806256462,10.0,0.19816636006053978,2.0,-0.4803916419883498,0.05
SPOT,2026-03-11,0.10137,37,390.0,0.735488,530.260009765625,143.49172106352404,0.556801649559686,0.6858306806256462,10.0,0.19816636006053978,2.0,-0.4803916419883498,0.05
SPOT,2026-03-11,0.10137,37,400.0,0.754347,530.260009765625,133.71227725611124,0.531331295474036,0.6858306806256462,10.0,0.19816636006053978,2.0,-0.4803916419883498,0.05
SPOT,2026-03-11,0.10137,37,410.0,0.773206,530.260009765625,124.60283446000619,0.5435329627909143,0.6858306806256462,10.0,0.19816636006053978,2.0,-0.4803916419883498,0.05
SPOT,2026-03-11,0.10137,37,420.0,0.792064,530.260009765625,114.88339027149556,0.5144258399306133,0.6858306806256462,10.0,0.19816636006053978,2.0,-0.4803916419883498,0.05
SPOT,2026-03-11,0.10137,37,430.0,0.810923,530.260009765625,105.89394787129743,0.5142436844240442,0.6858306806256462,10.0,0.19816636006053978,2.0,-0.4803916419883498,0.05
SPOT,2026-03-11,0.10137,37,440.0,0.829782,530.260009765625,96.93450720266941,0.5063988783439703,0.6858306806256462,10.0,0.19816636006053978,2.0,-0.4803916419883498,0.05
SPOT,2026-03-11,0.10137,37,450.0,0.84864,530.260009765625,88.58506078639016,0.5094717765830568,0.6858306806256462,10.0,0.19816636006053978,2.0,-0.4803916419883498,0.05
SPOT,2026-03-11,0.10137,37,460.0,0.867499,530.260009765625,80.21561798024726,0.5029204301448932,0.6858306806256462,10.0,0.19816636006053978,2.0,-0.4803916419883498,0.05
SPOT,2026-03-11,0.10137,37,470.0,0.886358,530.260009765625,71.30617420884482,0.47766241278454835,0.6858306806256462,10.0,0.19816636006053978,2.0,-0.4803916419883498,0.05
SPOT,2026-03-11,0.10137,37,480.0,0.905216,530.260009765625,64.13673140001771,0.4838396318484112,0.6858306806256462,10.0,0.19816636006053978,2.0,-0.4803916419883498,0.05
SPOT,2026-03-11,0.10137,37,490.0,0.924075,530.260009765625,56.237285556087215,0.46755361807907,0.6858306806256462,10.0,0.19816636006053978,2.0,-0.4803916419883498,0.05
SPOT,2026-03-11,0.10137,37,500.0,0.942934,530.260009765625,49.79783692368903,0.47025832852155247,0.6858306806256462,10.0,0.19816636006053978,2.0,-0.4803916419883498,0.05
SPOT,2026-03-11,0.10137,37,510.0,0.961792,530.260009765625,42.78840147461642,0.4556332316821256,0.6858306806256462,10.0,0.19816636006053978,2.0,-0.4803916419883498,0.05
SPOT,2026-03-11,0.10137,37,520.0,0.980651,530.260009765625,34.70895747867769,0.41801323584239236,0.6858306806256462,10.0,0.19816636006053978,2.0,-0.4803916419883498,0.05
SPOT,2026-03-11,0.10137,37,530.0,0.99951,530.260009765625,30.099521251925466,0.4262254258446746,0.6858306806256462,10.0,0.19816636006053978,2.0,-0.4803916419883498,0.05
SPOT,2026-03-11,0.10137,37,540.0,1.018368,530.260009765625,28.59999999992064,0.47218989338695344,0.6858306806256462,10.0,0.19816636006053978,2.0,-0.4803916419883498,0.05
SPOT,2026-03-11,0.10137,37,550.0,1.037227,530.260009765625,26.94999874966493,0.5087635697532532,0.6858306806256462,10.0,0.19816636006053978,2.0,-0.4803916419883498,0.05
SPOT,2026-03-11,0.10137,37,560.0,1.056086,530.260009765625,19.120000055571296,0.44524781536059316,0.6858306806256462,10.0,0.19816636006053978,2.0,-0.4803916419883498,0.05
SPOT,2026-03-11,0.10137,37,570.0,1.074944,530.260009765625,19.39999314077403,0.49954191244909946,0.6858306806256462,10.0,0.19816636006053978,2.0,-0.4803916419883498,0.05
SPOT,2026-03-11,0.10137,37,580.0,1.093803,530.260009765625,14.029993220108139,0.4579792497840086,0.6858306806256462,10.0,0.19816636006053978,2.0,-0.4803916419883498,0.05
SPOT,2026-03-11,0.10137,37,590.0,1.112662,530.260009765625,16.799992701706827,0.5471849836935548,0.6858306806256462,10.0,0.19816636006053978,2.0,-0.4803916419883498,0.05
SPOT,2026-03-11,0.10137,37,600.0,1.13152,530.260009765625,8.999998646815882,0.4455935050862625,0.6858306806256462,10.0,0.19816636006053978,2.0,-0.4803916419883498,0.05
SPOT,2026-03-11,0.10137,37,610.0,1.150379,530.260009765625,7.200001688161663,0.4426676727206054,0.6858306806256462,10.0,0.19816636006053978,2.0,-0.4803916419883498,0.05
SPOT,2026-03-11,0.10137,37,620.0,1.169238,530.260009765625,13.199999991573478,0.5983799233524025,0.6858306806256462,10.0,0.19816636006053978,2.0,-0.4803916419883498,0.05
SPOT,2026-03-11,0.10137,37,630.0,1.188096,530.260009765625,4.910004920752428,0.44912548534948077,0.6858306806256462,10.0,0.19816636006053978,2.0,-0.4803916419883498,0.05
SPOT,2026-03-11,0.10137,37,640.0,1.206955,530.260009765625,4.199996091575727,0.4570280594796692,0.6858306806256462,10.0,0.19816636006053978,2.0,-0.4803916419883498,0.05
SPOT,2026-03-11,0.10137,37,650.0,1.225814,530.260009765625,2.769999977048421,0.4355059124828908,0.6858306806256462,10.0,0.19816636006053978,2.0,-0.4803916419883498,0.05
SPOT,2026-03-11,0.10137,37,660.0,1.244672,530.260009765625,4.599998052022471,0.5224801475235169,0.6858306806256462,10.0,0.19816636006053978,2.0,-0.4803916419883498,0.05
SPOT,2026-03-11,0.10137,37,670.0,1.263531,530.260009765625,1.870001454043301,0.4442499844398403,0.6858306806256462,10.0,0.19816636006053978,2.0,-0.4803916419883498,0.05
SPOT,2026-03-11,0.10137,37,680.0,1.28239,530.260009765625,3.719999386700323,0.5433735075077794,0.6858306806256462,10.0,0.19816636006053978,2.0,-0.4803916419883498,0.05
SPOT,2026-03-11,0.10137,37,690.0,1.301248,530.260009765625,1.6099999859884484,0.4736289369913119,0.6858306806256462,10.0,0.19816636006053978,2.0,-0.4803916419883498,0.05
SPOT,2026-03-11,0.10137,37,700.0,1.320107,530.260009765625,2.60000001188898,0.5443440313649393,0.6858306806256462,10.0,0.19816636006053978,2.0,-0.4803916419883498,0.05
SPOT,2026-03-11,0.10137,37,710.0,1.338966,530.260009765625,1.4199999540392376,0.5025068877147512,0.6858306806256462,10.0,0.19816636006053978,2.0,-0.4803916419883498,0.05
SPOT,2026-03-11,0.10137,37,720.0,1.357824,530.260009765625,1.1199986092713488,0.5006515506916211,0.6858306806256462,10.0,0.19816636006053978,2.0,-0.4803916419883498,0.05
SPOT,2026-03-11,0.10137,37,730.0,1.376683,530.260009765625,10.9999994781313,0.8720629459666519,0.6858306806256462,10.0,0.19816636006053978,2.0,-0.4803916419883498,0.05
SPOT,2026-03-11,0.10137,37,740.0,1.395542,530.260009765625,0.7400002666996048,0.5028368440209877,0.6858306806256462,10.0,0.19816636006053978,2.0,-0.4803916419883498,0.05
SPOT,2026-03-11,0.10137,37,750.0,1.4144,530.260009765625,0.9999997528918332,0.5446459801648832,0.6858306806256462,10.0,0.19816636006053978,2.0,-0.4803916419883498,0.05
SPOT,2026-03-11,0.10137,37,760.0,1.433259,530.260009765625,0.2599998155486265,0.4657179754333854,0.6858306806256462,10.0,0.19816636006053978,2.0,-0.4803916419883498,0.05
SPOT,2026-03-11,0.10137,37,770.0,1.452118,530.260009765625,0.18999964234965416,0.46295255798485957,0.6858306806256462,10.0,0.19816636006053978,2.0,-0.4803916419883498,0.05
SPOT,2026-03-11,0.10137,37,780.0,1.470976,530.260009765625,0.9000002680994736,0.5854091875463467,0.6858306806256462,10.0,0.19816636006053978,2.0,-0.4803916419883498,0.05
SPOT,2026-03-11,0.10137,37,790.0,1.489835,530.260009765625,7.579992327945426,0.913850953326286,0.6858306806256462,10.0,0.19816636006053978,2.0,-0.4803916419883498,0.05
SPOT,2026-03-11,0.10137,37,800.0,1.508694,530.260009765625,0.5999988859903027,0.5820269548884047,0.6858306806256462,10.0,0.19816636006053978,2.0,-0.4803916419883498,0.05
SPOT,2026-03-11,0.10137,37,810.0,1.527552,530.260009765625,3.6750036150917964,0.809471873908733,0.6858306806256462,10.0,0.19816636006053978,2.0,-0.4803916419883498,0.05
SPOT,2026-03-11,0.10137,37,820.0,1.546411,530.260009765625,0.15999998192703657,0.5208114269593485,0.6858306806256462,10.0,0.19816636006053978,2.0,-0.4803916419883498,0.05
SPOT,2026-03-11,0.10137,37,830.0,1.56527,530.260009765625,2.9400000017949495,0.8084246114100716,0.6858306806256462,10.0,0.19816636006053978,2.0,-0.4803916419883498,0.05
SPOT,2026-03-11,0.10137,37,840.0,1.584129,530.260009765625,0.040000034073473856,0.4779174858382434,0.6858306806256462,10.0,0.19816636006053978,2.0,-0.4803916419883498,0.05
SPOT,2026-03-11,0.10137,37,860.0,1.621846,530.260009765625,0.13999998640006917,0.562614847760667,0.6858306806256462,10.0,0.19816636006053978,2.0,-0.4803916419883498,0.05
SPOT,2026-03-11,0.10137,37,880.0,1.659563,530.260009765625,1.7099986986142781,0.8094106611661048,0.6858306806256462,10.0,0.19816636006053978,2.0,-0.4803916419883498,0.05
SPOT,2026-03-11,0.10137,37,900.0,1.697281,530.260009765625,1.5600000000708967,0.8260068398930576,0.6858306806256462,10.0,0.19816636006053978,2.0,-0.4803916419883498,0.05
SPOT,2026-03-11,0.10137,37,920.0,1.734998,530.260009765625,0.3400000010213926,0.6949697556386897,0.6858306806256462,10.0,0.19816636006053978,2.0,-0.4803916419883498,0.05
SPOT,2026-03-11,0.10137,37,940.0,1.772715,530.260009765625,1.3250000053832487,0.8589633568655208,0.6858306806256462,10.0,0.19816636006053978,2.0,-0.4803916419883498,0.05
SPOT,2026-03-11,0.120548,44,360.0,0.678912,530.260009765625,177.13467653278485,0.8203501623527286,0.6858306806256462,10.0,0.19816636006053978,2.0,-0.4803916419883498,0.05
SPOT,2026-03-11,0.120548,44,380.0,0.71663,530.260009765625,158.76235783501875,0.7856392815096093,0.6858306806256462,10.0,0.19816636006053978,2.0,-0.4803916419883498,0.05
SPOT,2026-03-11,0.120548,44,400.0,0.754347,530.260009765625,134.9437135963367,0.5380898029925466,0.6858306806256462,10.0,0.19816636006053978,2.0,-0.4803916419883498,0.05
SPOT,2026-03-11,0.120548,44,410.0,0.773206,530.260009765625,132.09281174256665,0.7380051398630811,0.6858306806256462,10.0,0.19816636006053978,2.0,-0.4803916419883498,0.05
SPOT,2026-03-11,0.120548,44,445.0,0.839211,530.260009765625,94.12413280572088,0.4941340710440288,0.6858306806256462,10.0,0.19816636006053978,2.0,-0.4803916419883498,0.05
SPOT,2026-03-11,0.120548,44,450.0,0.84864,530.260009765625,89.74418077804216,0.48739821686408846,0.6858306806256462,10.0,0.19816636006053978,2.0,-0.4803916419883498,0.05
SPOT,2026-03-11,0.120548,44,460.0,0.867499,530.260009765625,81.42427347899428,0.48021624046513645,0.6858306806256462,10.0,0.19816636006053978,2.0,-0.4803916419883498,0.05
SPOT,2026-03-11,0.120548,44,470.0,0.886358,530.260009765625,74.30936777977166,0.490689981225044,0.6858306806256462,10.0,0.19816636006053978,2.0,-0.4803916419883498,0.05
SPOT,2026-03-11,0.120548,44,475.0,0.895787,530.260009765625,79.85650419137141,0.6495708321500543,0.6858306806256462,10.0,0.19816636006053978,2.0,-0.4803916419883498,0.05
SPOT,2026-03-11,0.120548,44,480.0,0.905216,530.260009765625,65.99445885867016,0.4710780146094534,0.6858306806256462,10.0,0.19816636006053978,2.0,-0.4803916419883498,0.05
SPOT,2026-03-11,0.120548,44,485.0,0.914646,530.260009765625,63.924504239255896,0.4950269636806344,0.6858306806256462,10.0,0.19816636006053978,2.0,-0.4803916419883498,0.05
SPOT,2026-03-11,0.120548,44,490.0,0.924075,530.260009765625,58.35455125909863,0.4585418660994771,0.6858306806256462,10.0,0.19816636006053978,2.0,-0.4803916419883498,0.05
SPOT,2026-03-11,0.120548,44,495.0,0.933504,530.260009765625,53.224597855615286,0.4293176796463139,0.6858306806256462,10.0,0.19816636006053978,2.0,-0.4803916419883498,0.05
SPOT,2026-03-11,0.120548,44,500.0,0.942934,530.260009765625,53.41464460558569,0.4820428778647085,0.6858306806256462,10.0,0.19816636006053978,2.0,-0.4803916419883498,0.05
SPOT,2026-03-11,0.120548,44,505.0,0.952363,530.260009765625,47.59469065097272,0.4403683623331482,0.6858306806256462,10.0,0.19816636006053978,2.0,-0.4803916419883498,0.05
SPOT,2026-03-11,0.120548,44,510.0,0.961792,530.260009765625,56.28302593302624,0.6086490195560135,0.6858306806256462,10.0,0.19816636006053978,2.0,-0.4803916419883498,0.05
SPOT,2026-03-11,0.120548,44,520.0,0.980651,530.260009765625,41.10482958275736,0.4692907158915856,0.6858306806256462,10.0,0.19816636006053978,2.0,-0.4803916419883498,0.05
SPOT,2026-03-11,0.120548,44,525.0,0.99008,530.260009765625,35.73987553918471,0.4306972869280978,0.6858306806256462,10.0,0.19816636006053978,2.0,-0.4803916419883498,0.05
SPOT,2026-03-11,0.120548,44,530.0,0.99951,530.260009765625,36.32491002600764,0.4728104615815261,0.6858306806256462,10.0,0.19816636006053978,2.0,-0.4803916419883498,0.05
SPOT,2026-03-11,0.120548,44,540.0,1.018368,530.260009765625,34.17500809201499,0.5058493331370041,0.6858306806256462,10.0,0.19816636006053978,2.0,-0.4803916419883498,0.05
SPOT,2026-03-11,0.120548,44,545.0,1.027798,530.260009765625,36.74999992240916,0.5698345058042886,0.6858306806256462,10.0,0.19816636006053978,2.0,-0.4803916419883498,0.05
SPOT,2026-03-11,0.120548,44,550.0,1.037227,530.260009765625,28.374999682978796,0.4832272002786623,0.6858306806256462,10.0,0.19816636006053978,2.0,-0.4803916419883498,0.05
SPOT,2026-03-11,0.120548,44,555.0,1.046656,530.260009765625,45.909999997407596,0.7490602487569106,0.6858306806256462,10.0,0.19816636006053978,2.0,-0.4803916419883498,0.05
SPOT,2026-03-11,0.120548,44,560.0,1.056086,530.260009765625,25.070000000375757,0.4890528257047018,0.6858306806256462,10.0,0.19816636006053978,2.0,-0.4803916419883498,0.05
SPOT,2026-03-11,0.120548,44,565.0,1.065515,530.260009765625,32.15000000007598,0.6114559517841996,0.6858306806256462,10.0,0.19816636006053978,2.0,-0.4803916419883498,0.05
SPOT,2026-03-11,0.120548,44,570.0,1.074944,530.260009765625,31.350000001379556,0.6242008469113078,0.6858306806256462,10.0,0.19816636006053978,2.0,-0.4803916419883498,0.05
SPOT,2026-03-11,0.120548,44,575.0,1.084374,530.260009765625,18.724999998106938,0.46761693844145824,0.6858306806256462,10.0,0.19816636006053978,2.0,-0.4803916419883498,0.05
SPOT,2026-03-11,0.120548,44,590.0,1.112662,530.260009765625,25.550004687815715,0.629696727063897,0.6858306806256462,10.0,0.19816636006053978,2.0,-0.4803916419883498,0.05
SPOT,2026-03-11,0.120548,44,600.0,1.13152,530.260009765625,22.99999975354882,0.6319070923297744,0.6858306806256462,10.0,0.19816636006053978,2.0,-0.4803916419883498,0.05
SPOT,2026-03-11,0.120548,44,610.0,1.150379,530.260009765625,15.250000098396924,0.5479133417024727,0.6858306806256462,10.0,0.19816636006053978,2.0,-0.4803916419883498,0.05
SPOT,2026-03-11,0.120548,44,620.0,1.169238,530.260009765625,10.704166793509685,0.5022786577533944,0.6858306806256462,10.0,0.19816636006053978,2.0,-0.4803916419883498,0.05
SPOT,2026-03-11,0.120548,44,650.0,1.225814,530.260009765625,8.599999906020471,0.5481247199809762,0.6858306806256462,10.0,0.19816636006053978,2.0,-0.4803916419883498,0.05
SPOT,2026-03-11,0.120548,44,655.0,1.235243,530.260009765625,9.860008472502727,0.5879921341706971,0.6858306806256462,10.0,0.19816636006053978,2.0,-0.4803916419883498,0.05
SPOT,2026-03-11,0.178082,65,270.0,0.509184,530.260009765625,263.39344782408745,0.7650029460592644,0.6858306806256462,10.0,0.19816636006053978,2.0,-0.4803916419883498,0.05
SPOT,2026-03-11,0.178082,65,280.0,0.528043,530.260009765625,253.02209362541817,0.6394575516113982,0.6858306806256462,10.0,0.19816636006053978,2.0,-0.4803916419883498,0.05
SPOT,2026-03-11,0.178082,65,290.0,0.546902,530.260009765625,245.3707361526059,0.8535797140829149,0.6858306806256462,10.0,0.19816636006053978,2.0,-0.4803916419883498,0.05
SPOT,2026-03-11,0.178082,65,300.0,0.56576,530.260009765625,234.89938559913014,0.7746966506507654,0.6858306806256462,10.0,0.19816636006053978,2.0,-0.4803916419883498,0.05
SPOT,2026-03-11,0.178082,65,310.0,0.584619,530.260009765625,223.83803109896058,0.6353973550415708,0.6858306806256462,10.0,0.19816636006053978,2.0,-0.4803916419883498,0.05
SPOT,2026-03-11,0.178082,65,320.0,0.603478,530.260009765625,214.13667693773095,0.6244515737467937,0.6858306806256462,10.0,0.19816636006053978,2.0,-0.4803916419883498,0.05
SPOT,2026-03-11,0.178082,65,330.0,0.622336,530.260009765625,204.58532582618295,0.6221594026329536,0.6858306806256462,10.0,0.19816636006053978,2.0,-0.4803916419883498,0.05
SPOT,2026-03-11,0.178082,65,340.0,0.641195,530.260009765625,196.49396865585084,0.693779342525157,0.6858306806256462,10.0,0.19816636006053978,2.0,-0.4803916419883498,0.05
SPOT,2026-03-11,0.178082,65,350.0,0.660054,530.260009765625,185.48261469861393,0.6015322971058998,0.6858306806256462,10.0,0.19816636006053978,2.0,-0.4803916419883498,0.05
SPOT,2026-03-11,0.178082,65,360.0,0.678912,530.260009765625,180.90126051187008,0.7669561414961563,0.6858306806256462,10.0,0.19816636006053978,2.0,-0.4803916419883498,0.05
SPOT,2026-03-11,0.178082,65,370.0,0.697771,530.260009765625,170.19990641953177,0.7028720971344607,0.6858306806256462,10.0,0.19816636006053978,2.0,-0.4803916419883498,0.05
SPOT,2026-03-11,0.178082,65,380.0,0.71663,530.260009765625,164.18856089531636,0.7634746084416032,0.6858306806256462,10.0,0.19816636006053978,2.0,-0.4803916419883498,0.05
SPOT,2026-03-11,0.178082,65,390.0,0.735488,530.260009765625,148.26719363916789,0.5625268013177371,0.6858306806256462,10.0,0.19816636006053978,2.0,-0.4803916419883498,0.05
SPOT,2026-03-11,0.178082,65,400.0,0.754347,530.260009765625,139.33585170136212,0.5557927815637715,0.6858306806256462,10.0,0.19816636006053978,2.0,-0.4803916419883498,0.05
SPOT,2026-03-11,0.178082,65,410.0,0.773206,530.260009765625,130.2444899730852,0.5410168463669791,0.6858306806256462,10.0,0.19816636006053978,2.0,-0.4803916419883498,0.05
SPOT,2026-03-11,0.178082,65,420.0,0.792064,530.260009765625,121.63313452654802,0.5347872674093241,0.6858306806256462,10.0,0.19816636006053978,2.0,-0.4803916419883498,0.05
SPOT,2026-03-11,0.178082,65,430.0,0.810923,530.260009765625,114.17178149818568,0.5475797024383983,0.6858306806256462,10.0,0.19816636006053978,2.0,-0.4803916419883498,0.05
SPOT,2026-03-11,0.178082,65,440.0,0.829782,530.260009765625,105.09042037819444,0.5235688916479775,0.6858306806256462,10.0,0.19816636006053978,2.0,-0.4803916419883498,0.05
SPOT,2026-03-11,0.178082,65,450.0,0.84864,530.260009765625,96.24907317757669,0.5023000337439459,0.6858306806256462,10.0,0.19816636006053978,2.0,-0.4803916419883498,0.05
SPOT,2026-03-11,0.178082,65,460.0,0.867499,530.260009765625,91.13771905121644,0.5372747687176539,0.6858306806256462,10.0,0.19816636006053978,2.0,-0.4803916419883498,0.05
SPOT,2026-03-11,0.178082,65,470.0,0.886358,530.260009765625,82.77636092753602,0.5160316171990621,0.6858306806256462,10.0,0.19816636006053978,2.0,-0.4803916419883498,0.05
SPOT,2026-03-11,0.178082,65,480.0,0.905216,530.260009765625,76.56501075395744,0.5216792038376353,0.6858306806256462,10.0,0.19816636006053978,2.0,-0.4803916419883498,0.05
SPOT,2026-03-11,0.178082,65,490.0,0.924075,530.260009765625,68.9236553864834,0.5039942732581745,0.6858306806256462,10.0,0.19816636006053978,2.0,-0.4803916419883498,0.05
SPOT,2026-03-11,0.178082,65,500.0,0.942934,530.260009765625,60.562302471361136,0.47458118922620574,0.6858306806256462,10.0,0.19816636006053978,2.0,-0.4803916419883498,0.05
SPOT,2026-03-11,0.178082,65,510.0,0.961792,530.260009765625,55.59094563580862,0.4831617465093229,0.6858306806256462,10.0,0.19816636006053978,2.0,-0.4803916419883498,0.05
SPOT,2026-03-11,0.178082,65,520.0,0.980651,530.260009765625,51.7695874604683,0.5001124489617229,0.6858306806256462,10.0,0.19816636006053978,2.0,-0.4803916419883498,0.05
SPOT,2026-03-11,0.178082,65,530.0,0.99951,530.260009765625,40.91824003015981,0.43264279250728654,0.6858306806256462,10.0,0.19816636006053978,2.0,-0.4803916419883498,0.05
SPOT,2026-03-11,0.178082,65,540.0,1.018368,530.260009765625,43.65000000517213,0.5148442409705424,0.6858306806256462,10.0,0.19816636006053978,2.0,-0.4803916419883498,0.05
SPOT,2026-03-11,0.178082,65,550.0,1.037227,530.260009765625,37.69999146571996,0.4951732346371075,0.6858306806256462,10.0,0.19816636006053978,2.0,-0.4803916419883498,0.05
SPOT,2026-03-11,0.178082,65,560.0,1.056086,530.260009765625,35.499999578069975,0.5139118300817517,0.6858306806256462,10.0,0.19816636006053978,2.0,-0.4803916419883498,0.05
SPOT,2026-03-11,0.178082,65,570.0,1.074944,530.260009765625,32.650000000073106,0.5220302675040155,0.6858306806256462,10.0,0.19816636006053978,2.0,-0.4803916419883498,0.05
SPOT,2026-03-11,0.178082,65,580.0,1.093803,530.260009765625,34.60000000203806,0.5822019881009913,0.6858306806256462,10.0,0.19816636006053978,2.0,-0.4803916419883498,0.05
SPOT,2026-03-11,0.178082,65,590.0,1.112662,530.260009765625,23.77001410311064,0.4911061492279348,0.6858306806256462,10.0,0.19816636006053978,2.0,-0.4803916419883498,0.05
SPOT,2026-03-11,0.178082,65,600.0,1.13152,530.260009765625,20.299999206321303,0.4810956235976489,0.6858306806256462,10.0,0.19816636006053978,2.0,-0.4803916419883498,0.05
SPOT,2026-03-11,0.178082,65,610.0,1.150379,530.260009765625,18.000000000182496,0.4820943883650876,0.6858306806256462,10.0,0.19816636006053978,2.0,-0.4803916419883498,0.05
SPOT,2026-03-11,0.178082,65,620.0,1.169238,530.260009765625,26.169999300054855,0.6147395211387032,0.6858306806256462,10.0,0.19816636006053978,2.0,-0.4803916419883498,0.05
SPOT,2026-03-11,0.178082,65,630.0,1.188096,530.260009765625,18.50000004623044,0.5450087270374077,0.6858306806256462,10.0,0.19816636006053978,2.0,-0.4803916419883498,0.05
SPOT,2026-03-11,0.178082,65,640.0,1.206955,530.260009765625,18.250000524003937,0.568218298661894,0.6858306806256462,10.0,0.19816636006053978,2.0,-0.4803916419883498,0.05
SPOT,2026-03-11,0.178082,65,650.0,1.225814,530.260009765625,10.910000058842499,0.48531883844455875,0.6858306806256462,10.0,0.19816636006053978,2.0,-0.4803916419883498,0.05
SPOT,2026-03-11,0.178082,65,660.0,1.244672,530.260009765625,10.620003162267096,0.5034259933268215,0.6858306806256462,10.0,0.19816636006053978,2.0,-0.4803916419883498,0.05
SPOT,2026-03-11,0.178082,65,670.0,1.263531,530.260009765625,12.450000065148288,0.5555047170971081,0.6858306806256462,10.0,0.19816636006053978,2.0,-0.4803916419883498,0.05
SPOT,2026-03-11,0.178082,65,680.0,1.28239,530.260009765625,7.000003044552642,0.4800794589565805,0.6858306806256462,10.0,0.19816636006053978,2.0,-0.4803916419883498,0.05
SPOT,2026-03-11,0.178082,65,690.0,1.301248,530.260009765625,11.27999997734787,0.5791508530049015,0.6858306806256462,10.0,0.19816636006053978,2.0,-0.4803916419883498,0.05
SPOT,2026-03-11,0.178082,65,700.0,1.320107,530.260009765625,6.9399964058277845,0.5174109296092068,0.6858306806256462,10.0,0.19816636006053978,2.0,-0.4803916419883498,0.05
SPOT,2026-03-11,0.178082,65,710.0,1.338966,530.260009765625,1.4999998160973647,0.37890017123898573,0.6858306806256462,10.0,0.19816636006053978,2.0,-0.4803916419883498,0.05
SPOT,2026-03-11,0.178082,65,720.0,1.357824,530.260009765625,0.5799996303812947,0.3367180357168018,0.6858306806256462,10.0,0.19816636006053978,2.0,-0.4803916419883498,0.05
SPOT,2026-03-11,0.178082,65,730.0,1.376683,530.260009765625,1.7000000189796154,0.41749521706324755,0.6858306806256462,10.0,0.19816636006053978,2.0,-0.4803916419883498,0.05
SPOT,2026-03-11,0.178082,65,740.0,1.395542,530.260009765625,4.599998788027982,0.5312858578965223,0.6858306806256462,10.0,0.19816636006053978,2.0,-0.4803916419883498,0.05
SPOT,2026-03-11,0.178082,65,750.0,1.4144,530.260009765625,3.999999791065001,0.5299696512393113,0.6858306806256462,10.0,0.19816636006053978,2.0,-0.4803916419883498,0.05
SPOT,2026-03-11,0.178082,65,760.0,1.433259,530.260009765625,2.0499994731487234,0.475672519945391,0.6858306806256462,10.0,0.19816636006053978,2.0,-0.4803916419883498,0.05
SPOT,2026-03-11,0.178082,65,770.0,1.452118,530.260009765625,2.229998642935488,0.4972526857342294,0.6858306806256462,10.0,0.19816636006053978,2.0,-0.4803916419883498,0.05
SPOT,2026-03-11,0.178082,65,780.0,1.470976,530.260009765625,1.4999986261433733,0.4758215142953099,0.6858306806256462,10.0,0.19816636006053978,2.0,-0.4803916419883498,0.05
SPOT,2026-03-11,0.178082,65,790.0,1.489835,530.260009765625,1.6999991989603451,0.4992583118741824,0.6858306806256462,10.0,0.19816636006053978,2.0,-0.4803916419883498,0.05
SPOT,2026-03-11,0.178082,65,800.0,1.508694,530.260009765625,0.9000000013175207,0.46199125689387505,0.6858306806256462,10.0,0.19816636006053978,2.0,-0.4803916419883498,0.05
SPOT,2026-03-11,0.178082,65,810.0,1.527552,530.260009765625,0.7950000052090562,0.4650551885648495,0.6858306806256462,10.0,0.19816636006053978,2.0,-0.4803916419883498,0.05
SPOT,2026-03-11,0.178082,65,820.0,1.546411,530.260009765625,0.9600000004317248,0.4898355889869595,0.6858306806256462,10.0,0.19816636006053978,2.0,-0.4803916419883498,0.05
SPOT,2026-03-11,0.178082,65,830.0,1.56527,530.260009765625,1.7299995747995567,0.5505059121461865,0.6858306806256462,10.0,0.19816636006053978,2.0,-0.4803916419883498,0.05
SPOT,2026-03-11,0.178082,65,840.0,1.584129,530.260009765625,0.7999999978485377,0.4989160279842099,0.6858306806256462,10.0,0.19816636006053978,2.0,-0.4803916419883498,0.05
SPOT,2026-03-11,0.178082,65,850.0,1.602987,530.260009765625,1.0299992764408685,0.528852449224735,0.6858306806256462,10.0,0.19816636006053978,2.0,-0.4803916419883498,0.05
SPOT,2026-03-11,0.178082,65,860.0,1.621846,530.260009765625,0.5499999976161272,0.4944103174825061,0.6858306806256462,10.0,0.19816636006053978,2.0,-0.4803916419883498,0.05
SPOT,2026-03-11,0.178082,65,870.0,1.640705,530.260009765625,2.0600041623110954,0.6147823097211755,0.6858306806256462,10.0,0.19816636006053978,2.0,-0.4803916419883498,0.05
SPOT,2026-03-11,0.178082,65,880.0,1.659563,530.260009765625,4.350004311665359,0.7199235374115941,0.6858306806256462,10.0,0.19816636006053978,2.0,-0.4803916419883498,0.05
SPOT,2026-03-11,0.178082,65,890.0,1.678422,530.260009765625,2.4049999084528295,0.6546254599330222,0.6858306806256462,10.0,0.19816636006053978,2.0,-0.4803916419883498,0.05
SPOT,2026-03-11,0.178082,65,900.0,1.697281,530.260009765625,3.3799965037558586,0.7083611991130249,0.6858306806256462,10.0,0.19816636006053978,2.0,-0.4803916419883498,0.05
SPOT,2026-03-11,0.178082,65,910.0,1.716139,530.260009765625,2.5600039466593074,0.6843245546027781,0.6858306806256462,10.0,0.19816636006053978,2.0,-0.4803916419883498,0.05
SPOT,2026-03-11,0.178082,65,920.0,1.734998,530.260009765625,1.9499999966366168,0.6638600330694459,0.6858306806256462,10.0,0.19816636006053978,2.0,-0.4803916419883498,0.05
SPOT,2026-03-11,0.178082,65,930.0,1.753857,530.260009765625,0.22000015714157684,0.5047792287914854,0.6858306806256462,10.0,0.19816636006053978,2.0,-0.4803916419883498,0.05
SPOT,2026-03-11,0.178082,65,940.0,1.772715,530.260009765625,1.134999734455656,0.6299471236581359,0.6858306806256462,10.0,0.19816636006053978,2.0,-0.4803916419883498,0.05
SPOT,2026-03-11,0.178082,65,950.0,1.791574,530.260009765625,10.674997847068056,0.9765679784008708,0.6858306806256462,10.0,0.19816636006053978,2.0,-0.4803916419883498,0.05
SPOT,2026-03-11,0.271233,99,270.0,0.509184,530.260009765625,266.6369364909249,0.7775987421247952,0.6858306806256462,10.0,0.19816636006053978,2.0,-0.4803916419883498,0.05
SPOT,2026-03-11,0.271233,99,280.0,0.528043,530.260009765625,256.2316350587993,0.7109591855479681,0.6858306806256462,10.0,0.19816636006053978,2.0,-0.4803916419883498,0.05
SPOT,2026-03-11,0.271233,99,290.0,0.546902,530.260009765625,246.80633848859787,0.7015046656925784,0.6858306806256462,10.0,0.19816636006053978,2.0,-0.4803916419883498,0.05
SPOT,2026-03-11,0.271233,99,300.0,0.56576,530.260009765625,235.90103946856942,0.6082673284436999,0.6858306806256462,10.0,0.19816636006053978,2.0,-0.4803916419883498,0.05
SPOT,2026-03-11,0.271233,99,310.0,0.584619,530.260009765625,226.57574107818652,0.6099620484351627,0.6858306806256462,10.0,0.19816636006053978,2.0,-0.4803916419883498,0.05
SPOT,2026-03-11,0.271233,99,320.0,0.603478,530.260009765625,217.27044146128492,0.6067579919051276,0.6858306806256462,10.0,0.19816636006053978,2.0,-0.4803916419883498,0.05
SPOT,2026-03-11,0.271233,99,330.0,0.622336,530.260009765625,207.45514245010548,0.5781953566249785,0.6858306806256462,10.0,0.19816636006053978,2.0,-0.4803916419883498,0.05
SPOT,2026-03-11,0.271233,99,340.0,0.641195,530.260009765625,198.5898434211657,0.5865393893510185,0.6858306806256462,10.0,0.19816636006053978,2.0,-0.4803916419883498,0.05
SPOT,2026-03-11,0.271233,99,350.0,0.660054,530.260009765625,188.72454419124495,0.5557121163367049,0.6858306806256462,10.0,0.19816636006053978,2.0,-0.4803916419883498,0.05
SPOT,2026-03-11,0.271233,99,360.0,0.678912,530.260009765625,179.50924398694684,0.5460441820737681,0.6858306806256462,10.0,0.19816636006053978,2.0,-0.4803916419883498,0.05
SPOT,2026-03-11,0.271233,99,370.0,0.697771,530.260009765625,170.46394012066293,0.5386214332226837,0.6858306806256462,10.0,0.19816636006053978,2.0,-0.4803916419883498,0.05
SPOT,2026-03-11,0.271233,99,380.0,0.71663,530.260009765625,161.65863764664346,0.5341796603543594,0.6858306806256462,10.0,0.19816636006053978,2.0,-0.4803916419883498,0.05
SPOT,2026-03-11,0.271233,99,390.0,0.735488,530.260009765625,152.87334843533688,0.5268741491329805,0.6858306806256462,10.0,0.19816636006053978,2.0,-0.4803916419883498,0.05
SPOT,2026-03-11,0.271233,99,400.0,0.754347,530.260009765625,144.39804858455494,0.5228580557373971,0.6858306806256462,10.0,0.19816636006053978,2.0,-0.4803916419883498,0.05
SPOT,2026-03-11,0.271233,99,410.0,0.773206,530.260009765625,135.78275310013095,0.5131777106121762,0.6858306806256462,10.0,0.19816636006053978,2.0,-0.4803916419883498,0.05
SPOT,2026-03-11,0.271233,99,420.0,0.792064,530.260009765625,128.20744065761704,0.5178500452184011,0.6858306806256462,10.0,0.19816636006053978,2.0,-0.4803916419883498,0.05
SPOT,2026-03-11,0.271233,99,430.0,0.810923,530.260009765625,119.0521521316395,0.4948825234536132,0.6858306806256462,10.0,0.19816636006053978,2.0,-0.4803916419883498,0.05
SPOT,2026-03-11,0.271233,99,440.0,0.829782,530.260009765625,111.75685397787566,0.4970405961664966,0.6858306806256462,10.0,0.19816636006053978,2.0,-0.4803916419883498,0.05
SPOT,2026-03-11,0.271233,99,450.0,0.84864,530.260009765625,106.17156152005174,0.5168028193733354,0.6858306806256462,10.0,0.19816636006053978,2.0,-0.4803916419883498,0.05
SPOT,2026-03-11,0.271233,99,460.0,0.867499,530.260009765625,97.04625300380883,0.4889538786819362,0.6858306806256462,10.0,0.19816636006053978,2.0,-0.4803916419883498,0.05
SPOT,2026-03-11,0.271233,99,470.0,0.886358,530.260009765625,89.9909563047911,0.4840059842807657,0.6858306806256462,10.0,0.19816636006053978,2.0,-0.4803916419883498,0.05
SPOT,2026-03-11,0.271233,99,480.0,0.905216,530.260009765625,85.43565764607348,0.503000715782947,0.6858306806256462,10.0,0.19816636006053978,2.0,-0.4803916419883498,0.05
SPOT,2026-03-11,0.271233,99,490.0,0.924075,530.260009765625,78.15035829991535,0.4893497404660394,0.6858306806256462,10.0,0.19816636006053978,2.0,-0.4803916419883498,0.05
SPOT,2026-03-11,0.271233,99,500.0,0.942934,530.260009765625,73.99505666996708,0.5045766455863588,0.6858306806256462,10.0,0.19816636006053978,2.0,-0.4803916419883498,0.05
SPOT,2026-03-11,0.271233,99,520.0,0.980651,530.260009765625,61.41448455071259,0.48416659748094326,0.6858306806256462,10.0,0.19816636006053978,2.0,-0.4803916419883498,0.05
SPOT,2026-03-11,0.271233,99,540.0,1.018368,530.260009765625,50.8000000089107,0.47229946721038685,0.6858306806256462,10.0,0.19816636006053978,2.0,-0.4803916419883498,0.05
SPOT,2026-03-11,0.271233,99,560.0,1.056086,530.260009765625,42.000000002320974,0.4666478560199875,0.6858306806256462,10.0,0.19816636006053978,2.0,-0.4803916419883498,0.05
SPOT,2026-03-11,0.271233,99,580.0,1.093803,530.260009765625,34.95001838904864,0.4668589721193126,0.6858306806256462,10.0,0.19816636006053978,2.0,-0.4803916419883498,0.05
SPOT,2026-03-11,0.271233,99,590.0,1.112662,530.260009765625,33.10000000742838,0.47904738543350694,0.6858306806256462,10.0,0.19816636006053978,2.0,-0.4803916419883498,0.05
SPOT,2026-03-11,0.271233,99,600.0,1.13152,530.260009765625,28.709997264194044,0.46511421110171186,0.6858306806256462,10.0,0.19816636006053978,2.0,-0.4803916419883498,0.05
SPOT,2026-03-11,0.271233,99,610.0,1.150379,530.260009765625,28.999981439510066,0.4940637252032735,0.6858306806256462,10.0,0.19816636006053978,2.0,-0.4803916419883498,0.05
SPOT,2026-03-11,0.271233,99,620.0,1.169238,530.260009765625,23.1899989683333,0.4611938983145859,0.6858306806256462,10.0,0.19816636006053978,2.0,-0.4803916419883498,0.05
SPOT,2026-03-11,0.271233,99,630.0,1.188096,530.260009765625,21.849976771140632,0.4706327726984422,0.6858306806256462,10.0,0.19816636006053978,2.0,-0.4803916419883498,0.05
SPOT,2026-03-11,0.271233,99,640.0,1.206955,530.260009765625,20.400000003479647,0.47744472839512103,0.6858306806256462,10.0,0.19816636006053978,2.0,-0.4803916419883498,0.05
SPOT,2026-03-11,0.271233,99,650.0,1.225814,530.260009765625,24.13000000021475,0.5384921854784712,0.6858306806256462,10.0,0.19816636006053978,2.0,-0.4803916419883498,0.05
SPOT,2026-03-11,0.271233,99,660.0,1.244672,530.260009765625,16.49999319758406,0.4750672853222881,0.6858306806256462,10.0,0.19816636006053978,2.0,-0.4803916419883498,0.05
SPOT,2026-03-11,0.271233,99,670.0,1.263531,530.260009765625,20.280001482158497,0.5377297646254374,0.6858306806256462,10.0,0.19816636006053978,2.0,-0.4803916419883498,0.05
SPOT,2026-03-11,0.271233,99,680.0,1.28239,530.260009765625,17.79999994534272,0.5283909391595112,0.6858306806256462,10.0,0.19816636006053978,2.0,-0.4803916419883498,0.05
SPOT,2026-03-11,0.271233,99,690.0,1.301248,530.260009765625,19.249999973616042,0.5637598258051246,0.6858306806256462,10.0,0.19816636006053978,2.0,-0.4803916419883498,0.05
SPOT,2026-03-11,0.271233,99,700.0,1.320107,530.260009765625,17.209993477790846,0.5573851269154082,0.6858306806256462,10.0,0.19816636006053978,2.0,-0.4803916419883498,0.05
SPOT,2026-03-11,0.271233,99,720.0,1.357824,530.260009765625,12.999998426480062,0.5366213054035878,0.6858306806256462,10.0,0.19816636006053978,2.0,-0.4803916419883498,0.05
SPOT,2026-03-11,0.271233,99,740.0,1.395542,530.260009765625,9.09000258416279,0.5090975638971463,0.6858306806256462,10.0,0.19816636006053978,2.0,-0.4803916419883498,0.05
SPOT,2026-03-11,0.271233,99,760.0,1.433259,530.260009765625,9.200006286830956,0.5390677170682641,0.6858306806256462,10.0,0.19816636006053978,2.0,-0.4803916419883498,0.05
SPOT,2026-03-11,0.271233,99,780.0,1.470976,530.260009765625,3.709999996801095,0.4541383567917057,0.6858306806256462,10.0,0.19816636006053978,2.0,-0.4803916419883498,0.05
SPOT,2026-03-11,0.271233,99,800.0,1.508694,530.260009765625,3.15000016654146,0.4613090704261767,0.6858306806256462,10.0,0.19816636006053978,2.0,-0.4803916419883498,0.05
SPOT,2026-03-11,0.271233,99,820.0,1.546411,530.260009765625,2.29999979832834,0.45489029501385275,0.6858306806256462,10.0,0.19816636006053978,2.0,-0.4803916419883498,0.05
SPOT,2026-03-11,0.271233,99,840.0,1.584129,530.260009765625,3.1299999671794794,0.5032472712816305,0.6858306806256462,10.0,0.19816636006053978,2.0,-0.4803916419883498,0.05
SPOT,2026-03-11,0.271233,99,860.0,1.621846,530.260009765625,1.6000047172070389,0.46477207498357337,0.6858306806256462,10.0,0.19816636006053978,2.0,-0.4803916419883498,0.05
SPOT,2026-03-11,0.271233,99,880.0,1.659563,530.260009765625,0.2499999038859726,0.37580868316403665,0.6858306806256462,10.0,0.19816636006053978,2.0,-0.4803916419883498,0.05
SPOT,2026-03-11,0.271233,99,900.0,1.697281,530.260009765625,0.49999775740790664,0.42411043613961924,0.6858306806256462,10.0,0.19816636006053978,2.0,-0.4803916419883498,0.05
SPOT,2026-03-11,0.271233,99,920.0,1.734998,530.260009765625,0.49999904274114915,0.4392868873198577,0.6858306806256462,10.0,0.19816636006053978,2.0,-0.4803916419883498,0.05
SPOT,2026-03-11,0.271233,99,940.0,1.772715,530.260009765625,0.8999999901101514,0.4905277785562535,0.6858306806256462,10.0,0.19816636006053978,2.0,-0.4803916419883498,0.05
SPOT,2026-03-11,0.350685,128,270.0,0.509184,530.260009765625,266.8329941333987,0.6406736954352293,0.6858306806256462,10.0,0.19816636006053978,2.0,-0.4803916419883498,0.05
SPOT,2026-03-11,0.350685,128,280.0,0.528043,530.260009765625,257.8968063154418,0.6570132821682206,0.6858306806256462,10.0,0.19816636006053978,2.0,-0.4803916419883498,0.05
SPOT,2026-03-11,0.350685,128,290.0,0.546902,530.260009765625,246.72062016380357,0.5539400607411192,0.6858306806256462,10.0,0.19816636006053978,2.0,-0.4803916419883498,0.05
SPOT,2026-03-11,0.350685,128,300.0,0.56576,530.260009765625,239.0344307197737,0.6284866589334851,0.6858306806256462,10.0,0.19816636006053978,2.0,-0.4803916419883498,0.05
SPOT,2026-03-11,0.350685,128,310.0,0.584619,530.260009765625,229.60825316243415,0.6126163714398081,0.6858306806256462,10.0,0.19816636006053978,2.0,-0.4803916419883498,0.05
SPOT,2026-03-11,0.350685,128,320.0,0.603478,530.260009765625,221.2020711980993,0.6263566902876117,0.6858306806256462,10.0,0.19816636006053978,2.0,-0.4803916419883498,0.05
SPOT,2026-03-11,0.350685,128,330.0,0.622336,530.260009765625,210.445876667795,0.5692449118832738,0.6858306806256462,10.0,0.19816636006053978,2.0,-0.4803916419883498,0.05
SPOT,2026-03-11,0.350685,128,340.0,0.641195,530.260009765625,200.41968924081567,0.5347556188761546,0.6858306806256462,10.0,0.19816636006053978,2.0,-0.4803916419883498,0.05
SPOT,2026-03-11,0.350685,128,350.0,0.660054,530.260009765625,191.3435010447228,0.527483024669315,0.6858306806256462,10.0,0.19816636006053978,2.0,-0.4803916419883498,0.05
SPOT,2026-03-11,0.350685,128,360.0,0.678912,530.260009765625,183.66732266449384,0.5493982139224967,0.6858306806256462,10.0,0.19816636006053978,2.0,-0.4803916419883498,0.05
SPOT,2026-03-11,0.350685,128,370.0,0.697771,530.260009765625,172.98113370963716,0.5019894861093493,0.6858306806256462,10.0,0.19816636006053978,2.0,-0.4803916419883498,0.05
SPOT,2026-03-11,0.350685,128,380.0,0.71663,530.260009765625,168.41494978409992,0.5707507982764461,0.6858306806256462,10.0,0.19816636006053978,2.0,-0.4803916419883498,0.05
SPOT,2026-03-11,0.350685,128,390.0,0.735488,530.260009765625,156.33876175749822,0.5025696749586978,0.6858306806256462,10.0,0.19816636006053978,2.0,-0.4803916419883498,0.05
SPOT,2026-03-11,0.350685,128,400.0,0.754347,530.260009765625,147.96257692003041,0.4969366359180407,0.6858306806256462,10.0,0.19816636006053978,2.0,-0.4803916419883498,0.05
SPOT,2026-03-11,0.350685,128,410.0,0.773206,530.260009765625,139.47639042108148,0.4873684285907001,0.6858306806256462,10.0,0.19816636006053978,2.0,-0.4803916419883498,0.05
SPOT,2026-03-11,0.350685,128,420.0,0.792064,530.260009765625,131.2602044202241,0.479708011130508,0.6858306806256462,10.0,0.19816636006053978,2.0,-0.4803916419883498,0.05
SPOT,2026-03-11,0.350685,128,430.0,0.810923,530.260009765625,124.98401890432996,0.4940994229933169,0.6858306806256462,10.0,0.19816636006053978,2.0,-0.4803916419883498,0.05
SPOT,2026-03-11,0.350685,128,440.0,0.829782,530.260009765625,117.6078329082319,0.4909415444623448,0.6858306806256462,10.0,0.19816636006053978,2.0,-0.4803916419883498,0.05
SPOT,2026-03-11,0.350685,128,450.0,0.84864,530.260009765625,109.43164287942744,0.4766842648829676,0.6858306806256462,10.0,0.19816636006053978,2.0,-0.4803916419883498,0.05
SPOT,2026-03-11,0.350685,128,460.0,0.867499,530.260009765625,102.87546121186296,0.47780825357711065,0.6858306806256462,10.0,0.19816636006053978,2.0,-0.4803916419883498,0.05
SPOT,2026-03-11,0.350685,128,470.0,0.886358,530.260009765625,94.44926296496118,0.4578394521371079,0.6858306806256462,10.0,0.19816636006053978,2.0,-0.4803916419883498,0.05
SPOT,2026-03-11,0.350685,128,480.0,0.905216,530.260009765625,108.32308894150083,0.6418896993309688,0.6858306806256462,10.0,0.19816636006053978,2.0,-0.4803916419883498,0.05
SPOT,2026-03-11,0.350685,128,490.0,0.924075,530.260009765625,84.92688190300322,0.48114229383629353,0.6858306806256462,10.0,0.19816636006053978,2.0,-0.4803916419883498,0.05
SPOT,2026-03-11,0.350685,128,500.0,0.942934,530.260009765625,77.45071786350906,0.46431377885818076,0.6858306806256462,10.0,0.19816636006053978,2.0,-0.4803916419883498,0.05
SPOT,2026-03-11,0.350685,128,510.0,0.961792,530.260009765625,70.97453207127711,0.45451808381651665,0.6858306806256462,10.0,0.19816636006053978,2.0,-0.4803916419883498,0.05
SPOT,2026-03-11,0.350685,128,520.0,0.980651,530.260009765625,59.928346232909234,0.40497008160999876,0.6858306806256462,10.0,0.19816636006053978,2.0,-0.4803916419883498,0.05
SPOT,2026-03-11,0.350685,128,530.0,0.99951,530.260009765625,61.47216058842258,0.45737212007476946,0.6858306806256462,10.0,0.19816636006053978,2.0,-0.4803916419883498,0.05
SPOT,2026-03-11,0.350685,128,540.0,1.018368,530.260009765625,58.25000000426701,0.46773138038597967,0.6858306806256462,10.0,0.19816636006053978,2.0,-0.4803916419883498,0.05
SPOT,2026-03-11,0.350685,128,550.0,1.037227,530.260009765625,69.14000064546948,0.5890233980620555,0.6858306806256462,10.0,0.19816636006053978,2.0,-0.4803916419883498,0.05
SPOT,2026-03-11,0.350685,128,560.0,1.056086,530.260009765625,49.249999998294214,0.46147556617941976,0.6858306806256462,10.0,0.19816636006053978,2.0,-0.4803916419883498,0.05
SPOT,2026-03-11,0.350685,128,570.0,1.074944,530.260009765625,54.50000000880692,0.5332784467333069,0.6858306806256462,10.0,0.19816636006053978,2.0,-0.4803916419883498,0.05
SPOT,2026-03-11,0.350685,128,580.0,1.093803,530.260009765625,44.85000000082434,0.48427845222079297,0.6858306806256462,10.0,0.19816636006053978,2.0,-0.4803916419883498,0.05
SPOT,2026-03-11,0.350685,128,590.0,1.112662,530.260009765625,45.39999975612932,0.5153516128131878,0.6858306806256462,10.0,0.19816636006053978,2.0,-0.4803916419883498,0.05
SPOT,2026-03-11,0.350685,128,600.0,1.13152,530.260009765625,45.61998956044519,0.5425202581634788,0.6858306806256462,10.0,0.19816636006053978,2.0,-0.4803916419883498,0.05
SPOT,2026-03-11,0.350685,128,610.0,1.150379,530.260009765625,41.990000001380196,0.5371615250673022,0.6858306806256462,10.0,0.19816636006053978,2.0,-0.4803916419883498,0.05
SPOT,2026-03-11,0.350685,128,620.0,1.169238,530.260009765625,32.05999492999558,0.4773388196439833,0.6858306806256462,10.0,0.19816636006053978,2.0,-0.4803916419883498,0.05
SPOT,2026-03-11,0.350685,128,630.0,1.188096,530.260009765625,29.23999999116006,0.4745602319108098,0.6858306806256462,10.0,0.19816636006053978,2.0,-0.4803916419883498,0.05
SPOT,2026-03-11,0.350685,128,640.0,1.206955,530.260009765625,20.990000000112587,0.4205705953307382,0.6858306806256462,10.0,0.19816636006053978,2.0,-0.4803916419883498,0.05
SPOT,2026-03-11,0.350685,128,650.0,1.225814,530.260009765625,27.999998670138353,0.5037635323474884,0.6858306806256462,10.0,0.19816636006053978,2.0,-0.4803916419883498,0.05
SPOT,2026-03-11,0.350685,128,660.0,1.244672,530.260009765625,14.339999826875754,0.39082509161334394,0.6858306806256462,10.0,0.19816636006053978,2.0,-0.4803916419883498,0.05
SPOT,2026-03-11,0.350685,128,670.0,1.263531,530.260009765625,20.000000445831603,0.46557430265634253,0.6858306806256462,10.0,0.19816636006053978,2.0,-0.4803916419883498,0.05
SPOT,2026-03-11,0.350685,128,680.0,1.28239,530.260009765625,24.60000000962063,0.5271617052939717,0.6858306806256462,10.0,0.19816636006053978,2.0,-0.4803916419883498,0.05
SPOT,2026-03-11,0.350685,128,690.0,1.301248,530.260009765625,16.749999420036758,0.46540911188492046,0.6858306806256462,10.0,0.19816636006053978,2.0,-0.4803916419883498,0.05
SPOT,2026-03-11,0.350685,128,700.0,1.320107,530.260009765625,13.750000022595458,0.4477674333700538,0.6858306806256462,10.0,0.19816636006053978,2.0,-0.4803916419883498,0.05
SPOT,2026-03-11,0.350685,128,710.0,1.338966,530.260009765625,16.31001322255844,0.4913414514461767,0.6858306806256462,10.0,0.19816636006053978,2.0,-0.4803916419883498,0.05
SPOT,2026-03-11,0.350685,128,720.0,1.357824,530.260009765625,15.250000017103574,0.49414915649370267,0.6858306806256462,10.0,0.19816636006053978,2.0,-0.4803916419883498,0.05
SPOT,2026-03-11,0.350685,128,730.0,1.376683,530.260009765625,14.230002793008452,0.49648972588306195,0.6858306806256462,10.0,0.19816636006053978,2.0,-0.4803916419883498,0.05
SPOT,2026-03-11,0.350685,128,740.0,1.395542,530.260009765625,9.92000010279682,0.455527035573636,0.6858306806256462,10.0,0.19816636006053978,2.0,-0.4803916419883498,0.05
SPOT,2026-03-11,0.350685,128,750.0,1.4144,530.260009765625,11.829981089577672,0.49371951682464355,0.6858306806256462,10.0,0.19816636006053978,2.0,-0.4803916419883498,0.05
SPOT,2026-03-11,0.350685,128,760.0,1.433259,530.260009765625,5.625000210415607,0.4132184915025915,0.6858306806256462,10.0,0.19816636006053978,2.0,-0.4803916419883498,0.05
SPOT,2026-03-11,0.350685,128,770.0,1.452118,530.260009765625,10.600000650689225,0.5023302490865899,0.6858306806256462,10.0,0.19816636006053978,2.0,-0.4803916419883498,0.05
SPOT,2026-03-11,0.350685,128,780.0,1.470976,530.260009765625,9.499992747727461,0.49863377921338503,0.6858306806256462,10.0,0.19816636006053978,2.0,-0.4803916419883498,0.05
SPOT,2026-03-11,0.350685,128,800.0,1.508694,530.260009765625,7.200000000329794,0.48506402724793063,0.6858306806256462,10.0,0.19816636006053978,2.0,-0.4803916419883498,0.05
SPOT,2026-03-11,0.350685,128,820.0,1.546411,530.260009765625,5.199999992344537,0.46888113614771637,0.6858306806256462,10.0,0.19816636006053978,2.0,-0.4803916419883498,0.05
SPOT,2026-03-11,0.350685,128,840.0,1.584129,530.260009765625,1.299997142141775,0.37657277031339,0.6858306806256462,10.0,0.19816636006053978,2.0,-0.4803916419883498,0.05
SPOT,2026-03-11,0.350685,128,860.0,1.621846,530.260009765625,1.069999994667448,0.3810766852002485,0.6858306806256462,10.0,0.19816636006053978,2.0,-0.4803916419883498,0.05
SPOT,2026-03-11,0.350685,128,880.0,1.659563,530.260009765625,2.369995213899017,0.45097785660573997,0.6858306806256462,10.0,0.19816636006053978,2.0,-0.4803916419883498,0.05
SPOT,2026-03-11,0.350685,128,900.0,1.697281,530.260009765625,1.3600000000622412,0.426317144143628,0.6858306806256462,10.0,0.19816636006053978,2.0,-0.4803916419883498,0.05
SPOT,2026-03-11,0.446575,163,270.0,0.509184,530.260009765625,269.42196760092224,0.6319930557631789,0.6858306806256462,10.0,0.19816636006053978,2.0,-0.4803916419883498,0.05
SPOT,2026-03-11,0.446575,163,280.0,0.528043,530.260009765625,261.3727760800328,0.6622718322876059,0.6858306806256462,10.0,0.19816636006053978,2.0,-0.4803916419883498,0.05
SPOT,2026-03-11,0.446575,163,290.0,0.546902,530.260009765625,250.9235912433092,0.6116243393149832,0.6858306806256462,10.0,0.19816636006053978,2.0,-0.4803916419883498,0.05
SPOT,2026-03-11,0.446575,163,300.0,0.56576,530.260009765625,241.93440716484406,0.6065223309397699,0.6858306806256462,10.0,0.19816636006053978,2.0,-0.4803916419883498,0.05
SPOT,2026-03-11,0.446575,163,310.0,0.584619,530.260009765625,234.41522773864148,0.6342056667532247,0.6858306806256462,10.0,0.19816636006053978,2.0,-0.4803916419883498,0.05
SPOT,2026-03-11,0.446575,163,320.0,0.603478,530.260009765625,225.47603433200283,0.6227561126910305,0.6858306806256462,10.0,0.19816636006053978,2.0,-0.4803916419883498,0.05
SPOT,2026-03-11,0.446575,163,330.0,0.622336,530.260009765625,225.74684612571332,0.7646681384934358,0.6858306806256462,10.0,0.19816636006053978,2.0,-0.4803916419883498,0.05
SPOT,2026-03-11,0.446575,163,340.0,0.641195,530.260009765625,210.66766246763115,0.649050062592432,0.6858306806256462,10.0,0.19816636006053978,2.0,-0.4803916419883498,0.05
SPOT,2026-03-11,0.446575,163,350.0,0.660054,530.260009765625,199.3484736066327,0.5934786661449312,0.6858306806256462,10.0,0.19816636006053978,2.0,-0.4803916419883498,0.05
SPOT,2026-03-11,0.446575,163,360.0,0.678912,530.260009765625,197.85930129862612,0.6838583969218576,0.6858306806256462,10.0,0.19816636006053978,2.0,-0.4803916419883498,0.05
SPOT,2026-03-11,0.446575,163,370.0,0.697771,530.260009765625,178.93010008859682,0.5224584434977817,0.6858306806256462,10.0,0.19816636006053978,2.0,-0.4803916419883498,0.05
SPOT,2026-03-11,0.446575,163,380.0,0.71663,530.260009765625,176.65089386222826,0.5988158397120056,0.6858306806256462,10.0,0.19816636006053978,2.0,-0.4803916419883498,0.05
SPOT,2026-03-11,0.446575,163,390.0,0.735488,530.260009765625,175.57172663839378,0.6703641424772008,0.6858306806256462,10.0,0.19816636006053978,2.0,-0.4803916419883498,0.05
SPOT,2026-03-11,0.446575,163,400.0,0.754347,530.260009765625,155.34252297581025,0.5173040613320632,0.6858306806256462,10.0,0.19816636006053978,2.0,-0.4803916419883498,0.05
SPOT,2026-03-11,0.446575,163,410.0,0.773206,530.260009765625,146.21335550545103,0.49636174422650803,0.6858306806256462,10.0,0.19816636006053978,2.0,-0.4803916419883498,0.05
SPOT,2026-03-11,0.446575,163,420.0,0.792064,530.260009765625,139.08416640871775,0.497431960966048,0.6858306806256462,10.0,0.19816636006053978,2.0,-0.4803916419883498,0.05
SPOT,2026-03-11,0.446575,163,430.0,0.810923,530.260009765625,137.96497953080882,0.5562777982624643,0.6858306806256462,10.0,0.19816636006053978,2.0,-0.4803916419883498,0.05
SPOT,2026-03-11,0.446575,163,440.0,0.829782,530.260009765625,124.44579236125549,0.4886650222768653,0.6858306806256462,10.0,0.19816636006053978,2.0,-0.4803916419883498,0.05
SPOT,2026-03-11,0.446575,163,450.0,0.84864,530.260009765625,117.14660615060353,0.4817943196398575,0.6858306806256462,10.0,0.19816636006053978,2.0,-0.4803916419883498,0.05
SPOT,2026-03-11,0.446575,163,460.0,0.867499,530.260009765625,113.0374188300674,0.5015747687924387,0.6858306806256462,10.0,0.19816636006053978,2.0,-0.4803916419883498,0.05
SPOT,2026-03-11,0.446575,163,470.0,0.886358,530.260009765625,107.29823266539933,0.5038466697698456,0.6858306806256462,10.0,0.19816636006053978,2.0,-0.4803916419883498,0.05
SPOT,2026-03-11,0.446575,163,480.0,0.905216,530.260009765625,95.2090459169616,0.45199223037515507,0.6858306806256462,10.0,0.19816636006053978,2.0,-0.4803916419883498,0.05
SPOT,2026-03-11,0.446575,163,490.0,0.924075,530.260009765625,95.90985918879045,0.5030067392690425,0.6858306806256462,10.0,0.19816636006053978,2.0,-0.4803916419883498,0.05
SPOT,2026-03-11,0.446575,163,500.0,0.942934,530.260009765625,81.30067249262913,0.43112304357424913,0.6858306806256462,10.0,0.19816636006053978,2.0,-0.4803916419883498,0.05
SPOT,2026-03-11,0.446575,163,510.0,0.961792,530.260009765625,84.67148570444328,0.4963300506598201,0.6858306806256462,10.0,0.19816636006053978,2.0,-0.4803916419883498,0.05
SPOT,2026-03-11,0.446575,163,520.0,0.980651,530.260009765625,78.09229951047834,0.48355875738850906,0.6858306806256462,10.0,0.19816636006053978,2.0,-0.4803916419883498,0.05
SPOT,2026-03-11,0.446575,163,530.0,0.99951,530.260009765625,70.26311317419788,0.4604633450559372,0.6858306806256462,10.0,0.19816636006053978,2.0,-0.4803916419883498,0.05
SPOT,2026-03-11,0.446575,163,540.0,1.018368,530.260009765625,81.13000006012521,0.5707505551507194,0.6858306806256462,10.0,0.19816636006053978,2.0,-0.4803916419883498,0.05
SPOT,2026-03-11,0.446575,163,550.0,1.037227,530.260009765625,76.00000067230124,0.5633744501002996,0.6858306806256462,10.0,0.19816636006053978,2.0,-0.4803916419883498,0.05
SPOT,2026-03-11,0.446575,163,560.0,1.056086,530.260009765625,63.10000163767285,0.4996404340478723,0.6858306806256462,10.0,0.19816636006053978,2.0,-0.4803916419883498,0.05
SPOT,2026-03-11,0.446575,163,570.0,1.074944,530.260009765625,54.04999994700813,0.46231513361311755,0.6858306806256462,10.0,0.19816636006053978,2.0,-0.4803916419883498,0.05
SPOT,2026-03-11,0.446575,163,580.0,1.093803,530.260009765625,55.26000023591476,0.4961887551009974,0.6858306806256462,10.0,0.19816636006053978,2.0,-0.4803916419883498,0.05
SPOT,2026-03-11,0.446575,163,590.0,1.112662,530.260009765625,49.630000236168456,0.48026314363894873,0.6858306806256462,10.0,0.19816636006053978,2.0,-0.4803916419883498,0.05
SPOT,2026-03-11,0.446575,163,600.0,1.13152,530.260009765625,46.080000000324446,0.4777026564671817,0.6858306806256462,10.0,0.19816636006053978,2.0,-0.4803916419883498,0.05
SPOT,2026-03-11,0.446575,163,610.0,1.150379,530.260009765625,42.82998814672348,0.47595371686748544,0.6858306806256462,10.0,0.19816636006053978,2.0,-0.4803916419883498,0.05
SPOT,2026-03-11,0.446575,163,620.0,1.169238,530.260009765625,44.65001236546547,0.5098372261829704,0.6858306806256462,10.0,0.19816636006053978,2.0,-0.4803916419883498,0.05
SPOT,2026-03-11,0.446575,163,630.0,1.188096,530.260009765625,41.350000012667124,0.5056070093022659,0.6858306806256462,10.0,0.19816636006053978,2.0,-0.4803916419883498,0.05
SPOT,2026-03-11,0.446575,163,640.0,1.206955,530.260009765625,15.650000079764013,0.32207107844815214,0.6858306806256462,10.0,0.19816636006053978,2.0,-0.4803916419883498,0.05
SPOT,2026-03-11,0.446575,163,650.0,1.225814,530.260009765625,23.44999304271954,0.40458050275707536,0.6858306806256462,10.0,0.19816636006053978,2.0,-0.4803916419883498,0.05
SPOT,2026-03-11,0.446575,163,660.0,1.244672,530.260009765625,30.04999981342067,0.4742154704829103,0.6858306806256462,10.0,0.19816636006053978,2.0,-0.4803916419883498,0.05
SPOT,2026-03-11,0.446575,163,680.0,1.28239,530.260009765625,27.949983135117066,0.48977744949229335,0.6858306806256462,10.0,0.19816636006053978,2.0,-0.4803916419883498,0.05
SPOT,2026-03-11,0.446575,163,700.0,1.320107,530.260009765625,24.700000026839604,0.49278527045715353,0.6858306806256462,10.0,0.19816636006053978,2.0,-0.4803916419883498,0.05
SPOT,2026-03-11,0.446575,163,720.0,1.357824,530.260009765625,21.600010213043404,0.49355067317984774,0.6858306806256462,10.0,0.19816636006053978,2.0,-0.4803916419883498,0.05
SPOT,2026-03-11,0.446575,163,740.0,1.395542,530.260009765625,19.89999934329707,0.5039944780836842,0.6858306806256462,10.0,0.19816636006053978,2.0,-0.4803916419883498,0.05
SPOT,2026-03-11,0.446575,163,760.0,1.433259,530.260009765625,17.600000002797188,0.5062236877616763,0.6858306806256462,10.0,0.19816636006053978,2.0,-0.4803916419883498,0.05
SPOT,2026-03-11,0.523288,191,270.0,0.509184,530.260009765625,270.5327730426771,0.5903267535632186,0.6858306806256462,10.0,0.19816636006053978,2.0,-0.4803916419883498,0.05
SPOT,2026-03-11,0.523288,191,280.0,0.528043,530.260009765625,261.9910270464755,0.6022889385989552,0.6858306806256462,10.0,0.19816636006053978,2.0,-0.4803916419883498,0.05
SPOT,2026-03-11,0.523288,191,290.0,0.546902,530.260009765625,254.34927749462625,0.6297098960181338,0.6858306806256462,10.0,0.19816636006053978,2.0,-0.4803916419883498,0.05
SPOT,2026-03-11,0.523288,191,300.0,0.56576,530.260009765625,246.5575285751766,0.6435616224302143,0.6858306806256462,10.0,0.19816636006053978,2.0,-0.4803916419883498,0.05
SPOT,2026-03-11,0.523288,191,310.0,0.584619,530.260009765625,232.61577292001732,0.5189322572798812,0.6858306806256462,10.0,0.19816636006053978,2.0,-0.4803916419883498,0.05
SPOT,2026-03-11,0.523288,191,320.0,0.603478,530.260009765625,226.4740318349016,0.5747533782024239,0.6858306806256462,10.0,0.19816636006053978,2.0,-0.4803916419883498,0.05
SPOT,2026-03-11,0.523288,191,330.0,0.622336,530.260009765625,218.28228019295273,0.5761565373607256,0.6858306806256462,10.0,0.19816636006053978,2.0,-0.4803916419883498,0.05
SPOT,2026-03-11,0.523288,191,340.0,0.641195,530.260009765625,208.97052306178915,0.5562011569750389,0.6858306806256462,10.0,0.19816636006053978,2.0,-0.4803916419883498,0.05
SPOT,2026-03-11,0.523288,191,350.0,0.660054,530.260009765625,198.39878143090579,0.5158150560284245,0.6858306806256462,10.0,0.19816636006053978,2.0,-0.4803916419883498,0.05
SPOT,2026-03-11,0.523288,191,360.0,0.678912,530.260009765625,190.79704796703322,0.5232329307162253,0.6858306806256462,10.0,0.19816636006053978,2.0,-0.4803916419883498,0.05
SPOT,2026-03-11,0.523288,191,370.0,0.697771,530.260009765625,182.91528267080753,0.5229441023028399,0.6858306806256462,10.0,0.19816636006053978,2.0,-0.4803916419883498,0.05
SPOT,2026-03-11,0.523288,191,380.0,0.71663,530.260009765625,174.57353021046697,0.5144331564727654,0.6858306806256462,10.0,0.19816636006053978,2.0,-0.4803916419883498,0.05
SPOT,2026-03-11,0.523288,191,390.0,0.735488,530.260009765625,167.131799457544,0.5153222609491115,0.6858306806256462,10.0,0.19816636006053978,2.0,-0.4803916419883498,0.05
SPOT,2026-03-11,0.523288,191,400.0,0.754347,530.260009765625,158.09003610885298,0.4961160579165046,0.6858306806256462,10.0,0.19816636006053978,2.0,-0.4803916419883498,0.05
SPOT,2026-03-11,0.523288,191,410.0,0.773206,530.260009765625,150.64828516106735,0.49371036214361724,0.6858306806256462,10.0,0.19816636006053978,2.0,-0.4803916419883498,0.05
SPOT,2026-03-11,0.523288,191,420.0,0.792064,530.260009765625,143.4065529097498,0.49140501325378894,0.6858306806256462,10.0,0.19816636006053978,2.0,-0.4803916419883498,0.05
SPOT,2026-03-11,0.523288,191,430.0,0.810923,530.260009765625,144.10476481180643,0.5594819313212177,0.6858306806256462,10.0,0.19816636006053978,2.0,-0.4803916419883498,0.05
SPOT,2026-03-11,0.523288,191,440.0,0.829782,530.260009765625,131.37306298468872,0.5031760135895409,0.6858306806256462,10.0,0.19816636006053978,2.0,-0.4803916419883498,0.05
SPOT,2026-03-11,0.523288,191,450.0,0.84864,530.260009765625,124.98128671615649,0.5022565329009278,0.6858306806256462,10.0,0.19816636006053978,2.0,-0.4803916419883498,0.05
SPOT,2026-03-11,0.523288,191,460.0,0.867499,530.260009765625,118.13953824864467,0.4959823637064965,0.6858306806256462,10.0,0.19816636006053978,2.0,-0.4803916419883498,0.05
SPOT,2026-03-11,0.523288,191,470.0,0.886358,530.260009765625,109.59778885873789,0.4751475356149189,0.6858306806256462,10.0,0.19816636006053978,2.0,-0.4803916419883498,0.05
SPOT,2026-03-11,0.523288,191,480.0,0.905216,530.260009765625,102.55603944413718,0.4652764744973797,0.6858306806256462,10.0,0.19816636006053978,2.0,-0.4803916419883498,0.05
SPOT,2026-03-11,0.523288,191,490.0,0.924075,530.260009765625,99.41429090793713,0.48288831995461257,0.6858306806256462,10.0,0.19816636006053978,2.0,-0.4803916419883498,0.05
SPOT,2026-03-11,0.523288,191,500.0,0.942934,530.260009765625,103.17254057293866,0.5470243593399456,0.6858306806256462,10.0,0.19816636006053978,2.0,-0.4803916419883498,0.05
SPOT,2026-03-11,0.523288,191,520.0,0.980651,530.260009765625,82.8390435795078,0.4726715706634601,0.6858306806256462,10.0,0.19816636006053978,2.0,-0.4803916419883498,0.05
SPOT,2026-03-11,0.523288,191,540.0,1.018368,530.260009765625,86.05000000064982,0.5543453750169133,0.6858306806256462,10.0,0.19816636006053978,2.0,-0.4803916419883498,0.05
SPOT,2026-03-11,0.523288,191,550.0,1.037227,530.260009765625,79.47000017655623,0.5378011621800878,0.6858306806256462,10.0,0.19816636006053978,2.0,-0.4803916419883498,0.05
SPOT,2026-03-11,0.523288,191,560.0,1.056086,530.260009765625,64.30000277047958,0.46396013790282475,0.6858306806256462,10.0,0.19816636006053978,2.0,-0.4803916419883498,0.05
SPOT,2026-03-11,0.523288,191,580.0,1.093803,530.260009765625,57.649999890787456,0.4689151746469351,0.6858306806256462,10.0,0.19816636006053978,2.0,-0.4803916419883498,0.05
SPOT,2026-03-11,0.523288,191,590.0,1.112662,530.260009765625,55.260001360040064,0.4756702239672413,0.6858306806256462,10.0,0.19816636006053978,2.0,-0.4803916419883498,0.05
SPOT,2026-03-11,0.523288,191,600.0,1.13152,530.260009765625,51.42000127078026,0.4717724628652787,0.6858306806256462,10.0,0.19816636006053978,2.0,-0.4803916419883498,0.05
SPOT,2026-03-11,0.523288,191,610.0,1.150379,530.260009765625,47.73000009678461,0.46768960586294017,0.6858306806256462,10.0,0.19816636006053978,2.0,-0.4803916419883498,0.05
SPOT,2026-03-11,0.523288,191,620.0,1.169238,530.260009765625,44.14999809824076,0.46316390595990586,0.6858306806256462,10.0,0.19816636006053978,2.0,-0.4803916419883498,0.05
SPOT,2026-03-11,0.523288,191,630.0,1.188096,530.260009765625,49.76999908034156,0.5193036709275624,0.6858306806256462,10.0,0.19816636006053978,2.0,-0.4803916419883498,0.05
SPOT,2026-03-11,0.523288,191,640.0,1.206955,530.260009765625,21.599998838050197,0.3401752666319326,0.6858306806256462,10.0,0.19816636006053978,2.0,-0.4803916419883498,0.05
SPOT,2026-03-11,0.523288,191,650.0,1.225814,530.260009765625,34.99999588924055,0.45342305686678447,0.6858306806256462,10.0,0.19816636006053978,2.0,-0.4803916419883498,0.05
SPOT,2026-03-11,0.523288,191,660.0,1.244672,530.260009765625,33.15002641295493,0.45643717025748565,0.6858306806256462,10.0,0.19816636006053978,2.0,-0.4803916419883498,0.05
SPOT,2026-03-11,0.523288,191,670.0,1.263531,530.260009765625,29.999999820383664,0.4491020920748561,0.6858306806256462,10.0,0.19816636006053978,2.0,-0.4803916419883498,0.05
SPOT,2026-03-11,0.523288,191,680.0,1.28239,530.260009765625,20.25000005348717,0.38897757275948286,0.6858306806256462,10.0,0.19816636006053978,2.0,-0.4803916419883498,0.05
SPOT,2026-03-11,0.523288,191,690.0,1.301248,530.260009765625,27.899984404807213,0.4625662851284877,0.6858306806256462,10.0,0.19816636006053978,2.0,-0.4803916419883498,0.05
SPOT,2026-03-11,0.523288,191,700.0,1.320107,530.260009765625,24.350000006795383,0.4488847198756452,0.6858306806256462,10.0,0.19816636006053978,2.0,-0.4803916419883498,0.05
SPOT,2026-03-11,0.523288,191,720.0,1.357824,530.260009765625,21.3000035256142,0.4500096025251676,0.6858306806256462,10.0,0.19816636006053978,2.0,-0.4803916419883498,0.05
SPOT,2026-03-11,0.523288,191,740.0,1.395542,530.260009765625,22.0500141907269,0.4806104077324982,0.6858306806256462,10.0,0.19816636006053978,2.0,-0.4803916419883498,0.05
SPOT,2026-03-11,0.523288,191,760.0,1.433259,530.260009765625,21.179999795211202,0.496342967639109,0.6858306806256462,10.0,0.19816636006053978,2.0,-0.4803916419883498,0.05
SPOT,2026-03-11,0.523288,191,780.0,1.470976,530.260009765625,19.99998476634721,0.5079079079064924,0.6858306806256462,10.0,0.19816636006053978,2.0,-0.4803916419883498,0.05
SPOT,2026-03-11,0.523288,191,800.0,1.508694,530.260009765625,12.400000001034414,0.45383670290477796,0.6858306806256462,10.0,0.19816636006053978,2.0,-0.4803916419883498,0.05
SPOT,2026-03-11,0.523288,191,820.0,1.546411,530.260009765625,6.010007776198158,0.390937875723895,0.6858306806256462,10.0,0.19816636006053978,2.0,-0.4803916419883498,0.05
SPOT,2026-03-11,0.523288,191,840.0,1.584129,530.260009765625,3.75999991768316,0.36774633673607304,0.6858306806256462,10.0,0.19816636006053978,2.0,-0.4803916419883498,0.05
SPOT,2026-03-11,0.523288,191,860.0,1.621846,530.260009765625,5.089997521480953,0.4078047575959992,0.6858306806256462,10.0,0.19816636006053978,2.0,-0.4803916419883498,0.05
SPOT,2026-03-11,0.523288,191,880.0,1.659563,530.260009765625,4.0499976369092465,0.40309913422242566,0.6858306806256462,10.0,0.19816636006053978,2.0,-0.4803916419883498,0.05
SPOT,2026-03-11,0.523288,191,900.0,1.697281,530.260009765625,2.499999642294096,0.38091576920969195,0.6858306806256462,10.0,0.19816636006053978,2.0,-0.4803916419883498,0.05
SPOT,2026-03-11,0.523288,191,920.0,1.734998,530.260009765625,3.8299999741779835,0.42618917469658535,0.6858306806256462,10.0,0.19816636006053978,2.0,-0.4803916419883498,0.05
SPOT,2026-03-11,0.523288,191,940.0,1.772715,530.260009765625,6.450007579916715,0.4890343682782605,0.6858306806256462,10.0,0.19816636006053978,2.0,-0.4803916419883498,0.05
SPOT,2026-03-11,0.772603,282,270.0,0.509184,530.260009765625,276.89124823855,0.5717502213019773,0.6858306806256462,10.0,0.19816636006053978,2.0,-0.4803916419883498,0.05
SPOT,2026-03-11,0.772603,282,280.0,0.528043,530.260009765625,267.0701922988417,0.5426309420916159,0.6858306806256462,10.0,0.19816636006053978,2.0,-0.4803916419883498,0.05
SPOT,2026-03-11,0.772603,282,290.0,0.546902,530.260009765625,259.3991313644458,0.5562109415693888,0.6858306806256462,10.0,0.19816636006053978,2.0,-0.4803916419883498,0.05
SPOT,2026-03-11,0.772603,282,300.0,0.56576,530.260009765625,249.32805423200372,0.5238432634420704,0.6858306806256462,10.0,0.19816636006053978,2.0,-0.4803916419883498,0.05
SPOT,2026-03-11,0.772603,282,310.0,0.584619,530.260009765625,244.20700275709893,0.5706396638180389,0.6858306806256462,10.0,0.19816636006053978,2.0,-0.4803916419883498,0.05
SPOT,2026-03-11,0.772603,282,320.0,0.603478,530.260009765625,233.1359324156313,0.5250768875031765,0.6858306806256462,10.0,0.19816636006053978,2.0,-0.4803916419883498,0.05
SPOT,2026-03-11,0.772603,282,330.0,0.622336,530.260009765625,229.16486738868898,0.5743125332235512,0.6858306806256462,10.0,0.19816636006053978,2.0,-0.4803916419883498,0.05
SPOT,2026-03-11,0.772603,282,340.0,0.641195,530.260009765625,219.99380279954383,0.5541403770575248,0.6858306806256462,10.0,0.19816636006053978,2.0,-0.4803916419883498,0.05
SPOT,2026-03-11,0.772603,282,350.0,0.660054,530.260009765625,213.1227385540867,0.5592352923405026,0.6858306806256462,10.0,0.19816636006053978,2.0,-0.4803916419883498,0.05
SPOT,2026-03-11,0.772603,282,360.0,0.678912,530.260009765625,207.40167302408165,0.5732552200769508,0.6858306806256462,10.0,0.19816636006053978,2.0,-0.4803916419883498,0.05
SPOT,2026-03-11,0.772603,282,370.0,0.697771,530.260009765625,200.33059207062266,0.5714099925967158,0.6858306806256462,10.0,0.19816636006053978,2.0,-0.4803916419883498,0.05
SPOT,2026-03-11,0.772603,282,380.0,0.71663,530.260009765625,186.65954320477732,0.5082708879244672,0.6858306806256462,10.0,0.19816636006053978,2.0,-0.4803916419883498,0.05
SPOT,2026-03-11,0.772603,282,390.0,0.735488,530.260009765625,178.18849790350816,0.4944165965339897,0.6858306806256462,10.0,0.19816636006053978,2.0,-0.4803916419883498,0.05
SPOT,2026-03-11,0.772603,282,400.0,0.754347,530.260009765625,172.81741317353186,0.5066124410972567,0.6858306806256462,10.0,0.19816636006053978,2.0,-0.4803916419883498,0.05
SPOT,2026-03-11,0.772603,282,410.0,0.773206,530.260009765625,172.2963478395822,0.5538609288483582,0.6858306806256462,10.0,0.19816636006053978,2.0,-0.4803916419883498,0.05
SPOT,2026-03-11,0.772603,282,420.0,0.792064,530.260009765625,156.44526875082647,0.4799937436053783,0.6858306806256462,10.0,0.19816636006053978,2.0,-0.4803916419883498,0.05
SPOT,2026-03-11,0.772603,282,430.0,0.810923,530.260009765625,149.93421832715597,0.4786075802025209,0.6858306806256462,10.0,0.19816636006053978,2.0,-0.4803916419883498,0.05
SPOT,2026-03-11,0.772603,282,440.0,0.829782,530.260009765625,143.49315374706407,0.4764323088129471,0.6858306806256462,10.0,0.19816636006053978,2.0,-0.4803916419883498,0.05
SPOT,2026-03-11,0.772603,282,450.0,0.84864,530.260009765625,145.5620971995532,0.5307717335938967,0.6858306806256462,10.0,0.19816636006053978,2.0,-0.4803916419883498,0.05
SPOT,2026-03-11,0.772603,282,460.0,0.867499,530.260009765625,154.89104046994038,0.6267888201197095,0.6858306806256462,10.0,0.19816636006053978,2.0,-0.4803916419883498,0.05
SPOT,2026-03-11,0.772603,282,470.0,0.886358,530.260009765625,139.2199873900895,0.5590151781384981,0.6858306806256462,10.0,0.19816636006053978,2.0,-0.4803916419883498,0.05
SPOT,2026-03-11,0.772603,282,480.0,0.905216,530.260009765625,119.05893067077966,0.4652141346534534,0.6858306806256462,10.0,0.19816636006053978,2.0,-0.4803916419883498,0.05
SPOT,2026-03-11,0.772603,282,490.0,0.924075,530.260009765625,118.28784032093665,0.4922225628672688,0.6858306806256462,10.0,0.19816636006053978,2.0,-0.4803916419883498,0.05
SPOT,2026-03-11,0.772603,282,500.0,0.942934,530.260009765625,108.01676529841262,0.4605708227246282,0.6858306806256462,10.0,0.19816636006053978,2.0,-0.4803916419883498,0.05
SPOT,2026-03-11,0.772603,282,520.0,0.980651,530.260009765625,100.09465790568481,0.4698091019937653,0.6858306806256462,10.0,0.19816636006053978,2.0,-0.4803916419883498,0.05
SPOT,2026-03-11,0.772603,282,540.0,1.018368,530.260009765625,95.55000366341389,0.49329408833925587,0.6858306806256462,10.0,0.19816636006053978,2.0,-0.4803916419883498,0.05
SPOT,2026-03-11,0.772603,282,550.0,1.037227,530.260009765625,89.80000331017291,0.48410601702671235,0.6858306806256462,10.0,0.19816636006053978,2.0,-0.4803916419883498,0.05
SPOT,2026-03-11,0.772603,282,560.0,1.056086,530.260009765625,104.40000253814219,0.5858560836231332,0.6858306806256462,10.0,0.19816636006053978,2.0,-0.4803916419883498,0.05
SPOT,2026-03-11,0.772603,282,580.0,1.093803,530.260009765625,73.40002302708385,0.45686677275632326,0.6858306806256462,10.0,0.19816636006053978,2.0,-0.4803916419883498,0.05
SPOT,2026-03-11,0.772603,282,590.0,1.112662,530.260009765625,70.85001144711538,0.4619626714349402,0.6858306806256462,10.0,0.19816636006053978,2.0,-0.4803916419883498,0.05
SPOT,2026-03-11,0.772603,282,600.0,1.13152,530.260009765625,65.59999537244869,0.45171835359912577,0.6858306806256462,10.0,0.19816636006053978,2.0,-0.4803916419883498,0.05
SPOT,2026-03-11,0.772603,282,610.0,1.150379,530.260009765625,63.200008612398534,0.45601719291671283,0.6858306806256462,10.0,0.19816636006053978,2.0,-0.4803916419883498,0.05
SPOT,2026-03-11,0.772603,282,620.0,1.169238,530.260009765625,73.9999925071802,0.5306742202400149,0.6858306806256462,10.0,0.19816636006053978,2.0,-0.4803916419883498,0.05
SPOT,2026-03-11,0.772603,282,630.0,1.188096,530.260009765625,70.10001704819157,0.5256060475896721,0.6858306806256462,10.0,0.19816636006053978,2.0,-0.4803916419883498,0.05
SPOT,2026-03-11,0.772603,282,640.0,1.206955,530.260009765625,54.180033451697,0.45463949125465347,0.6858306806256462,10.0,0.19816636006053978,2.0,-0.4803916419883498,0.05
SPOT,2026-03-11,0.772603,282,650.0,1.225814,530.260009765625,58.21003394744321,0.49127288158418064,0.6858306806256462,10.0,0.19816636006053978,2.0,-0.4803916419883498,0.05
SPOT,2026-03-11,0.772603,282,660.0,1.244672,530.260009765625,39.84996483276575,0.4034059299542488,0.6858306806256462,10.0,0.19816636006053978,2.0,-0.4803916419883498,0.05
SPOT,2026-03-11,0.772603,282,670.0,1.263531,530.260009765625,23.199999676948124,0.31753333282245716,0.6858306806256462,10.0,0.19816636006053978,2.0,-0.4803916419883498,0.05
SPOT,2026-03-11,0.772603,282,680.0,1.28239,530.260009765625,24.79999962473906,0.33959450696300025,0.6858306806256462,10.0,0.19816636006053978,2.0,-0.4803916419883498,0.05
SPOT,2026-03-11,0.772603,282,690.0,1.301248,530.260009765625,20.300000000558413,0.3221037790774125,0.6858306806256462,10.0,0.19816636006053978,2.0,-0.4803916419883498,0.05
SPOT,2026-03-11,0.772603,282,700.0,1.320107,530.260009765625,38.49999741886106,0.446098513945957,0.6858306806256462,10.0,0.19816636006053978,2.0,-0.4803916419883498,0.05
SPOT,2026-03-11,0.772603,282,720.0,1.357824,530.260009765625,42.499996980874755,0.49264803571069943,0.6858306806256462,10.0,0.19816636006053978,2.0,-0.4803916419883498,0.05
SPOT,2026-03-11,0.772603,282,740.0,1.395542,530.260009765625,36.34999991029423,0.4780133426450588,0.6858306806256462,10.0,0.19816636006053978,2.0,-0.4803916419883498,0.05
SPOT,2026-03-11,0.772603,282,760.0,1.433259,530.260009765625,19.019993714520638,0.38413538787112483,0.6858306806256462,10.0,0.19816636006053978,2.0,-0.4803916419883498,0.05
SPOT,2026-03-11,0.772603,282,780.0,1.470976,530.260009765625,20.849972695813463,0.4155846667677242,0.6858306806256462,10.0,0.19816636006053978,2.0,-0.4803916419883498,0.05
SPOT,2026-03-11,0.772603,282,800.0,1.508694,530.260009765625,28.77000007160234,0.48823999304917814,0.6858306806256462,10.0,0.19816636006053978,2.0,-0.4803916419883498,0.05
SPOT,2026-03-11,0.772603,282,820.0,1.546411,530.260009765625,10.400005322815502,0.36248044297985965,0.6858306806256462,10.0,0.19816636006053978,2.0,-0.4803916419883498,0.05
SPOT,2026-03-11,0.772603,282,840.0,1.584129,530.260009765625,8.150000074674736,0.3536295268293165,0.6858306806256462,10.0,0.19816636006053978,2.0,-0.4803916419883498,0.05
SPOT,2026-03-11,0.772603,282,860.0,1.621846,530.260009765625,6.950018358030832,0.3532450855610608,0.6858306806256462,10.0,0.19816636006053978,2.0,-0.4803916419883498,0.05
SPOT,2026-03-11,0.772603,282,880.0,1.659563,530.260009765625,7.1100150963854105,0.36813181580335297,0.6858306806256462,10.0,0.19816636006053978,2.0,-0.4803916419883498,0.05
SPOT,2026-03-11,0.772603,282,900.0,1.697281,530.260009765625,11.54999985557125,0.4297116114630134,0.6858306806256462,10.0,0.19816636006053978,2.0,-0.4803916419883498,0.05
SPOT,2026-03-11,0.772603,282,920.0,1.734998,530.260009765625,8.500000287361438,0.40966333218058243,0.6858306806256462,10.0,0.19816636006053978,2.0,-0.4803916419883498,0.05
SPOT,2026-03-11,0.772603,282,940.0,1.772715,530.260009765625,7.55000517606463,0.4101209755896754,0.6858306806256462,10.0,0.19816636006053978,2.0,-0.4803916419883498,0.05
SPOT,2026-03-11,0.849315,310,270.0,0.509184,530.260009765625,278.8857220474784,0.5679174356999117,0.6858306806256462,10.0,0.19816636006053978,2.0,-0.4803916419883498,0.05
SPOT,2026-03-11,0.849315,310,280.0,0.528043,530.260009765625,268.30149486204436,0.5240767668049449,0.6858306806256462,10.0,0.19816636006053978,2.0,-0.4803916419883498,0.05
SPOT,2026-03-11,0.849315,310,290.0,0.546902,530.260009765625,269.5172560216996,0.66576402769275,0.6858306806256462,10.0,0.19816636006053978,2.0,-0.4803916419883498,0.05
SPOT,2026-03-11,0.849315,310,300.0,0.56576,530.260009765625,251.73302347471002,0.5237613917301294,0.6858306806256462,10.0,0.19816636006053978,2.0,-0.4803916419883498,0.05
SPOT,2026-03-11,0.849315,310,310.0,0.584619,530.260009765625,245.49879147156915,0.5491912606006423,0.6858306806256462,10.0,0.19816636006053978,2.0,-0.4803916419883498,0.05
SPOT,2026-03-11,0.849315,310,320.0,0.603478,530.260009765625,234.6545576907205,0.5083037927256502,0.6858306806256462,10.0,0.19816636006053978,2.0,-0.4803916419883498,0.05
SPOT,2026-03-11,0.849315,310,330.0,0.622336,530.260009765625,226.19032499296884,0.5001933226392438,0.6858306806256462,10.0,0.19816636006053978,2.0,-0.4803916419883498,0.05
SPOT,2026-03-11,0.849315,310,340.0,0.641195,530.260009765625,219.64609129367483,0.5136929699126771,0.6858306806256462,10.0,0.19816636006053978,2.0,-0.4803916419883498,0.05
SPOT,2026-03-11,0.849315,310,350.0,0.660054,530.260009765625,211.3618411625887,0.5047207238958719,0.6858306806256462,10.0,0.19816636006053978,2.0,-0.4803916419883498,0.05
SPOT,2026-03-11,0.849315,310,360.0,0.678912,530.260009765625,203.75762687328904,0.5019549083807949,0.6858306806256462,10.0,0.19816636006053978,2.0,-0.4803916419883498,0.05
SPOT,2026-03-11,0.849315,310,370.0,0.697771,530.260009765625,195.69339336678286,0.4934738475499076,0.6858306806256462,10.0,0.19816636006053978,2.0,-0.4803916419883498,0.05
SPOT,2026-03-11,0.849315,310,380.0,0.71663,530.260009765625,188.35916044963693,0.49087302908444486,0.6858306806256462,10.0,0.19816636006053978,2.0,-0.4803916419883498,0.05
SPOT,2026-03-11,0.849315,310,390.0,0.735488,530.260009765625,180.974923056644,0.48657047991008207,0.6858306806256462,10.0,0.19816636006053978,2.0,-0.4803916419883498,0.05
SPOT,2026-03-11,0.849315,310,400.0,0.754347,530.260009765625,173.89069459195673,0.48362551959161537,0.6858306806256462,10.0,0.19816636006053978,2.0,-0.4803916419883498,0.05
SPOT,2026-03-11,0.849315,310,410.0,0.773206,530.260009765625,168.75645421477708,0.49441372071961714,0.6858306806256462,10.0,0.19816636006053978,2.0,-0.4803916419883498,0.05
SPOT,2026-03-11,0.849315,310,420.0,0.792064,530.260009765625,160.37222819122604,0.47916852242861024,0.6858306806256462,10.0,0.19816636006053978,2.0,-0.4803916419883498,0.05
SPOT,2026-03-11,0.849315,310,430.0,0.810923,530.260009765625,154.5379960669511,0.48172092360522556,0.6858306806256462,10.0,0.19816636006053978,2.0,-0.4803916419883498,0.05
SPOT,2026-03-11,0.849315,310,440.0,0.829782,530.260009765625,148.3537631901546,0.4804405039160589,0.6858306806256462,10.0,0.19816636006053978,2.0,-0.4803916419883498,0.05
SPOT,2026-03-11,0.849315,310,450.0,0.84864,530.260009765625,141.1395355648645,0.47132383099397557,0.6858306806256462,10.0,0.19816636006053978,2.0,-0.4803916419883498,0.05
SPOT,2026-03-11,0.849315,310,460.0,0.867499,530.260009765625,138.2552749084432,0.4888755765990292,0.6858306806256462,10.0,0.19816636006053978,2.0,-0.4803916419883498,0.05
SPOT,2026-03-11,0.849315,310,470.0,0.886358,530.260009765625,125.55104075613599,0.4441835805647667,0.6858306806256462,10.0,0.19816636006053978,2.0,-0.4803916419883498,0.05
SPOT,2026-03-11,0.849315,310,480.0,0.905216,530.260009765625,125.16680845786587,0.47425539726350013,0.6858306806256462,10.0,0.19816636006053978,2.0,-0.4803916419883498,0.05
SPOT,2026-03-11,0.849315,310,490.0,0.924075,530.260009765625,119.02262227312693,0.4682442730283427,0.6858306806256462,10.0,0.19816636006053978,2.0,-0.4803916419883498,0.05
SPOT,2026-03-11,0.849315,310,500.0,0.942934,530.260009765625,115.4483559000704,0.4760716626438521,0.6858306806256462,10.0,0.19816636006053978,2.0,-0.4803916419883498,0.05
SPOT,2026-03-11,0.849315,310,520.0,0.980651,530.260009765625,104.63993983424228,0.4679646617691251,0.6858306806256462,10.0,0.19816636006053978,2.0,-0.4803916419883498,0.05
SPOT,2026-03-11,0.849315,310,540.0,1.018368,530.260009765625,107.6800029876014,0.5306448795870348,0.6858306806256462,10.0,0.19816636006053978,2.0,-0.4803916419883498,0.05
SPOT,2026-03-11,0.849315,310,550.0,1.037227,530.260009765625,91.6000032074096,0.46672862721663366,0.6858306806256462,10.0,0.19816636006053978,2.0,-0.4803916419883498,0.05
SPOT,2026-03-11,0.849315,310,560.0,1.056086,530.260009765625,105.67001183085182,0.5612493551739883,0.6858306806256462,10.0,0.19816636006053978,2.0,-0.4803916419883498,0.05
SPOT,2026-03-11,0.849315,310,580.0,1.093803,530.260009765625,88.03995672155645,0.507174988971752,0.6858306806256462,10.0,0.19816636006053978,2.0,-0.4803916419883498,0.05
SPOT,2026-03-11,0.849315,310,590.0,1.112662,530.260009765625,59.99999629871752,0.3809533206726033,0.6858306806256462,10.0,0.19816636006053978,2.0,-0.4803916419883498,0.05
SPOT,2026-03-11,0.849315,310,600.0,1.13152,530.260009765625,69.79000000003097,0.4484536206194047,0.6858306806256462,10.0,0.19816636006053978,2.0,-0.4803916419883498,0.05
SPOT,2026-03-11,0.849315,310,610.0,1.150379,530.260009765625,74.93999908918434,0.49140214675233956,0.6858306806256462,10.0,0.19816636006053978,2.0,-0.4803916419883498,0.05
SPOT,2026-03-11,0.849315,310,620.0,1.169238,530.260009765625,65.65001624915155,0.4595896996414931,0.6858306806256462,10.0,0.19816636006053978,2.0,-0.4803916419883498,0.05
SPOT,2026-03-11,0.849315,310,630.0,1.188096,530.260009765625,71.55000779471763,0.5051450453256531,0.6858306806256462,10.0,0.19816636006053978,2.0,-0.4803916419883498,0.05
SPOT,2026-03-11,0.849315,310,640.0,1.206955,530.260009765625,59.59998670889195,0.45825350723665326,0.6858306806256462,10.0,0.19816636006053978,2.0,-0.4803916419883498,0.05
SPOT,2026-03-11,0.849315,310,650.0,1.225814,530.260009765625,55.49998101415488,0.45101844043611755,0.6858306806256462,10.0,0.19816636006053978,2.0,-0.4803916419883498,0.05
SPOT,2026-03-11,0.849315,310,660.0,1.244672,530.260009765625,53.549953666453376,0.4543477115999753,0.6858306806256462,10.0,0.19816636006053978,2.0,-0.4803916419883498,0.05
SPOT,2026-03-11,0.849315,310,670.0,1.263531,530.260009765625,58.279961766525275,0.4922260978752576,0.6858306806256462,10.0,0.19816636006053978,2.0,-0.4803916419883498,0.05
SPOT,2026-03-11,0.849315,310,680.0,1.28239,530.260009765625,58.27003741676364,0.5049126407749995,0.6858306806256462,10.0,0.19816636006053978,2.0,-0.4803916419883498,0.05
SPOT,2026-03-11,0.849315,310,690.0,1.301248,530.260009765625,24.84999962895303,0.3324371674986214,0.6858306806256462,10.0,0.19816636006053978,2.0,-0.4803916419883498,0.05
SPOT,2026-03-11,0.849315,310,700.0,1.320107,530.260009765625,56.87000434164773,0.5218710718796759,0.6858306806256462,10.0,0.19816636006053978,2.0,-0.4803916419883498,0.05
SPOT,2026-03-11,0.849315,310,720.0,1.357824,530.260009765625,43.17999974751058,0.47065036555167655,0.6858306806256462,10.0,0.19816636006053978,2.0,-0.4803916419883498,0.05
SPOT,2026-03-11,0.849315,310,740.0,1.395542,530.260009765625,22.74000002141034,0.3703982897845379,0.6858306806256462,10.0,0.19816636006053978,2.0,-0.4803916419883498,0.05
SPOT,2026-03-11,0.849315,310,760.0,1.433259,530.260009765625,24.35000003728028,0.39943791450402694,0.6858306806256462,10.0,0.19816636006053978,2.0,-0.4803916419883498,0.05
SPOT,2026-03-11,0.849315,310,780.0,1.470976,530.260009765625,32.04997214033189,0.46582838584266795,0.6858306806256462,10.0,0.19816636006053978,2.0,-0.4803916419883498,0.05
SPOT,2026-03-11,0.849315,310,800.0,1.508694,530.260009765625,32.55000000014499,0.4866104662678438,0.6858306806256462,10.0,0.19816636006053978,2.0,-0.4803916419883498,0.05
SPOT,2026-03-11,0.849315,310,820.0,1.546411,530.260009765625,29.770000039527346,0.4861679956141586,0.6858306806256462,10.0,0.19816636006053978,2.0,-0.4803916419883498,0.05
SPOT,2026-03-11,0.849315,310,840.0,1.584129,530.260009765625,20.349993206790785,0.43835199049123036,0.6858306806256462,10.0,0.19816636006053978,2.0,-0.4803916419883498,0.05
SPOT,2026-03-11,0.849315,310,860.0,1.621846,530.260009765625,19.250000001602245,0.4449577297318863,0.6858306806256462,10.0,0.19816636006053978,2.0,-0.4803916419883498,0.05
SPOT,2026-03-11,0.849315,310,880.0,1.659563,530.260009765625,13.300000003661182,0.41075904438046795,0.6858306806256462,10.0,0.19816636006053978,2.0,-0.4803916419883498,0.05
SPOT,2026-03-11,0.849315,310,900.0,1.697281,530.260009765625,17.51002664955446,0.4591105751761477,0.6858306806256462,10.0,0.19816636006053978,2.0,-0.4803916419883498,0.05
SPOT,2026-03-11,0.849315,310,920.0,1.734998,530.260009765625,12.269994940355112,0.4268370417024973,0.6858306806256462,10.0,0.19816636006053978,2.0,-0.4803916419883498,0.05
SPOT,2026-03-11,0.849315,310,940.0,1.772715,530.260009765625,9.520000200902764,0.41130502360013466,0.6858306806256462,10.0,0.19816636006053978,2.0,-0.4803916419883498,0.05
SPOT,2026-03-11,1.021918,373,300.0,0.56576,530.260009765625,259.40372436444767,0.5524672101276039,0.6858306806256462,10.0,0.19816636006053978,2.0,-0.4803916419883498,0.05
SPOT,2026-03-11,1.021918,373,320.0,0.603478,530.260009765625,240.28998639553794,0.5053292457480891,0.6858306806256462,10.0,0.19816636006053978,2.0,-0.4803916419883498,0.05
SPOT,2026-03-11,1.021918,373,350.0,0.660054,530.260009765625,217.6943665035691,0.4996778294048952,0.6858306806256462,10.0,0.19816636006053978,2.0,-0.4803916419883498,0.05
SPOT,2026-03-11,1.021918,373,360.0,0.678912,530.260009765625,213.49248647184157,0.5240586430667591,0.6858306806256462,10.0,0.19816636006053978,2.0,-0.4803916419883498,0.05
SPOT,2026-03-11,1.021918,373,370.0,0.697771,530.260009765625,203.14061076458938,0.49416174061505913,0.6858306806256462,10.0,0.19816636006053978,2.0,-0.4803916419883498,0.05
SPOT,2026-03-11,1.021918,373,380.0,0.71663,530.260009765625,195.53873968310347,0.4872227092290986,0.6858306806256462,10.0,0.19816636006053978,2.0,-0.4803916419883498,0.05
SPOT,2026-03-11,1.021918,373,390.0,0.735488,530.260009765625,188.9868975312906,0.4875468132241093,0.6858306806256462,10.0,0.19816636006053978,2.0,-0.4803916419883498,0.05
SPOT,2026-03-11,1.021918,373,400.0,0.754347,530.260009765625,182.4349880273165,0.4865821564848203,0.6858306806256462,10.0,0.19816636006053978,2.0,-0.4803916419883498,0.05
SPOT,2026-03-11,1.021918,373,420.0,0.792064,530.260009765625,176.23120146809535,0.5263401747103548,0.6858306806256462,10.0,0.19816636006053978,2.0,-0.4803916419883498,0.05
SPOT,2026-03-11,1.021918,373,480.0,0.905216,530.260009765625,137.1400192282281,0.4859464969962175,0.6858306806256462,10.0,0.19816636006053978,2.0,-0.4803916419883498,0.05
SPOT,2026-03-11,1.021918,373,490.0,0.924075,530.260009765625,128.68808681458793,0.4670359113553913,0.6858306806256462,10.0,0.19816636006053978,2.0,-0.4803916419883498,0.05
SPOT,2026-03-11,1.021918,373,500.0,0.942934,530.260009765625,126.88624137594698,0.4827838400549876,0.6858306806256462,10.0,0.19816636006053978,2.0,-0.4803916419883498,0.05
SPOT,2026-03-11,1.021918,373,520.0,0.980651,530.260009765625,113.73248247063484,0.46211453843695494,0.6858306806256462,10.0,0.19816636006053978,2.0,-0.4803916419883498,0.05
SPOT,2026-03-11,1.021918,373,540.0,1.018368,530.260009765625,110.73001759816333,0.48943052931212633,0.6858306806256462,10.0,0.19816636006053978,2.0,-0.4803916419883498,0.05
SPOT,2026-03-11,1.021918,373,550.0,1.037227,530.260009765625,108.20001242148172,0.49657477383471343,0.6858306806256462,10.0,0.19816636006053978,2.0,-0.4803916419883498,0.05
SPOT,2026-03-11,1.021918,373,580.0,1.093803,530.260009765625,107.0500163835166,0.544242857263547,0.6858306806256462,10.0,0.19816636006053978,2.0,-0.4803916419883498,0.05
SPOT,2026-03-11,1.021918,373,600.0,1.13152,530.260009765625,66.49999844938512,0.38541446831285847,0.6858306806256462,10.0,0.19816636006053978,2.0,-0.4803916419883498,0.05
SPOT,2026-03-11,1.021918,373,650.0,1.225814,530.260009765625,60.23999998902505,0.4265132983342684,0.6858306806256462,10.0,0.19816636006053978,2.0,-0.4803916419883498,0.05
SPOT,2026-03-11,1.021918,373,670.0,1.263531,530.260009765625,54.58495631413456,0.42425865356730313,0.6858306806256462,10.0,0.19816636006053978,2.0,-0.4803916419883498,0.05
SPOT,2026-03-11,1.021918,373,700.0,1.320107,530.260009765625,60.24999997358617,0.4854562145805002,0.6858306806256462,10.0,0.19816636006053978,2.0,-0.4803916419883498,0.05
SPOT,2026-03-11,1.021918,373,720.0,1.357824,530.260009765625,32.999993949650616,0.370516680299029,0.6858306806256462,10.0,0.19816636006053978,2.0,-0.4803916419883498,0.05
SPOT,2026-03-11,1.021918,373,740.0,1.395542,530.260009765625,49.69999967136317,0.47508394331704895,0.6858306806256462,10.0,0.19816636006053978,2.0,-0.4803916419883498,0.05
SPOT,2026-03-11,1.268493,463,270.0,0.509184,530.260009765625,292.2029058373813,0.5850058573312389,0.6858306806256462,10.0,0.19816636006053978,2.0,-0.4803916419883498,0.05
SPOT,2026-03-11,1.268493,463,280.0,0.528043,530.260009765625,281.86745644767575,0.5501379972723583,0.6858306806256462,10.0,0.19816636006053978,2.0,-0.4803916419883498,0.05
SPOT,2026-03-11,1.268493,463,290.0,0.546902,530.260009765625,277.5820095127919,0.5831068350853031,0.6858306806256462,10.0,0.19816636006053978,2.0,-0.4803916419883498,0.05
SPOT,2026-03-11,1.268493,463,300.0,0.56576,530.260009765625,270.84656109131043,0.5856511448494863,0.6858306806256462,10.0,0.19816636006053978,2.0,-0.4803916419883498,0.05
SPOT,2026-03-11,1.268493,463,310.0,0.584619,530.260009765625,259.31111283608334,0.5417562260855506,0.6858306806256462,10.0,0.19816636006053978,2.0,-0.4803916419883498,0.05
SPOT,2026-03-11,1.268493,463,320.0,0.603478,530.260009765625,254.62565727181124,0.5620956206445226,0.6858306806256462,10.0,0.19816636006053978,2.0,-0.4803916419883498,0.05
SPOT,2026-03-11,1.268493,463,330.0,0.622336,530.260009765625,258.64018549604293,0.6471808568700816,0.6858306806256462,10.0,0.19816636006053978,2.0,-0.4803916419883498,0.05
SPOT,2026-03-11,1.268493,463,340.0,0.641195,530.260009765625,234.10475128747026,0.5026915803295398,0.6858306806256462,10.0,0.19816636006053978,2.0,-0.4803916419883498,0.05
SPOT,2026-03-11,1.268493,463,350.0,0.660054,530.260009765625,234.51931840130396,0.5580083584495651,0.6858306806256462,10.0,0.19816636006053978,2.0,-0.4803916419883498,0.05
SPOT,2026-03-11,1.268493,463,360.0,0.678912,530.260009765625,241.8838712776699,0.6524526089969483,0.6858306806256462,10.0,0.19816636006053978,2.0,-0.4803916419883498,0.05
SPOT,2026-03-11,1.268493,463,370.0,0.697771,530.260009765625,218.42843421058188,0.5320243075264137,0.6858306806256462,10.0,0.19816636006053978,2.0,-0.4803916419883498,0.05
SPOT,2026-03-11,1.268493,463,380.0,0.71663,530.260009765625,221.16297468474235,0.5899158221973341,0.6858306806256462,10.0,0.19816636006053978,2.0,-0.4803916419883498,0.05
SPOT,2026-03-11,1.268493,463,390.0,0.735488,530.260009765625,208.5775264355328,0.5459833758609194,0.6858306806256462,10.0,0.19816636006053978,2.0,-0.4803916419883498,0.05
SPOT,2026-03-11,1.268493,463,400.0,0.754347,530.260009765625,201.05207806487314,0.5348300359854382,0.6858306806256462,10.0,0.19816636006053978,2.0,-0.4803916419883498,0.05
SPOT,2026-03-11,1.268493,463,410.0,0.773206,530.260009765625,219.5066299072889,0.6755177741372584,0.6858306806256462,10.0,0.19816636006053978,2.0,-0.4803916419883498,0.05
SPOT,2026-03-11,1.268493,463,420.0,0.792064,530.260009765625,180.0711814547388,0.4774611478112218,0.6858306806256462,10.0,0.19816636006053978,2.0,-0.4803916419883498,0.05
SPOT,2026-03-11,1.268493,463,430.0,0.810923,530.260009765625,200.4457333284507,0.6225419776329075,0.6858306806256462,10.0,0.19816636006053978,2.0,-0.4803916419883498,0.05
SPOT,2026-03-11,1.268493,463,440.0,0.829782,530.260009765625,169.15028481917986,0.4787611704975096,0.6858306806256462,10.0,0.19816636006053978,2.0,-0.4803916419883498,0.05
SPOT,2026-03-11,1.268493,463,450.0,0.84864,530.260009765625,165.30483667235333,0.48671009076348554,0.6858306806256462,10.0,0.19816636006053978,2.0,-0.4803916419883498,0.05
SPOT,2026-03-11,1.268493,463,460.0,0.867499,530.260009765625,168.67938846202648,0.5307462707923536,0.6858306806256462,10.0,0.19816636006053978,2.0,-0.4803916419883498,0.05
SPOT,2026-03-11,1.268493,463,470.0,0.886358,530.260009765625,153.6439263373882,0.47902343919056095,0.6858306806256462,10.0,0.19816636006053978,2.0,-0.4803916419883498,0.05
SPOT,2026-03-11,1.268493,463,480.0,0.905216,530.260009765625,174.50849186713242,0.6064281457966367,0.6858306806256462,10.0,0.19816636006053978,2.0,-0.4803916419883498,0.05
SPOT,2026-03-11,1.268493,463,490.0,0.924075,530.260009765625,145.31299973619988,0.4853048446029223,0.6858306806256462,10.0,0.19816636006053978,2.0,-0.4803916419883498,0.05
SPOT,2026-03-11,1.268493,463,500.0,0.942934,530.260009765625,139.48759530510648,0.4793701621041721,0.6858306806256462,10.0,0.19816636006053978,2.0,-0.4803916419883498,0.05
SPOT,2026-03-11,1.268493,463,520.0,0.980651,530.260009765625,150.61669872635605,0.5713091266830851,0.6858306806256462,10.0,0.19816636006053978,2.0,-0.4803916419883498,0.05
SPOT,2026-03-11,1.268493,463,540.0,1.018368,530.260009765625,130.0000120505945,0.5132027295878224,0.6858306806256462,10.0,0.19816636006053978,2.0,-0.4803916419883498,0.05
SPOT,2026-03-11,1.268493,463,550.0,1.037227,530.260009765625,124.37003363109338,0.5053096038310524,0.6858306806256462,10.0,0.19816636006053978,2.0,-0.4803916419883498,0.05
SPOT,2026-03-11,1.268493,463,560.0,1.056086,530.260009765625,96.2000056638685,0.3989572507930223,0.6858306806256462,10.0,0.19816636006053978,2.0,-0.4803916419883498,0.05
SPOT,2026-03-11,1.268493,463,580.0,1.093803,530.260009765625,89.12500966074529,0.40108514861356626,0.6858306806256462,10.0,0.19816636006053978,2.0,-0.4803916419883498,0.05
SPOT,2026-03-11,1.268493,463,590.0,1.112662,530.260009765625,65.7999999991639,0.31780193298804693,0.6858306806256462,10.0,0.19816636006053978,2.0,-0.4803916419883498,0.05
SPOT,2026-03-11,1.268493,463,600.0,1.13152,530.260009765625,109.39999999980196,0.5168335049118661,0.6858306806256462,10.0,0.19816636006053978,2.0,-0.4803916419883498,0.05
SPOT,2026-03-11,1.268493,463,610.0,1.150379,530.260009765625,77.19999998655081,0.394384440254161,0.6858306806256462,10.0,0.19816636006053978,2.0,-0.4803916419883498,0.05
SPOT,2026-03-11,1.268493,463,620.0,1.169238,530.260009765625,73.39998785348882,0.3918202669295938,0.6858306806256462,10.0,0.19816636006053978,2.0,-0.4803916419883498,0.05
SPOT,2026-03-11,1.268493,463,630.0,1.188096,530.260009765625,46.59999996156867,0.2916912549221132,0.6858306806256462,10.0,0.19816636006053978,2.0,-0.4803916419883498,0.05
SPOT,2026-03-11,1.268493,463,640.0,1.206955,530.260009765625,105.999999992363,0.5541465421604843,0.6858306806256462,10.0,0.19816636006053978,2.0,-0.4803916419883498,0.05
SPOT,2026-03-11,1.268493,463,650.0,1.225814,530.260009765625,89.15005378472875,0.49513615282995466,0.6858306806256462,10.0,0.19816636006053978,2.0,-0.4803916419883498,0.05
SPOT,2026-03-11,1.268493,463,660.0,1.244672,530.260009765625,62.64999997282814,0.3952129202394069,0.6858306806256462,10.0,0.19816636006053978,2.0,-0.4803916419883498,0.05
SPOT,2026-03-11,1.268493,463,670.0,1.263531,530.260009765625,51.14999977586808,0.35720616183967785,0.6858306806256462,10.0,0.19816636006053978,2.0,-0.4803916419883498,0.05
SPOT,2026-03-11,1.268493,463,680.0,1.28239,530.260009765625,39.74999984766802,0.31788506251287135,0.6858306806256462,10.0,0.19816636006053978,2.0,-0.4803916419883498,0.05
SPOT,2026-03-11,1.268493,463,690.0,1.301248,530.260009765625,77.14999999386157,0.48880564838781526,0.6858306806256462,10.0,0.19816636006053978,2.0,-0.4803916419883498,0.05
SPOT,2026-03-11,1.268493,463,700.0,1.320107,530.260009765625,74.5499999628502,0.4880266365698982,0.6858306806256462,10.0,0.19816636006053978,2.0,-0.4803916419883498,0.05
SPOT,2026-03-11,1.268493,463,720.0,1.357824,530.260009765625,40.800053182961165,0.36081028804573395,0.6858306806256462,10.0,0.19816636006053978,2.0,-0.4803916419883498,0.05
SPOT,2026-03-11,1.268493,463,740.0,1.395542,530.260009765625,57.57999971520252,0.4531422740775203,0.6858306806256462,10.0,0.19816636006053978,2.0,-0.4803916419883498,0.05
SPOT,2026-03-11,1.268493,463,760.0,1.433259,530.260009765625,42.44999996633561,0.4026547674358285,0.6858306806256462,10.0,0.19816636006053978,2.0,-0.4803916419883498,0.05
SPOT,2026-03-11,1.268493,463,780.0,1.470976,530.260009765625,31.7999999888261,0.36772790427316904,0.6858306806256462,10.0,0.19816636006053978,2.0,-0.4803916419883498,0.05
SPOT,2026-03-11,1.268493,463,800.0,1.508694,530.260009765625,47.95000005819671,0.459274592913388,0.6858306806256462,10.0,0.19816636006053978,2.0,-0.4803916419883498,0.05
SPOT,2026-03-11,1.268493,463,820.0,1.546411,530.260009765625,44.64999981969295,0.458748940751313,0.6858306806256462,10.0,0.19816636006053978,2.0,-0.4803916419883498,0.05
SPOT,2026-03-11,1.268493,463,840.0,1.584129,530.260009765625,43.0199933004735,0.4651106883367277,0.6858306806256462,10.0,0.19816636006053978,2.0,-0.4803916419883498,0.05
SPOT,2026-03-11,1.268493,463,860.0,1.621846,530.260009765625,12.1499989714615,0.30679072270624025,0.6858306806256462,10.0,0.19816636006053978,2.0,-0.4803916419883498,0.05
SPOT,2026-03-11,1.268493,463,880.0,1.659563,530.260009765625,12.449993283479628,0.31998038009417956,0.6858306806256462,10.0,0.19816636006053978,2.0,-0.4803916419883498,0.05
SPOT,2026-03-11,1.268493,463,900.0,1.697281,530.260009765625,37.799996203383984,0.4782969205061278,0.6858306806256462,10.0,0.19816636006053978,2.0,-0.4803916419883498,0.05
SPOT,2026-03-11,1.268493,463,920.0,1.734998,530.260009765625,10.870021369487205,0.3287199516883196,0.6858306806256462,10.0,0.19816636006053978,2.0,-0.4803916419883498,0.05
SPOT,2026-03-11,1.268493,463,940.0,1.772715,530.260009765625,10.049974126061151,0.3317636387198545,0.6858306806256462,10.0,0.19816636006053978,2.0,-0.4803916419883498,0.05
SPOT,2026-03-11,1.769863,646,280.0,0.528043,530.260009765625,294.4233911728711,0.5377614318537014,0.6858306806256462,10.0,0.19816636006053978,2.0,-0.4803916419883498,0.05
SPOT,2026-03-11,1.769863,646,290.0,0.546902,530.260009765625,287.4702880246936,0.5359803848577973,0.6858306806256462,10.0,0.19816636006053978,2.0,-0.4803916419883498,0.05
SPOT,2026-03-11,1.769863,646,300.0,0.56576,530.260009765625,286.1171855793051,0.5772759676356695,0.6858306806256462,10.0,0.19816636006053978,2.0,-0.4803916419883498,0.05
SPOT,2026-03-11,1.769863,646,310.0,0.584619,530.260009765625,270.0891018383261,0.5025546118737988,0.6858306806256462,10.0,0.19816636006053978,2.0,-0.4803916419883498,0.05
SPOT,2026-03-11,1.769863,646,320.0,0.603478,530.260009765625,268.5610085213981,0.5395190313806587,0.6858306806256462,10.0,0.19816636006053978,2.0,-0.4803916419883498,0.05
SPOT,2026-03-11,1.769863,646,330.0,0.622336,530.260009765625,261.2079143804081,0.5313027403200041,0.6858306806256462,10.0,0.19816636006053978,2.0,-0.4803916419883498,0.05
SPOT,2026-03-11,1.769863,646,340.0,0.641195,530.260009765625,261.51481655517176,0.5725005303773271,0.6858306806256462,10.0,0.19816636006053978,2.0,-0.4803916419883498,0.05
SPOT,2026-03-11,1.769863,646,350.0,0.660054,530.260009765625,251.10172325294315,0.5431514338756973,0.6858306806256462,10.0,0.19816636006053978,2.0,-0.4803916419883498,0.05
SPOT,2026-03-11,1.769863,646,360.0,0.678912,530.260009765625,243.49862767167593,0.5318204922215463,0.6858306806256462,10.0,0.19816636006053978,2.0,-0.4803916419883498,0.05
SPOT,2026-03-11,1.769863,646,370.0,0.697771,530.260009765625,231.11553585031683,0.4924301834692446,0.6858306806256462,10.0,0.19816636006053978,2.0,-0.4803916419883498,0.05
SPOT,2026-03-11,1.769863,646,380.0,0.71663,530.260009765625,235.04243971508674,0.5469231207581438,0.6858306806256462,10.0,0.19816636006053978,2.0,-0.4803916419883498,0.05
SPOT,2026-03-11,1.769863,646,390.0,0.735488,530.260009765625,225.41434601470553,0.5235854145354987,0.6858306806256462,10.0,0.19816636006053978,2.0,-0.4803916419883498,0.05
SPOT,2026-03-11,1.769863,646,400.0,0.754347,530.260009765625,213.83625145620906,0.49057835666983424,0.6858306806256462,10.0,0.19816636006053978,2.0,-0.4803916419883498,0.05
SPOT,2026-03-11,1.769863,646,410.0,0.773206,530.260009765625,216.93316341482915,0.5337518292707498,0.6858306806256462,10.0,0.19816636006053978,2.0,-0.4803916419883498,0.05
SPOT,2026-03-11,1.769863,646,420.0,0.792064,530.260009765625,201.83006809816632,0.4837271867846706,0.6858306806256462,10.0,0.19816636006053978,2.0,-0.4803916419883498,0.05
SPOT,2026-03-11,1.769863,646,430.0,0.810923,530.260009765625,208.67692638585453,0.5414791129907361,0.6858306806256462,10.0,0.19816636006053978,2.0,-0.4803916419883498,0.05
SPOT,2026-03-11,1.769863,646,440.0,0.829782,530.260009765625,200.32385483492916,0.5244428904236716,0.6858306806256462,10.0,0.19816636006053978,2.0,-0.4803916419883498,0.05
SPOT,2026-03-11,1.769863,646,450.0,0.84864,530.260009765625,195.84578905614558,0.5253821478056563,0.6858306806256462,10.0,0.19816636006053978,2.0,-0.4803916419883498,0.05
SPOT,2026-03-11,1.769863,646,460.0,0.867499,530.260009765625,192.0876950937039,0.5289829169242085,0.6858306806256462,10.0,0.19816636006053978,2.0,-0.4803916419883498,0.05
SPOT,2026-03-11,1.769863,646,470.0,0.886358,530.260009765625,177.6146019882315,0.48498504906522616,0.6858306806256462,10.0,0.19816636006053978,2.0,-0.4803916419883498,0.05
SPOT,2026-03-11,1.769863,646,480.0,0.905216,530.260009765625,174.06150665245562,0.48914402682131974,0.6858306806256462,10.0,0.19816636006053978,2.0,-0.4803916419883498,0.05
SPOT,2026-03-11,1.769863,646,490.0,0.924075,530.260009765625,179.5584129918541,0.5308429556651534,0.6858306806256462,10.0,0.19816636006053978,2.0,-0.4803916419883498,0.05
SPOT,2026-03-11,1.769863,646,500.0,0.942934,530.260009765625,162.60531934991727,0.477572065498584,0.6858306806256462,10.0,0.19816636006053978,2.0,-0.4803916419883498,0.05
SPOT,2026-03-11,1.769863,646,520.0,0.980651,530.260009765625,153.86913215772194,0.4758303331682637,0.6858306806256462,10.0,0.19816636006053978,2.0,-0.4803916419883498,0.05
SPOT,2026-03-11,1.769863,646,540.0,1.018368,530.260009765625,292.99999970470833,1.101671363021247,0.6858306806256462,10.0,0.19816636006053978,2.0,-0.4803916419883498,0.05
SPOT,2026-03-11,1.769863,646,550.0,1.037227,530.260009765625,65.95999921864939,0.18802009604097575,0.6858306806256462,10.0,0.19816636006053978,2.0,-0.4803916419883498,0.05
SPOT,2026-03-11,1.769863,646,560.0,1.056086,530.260009765625,92.64995352493787,0.30384852924149075,0.6858306806256462,10.0,0.19816636006053978,2.0,-0.4803916419883498,0.05
SPOT,2026-03-11,1.769863,646,580.0,1.093803,530.260009765625,94.5299634631975,0.3396633595018726,0.6858306806256462,10.0,0.19816636006053978,2.0,-0.4803916419883498,0.05
SPOT,2026-03-11,1.769863,646,590.0,1.112662,530.260009765625,74.8000021907211,0.2818780477959216,0.6858306806256462,10.0,0.19816636006053978,2.0,-0.4803916419883498,0.05
SPOT,2026-03-11,1.769863,646,600.0,1.13152,530.260009765625,98.88000023856284,0.3813946552072353,0.6858306806256462,10.0,0.19816636006053978,2.0,-0.4803916419883498,0.05
SPOT,2026-03-11,1.769863,646,610.0,1.150379,530.260009765625,137.00000010566524,0.5324435643717735,0.6858306806256462,10.0,0.19816636006053978,2.0,-0.4803916419883498,0.05
SPOT,2026-03-11,1.769863,646,620.0,1.169238,530.260009765625,78.14999998709311,0.3310044880418341,0.6858306806256462,10.0,0.19816636006053978,2.0,-0.4803916419883498,0.05
SPOT,2026-03-11,1.769863,646,630.0,1.188096,530.260009765625,94.97499998066127,0.40228682416809486,0.6858306806256462,10.0,0.19816636006053978,2.0,-0.4803916419883498,0.05
SPOT,2026-03-11,1.769863,646,640.0,1.206955,530.260009765625,81.76999992520172,0.3660399000135064,0.6858306806256462,10.0,0.19816636006053978,2.0,-0.4803916419883498,0.05
SPOT,2026-03-11,1.769863,646,650.0,1.225814,530.260009765625,75.22499990731765,0.3532343782841901,0.6858306806256462,10.0,0.19816636006053978,2.0,-0.4803916419883498,0.05
SPOT,2026-03-11,1.769863,646,660.0,1.244672,530.260009765625,58.59995464911708,0.3040693849242472,0.6858306806256462,10.0,0.19816636006053978,2.0,-0.4803916419883498,0.05
SPOT,2026-03-11,1.769863,646,670.0,1.263531,530.260009765625,66.74997082491689,0.34287486089498803,0.6858306806256462,10.0,0.19816636006053978,2.0,-0.4803916419883498,0.05
SPOT,2026-03-11,1.769863,646,680.0,1.28239,530.260009765625,63.15003680859982,0.3393792584902443,0.6858306806256462,10.0,0.19816636006053978,2.0,-0.4803916419883498,0.05
SPOT,2026-03-11,1.769863,646,690.0,1.301248,530.260009765625,61.10000000107783,0.34107058122195977,0.6858306806256462,10.0,0.19816636006053978,2.0,-0.4803916419883498,0.05
SPOT,2026-03-11,1.769863,646,700.0,1.320107,530.260009765625,87.99999756868405,0.44593530593253167,0.6858306806256462,10.0,0.19816636006053978,2.0,-0.4803916419883498,0.05
SPOT,2026-03-11,1.769863,646,720.0,1.357824,530.260009765625,94.14999908396689,0.48482312301931074,0.6858306806256462,10.0,0.19816636006053978,2.0,-0.4803916419883498,0.05
SPOT,2026-03-11,1.769863,646,740.0,1.395542,530.260009765625,46.88999241753717,0.3298848800066165,0.6858306806256462,10.0,0.19816636006053978,2.0,-0.4803916419883498,0.05
SPOT,2026-03-11,1.769863,646,760.0,1.433259,530.260009765625,61.03999386910823,0.397237765415533,0.6858306806256462,10.0,0.19816636006053978,2.0,-0.4803916419883498,0.05
SPOT,2026-03-11,1.769863,646,780.0,1.470976,530.260009765625,64.8099932972226,0.4253790668994399,0.6858306806256462,10.0,0.19816636006053978,2.0,-0.4803916419883498,0.05
SPOT,2026-03-11,1.769863,646,800.0,1.508694,530.260009765625,46.04999701993563,0.368551885836515,0.6858306806256462,10.0,0.19816636006053978,2.0,-0.4803916419883498,0.05
SPOT,2026-03-11,1.769863,646,820.0,1.546411,530.260009765625,52.949993668576866,0.40780575969815913,0.6858306806256462,10.0,0.19816636006053978,2.0,-0.4803916419883498,0.05
SPOT,2026-03-11,1.769863,646,840.0,1.584129,530.260009765625,31.449988829324823,0.3337171266307081,0.6858306806256462,10.0,0.19816636006053978,2.0,-0.4803916419883498,0.05
SPOT,2026-03-11,1.769863,646,860.0,1.621846,530.260009765625,29.999999953829345,0.33854353493112527,0.6858306806256462,10.0,0.19816636006053978,2.0,-0.4803916419883498,0.05
SPOT,2026-03-11,1.769863,646,880.0,1.659563,530.260009765625,38.10999973813193,0.38401486213048036,0.6858306806256462,10.0,0.19816636006053978,2.0,-0.4803916419883498,0.05
SPOT,2026-03-11,1.769863,646,900.0,1.697281,530.260009765625,18.139991480381752,0.3021717863742166,0.6858306806256462,10.0,0.19816636006053978,2.0,-0.4803916419883498,0.05
SPOT,2026-03-11,1.769863,646,920.0,1.734998,530.260009765625,55.97499926331726,0.4767178869420323,0.6858306806256462,10.0,0.19816636006053978,2.0,-0.4803916419883498,0.05
SPOT,2026-03-11,1.769863,646,940.0,1.772715,530.260009765625,36.624999969445895,0.40831728241676113,0.6858306806256462,10.0,0.19816636006053978,2.0,-0.4803916419883498,0.05
SPOT,2026-03-11,1.865753,681,270.0,0.509184,530.260009765625,301.5285280952885,0.5170888279977047,0.6858306806256462,10.0,0.19816636006053978,2.0,-0.4803916419883498,0.05
SPOT,2026-03-11,1.865753,681,280.0,0.528043,530.260009765625,295.99920114765735,0.5296666550941114,0.6858306806256462,10.0,0.19816636006053978,2.0,-0.4803916419883498,0.05
SPOT,2026-03-11,1.865753,681,290.0,0.546902,530.260009765625,286.7898884032681,0.5083206526954616,0.6858306806256462,10.0,0.19816636006053978,2.0,-0.4803916419883498,0.05
SPOT,2026-03-11,1.865753,681,300.0,0.56576,530.260009765625,283.4405796232603,0.534909983483342,0.6858306806256462,10.0,0.19816636006053978,2.0,-0.4803916419883498,0.05
SPOT,2026-03-11,1.865753,681,310.0,0.584619,530.260009765625,277.9212729179741,0.5410729521742547,0.6858306806256462,10.0,0.19816636006053978,2.0,-0.4803916419883498,0.05
SPOT,2026-03-11,1.865753,681,320.0,0.603478,530.260009765625,271.46195734234027,0.5390902910913106,0.6858306806256462,10.0,0.19816636006053978,2.0,-0.4803916419883498,0.05
SPOT,2026-03-11,1.865753,681,330.0,0.622336,530.260009765625,265.10264355727975,0.537030207313409,0.6858306806256462,10.0,0.19816636006053978,2.0,-0.4803916419883498,0.05
SPOT,2026-03-11,1.865753,681,340.0,0.641195,530.260009765625,274.54332156379246,0.6317191680425642,0.6858306806256462,10.0,0.19816636006053978,2.0,-0.4803916419883498,0.05
SPOT,2026-03-11,1.865753,681,350.0,0.660054,530.260009765625,249.08401188758566,0.510652493738126,0.6858306806256462,10.0,0.19816636006053978,2.0,-0.4803916419883498,0.05
SPOT,2026-03-11,1.865753,681,360.0,0.678912,530.260009765625,244.55469112797056,0.5183807021459993,0.6858306806256462,10.0,0.19816636006053978,2.0,-0.4803916419883498,0.05
SPOT,2026-03-11,1.865753,681,370.0,0.697771,530.260009765625,238.91537434977965,0.5184229134072187,0.6858306806256462,10.0,0.19816636006053978,2.0,-0.4803916419883498,0.05
SPOT,2026-03-11,1.865753,681,380.0,0.71663,530.260009765625,241.95606903229475,0.5647654068707358,0.6858306806256462,10.0,0.19816636006053978,2.0,-0.4803916419883498,0.05
SPOT,2026-03-11,1.865753,681,390.0,0.735488,530.260009765625,223.94674774992873,0.4968139466188318,0.6858306806256462,10.0,0.19816636006053978,2.0,-0.4803916419883498,0.05
SPOT,2026-03-11,1.865753,681,400.0,0.754347,530.260009765625,223.95744162690306,0.5245117136948184,0.6858306806256462,10.0,0.19816636006053978,2.0,-0.4803916419883498,0.05
SPOT,2026-03-11,1.865753,681,410.0,0.773206,530.260009765625,220.97813010163873,0.5349664035835057,0.6858306806256462,10.0,0.19816636006053978,2.0,-0.4803916419883498,0.05
SPOT,2026-03-11,1.865753,681,420.0,0.792064,530.260009765625,205.52881414092514,0.48402257553524436,0.6858306806256462,10.0,0.19816636006053978,2.0,-0.4803916419883498,0.05
SPOT,2026-03-11,1.865753,681,430.0,0.810923,530.260009765625,202.0995018201378,0.4918162512035268,0.6858306806256462,10.0,0.19816636006053978,2.0,-0.4803916419883498,0.05
SPOT,2026-03-11,1.865753,681,440.0,0.829782,530.260009765625,210.05019225707727,0.5507553112835821,0.6858306806256462,10.0,0.19816636006053978,2.0,-0.4803916419883498,0.05
SPOT,2026-03-11,1.865753,681,450.0,0.84864,530.260009765625,191.79083832853482,0.48907130419434325,0.6858306806256462,10.0,0.19816636006053978,2.0,-0.4803916419883498,0.05
SPOT,2026-03-11,1.865753,681,460.0,0.867499,530.260009765625,195.83155816846568,0.5272732756860813,0.6858306806256462,10.0,0.19816636006053978,2.0,-0.4803916419883498,0.05
SPOT,2026-03-11,1.865753,681,470.0,0.886358,530.260009765625,180.15224640187145,0.47880664040823145,0.6858306806256462,10.0,0.19816636006053978,2.0,-0.4803916419883498,0.05
SPOT,2026-03-11,1.865753,681,480.0,0.905216,530.260009765625,178.16292988294683,0.4893362936714815,0.6858306806256462,10.0,0.19816636006053978,2.0,-0.4803916419883498,0.05
SPOT,2026-03-11,1.865753,681,490.0,0.924075,530.260009765625,168.60361611814741,0.4678042329310034,0.6858306806256462,10.0,0.19816636006053978,2.0,-0.4803916419883498,0.05
SPOT,2026-03-11,1.865753,681,500.0,0.942934,530.260009765625,169.394302414957,0.48846960855121013,0.6858306806256462,10.0,0.19816636006053978,2.0,-0.4803916419883498,0.05
SPOT,2026-03-11,1.865753,681,520.0,0.980651,530.260009765625,157.54567453733185,0.47388064423654536,0.6858306806256462,10.0,0.19816636006053978,2.0,-0.4803916419883498,0.05
SPOT,2026-03-11,1.865753,681,540.0,1.018368,530.260009765625,162.50000003672608,0.5228090503776386,0.6858306806256462,10.0,0.19816636006053978,2.0,-0.4803916419883498,0.05
SPOT,2026-03-11,1.865753,681,550.0,1.037227,530.260009765625,151.92000005275497,0.4963313128402646,0.6858306806256462,10.0,0.19816636006053978,2.0,-0.4803916419883498,0.05
SPOT,2026-03-11,1.865753,681,560.0,1.056086,530.260009765625,147.42000006521064,0.4929267774701943,0.6858306806256462,10.0,0.19816636006053978,2.0,-0.4803916419883498,0.05
SPOT,2026-03-11,1.865753,681,570.0,1.074944,530.260009765625,144.00000000220513,0.4932499845631493,0.6858306806256462,10.0,0.19816636006053978,2.0,-0.4803916419883498,0.05
SPOT,2026-03-11,1.865753,681,580.0,1.093803,530.260009765625,138.05000022372425,0.48396161628757267,0.6858306806256462,10.0,0.19816636006053978,2.0,-0.4803916419883498,0.05
SPOT,2026-03-11,1.865753,681,590.0,1.112662,530.260009765625,77.20000259948173,0.2792427041419593,0.6858306806256462,10.0,0.19816636006053978,2.0,-0.4803916419883498,0.05
SPOT,2026-03-11,1.865753,681,600.0,1.13152,530.260009765625,107.4499590889545,0.3982715353888647,0.6858306806256462,10.0,0.19816636006053978,2.0,-0.4803916419883498,0.05
SPOT,2026-03-11,1.865753,681,610.0,1.150379,530.260009765625,104.20000300560105,0.398562559021449,0.6858306806256462,10.0,0.19816636006053978,2.0,-0.4803916419883498,0.05
SPOT,2026-03-11,1.865753,681,620.0,1.169238,530.260009765625,64.49996972468244,0.27173723018068413,0.6858306806256462,10.0,0.19816636006053978,2.0,-0.4803916419883498,0.05
SPOT,2026-03-11,1.865753,681,630.0,1.188096,530.260009765625,84.6499999738983,0.3526676799120663,0.6858306806256462,10.0,0.19816636006053978,2.0,-0.4803916419883498,0.05
SPOT,2026-03-11,1.865753,681,640.0,1.206955,530.260009765625,111.21999999178894,0.45584287259978484,0.6858306806256462,10.0,0.19816636006053978,2.0,-0.4803916419883498,0.05
SPOT,2026-03-11,1.865753,681,650.0,1.225814,530.260009765625,91.99999985462799,0.3990122510316254,0.6858306806256462,10.0,0.19816636006053978,2.0,-0.4803916419883498,0.05
SPOT,2026-03-11,1.865753,681,660.0,1.244672,530.260009765625,110.9999998848904,0.47493144040044266,0.6858306806256462,10.0,0.19816636006053978,2.0,-0.4803916419883498,0.05
SPOT,2026-03-11,1.865753,681,670.0,1.263531,530.260009765625,49.770000001518866,0.27160557925884166,0.6858306806256462,10.0,0.19816636006053978,2.0,-0.4803916419883498,0.05
SPOT,2026-03-11,1.865753,681,680.0,1.28239,530.260009765625,115.8499995888067,0.5104679786007738,0.6858306806256462,10.0,0.19816636006053978,2.0,-0.4803916419883498,0.05
SPOT,2026-03-11,1.865753,681,690.0,1.301248,530.260009765625,96.21999946821592,0.4512139899355529,0.6858306806256462,10.0,0.19816636006053978,2.0,-0.4803916419883498,0.05
SPOT,2026-03-11,1.865753,681,700.0,1.320107,530.260009765625,68.4000000005502,0.36343184278243634,0.6858306806256462,10.0,0.19816636006053978,2.0,-0.4803916419883498,0.05
SPOT,2026-03-11,1.865753,681,710.0,1.338966,530.260009765625,77.20006769270975,0.40245898655510065,0.6858306806256462,10.0,0.19816636006053978,2.0,-0.4803916419883498,0.05
SPOT,2026-03-11,1.865753,681,720.0,1.357824,530.260009765625,74.47500000085572,0.4011599156104124,0.6858306806256462,10.0,0.19816636006053978,2.0,-0.4803916419883498,0.05
SPOT,2026-03-11,1.865753,681,730.0,1.376683,530.260009765625,69.50000000536826,0.3917212105889193,0.6858306806256462,10.0,0.19816636006053978,2.0,-0.4803916419883498,0.05
SPOT,2026-03-11,1.865753,681,740.0,1.395542,530.260009765625,70.15000000912337,0.4017124070543283,0.6858306806256462,10.0,0.19816636006053978,2.0,-0.4803916419883498,0.05
SPOT,2026-03-11,1.865753,681,750.0,1.4144,530.260009765625,37.499994907172436,0.29085956000164614,0.6858306806256462,10.0,0.19816636006053978,2.0,-0.4803916419883498,0.05
SPOT,2026-03-11,1.865753,681,760.0,1.433259,530.260009765625,39.32999440566732,0.30474723077251625,0.6858306806256462,10.0,0.19816636006053978,2.0,-0.4803916419883498,0.05
SPOT,2026-03-11,1.865753,681,770.0,1.452118,530.260009765625,38.04999720979046,0.3066110545542974,0.6858306806256462,10.0,0.19816636006053978,2.0,-0.4803916419883498,0.05
SPOT,2026-03-11,1.865753,681,780.0,1.470976,530.260009765625,51.83998596434239,0.3649515453143949,0.6858306806256462,10.0,0.19816636006053978,2.0,-0.4803916419883498,0.05
SPOT,2026-03-11,1.865753,681,790.0,1.489835,530.260009765625,79.10000002527073,0.46900642950217203,0.6858306806256462,10.0,0.19816636006053978,2.0,-0.4803916419883498,0.05
SPOT,2026-03-11,1.865753,681,800.0,1.508694,530.260009765625,77.19999665876699,0.46904823714163946,0.6858306806256462,10.0,0.19816636006053978,2.0,-0.4803916419883498,0.05
SPOT,2026-03-11,1.865753,681,810.0,1.527552,530.260009765625,47.14999280913449,0.3669472797958116,0.6858306806256462,10.0,0.19816636006053978,2.0,-0.4803916419883498,0.05
SPOT,2026-03-11,1.865753,681,820.0,1.546411,530.260009765625,37.50000001494618,0.33585603910348566,0.6858306806256462,10.0,0.19816636006053978,2.0,-0.4803916419883498,0.05
SPOT,2026-03-11,1.865753,681,840.0,1.584129,530.260009765625,49.99999378064874,0.3957947631331494,0.6858306806256462,10.0,0.19816636006053978,2.0,-0.4803916419883498,0.05
SPOT,2026-03-11,1.865753,681,860.0,1.621846,530.260009765625,49.62499680470398,0.40588515419924054,0.6858306806256462,10.0,0.19816636006053978,2.0,-0.4803916419883498,0.05
SPOT,2026-03-11,1.865753,681,880.0,1.659563,530.260009765625,35.239998817060254,0.36006628221206755,0.6858306806256462,10.0,0.19816636006053978,2.0,-0.4803916419883498,0.05
SPOT,2026-03-11,1.865753,681,900.0,1.697281,530.260009765625,61.99998683069856,0.4740152839927678,0.6858306806256462,10.0,0.19816636006053978,2.0,-0.4803916419883498,0.05
SPOT,2026-03-11,1.865753,681,920.0,1.734998,530.260009765625,45.930000000259255,0.42349217996808874,0.6858306806256462,10.0,0.19816636006053978,2.0,-0.4803916419883498,0.05
SPOT,2026-03-11,1.865753,681,940.0,1.772715,530.260009765625,40.59999916616893,0.41196949326318194,0.6858306806256462,10.0,0.19816636006053978,2.0,-0.4803916419883498,0.05
