ticker,valuation_date,maturity_years,maturity_days,strike,moneyness,spot_price,call_price,put_price,implied_vol,delta_call,gamma,vega,theta_call,risk_free_rate
NFLX,2026-03-11,0.005479,2,50.0,0.515783,96.94000244140625,46.96369919507138,0.009999999881458166,3.1298169688596915,0.9985337076614851,0.0002128117970512722,0.034297133485927264,-12.286825264207446,0.05
NFLX,2026-03-11,0.005479,2,60.0,0.61894,96.94000244140625,36.966438540802706,0.009999994856052297,2.317803581804681,0.9980340810664362,0.00037529801067979546,0.04479154840619056,-12.462542919622432,0.05
NFLX,2026-03-11,0.005479,2,65.0,0.670518,96.94000244140625,31.977808224603933,0.020000003278909162,2.1043882572175905,0.9959224211803953,0.0007981444463420476,0.08648694359715661,-19.836038087204038,0.05
NFLX,2026-03-11,0.005479,2,66.0,0.680833,96.94000244140625,30.97808217505178,0.020000018651089135,2.0310081193179754,0.9957817257181304,0.0008524653477428085,0.08915210001516904,-19.80016334474498,0.05
NFLX,2026-03-11,0.005479,2,67.0,0.691149,96.94000244140625,29.968356091477744,0.010000000001369358,1.8210930975063966,0.9975207627233597,0.0005894306258285905,0.05527236268591351,-12.52143623714349,0.05
NFLX,2026-03-11,0.005479,2,68.0,0.701465,96.94000244140625,28.968630034883873,0.010000008331829235,1.7539258797282484,0.9974301168953809,0.0006321973133264167,0.05709618172472179,-12.524112853514238,0.05
NFLX,2026-03-11,0.005479,2,69.0,0.71178,96.94000244140625,27.968903961536668,0.00999999990895617,1.687600122721806,0.9973338593378219,0.00067923773214516,0.05902480152733467,-12.525068574859315,0.05
NFLX,2026-03-11,0.005479,2,70.0,0.722096,96.94000244140625,26.969177911440966,0.01000001473757095,1.622083765633047,0.9972314039191149,0.0007311431184196402,0.06106872577344023,-12.524218056636938,0.05
NFLX,2026-03-11,0.005479,2,71.0,0.732412,96.94000244140625,25.969451831793194,0.010000000014130705,1.557343966790977,0.9971221019946795,0.0007886068912454443,0.06323948090735138,-12.521391553430243,0.05
NFLX,2026-03-11,0.005479,2,72.0,0.742727,96.94000244140625,24.98972576356489,0.02999999671015985,1.6888456982547426,0.9927341008472444,0.0016617528829756451,0.14451056424035522,-25.832410105045877,0.05
NFLX,2026-03-11,0.005479,2,73.0,0.753043,96.94000244140625,23.969999700801296,0.009999998870881655,1.430071228886077,0.9968797758686005,0.000923681562601985,0.06801788570503531,-12.50930236270894,0.05
NFLX,2026-03-11,0.005479,2,74.0,0.763359,96.94000244140625,22.97027363913905,0.010000002132969144,1.3674769209572801,0.9967448554825975,0.0010034682057303889,0.07065888923231366,-12.499685280307157,0.05
NFLX,2026-03-11,0.005479,2,75.0,0.773674,96.94000244140625,21.97054756996907,0.009999997887319978,1.3055368839983403,0.9965992320610357,0.00109325797413119,0.07349452436201374,-12.487409595751839,0.05
NFLX,2026-03-11,0.005479,2,76.0,0.78399,96.94000244140625,20.970821494605488,0.009999987448054526,1.2442210681172219,0.9964414990694616,0.001194813145804163,0.07654921245075523,-12.472239030605069,0.05
NFLX,2026-03-11,0.005479,2,77.0,0.794306,96.94000244140625,19.971095458899512,0.01000001666641026,1.1834998787921887,0.9962699737774484,0.0013103114588265984,0.07985202620834454,-12.45393469124269,0.05
NFLX,2026-03-11,0.005479,2,78.0,0.804621,96.94000244140625,18.971369376757707,0.009999999448936592,1.123341736365955,0.9960826851299098,0.0014424546535483872,0.08343672475161637,-12.432120344978081,0.05
NFLX,2026-03-11,0.005479,2,79.0,0.814937,96.94000244140625,18.01164331142604,0.049999999041588694,1.2994615118227606,0.9853131745824102,0.003988278305687596,0.2668652716819459,-35.519010794001325,0.05
NFLX,2026-03-11,0.005479,2,80.0,0.825253,96.94000244140625,16.971917260442638,0.010000012982516182,1.004591993637165,0.9956505900598485,0.0017712717245126387,0.09162586472382196,-12.37657584122389,0.05
NFLX,2026-03-11,0.005479,2,81.0,0.835568,96.94000244140625,15.97219118143039,0.009999998894599571,0.9459349888917369,0.9953992371501998,0.0019779030052208585,0.09634062599908855,-12.341882834718906,0.05
NFLX,2026-03-11,0.005479,2,82.0,0.845884,96.94000244140625,15.022465188718584,0.06000007110711181,1.1226673411323524,0.9802470252189558,0.005947097833430359,0.34379484138589284,-39.219644884686275,0.05
NFLX,2026-03-11,0.005479,2,83.0,0.8562,96.94000244140625,13.982739035475078,0.019999982787936688,0.9013909796023991,0.9909665293790687,0.0037700658578276244,0.1749868157537479,-18.497080712961186,0.05
NFLX,2026-03-11,0.005479,2,84.0,0.866515,96.94000244140625,12.993012992815537,0.030000005052713163,0.8866443802560829,0.986790300776381,0.005334693906190265,0.2435578631720113,-23.83868753036889,0.05
NFLX,2026-03-11,0.005479,2,85.0,0.876831,96.94000244140625,12.003286923065417,0.04000000022692518,0.8578385472614234,0.9823978087153681,0.007055600368095883,0.31166118354163547,-28.557659597212556,0.05
NFLX,2026-03-11,0.005479,2,86.0,0.887147,96.94000244140625,10.99356085792374,0.030000000009579253,0.7590142627191696,0.9847770312834688,0.0070418221888945195,0.27521884968479765,-23.285208043489952,0.05
NFLX,2026-03-11,0.005479,2,87.0,0.897462,96.94000244140625,10.023834693637284,0.05999990064744054,0.7757591914104769,0.9724081842811009,0.011401539785022173,0.4554425693146301,-36.45195138985107,0.05
NFLX,2026-03-11,0.005479,2,88.0,0.907778,96.94000244140625,9.034108688751132,0.06999996068562098,0.7262728318981563,0.9665023333019164,0.014301392250643013,0.5348368235443651,-39.67784921061505,0.05
NFLX,2026-03-11,0.005479,2,89.0,0.918094,96.94000244140625,8.054382663095936,0.08999999995475605,0.6879289299376524,0.9562734076983165,0.018762298245914744,0.6646190611473186,-45.952812699742374,0.05
NFLX,2026-03-11,0.005479,2,90.0,0.928409,96.94000244140625,7.084656537479589,0.11999993926272623,0.6530051958741867,0.9413937508964116,0.02495765675070002,0.8391964310612887,-54.21366902172834,0.05
NFLX,2026-03-11,0.005479,2,91.0,0.938725,96.94000244140625,6.134930532524265,0.16999999923173448,0.6258223228420758,0.9183479522897795,0.03361955827140898,1.083393528322096,-66.01306782847819,0.05
NFLX,2026-03-11,0.005479,2,92.0,0.949041,96.94000244140625,5.205204485066162,0.24000001669796234,0.5977079144767378,0.8869507170079465,0.04470716387222086,1.3759710938163812,-79.08541918330998,0.05
NFLX,2026-03-11,0.005479,2,93.0,0.959356,96.94000244140625,4.3254786181366995,0.3600002146928176,0.5814410891900749,0.8393847214496328,0.058462198435355,1.7503465614916016,-96.71948518603085,0.05
NFLX,2026-03-11,0.005479,2,94.0,0.969672,96.94000244140625,3.455752337687656,0.48999999916810566,0.5461336670425179,0.7848861097309607,0.07458107994602016,2.0973494743091496,-108.15233125480934,0.05
NFLX,2026-03-11,0.005479,2,95.0,0.979988,96.94000244140625,2.7060262385892884,0.7399999649940696,0.5384792323605981,0.7033161800537819,0.0895276999366213,2.482387464146317,-125.24883356914633,0.05
NFLX,2026-03-11,0.005479,2,96.0,0.990303,96.94000244140625,1.9863002087375108,1.0200000000666023,0.5098817157810733,0.6119090956121738,0.10471719467265438,2.7493537432241837,-130.78498330513025,0.05
NFLX,2026-03-11,0.005479,2,97.0,1.000619,96.94000244140625,1.450000000042209,1.4834258562956393,0.5122673392595587,0.5039368117180584,0.10852271744067207,2.8625989740619167,-136.18053812055896,0.05
NFLX,2026-03-11,0.005479,2,98.0,1.010935,96.94000244140625,0.9700000003567197,2.0031519215344815,0.49603145861890824,0.3934406264064908,0.10805793500394835,2.7599999126531793,-126.78402566380603,0.05
NFLX,2026-03-11,0.005479,2,99.0,1.02125,96.94000244140625,0.6499994330470464,2.682877419149122,0.4994260584214276,0.2936021532968146,0.09606543270830131,2.470481043575001,-113.9769028634909,0.05
NFLX,2026-03-11,0.005479,2,100.0,1.031566,96.94000244140625,0.4000003260888647,3.4326043771152825,0.4933663610651871,0.20462694932211345,0.08016758624764707,2.0366271380640164,-92.6601297777728,0.05
NFLX,2026-03-11,0.005479,2,101.0,1.041882,96.94000244140625,0.25000000065874595,4.282330116609472,0.4995699199945426,0.139275911314035,0.061870057327666095,1.5915488866391059,-73.2145282934779,0.05
NFLX,2026-03-11,0.005479,2,102.0,1.052197,96.94000244140625,0.13999984608131122,5.172056026956369,0.49568994733173716,0.08677940967470232,0.044431028362432144,1.1340694736296695,-51.70951875291188,0.05
NFLX,2026-03-11,0.005479,2,103.0,1.062513,96.94000244140625,0.09000000026739663,6.121782246066786,0.5125718599654582,0.0579823005003963,0.03152929670564274,0.8321703293925791,-39.198962503554995,0.05
NFLX,2026-03-11,0.005479,2,104.0,1.072829,96.94000244140625,0.05999999769045683,7.091508308414163,0.5326406175771659,0.03951794755762806,0.022324833668268027,0.6123020268823613,-29.94853833574265,0.05
NFLX,2026-03-11,0.005479,2,105.0,1.083144,96.94000244140625,0.03999999536059384,8.071234371008629,0.5515826614843696,0.02686612120848987,0.015682792450135725,0.44542766272320217,-22.547448625964947,0.05
NFLX,2026-03-11,0.005479,2,106.0,1.09346,96.94000244140625,0.03000000212387155,9.060960442696242,0.5795012541343015,0.019939189033269383,0.01161341849174072,0.3465434065614129,-18.420183659253006,0.05
NFLX,2026-03-11,0.005479,2,107.0,1.103776,96.94000244140625,0.010000000460226532,10.040686505956913,0.5457883634831752,0.007826049765256377,0.005489583246861921,0.15427900568654934,-7.7210192146989485,0.05
NFLX,2026-03-11,0.005479,2,108.0,1.114091,96.94000244140625,0.030000000063836296,11.060412570484857,0.6809072141918314,0.017306158461187153,0.0087611692478505,0.30718017925508534,-19.16834246234764,0.05
NFLX,2026-03-11,0.005479,2,109.0,1.124407,96.94000244140625,0.00999999931354878,12.040138634658902,0.6348258781521587,0.006833409712935074,0.0041877532121697945,0.13689225776581124,-7.962497269789741,0.05
NFLX,2026-03-11,0.005479,2,110.0,1.134722,96.94000244140625,0.01000000000091894,13.039864700270584,0.6781796095472808,0.006439860231876126,0.0037197800198774723,0.1298988089928979,-8.069357528495729,0.05
NFLX,2026-03-11,0.005479,2,111.0,1.145038,96.94000244140625,0.010000018332313676,14.039590783526322,0.72082033689719,0.006096701670627634,0.003334093742715569,0.1237508017927501,-8.168741848683853,0.05
NFLX,2026-03-11,0.005479,2,112.0,1.155354,96.94000244140625,0.009999994252662958,15.039316824371,0.7627870101400804,0.005794577250640798,0.0030118196444099466,0.11829746388163515,-8.261600218233747,0.05
NFLX,2026-03-11,0.005479,2,113.0,1.165669,96.94000244140625,0.010000000001812004,16.03904289504446,0.804114722065977,0.00552639129932025,0.002739313534575481,0.11342347285270354,-8.348786866122074,0.05
NFLX,2026-03-11,0.005479,2,114.0,1.175985,96.94000244140625,0.01999999986382095,17.04876895983081,0.9150548382983337,0.00925351260799903,0.003792848094150223,0.17871283933903248,-14.96615118441568,0.05
NFLX,2026-03-11,0.005479,2,115.0,1.186301,96.94000244140625,0.010000001835812344,18.03849502672712,0.8849712412548417,0.005070749610267589,0.002305653309046427,0.10506700352695499,-8.50861940690174,0.05
NFLX,2026-03-11,0.005479,2,116.0,1.196616,96.94000244140625,0.019999993741345534,19.04822108355698,0.9999031975655636,0.008553295326761908,0.0032397425957981915,0.16680599190448603,-15.260031150709038,0.05
NFLX,2026-03-11,0.005479,2,117.0,1.206932,96.94000244140625,0.009999999935775716,20.037947154675734,0.9635977698497867,0.004697652841997472,0.001978092581907375,0.09814893338456594,-8.652338039580217,0.05
NFLX,2026-03-11,0.005479,2,118.0,1.217248,96.94000244140625,0.010000000001782805,21.037673219666075,1.0021293209298667,0.004535192593087401,0.0018432216186657947,0.09511401364618326,-8.719116527989655,0.05
NFLX,2026-03-11,0.005479,2,119.0,1.227563,96.94000244140625,0.010000015095525283,22.03739929968414,1.0401652723477617,0.004386078526797888,0.0017235771310905798,0.0923158466380928,-8.782925393029767,0.05
NFLX,2026-03-11,0.005479,2,120.0,1.237879,96.94000244140625,0.009999999160605177,23.03712534867354,1.0777222987680677,0.004248674566152748,0.0016168526204664796,0.08972645043982552,-8.843986250265841,0.05
NFLX,2026-03-11,0.005479,2,121.0,1.248195,96.94000244140625,0.02000000000779434,24.046851414445058,1.2020842342036422,0.007264357128167711,0.002334211662143186,0.14448352199316514,-15.882634794867263,0.05
NFLX,2026-03-11,0.005479,2,122.0,1.25851,96.94000244140625,0.009999999881028787,25.036577479242624,1.151463466672475,0.004003791424057159,0.0014350175278034173,0.08508451995511807,-8.958825490603227,0.05
NFLX,2026-03-11,0.005479,2,123.0,1.268826,96.94000244140625,0.020000000481409375,26.046303544767326,1.2793983373217195,0.006873917906077341,0.00208880089106482,0.13760873734529167,-16.097463446552084,0.05
NFLX,2026-03-11,0.005479,2,124.0,1.279142,96.94000244140625,0.009999997266975591,27.036029606477214,1.223467451545304,0.003791884475160278,0.0012863391573848361,0.08103844409237901,-9.06512501837021,0.05
NFLX,2026-03-11,0.005479,2,125.0,1.289457,96.94000244140625,0.0100000135382865,28.03575568767286,1.2588501257188291,0.003696239135564246,0.0012218677936197977,0.07920296303721826,-9.115465893738786,0.05
NFLX,2026-03-11,0.005479,2,127.0,1.310089,96.94000244140625,0.019999988439259875,30.045207792422488,1.4286127616720767,0.006234138928687254,0.0017157996427532454,0.12621886840018143,-16.483223984854458,0.05
NFLX,2026-03-11,0.005479,2,130.0,1.341036,96.94000244140625,0.020000000000273688,33.04438599875648,1.5361784838377412,0.0058463654036449465,0.0015073667551208,0.11923501056556587,-16.741258353602777,0.05
NFLX,2026-03-11,0.005479,2,131.0,1.351351,96.94000244140625,0.01000000000335638,34.03411206368388,1.4631558246204601,0.0032306202145339575,0.0009314908681431559,0.0701798387511183,-9.385077451939676,0.05
NFLX,2026-03-11,0.005479,2,133.0,1.371983,96.94000244140625,0.010000000188360003,36.03356419371754,1.5284397807792844,0.0031069637079121836,0.0008609271322002414,0.0677575838631336,-9.464718483075648,0.05
NFLX,2026-03-11,0.005479,2,134.0,1.382298,96.94000244140625,0.009999999813843474,37.03329025826734,1.5605907528597918,0.003049699498551096,0.0008291828168999426,0.06663194747517244,-9.502931491925965,0.05
NFLX,2026-03-11,0.005479,2,135.0,1.392614,96.94000244140625,0.019999999855685735,38.04301632323353,1.7080006856390755,0.005323573083977121,0.0012474931556393138,0.10971585607161685,-17.124574971761827,0.05
NFLX,2026-03-11,0.005479,2,140.0,1.444192,96.94000244140625,0.010000006064188494,43.03164665406365,1.7470659152963794,0.0027574060617918013,0.000676361753485215,0.06084592756563725,-9.712908606989592,0.05
NFLX,2026-03-11,0.005479,2,145.0,1.495771,96.94000244140625,0.009999999854478386,48.030276972475576,1.8947154191564701,0.0025651210910929397,0.0005842408408883695,0.057000555218658225,-9.866917709434956,0.05
NFLX,2026-03-11,0.005479,2,150.0,1.547349,96.94000244140625,0.009999998192911336,53.02890729543566,2.036025502372331,0.002406146896631046,0.0005131274009124396,0.05379620053936649,-10.005814900277919,0.05
NFLX,2026-03-11,0.005479,2,155.0,1.598927,96.94000244140625,0.010000000000074255,58.02753762186444,2.171549588428322,0.002272330501644514,0.00045681457886876325,0.051080235470977564,-10.132261854855209,0.05
NFLX,2026-03-11,0.005479,2,160.0,1.650505,96.94000244140625,0.009999997241769698,63.02616794372777,2.3017637068139996,0.002158000095144294,0.0004112733276250646,0.0487454929810864,-10.24826518044669,0.05
NFLX,2026-03-11,0.024658,9,49.0,0.505467,96.94000244140625,48.02037614930819,0.01999997333079051,1.626350606767101,0.9974771397252326,0.0003160777701299569,0.11911427905549178,-6.361996160880226,0.05
NFLX,2026-03-11,0.024658,9,50.0,0.515783,96.94000244140625,47.011608293741126,0.010000000731665182,1.477415067724499,0.9985356688246523,0.00021226353810230078,0.0726663958850503,-4.666312443564234,0.05
NFLX,2026-03-11,0.024658,9,51.0,0.526099,96.94000244140625,46.012840410043616,0.010000000002087006,1.435993044506049,0.9984940886413777,0.00022403747408355088,0.07454674779729045,-4.7097669009469145,0.05
NFLX,2026-03-11,0.024658,9,52.0,0.536414,96.94000244140625,45.024072527074104,0.020000000000514717,1.494241359461951,0.9972576679289483,0.00037094763786653525,0.12843667701185604,-6.47412214099927,0.05
NFLX,2026-03-11,0.024658,9,53.0,0.54673,96.94000244140625,44.01530465821398,0.010000014108321409,1.3554489727867098,0.9984062740118326,0.0002499384939713937,0.07850042698974703,-4.796133040278105,0.05
NFLX,2026-03-11,0.024658,9,54.0,0.557046,96.94000244140625,43.106536787627185,0.10000002648946094,1.713181056769247,0.9896684731245363,0.001051496102310997,0.4174136321543262,-17.142339232722072,0.05
NFLX,2026-03-11,0.024658,9,55.0,0.567361,96.94000244140625,42.027768880744,0.020000002574214193,1.3692551742910624,0.9970129712855094,0.0004372449968093681,0.13872825935331468,-6.582986395771032,0.05
NFLX,2026-03-11,0.024658,9,56.0,0.577677,96.94000244140625,41.01900097986807,0.009999984666215767,1.2399241869073596,0.9982613058827814,0.00029577113460171363,0.08497802175560458,-4.924217131009874,0.05
NFLX,2026-03-11,0.024658,9,57.0,0.587993,96.94000244140625,40.020233112032656,0.009999999798743886,1.2027164416714398,0.9982089430809379,0.000313265300926152,0.08730341623125477,-4.9664993107037185,0.05
NFLX,2026-03-11,0.024658,9,58.0,0.598308,96.94000244140625,39.04146522925011,0.029999999984127612,1.3076644381163514,0.9954748047517314,0.0006645735409460445,0.20137013321715602,-8.212630192519942,0.05
NFLX,2026-03-11,0.024658,9,59.0,0.608624,96.94000244140625,38.1526973463415,0.14000000004345736,1.5543675627555298,0.9846716666487819,0.0016306016131194992,0.587296333968636,-21.376132460285504,0.05
NFLX,2026-03-11,0.024658,9,60.0,0.61894,96.94000244140625,37.02392945424638,0.009999990916270463,1.0946471635462371,0.9980376000729567,0.00037399502398770013,0.09486274284799112,-5.091961331141003,0.05
NFLX,2026-03-11,0.024658,9,61.0,0.629255,96.94000244140625,36.03516157945148,0.019999999089314713,1.1374264435495334,0.9964243416731653,0.0006187899296833077,0.16308809343516004,-6.78945300380377,0.05
NFLX,2026-03-11,0.024658,9,62.0,0.639571,96.94000244140625,35.04639372269253,0.0300000252982926,1.1520143151617015,0.9948862773038453,0.0008412438895596968,0.22456160109193551,-8.31571840857778,0.05
NFLX,2026-03-11,0.024658,9,63.0,0.649887,96.94000244140625,34.03762582664486,0.020000012218567065,1.064791343841909,0.9961899305111798,0.0006997450197021974,0.17264739334096477,-6.854385270000103,0.05
NFLX,2026-03-11,0.024658,9,64.0,0.660202,96.94000244140625,33.03885793125664,0.019999999798280044,1.0292456691895038,0.996063766082175,0.0007453550005901601,0.1777615855822765,-6.886007458656083,0.05
NFLX,2026-03-11,0.024658,9,65.0,0.670518,96.94000244140625,32.04009004892042,0.020000000429988063,0.9941884942108343,0.9959309383585295,0.0007949129495507678,0.18312346709308025,-6.917029769653423,0.05
NFLX,2026-03-11,0.024658,9,66.0,0.680833,96.94000244140625,31.051322163194598,0.029999997672106815,1.005123088289749,0.9941733290847559,0.0010827670291927148,0.25217961046963644,-8.406031880429556,0.05
NFLX,2026-03-11,0.024658,9,67.0,0.691149,96.94000244140625,30.05255428242255,0.029999999867996507,0.9696138032098814,0.9939703503941266,0.0011570264888856444,0.2599547687611844,-8.426276816706432,0.05
NFLX,2026-03-11,0.024658,9,68.0,0.701465,96.94000244140625,29.043786407081328,0.020000007494701322,0.8917626188601696,0.9954861910543624,0.0009723287817594069,0.20091765588512597,-7.006119150894,0.05
NFLX,2026-03-11,0.024658,9,69.0,0.71178,96.94000244140625,28.045018516619407,0.020000000000720775,0.8584770390692307,0.9953200095656967,0.0010431530375336234,0.20750683606609657,-7.034345659122769,0.05
NFLX,2026-03-11,0.024658,9,70.0,0.722096,96.94000244140625,27.06625058395916,0.03999995030841319,0.8972473341995457,0.9915795251996707,0.0016787471539403524,0.34902229002496576,-9.80304863631556,0.05
NFLX,2026-03-11,0.024658,9,71.0,0.732412,96.94000244140625,26.057482748093776,0.02999999741096815,0.8318739444644402,0.9930286567814752,0.0015333307985799895,0.29556232785923053,-8.496045262214597,0.05
NFLX,2026-03-11,0.024658,9,72.0,0.742727,96.94000244140625,25.04871486616932,0.019999998454437673,0.7609556351543403,0.9947540022813518,0.0013028376072394816,0.22972344548766535,-7.113882187478184,0.05
NFLX,2026-03-11,0.024658,9,73.0,0.753043,96.94000244140625,24.069947012675627,0.04000002792868429,0.7938385634409003,0.9905519411779008,0.002098838554192893,0.3860707713961202,-9.812398100913597,0.05
NFLX,2026-03-11,0.024658,9,74.0,0.763359,96.94000244140625,23.071179104061883,0.04000000228288059,0.7600939267558318,0.9901598081712358,0.0022713206831482336,0.40003815518201685,-9.81154013709018,0.05
NFLX,2026-03-11,0.024658,9,75.0,0.773674,96.94000244140625,22.08241121886084,0.05000000004976357,0.7489969153355038,0.9878090728685868,0.002777218488154028,0.48199859740681916,-11.004381461867474,0.05
NFLX,2026-03-11,0.024658,9,76.0,0.78399,96.94000244140625,21.093643287089037,0.0599999512458993,0.7338776517366432,0.9853749131562664,0.0033169957199794373,0.5640586600802554,-12.11541718161103,0.05
NFLX,2026-03-11,0.024658,9,77.0,0.794306,96.94000244140625,20.094875452296577,0.0599999994213789,0.6995552280595198,0.9847116695694671,0.0036149720801403815,0.5859798086956287,-12.08052670606331,0.05
NFLX,2026-03-11,0.024658,9,78.0,0.804621,96.94000244140625,19.096107567150497,0.05999999724323857,0.665518657097545,0.983990923569027,0.003953048844402752,0.609604428319691,-12.041356469467276,0.05
NFLX,2026-03-11,0.024658,9,79.0,0.814937,96.94000244140625,18.11733987648408,0.08000018954474797,0.660390592002233,0.9791839817789432,0.004982511631446354,0.7624386373020317,-14.05024708618994,0.05
NFLX,2026-03-11,0.024658,9,80.0,0.825253,96.94000244140625,17.12857179417513,0.0899999902037365,0.6378023504850413,0.9761550679030755,0.005785454366980837,0.8550259297486195,-14.933228750107808,0.05
NFLX,2026-03-11,0.024658,9,81.0,0.835568,96.94000244140625,16.139804027583352,0.10000010657989833,0.6136455377220523,0.9729030919084708,0.006692845476794986,0.951664954084855,-15.750588295832168,0.05
NFLX,2026-03-11,0.024658,9,82.0,0.845884,96.94000244140625,15.151036036472988,0.10999999843747332,0.5881300028354186,0.9693867243872987,0.007728741238436536,1.0532653565941819,-16.502276289807558,0.05
NFLX,2026-03-11,0.024658,9,83.0,0.8562,96.94000244140625,14.27226779215816,0.2299996370905717,0.6392234355604874,0.9462114745187054,0.011232736588651758,1.6637725748222991,-25.438545063070162,0.05
NFLX,2026-03-11,0.024658,9,84.0,0.866515,96.94000244140625,13.193500299718295,0.1500000276186455,0.5486377847453034,0.957325478021221,0.010874147204584787,1.3824092135094421,-19.35999857754568,0.05
NFLX,2026-03-11,0.024658,9,85.0,0.876831,96.94000244140625,12.214732639285216,0.17000025015350673,0.5250538092108371,0.950570634481325,0.012786447037944466,1.5556410521753323,-20.559472125871828,0.05
NFLX,2026-03-11,0.024658,9,86.0,0.887147,96.94000244140625,11.26596449172392,0.21999998556013622,0.5160014287419479,0.9374338431070817,0.01567031983726569,1.8736327216811752,-23.584941720924455,0.05
NFLX,2026-03-11,0.024658,9,87.0,0.897462,96.94000244140625,10.32719640736569,0.2799997841698456,0.505537446881927,0.9219093839307557,0.018968614444825293,2.222002982784587,-26.730278738945493,0.05
NFLX,2026-03-11,0.024658,9,88.0,0.907778,96.94000244140625,9.408428631416697,0.3599998911887923,0.49699908409546534,0.9022708292766302,0.022810791333455503,2.6269489778634787,-30.377374339558962,0.05
NFLX,2026-03-11,0.024658,9,89.0,0.918094,96.94000244140625,8.459661320987308,0.4100004637273429,0.47183783741342333,0.8862975766711809,0.02680720610365026,2.930893351217135,-31.915169668077645,0.05
NFLX,2026-03-11,0.024658,9,90.0,0.928409,96.94000244140625,7.560892163632218,0.5099991893401778,0.4586384829597292,0.8609423289504741,0.031734856520949324,3.372583640326595,-35.16054158899126,0.05
NFLX,2026-03-11,0.024658,9,91.0,0.938725,96.94000244140625,6.692125108536558,0.6400000172124578,0.447157001839606,0.8297594256872359,0.03721072302544365,3.8555278264096167,-38.64665923376662,0.05
NFLX,2026-03-11,0.024658,9,92.0,0.949041,96.94000244140625,5.853357197917305,0.7999999895611438,0.4356681492639814,0.7929699844479365,0.04309379113332721,4.350370154631051,-41.983689171893616,0.05
NFLX,2026-03-11,0.024658,9,93.0,0.959356,96.94000244140625,5.074589325969612,1.0200000005813905,0.4291858063725931,0.7478267385685984,0.04886380629577625,4.859463700441961,-45.6625806649739,0.05
NFLX,2026-03-11,0.024658,9,94.0,0.969672,96.94000244140625,4.305821430518712,1.2499999880984092,0.4158146657806187,0.6995829361354353,0.0549655526813743,5.295977113541464,-47.830193505815444,0.05
NFLX,2026-03-11,0.024658,9,95.0,0.979988,96.94000244140625,3.617053568862147,1.5600000094097908,0.40826606488684886,0.6430465518199983,0.06002097772967574,5.6780870476653424,-49.943335319385874,0.05
NFLX,2026-03-11,0.024658,9,96.0,0.990303,96.94000244140625,3.0182854988732686,1.959999822388852,0.40620624242743675,0.5808171564220936,0.06319026926825952,5.947747139921871,-51.65566133451876,0.05
NFLX,2026-03-11,0.024658,9,97.0,1.000619,96.94000244140625,2.420000002415385,2.360482208898887,0.39376299448734675,0.5162916422589575,0.06650204293070183,6.067720726285978,-50.830022167198194,0.05
NFLX,2026-03-11,0.024658,9,98.0,1.010935,96.94000244140625,1.89999991546523,2.8392500049166784,0.3834770460607016,0.44827518187489634,0.06776756936196499,6.021670392730658,-48.90267412731609,0.05
NFLX,2026-03-11,0.024658,9,99.0,1.02125,96.94000244140625,1.4500000113607072,3.3880179837801023,0.37337691128692724,0.37892552686034,0.06693366780330119,5.7909228668164,-45.60870019283249,0.05
NFLX,2026-03-11,0.024658,9,100.0,1.031566,96.94000244140625,1.1299999625011985,4.06678581788853,0.37432791652370323,0.3161988545489283,0.062444134652746945,5.416260777286904,-42.58845080072009,0.05
NFLX,2026-03-11,0.024658,9,101.0,1.041882,96.94000244140625,0.8500000338534051,4.785553772208658,0.37166577574546383,0.2569764505411634,0.05698657717039421,4.90773203117646,-38.19046221151021,0.05
NFLX,2026-03-11,0.024658,9,102.0,1.052197,96.94000244140625,0.6500002468233781,5.584321868146574,0.3746898601429383,0.2077060872506955,0.050203694641550466,4.358763619275477,-34.09160440566195,0.05
NFLX,2026-03-11,0.024658,9,103.0,1.062513,96.94000244140625,0.45000088680571615,6.383090391096843,0.3664854569512445,0.15781669186840147,0.04322330053444806,3.6705434521347478,-28.020120254020345,0.05
NFLX,2026-03-11,0.024658,9,104.0,1.072829,96.94000244140625,0.3299998804576827,7.261857267716749,0.3685066346106529,0.12208582333948942,0.03609607467009583,3.08220120094472,-23.606985061599115,0.05
NFLX,2026-03-11,0.024658,9,105.0,1.083144,96.94000244140625,0.2500000199004493,8.180625290127452,0.3747999044659824,0.0956598716878147,0.02977625089481431,2.5859801345643483,-20.104894752961982,0.05
NFLX,2026-03-11,0.024658,9,106.0,1.09346,96.94000244140625,0.17000001503949935,9.099393168234442,0.37196617558448447,0.06952085521201178,0.023588206373715392,2.0330781171588495,-15.663259067668738,0.05
NFLX,2026-03-11,0.024658,9,107.0,1.103776,96.94000244140625,0.1299998587190263,10.058160894881908,0.37989877141790823,0.05428562313879372,0.019038502927501987,1.6759319552360223,-13.167169047520828,0.05
NFLX,2026-03-11,0.024658,9,108.0,1.114091,96.94000244140625,0.08999999905729839,11.0169289181881,0.38053625928687135,0.039413178447240106,0.014698815443274078,1.2960867753690786,-10.187698170886446,0.05
NFLX,2026-03-11,0.024658,9,109.0,1.124407,96.94000244140625,0.08000000099044824,12.005696803089194,0.3985383028050705,0.034177421805600856,0.01249048438019708,1.1534666577021586,-9.483365473033288,0.05
NFLX,2026-03-11,0.024658,9,110.0,1.134722,96.94000244140625,0.06999999702527582,12.994464682091959,0.4145723385170663,0.02938006750673657,0.010596771855561711,1.0179573985745738,-8.6964717143737,0.05
NFLX,2026-03-11,0.024658,9,111.0,1.145038,96.94000244140625,0.05000000001293525,13.97323256804755,0.4164967106509253,0.02172679034428873,0.008191552043178027,0.790557509289077,-6.779564188935899,0.05
NFLX,2026-03-11,0.024658,9,112.0,1.155354,96.94000244140625,0.04000000079542887,14.962000451797977,0.4255989450922022,0.017475625082110507,0.006662808655293304,0.657072939291172,-5.753375783588625,0.05
NFLX,2026-03-11,0.024658,9,114.0,1.175985,96.94000244140625,0.030000022596345266,16.949536239534766,0.4518376468460007,0.012810208567140872,0.004805520703862065,0.5031280883705068,-4.670383148118951,0.05
NFLX,2026-03-11,0.024658,9,115.0,1.186301,96.94000244140625,0.029999996040489307,17.948304095946852,0.47280584496305,0.012308779502738803,0.0044363700679696675,0.48603360822743125,-4.717984475323615,0.05
NFLX,2026-03-11,0.024658,9,116.0,1.196616,96.94000244140625,0.029999999902638352,18.947071982776933,0.49346446737095007,0.01185405678703313,0.004114162665013093,0.47042786931026565,-4.763228551224148,0.05
NFLX,2026-03-11,0.024658,9,116.5,1.201774,96.94000244140625,0.03999999357448458,19.456455917932743,0.5232012741764024,0.014588446350706162,0.004642611501633962,0.562842435463624,-6.040107755964962,0.05
NFLX,2026-03-11,0.024658,9,117.0,1.206932,96.94000244140625,0.019999999918658085,19.935839865760883,0.4887533270170404,0.008282665695025608,0.003037494535040736,0.3440019699477787,-3.4484915910291116,0.05
NFLX,2026-03-11,0.024658,9,117.5,1.21209,96.94000244140625,0.06000000056620558,20.475223807892405,0.5757877114651725,0.019294537009199773,0.005358284491452984,0.7148976306605214,-8.437447501089013,0.05
NFLX,2026-03-11,0.024658,9,118.0,1.217248,96.94000244140625,0.039999998622101796,20.954607747432277,0.5543028340659997,0.013870013795272947,0.004195568954004435,0.5388819782700284,-6.122277394210576,0.05
NFLX,2026-03-11,0.024658,9,118.5,1.222406,96.94000244140625,0.030000075072863064,21.443991765367002,0.543840775997438,0.010882164817805497,0.003465634993478001,0.43672724371078914,-4.867422535913188,0.05
NFLX,2026-03-11,0.024658,9,119.0,1.227563,96.94000244140625,0.05000005664749407,21.963375688425586,0.592335170346658,0.015993453786013148,0.00443773576460691,0.6090944708431167,-7.391000722819855,0.05
NFLX,2026-03-11,0.024658,9,119.5,1.232721,96.94000244140625,0.07999999969976024,22.49275957296183,0.6450540325462958,0.022601679231856173,0.005468278880331214,0.8173394241898486,-10.79656442031338,0.05
NFLX,2026-03-11,0.024658,9,120.0,1.237879,96.94000244140625,0.020000004641461344,22.932143519387495,0.545951450875817,0.0075082379983755,0.0024943276044934867,0.315546389375263,-3.5287062258619404,0.05
NFLX,2026-03-11,0.024658,9,120.5,1.243037,96.94000244140625,0.04999998762617053,23.46152744385617,0.6230710730686968,0.015305046708808,0.004062533604168019,0.5865300304788247,-7.482195333288561,0.05
NFLX,2026-03-11,0.024658,9,121.0,1.248195,96.94000244140625,0.02000002462800099,23.93091142234198,0.56452688080521,0.0072887848246541145,0.0023500099742054968,0.30740436468176224,-3.5532942900362996,0.05
NFLX,2026-03-11,0.024658,9,121.5,1.253353,96.94000244140625,0.09000000001210573,24.500295339210055,0.700025446427108,0.023395467410129166,0.0051875125551490205,0.8414507186502608,-12.053257498052698,0.05
NFLX,2026-03-11,0.024658,9,122.0,1.25851,96.94000244140625,0.009999998541269595,24.91967927922319,0.5407957463972961,0.004017128775022441,0.0014446447182313615,0.18102977796561529,-2.004168183274391,0.05
NFLX,2026-03-11,0.024658,9,122.5,1.263668,96.94000244140625,0.009999997025893714,25.419063219191784,0.5493600098891461,0.003960925585207459,0.0014042928987873164,0.17876003851202052,-2.010049719806658,0.05
NFLX,2026-03-11,0.024658,9,123.0,1.268826,96.94000244140625,0.059999989046302105,25.968447152696143,0.6899335250451711,0.016498361420793497,0.00391277293024116,0.6255292055682129,-8.828320503867102,0.05
NFLX,2026-03-11,0.024658,9,123.5,1.273984,96.94000244140625,0.040000025791828486,26.447831130925636,0.6630987430448146,0.011858972712449733,0.003062776890331996,0.4705971187295412,-6.383208809627261,0.05
NFLX,2026-03-11,0.024658,9,124.0,1.279142,96.94000244140625,0.01999999907157879,26.92721504568935,0.6188930936179117,0.006718420751382175,0.0019948126481807204,0.28607074511685565,-3.6216881351494603,0.05
NFLX,2026-03-11,0.024658,9,124.5,1.2843,96.94000244140625,0.08000000000227603,27.48659898810402,0.7495638508429292,0.01986726812075809,0.004219567286782302,0.7328789501848229,-11.231682337524436,0.05
NFLX,2026-03-11,0.024658,9,125.0,1.289457,96.94000244140625,0.009999999031410023,27.915982928617126,0.591439246266765,0.003707366846519295,0.0012292858172335708,0.1684684997436119,-2.037924725130507,0.05
NFLX,2026-03-11,0.024658,9,125.5,1.294615,96.94000244140625,0.05000000002209215,28.455366871091783,0.7213111992943141,0.013476351064586422,0.0031450392540908,0.5256594099480721,-7.751423602178715,0.05
NFLX,2026-03-11,0.024658,9,126.0,1.299773,96.94000244140625,0.009999960502973304,28.914750773056625,0.6079375096251114,0.0036170865166800497,0.0011697633338899154,0.16478308984710655,-2.048415618737352,0.05
NFLX,2026-03-11,0.024658,9,126.5,1.304931,96.94000244140625,0.050000000493726215,29.45413475453134,0.7402428228344955,0.013176535637996553,0.0030056281146497777,0.5155433003023335,-7.79991879131349,0.05
NFLX,2026-03-11,0.024658,9,127.0,1.310089,96.94000244140625,0.030000000232146218,29.933518695753733,0.7033822134010091,0.008679518995487143,0.0021991325683614962,0.358425161814984,-5.1527978259775855,0.05
NFLX,2026-03-11,0.024658,9,127.5,1.315247,96.94000244140625,0.02000000002997404,30.422902637035534,0.679932995569001,0.006181543900615536,0.001686746761808708,0.2657490371583475,-3.69298481627261,0.05
NFLX,2026-03-11,0.024658,9,128.0,1.320404,96.94000244140625,0.009999999860727304,30.912286578350248,0.6403919340206594,0.003452497925382504,0.0010650024928998926,0.158034597678981,-2.0684281357718577,0.05
NFLX,2026-03-11,0.024658,9,128.5,1.325562,96.94000244140625,0.030000017158795078,31.43167053713229,0.7298935487244006,0.008402132940715422,0.0020597125797244395,0.34835483617826507,-5.195092409176543,0.05
NFLX,2026-03-11,0.024658,9,129.0,1.33072,96.94000244140625,0.030000048252921685,31.931054509710364,0.738632026080172,0.008314838568712676,0.002016766834331772,0.345175150230387,-5.208771938201981,0.05
NFLX,2026-03-11,0.024658,9,129.5,1.335878,96.94000244140625,0.02000003689857488,32.42043843984001,0.7137490329360228,0.005921734796384394,0.0015468312831323375,0.25582570352799944,-3.7303305474387844,0.05
NFLX,2026-03-11,0.024658,9,130.0,1.341036,96.94000244140625,0.01999998852871565,32.9198223329541,0.7220882734583541,0.005861202547298679,0.0015150973267630335,0.25350499545862665,-3.7393169909570494,0.05
NFLX,2026-03-11,0.024658,9,130.5,1.346193,96.94000244140625,0.039999999522230545,33.43920628543161,0.7913570378200497,0.01016315541806885,0.0022439595854500116,0.4114747570939023,-6.650180670726866,0.05
NFLX,2026-03-11,0.024658,9,131.0,1.351351,96.94000244140625,0.029999997537579537,33.9285902249309,0.7731090669199497,0.007988622121219634,0.0018602439715470402,0.3332470933395951,-5.2615134928381435,0.05
NFLX,2026-03-11,0.024658,9,131.5,1.356509,96.94000244140625,0.049999999652769134,34.44797416853008,0.8316889962740092,0.011909946264758869,0.002451029464468361,0.4723513764418635,-8.021341199292985,0.05
NFLX,2026-03-11,0.024658,9,132.0,1.361667,96.94000244140625,0.009999999009836447,34.9073581093711,0.703256261057221,0.003175031666242628,0.0008994290615679548,0.1465670075553435,-2.1050044061798343,0.05
NFLX,2026-03-11,0.024658,9,132.5,1.366825,96.94000244140625,0.0399999961973998,35.43674204804262,0.8261830055712077,0.009788801445865948,0.0020800955420937806,0.39821282067955643,-6.716767585426437,0.05
NFLX,2026-03-11,0.024658,9,133.0,1.371983,96.94000244140625,0.06000012631218876,35.9561261196414,0.8784823644895258,0.013389990804992261,0.0025680588752414178,0.5227496145150641,-9.37399049459745,0.05
NFLX,2026-03-11,0.024658,9,133.5,1.37714,96.94000244140625,0.029999952088184068,36.42550988690135,0.81517814238071,0.00762602940750557,0.001693591616008164,0.3199019732816078,-5.3234433766492915,0.05
NFLX,2026-03-11,0.024658,9,134.0,1.382298,96.94000244140625,0.010000000007427179,36.90489387630457,0.7337314608490395,0.003056896176921105,0.0008331398066986406,0.14164809035725187,-2.121819887057358,0.05
NFLX,2026-03-11,0.024658,9,134.5,1.387456,96.94000244140625,0.02000000001915425,37.414277817800254,0.7951984697271418,0.005382401760189937,0.0012755228921579765,0.23502793818295384,-3.81488059793031,0.05
NFLX,2026-03-11,0.024658,9,135.0,1.392614,96.94000244140625,0.010000000332677395,37.90366175959777,0.7487426256165697,0.0030020853558434908,0.0008032379037363599,0.1393581748244872,-2.129903501820445,0.05
NFLX,2026-03-11,0.024658,9,135.5,1.397772,96.94000244140625,0.030000027025559817,38.42304572777461,0.8480545640931753,0.007366449595396398,0.0015790220736909037,0.31028993943235694,-5.37015638932844,0.05
NFLX,2026-03-11,0.024658,9,136.0,1.40293,96.94000244140625,0.010000000292088806,38.90242964252509,0.7636072996719224,0.0029498389443909116,0.000775239220108403,0.13717074739886628,-2.137785267795507,0.05
NFLX,2026-03-11,0.024658,9,138.0,1.423561,96.94000244140625,0.019999999483421627,40.909965407652294,0.8497985676724267,0.0050760599818811935,0.0011329367190348518,0.22308858306966398,-3.867872041165707,0.05
NFLX,2026-03-11,0.024658,9,140.0,1.444192,96.94000244140625,0.020000001935056855,42.907501176039816,0.8801741667337858,0.004921308282502347,0.001064085558213199,0.21702055230722248,-3.8962312252913467,0.05
NFLX,2026-03-11,0.024658,9,142.0,1.464824,96.94000244140625,0.5099996057122453,45.39503654575287,1.4438153529940319,0.0587980304965121,0.005334776512007661,1.7847754506275773,-52.51301974742917,0.05
NFLX,2026-03-11,0.024658,9,144.0,1.485455,96.94000244140625,0.030000022179840102,46.91257272815632,0.9807709728546803,0.006487047003581185,0.001220374448054262,0.27734248811296797,-5.5456901379748,0.05
NFLX,2026-03-11,0.024658,9,145.0,1.495771,96.94000244140625,0.030000000392085835,47.91134058933652,0.9956975729787549,0.00640208132279947,0.001188139056445505,0.27412611955526045,-5.5642836586506625,0.05
NFLX,2026-03-11,0.024658,9,146.0,1.506086,96.94000244140625,0.01000000005710222,48.89010847196947,0.9048409875203453,0.0025356705393618333,0.0005707216902750299,0.11966092092558234,-2.207348653085002,0.05
NFLX,2026-03-11,0.024658,9,148.0,1.526718,96.94000244140625,0.10000000000706977,50.977644237855316,1.2028398023585367,0.016209603964732873,0.002210636004844551,0.6161418771645125,-15.10183408683896,0.05
NFLX,2026-03-11,0.024658,9,150.0,1.547349,96.94000244140625,0.019999976319143187,52.89517998010324,1.023960325365106,0.004307914006477415,0.0008122025150478503,0.19270951450746404,-4.021231431412935,0.05
NFLX,2026-03-11,0.024658,9,152.0,1.56798,96.94000244140625,0.00999998948839037,54.88271575920837,0.9837902939863095,0.002353927561451217,0.0004907668946215257,0.1118751138396932,-2.2427151912559364,0.05
NFLX,2026-03-11,0.024658,9,154.0,1.588611,96.94000244140625,0.009999999797732473,56.88025153545358,1.0092439690809774,0.002301146073269504,0.00046866667257317366,0.10960135716937652,-2.253670082257788,0.05
NFLX,2026-03-11,0.024658,9,155.0,1.598927,96.94000244140625,0.019999990210704643,57.8890194088345,1.0913145718845656,0.004073736909371626,0.0007249110701532407,0.18331178389756472,-4.0753314955882445,0.05
NFLX,2026-03-11,0.024658,9,156.0,1.609243,96.94000244140625,0.11999999986175514,58.987787301453494,1.3601670550906793,0.017216264120087747,0.0020583504205303697,0.6487348989567605,-17.97031170778339,0.05
NFLX,2026-03-11,0.024658,9,158.0,1.629874,96.94000244140625,0.010000000000211146,60.87532306752779,1.0589429886586073,0.0022050970313093987,0.00042974624989700294,0.10544849177318624,-2.2744846875333535,0.05
NFLX,2026-03-11,0.024658,9,160.0,1.650505,96.94000244140625,0.010000004306378152,62.87285883776984,1.083214475546579,0.0021612610713681807,0.00041253912342441263,0.10354646909329404,-2.284392715125944,0.05
NFLX,2026-03-11,0.024658,9,162.0,1.671137,96.94000244140625,0.009999988811886074,64.87039458821123,1.107116605782678,0.002119888664367974,0.0003966196609815892,0.10174739558580798,-2.2939903459292794,0.05
NFLX,2026-03-11,0.024658,9,164.0,1.691768,96.94000244140625,0.0700000000991432,66.92793036543436,1.3812835435508397,0.010446390091522829,0.0013167817682524466,0.4214560962243063,-11.851849491043401,0.05
NFLX,2026-03-11,0.024658,9,165.0,1.702084,96.94000244140625,0.09000000255674023,67.94669825085987,1.438546596814157,0.012673723437540437,0.0014954571693700511,0.49848674041883784,-14.598051064202842,0.05
NFLX,2026-03-11,0.024658,9,166.0,1.712399,96.94000244140625,0.010000018398848676,68.86546614966993,1.1538589773393257,0.0020437443305294524,0.0003681302706376281,0.09842602837374906,-2.3123483115251995,0.05
NFLX,2026-03-11,0.024658,9,168.0,1.733031,96.94000244140625,0.5100000608474309,71.36300195805438,1.914871959661451,0.04703831304489283,0.0033696613465213176,1.4951394248231487,-58.25778384703055,0.05
NFLX,2026-03-11,0.024658,9,170.0,1.753662,96.94000244140625,0.009999997788742693,72.86053766093157,1.1992538244834139,0.001975237767374242,0.00034340028297835494,0.09542616231350776,-2.329666721712419,0.05
NFLX,2026-03-11,0.024658,9,172.0,1.774293,96.94000244140625,0.00999999429772705,74.85807342337641,1.2214704774947842,0.0019434913450574055,0.0003322291554527402,0.09403216047106223,-2.3379751254005114,0.05
NFLX,2026-03-11,0.024658,9,174.0,1.794925,96.94000244140625,0.09999999907008905,76.94560919408465,1.5794613012339664,0.012888089296907214,0.0013819447214901432,0.5057726706760428,-16.256338103909346,0.05
NFLX,2026-03-11,0.043836,16,50.0,0.515783,96.94000244140625,47.07947147256816,0.02999999995083158,1.2403661417438936,0.9964026878051291,0.0004278894370885778,0.21863245891760755,-5.568786292281079,0.05
NFLX,2026-03-11,0.043836,16,60.0,0.61894,96.94000244140625,37.11136527736944,0.03999999850989866,0.9549929415768964,0.9939688390063375,0.0008812510973855498,0.3466833650488061,-6.738581970225075,0.05
NFLX,2026-03-11,0.043836,16,65.0,0.670518,96.94000244140625,32.12231218125753,0.03999999927688691,0.8101728244407083,0.9929387115177576,0.0011942382736269059,0.39856744995019394,-6.889833714982719,0.05
NFLX,2026-03-11,0.043836,16,66.0,0.680833,96.94000244140625,31.144501592669727,0.06000003006485599,0.8245278492689058,0.989989215332651,0.0015941118896692927,0.5414486818799186,-8.333453510537655,0.05
NFLX,2026-03-11,0.043836,16,67.0,0.691149,96.94000244140625,30.13669095632612,0.0500000130970335,0.7768250486299728,0.9910097695477678,0.0015401703238737067,0.49286178190329166,-7.663670952986817,0.05
NFLX,2026-03-11,0.043836,16,68.0,0.701465,96.94000244140625,29.15888032456533,0.07000000071201384,0.784100624435821,0.9879439503970966,0.0019705667443905596,0.6364966465287045,-9.023222230944436,0.05
NFLX,2026-03-11,0.043836,16,69.0,0.71178,96.94000244140625,28.131069704479117,0.04000000000158366,0.7011346290528178,0.9918997545833481,0.0015572840769346706,0.4497823729005126,-6.998236901635715,0.05
NFLX,2026-03-11,0.043836,16,70.0,0.722096,96.94000244140625,27.143259083415884,0.04999999831413504,0.694617475958976,0.9900071676384908,0.0018892873718705076,0.5406010665100014,-7.724573662497402,0.05
NFLX,2026-03-11,0.043836,16,71.0,0.732412,96.94000244140625,26.15544857594672,0.060000110220741476,0.6846771243557116,0.9880691402050157,0.0022363812485128517,0.6307609970037702,-8.407388918711014,0.05
NFLX,2026-03-11,0.043836,16,72.0,0.742727,96.94000244140625,25.157637844079204,0.059999997729008214,0.6576583764844781,0.9876102077488944,0.002405689023394651,0.6517379548804839,-8.418022334516092,0.05
NFLX,2026-03-11,0.043836,16,73.0,0.753043,96.94000244140625,24.159827224385253,0.05999999741084139,0.6309243410166054,0.9871198548543061,0.0025932957882727936,0.6740040533840616,-8.427035901279742,0.05
NFLX,2026-03-11,0.043836,16,74.0,0.763359,96.94000244140625,23.232016557234147,0.1299999496355042,0.6810630127140301,0.9761677668089985,0.004061655467733883,1.1395241860579897,-12.422135643093316,0.05
NFLX,2026-03-11,0.043836,16,75.0,0.773674,96.94000244140625,22.19420598822461,0.09000000000175135,0.6144295471644987,0.981055849329696,0.0037077491329282025,0.9384596513772072,-10.222509040771524,0.05
NFLX,2026-03-11,0.043836,16,76.0,0.78399,96.94000244140625,21.20639544028505,0.10000007143797518,0.5971265507457448,0.9786482988921456,0.004222606265749214,1.0386761052966325,-10.757585347045438,0.05
NFLX,2026-03-11,0.043836,16,77.0,0.794306,96.94000244140625,20.268584483335218,0.15999973386391275,0.6176686477248805,0.9687228844631113,0.00561821640621219,1.4295099810131304,-13.753273101383996,0.05
NFLX,2026-03-11,0.043836,16,78.0,0.804621,96.94000244140625,19.240774121917568,0.12999999182204647,0.5672982887172129,0.9718077994292258,0.005612050850814066,1.3114938000895855,-12.23465721592054,0.05
NFLX,2026-03-11,0.043836,16,79.0,0.814937,96.94000244140625,18.272963509277474,0.15999999855772273,0.5600940243174621,0.9658061939444055,0.006668386796283122,1.538561614106896,-13.596826927871803,0.05
NFLX,2026-03-11,0.043836,16,80.0,0.825253,96.94000244140625,17.28515305986471,0.17000016852074396,0.5377404144051693,0.9626008658589165,0.007474758448889513,1.6557814435768359,-13.957372575898358,0.05
NFLX,2026-03-11,0.043836,16,81.0,0.835568,96.94000244140625,16.307342278253202,0.19000000628501823,0.5204099258409975,0.9575857425628181,0.008555554971978898,1.8341165439676144,-14.713230657804782,0.05
NFLX,2026-03-11,0.043836,16,82.0,0.845884,96.94000244140625,15.34953170337998,0.23000005078756658,0.5113669319146493,0.9492153391644009,0.01006116500023194,2.1194056252842146,-16.195395045592704,0.05
NFLX,2026-03-11,0.043836,16,83.0,0.8562,96.94000244140625,14.391720983868638,0.2699999506520072,0.4991097994659021,0.9404909097209795,0.011683891004117174,2.4022420488429144,-17.514868184789204,0.05
NFLX,2026-03-11,0.043836,16,84.0,0.866515,96.94000244140625,13.413909807633416,0.2899993937925558,0.47669087168886404,0.9341488922822676,0.013238159334675604,2.599546619596852,-17.99152282308558,0.05
NFLX,2026-03-11,0.043836,16,85.0,0.876831,96.94000244140625,12.496100313533987,0.37000051906890974,0.47384855318079927,0.9187301691280203,0.01564305941754338,3.053475394139538,-20.33181109046961,0.05
NFLX,2026-03-11,0.043836,16,86.0,0.887147,96.94000244140625,11.578288893171461,0.449999718082168,0.46600220158841743,0.9029528313618753,0.01815257249895558,3.48465124696163,-22.31979587639366,0.05
NFLX,2026-03-11,0.043836,16,87.0,0.897462,96.94000244140625,10.640477852303079,0.5099992965895552,0.44908356715204845,0.8889416513533788,0.02077194997644425,3.842709929302319,-23.460417873205365,0.05
NFLX,2026-03-11,0.043836,16,88.0,0.907778,96.94000244140625,9.742667936416453,0.6100000000787134,0.4392341530167124,0.8690551157829747,0.023848743850851936,4.315138917754829,-25.344085652548394,0.05
NFLX,2026-03-11,0.043836,16,89.0,0.918094,96.94000244140625,8.884856196628007,0.7499988796660517,0.43387331788493777,0.8438191672508284,0.027195450922489175,4.860627928355469,-27.700352537217366,0.05
NFLX,2026-03-11,0.043836,16,90.0,0.928409,96.94000244140625,8.027046697599971,0.8900000000137851,0.4236788229515956,0.8176560235383143,0.03076309870151805,5.369081626554989,-29.508378295787285,0.05
NFLX,2026-03-11,0.043836,16,91.0,0.938725,96.94000244140625,7.199235407290857,1.0599993290804548,0.4144575684346834,0.7873746812577296,0.03451119912854635,5.892143226508993,-31.31100041838955,0.05
NFLX,2026-03-11,0.043836,16,92.0,0.949041,96.94000244140625,6.421425459442617,1.2800000006079983,0.4085254114368183,0.7517147948352877,0.038185306047980865,6.426115434172242,-33.26653667514663,0.05
NFLX,2026-03-11,0.043836,16,93.0,0.959356,96.94000244140625,5.673614772170488,1.5299999327116325,0.40172174069513616,0.7127506974895684,0.04179462723106857,6.91638185552002,-34.862842284872606,0.05
NFLX,2026-03-11,0.043836,16,94.0,0.969672,96.94000244140625,4.985803647901712,1.839999427818654,0.39779269804173517,0.6692127491898703,0.04489806772583136,7.357285825797172,-36.37676601028944,0.05
NFLX,2026-03-11,0.043836,16,95.0,0.979988,96.94000244140625,4.297993600864565,2.150000000157277,0.3880859456766924,0.6241488116041283,0.04817567485749444,7.70174070679026,-36.9029160555624,0.05
NFLX,2026-03-11,0.043836,16,96.0,0.990303,96.94000244140625,3.5701829317872864,2.419999950455775,0.36779152553332917,0.5767180146716301,0.05245186227827977,7.9468643766506855,-35.95490941866202,0.05
NFLX,2026-03-11,0.043836,16,97.0,1.000619,96.94000244140625,3.0800000189243235,2.927627656968596,0.37128575622873505,0.5235653179838162,0.05284776657083003,8.082916594745612,-36.614696382704366,0.05
NFLX,2026-03-11,0.043836,16,98.0,1.010935,96.94000244140625,2.54999999826169,3.395438255681725,0.3632664944509025,0.46965314544215886,0.0539522064611327,8.07360921170584,-35.60197686289316,0.05
NFLX,2026-03-11,0.043836,16,99.0,1.02125,96.94000244140625,2.090000000024304,3.93324887682013,0.35726207393579235,0.4151111613808882,0.053767933985829144,7.9130413478857555,-34.15334980382689,0.05
NFLX,2026-03-11,0.043836,16,100.0,1.031566,96.94000244140625,1.6999995667982617,4.54105906296985,0.3533265652983161,0.3618594404890002,0.052261642728810655,7.60663398041708,-32.32466521421108,0.05
NFLX,2026-03-11,0.043836,16,101.0,1.041882,96.94000244140625,1.409999921909531,5.248870037456911,0.3560796855829288,0.31431587767162816,0.04910786273735375,7.20329833209535,-30.709429567509417,0.05
NFLX,2026-03-11,0.043836,16,102.0,1.052197,96.94000244140625,1.1200000052478707,5.956680740171038,0.35245180039451685,0.26667228879071203,0.045934324045897534,6.669146138381169,-28.047550794240294,0.05
NFLX,2026-03-11,0.043836,16,103.0,1.062513,96.94000244140625,0.8699999180882152,6.704491272387145,0.34790581323895525,0.22185476540051546,0.042134507819926406,6.038551598129309,-24.994618505773396,0.05
NFLX,2026-03-11,0.043836,16,104.0,1.072829,96.94000244140625,0.6900001918609604,7.522302165535677,0.34835894375065496,0.18477287900598582,0.03772432121508297,5.413542741939022,-22.371639517153604,0.05
NFLX,2026-03-11,0.043836,16,105.0,1.083144,96.94000244140625,0.5100000057263436,8.340112598776841,0.34199450304480894,0.14708584194768992,0.03315270310803074,4.670584576790996,-18.90679077211898,0.05
NFLX,2026-03-11,0.043836,16,106.0,1.09346,96.94000244140625,0.39000000001472657,9.217923212440994,0.3413842737825876,0.11827932170245947,0.028577869169176612,4.018893758471762,-16.203028055730062,0.05
NFLX,2026-03-11,0.043836,16,107.0,1.103776,96.94000244140625,0.3100001782655255,10.13573401006758,0.34522189088089944,0.09687156524598001,0.024470925493115428,3.480021223388073,-14.157271481876238,0.05
NFLX,2026-03-11,0.043836,16,108.0,1.114091,96.94000244140625,0.23999978285129586,11.063544234029138,0.34707153281295944,0.07776183698185288,0.02065574116254006,2.9532005965337205,-12.055996896583174,0.05
NFLX,2026-03-11,0.043836,16,109.0,1.124407,96.94000244140625,0.21000000778477013,12.031355078338379,0.3587579249920479,0.0675459677325153,0.01793922626007746,2.6511749144421843,-11.165722002522202,0.05
NFLX,2026-03-11,0.043836,16,110.0,1.134722,96.94000244140625,0.15000000007400427,12.969165690003393,0.3548303679322887,0.051064728462083715,0.014563357598872274,2.128704930301793,-8.855483903771935,0.05
NFLX,2026-03-11,0.043836,16,111.0,1.145038,96.94000244140625,0.10999961286483195,13.926975922169987,0.3538895014096978,0.03909381221926698,0.011775962242157453,1.716711254278468,-7.113582194204921,0.05
NFLX,2026-03-11,0.043836,16,112.0,1.155354,96.94000244140625,0.10999999761221613,14.924786926293166,0.3730206801928755,0.03738259607041529,0.010771595384281534,1.6551833618047247,-7.218113215475997,0.05
NFLX,2026-03-11,0.043836,16,113.0,1.165669,96.94000244140625,0.1300000016401106,15.942597549696842,0.4036961020869067,0.04044972366199791,0.010613241220744377,1.7649636363879992,-8.316614916141136,0.05
NFLX,2026-03-11,0.043836,16,114.0,1.175985,96.94000244140625,0.06999983271851207,16.880408000151007,0.38083915255453443,0.02466795829966069,0.007476865497585206,1.1729900523860664,-5.211471736177103,0.05
NFLX,2026-03-11,0.043836,16,115.0,1.186301,96.94000244140625,0.05999988087126518,17.868218667679542,0.38882196590878504,0.021130054761948937,0.006427813401124953,1.0295494794350917,-4.665469890120903,0.05
NFLX,2026-03-11,0.043836,16,116.0,1.196616,96.94000244140625,0.05000000005488414,18.85602940623893,0.39487212556285783,0.017719785506148437,0.0054501170349454025,0.8865341644600055,-4.076346706105847,0.05
NFLX,2026-03-11,0.043836,16,120.0,1.237879,96.94000244140625,0.029999999496620355,22.827271883183798,0.42826246970841647,0.010425154610359838,0.0031796377899823212,0.5609457190010233,-2.7891769641937376,0.05
NFLX,2026-03-11,0.043836,16,121.0,1.248195,96.94000244140625,0.040000027894713686,23.835082530957678,0.45924402698520855,0.012713854550903753,0.0035229281236696134,0.6664697924903162,-3.5507608984481647,0.05
NFLX,2026-03-11,0.043836,16,122.0,1.25851,96.94000244140625,0.06000000553143847,24.852893127970162,0.5005696791930119,0.016978712457793102,0.004145254188016736,0.8547692246613255,-4.959705763237211,0.05
NFLX,2026-03-11,0.043836,16,123.0,1.268826,96.94000244140625,0.08999999476086673,25.880703736575384,0.5468998386475622,0.022592002508071283,0.004835522734704191,1.0893925365889634,-6.900717186263652,0.05
NFLX,2026-03-11,0.043836,16,125.0,1.289457,96.94000244140625,0.02999994418805918,27.816324924754127,0.4988469770396847,0.009116470556703192,0.002427885024397313,0.49891737875257486,-2.881514116594887,0.05
NFLX,2026-03-11,0.043836,16,126.0,1.299773,96.94000244140625,0.06999999868189666,28.854135598623742,0.571950738377562,0.017372650953554683,0.0036997198052636793,0.8716871227243358,-5.767429120073616,0.05
NFLX,2026-03-11,0.043836,16,127.0,1.310089,96.94000244140625,0.06000006133901681,29.84194628065663,0.5742670972844086,0.015076968641221076,0.0032634735427705323,0.7720175996947101,-5.126974056422578,0.05
NFLX,2026-03-11,0.043836,16,130.0,1.341036,96.94000244140625,0.05000000015694339,32.82537807760191,0.6019050329896889,0.012284170090386386,0.002609100751947436,0.6469221118522595,-4.49847173025762,0.05
NFLX,2026-03-11,0.043836,16,132.0,1.361667,96.94000244140625,0.030000007564075615,34.80099932376058,0.590950848866712,0.00785666893659427,0.0017987017929553535,0.4378684957743903,-2.9880483728384473,0.05
NFLX,2026-03-11,0.043836,16,135.0,1.392614,96.94000244140625,0.02999994239475534,37.7944311167186,0.6283355508415208,0.007445481449244476,0.0016134880468166803,0.41762891101399063,-3.0277147687799317,0.05
NFLX,2026-03-11,0.043836,16,145.0,1.495771,96.94000244140625,0.010000000819425842,47.75253736890106,0.6670433224152448,0.0025748405576204295,0.0005887368852990837,0.16177390082176366,-1.2428309744480512,0.05
NFLX,2026-03-11,0.043836,16,150.0,1.547349,96.94000244140625,0.010000000004936255,52.74159046496547,0.7170291787768064,0.0024145393169911736,0.0005167670989795879,0.15263876928225864,-1.2595768585078757,0.05
NFLX,2026-03-11,0.043836,16,165.0,1.702084,96.94000244140625,21.001250244377605,88.69999999997482,4.6074427768828174,0.47339545253440374,0.004256634764964666,8.079035354823032,-425.8272346090813,0.05
NFLX,2026-03-11,0.060274,22,50.0,0.515783,96.94000244140625,47.120460517751894,0.029999976400091555,1.0590018762334825,0.9964067568238018,0.0004269649433702126,0.2561089859730422,-4.7234529706823025,0.05
NFLX,2026-03-11,0.060274,22,60.0,0.61894,96.94000244140625,37.15055214628134,0.02999998494042444,0.7885090219482391,0.995209403031883,0.0007416992675028728,0.33126105900403596,-5.133044576584169,0.05
NFLX,2026-03-11,0.060274,22,65.0,0.670518,96.94000244140625,32.175598048119966,0.040000076784494354,0.6921919696118757,0.99295109871052,0.001190194212142509,0.4666381692443469,-5.883512503682002,0.05
NFLX,2026-03-11,0.060274,22,66.0,0.680833,96.94000244140625,31.198607113119664,0.059999979785274604,0.7044935164716074,0.9900072241839911,0.001588595150732393,0.6339078094763477,-6.943251570885545,0.05
NFLX,2026-03-11,0.060274,22,67.0,0.691149,96.94000244140625,30.20161626946245,0.059999974129155476,0.6800618344679821,0.9896669592074552,0.0016944467432439554,0.6526978694721425,-6.968979202257495,0.05
NFLX,2026-03-11,0.060274,22,68.0,0.701465,96.94000244140625,29.19462539253955,0.04999993520733881,0.6401408821718313,0.990712815759497,0.00163991388650678,0.5946103664573675,-6.49978927053173,0.05
NFLX,2026-03-11,0.060274,22,69.0,0.71178,96.94000244140625,28.21763445618126,0.06999983685014399,0.6457889541202501,0.9875412200226616,0.002099357285427128,0.7679144466271605,-7.48953509072507,0.05
NFLX,2026-03-11,0.060274,22,70.0,0.722096,96.94000244140625,27.21064378133876,0.06000000000872774,0.6085381551115673,0.98852379410533,0.0020746574074045334,0.7151054263019173,-7.04076689671497,0.05
NFLX,2026-03-11,0.060274,22,71.0,0.732412,96.94000244140625,26.253652919112824,0.09999997578388786,0.6306507648744042,0.9824933002758258,0.0028802992300026105,1.0288745011288931,-8.832055210648601,0.05
NFLX,2026-03-11,0.060274,22,72.0,0.742727,96.94000244140625,25.236662105566296,0.08000000023844223,0.5859939905576708,0.9846239006081189,0.0027738224369388944,0.9206778356073599,-7.9861336702654935,0.05
NFLX,2026-03-11,0.060274,22,73.0,0.753043,96.94000244140625,24.249671462146537,0.09000019481977972,0.5725393431237401,0.9825518337192183,0.0031635838985995873,1.025936688535989,-8.422605011584752,0.05
NFLX,2026-03-11,0.060274,22,74.0,0.763359,96.94000244140625,23.292680428010797,0.1299999986851219,0.5823133888786792,0.9762245782390266,0.004043066499653359,1.3335322693141978,-10.008826597743209,0.05
NFLX,2026-03-11,0.060274,22,75.0,0.773674,96.94000244140625,22.28568957004667,0.11999997872209178,0.5503238794236639,0.9766550533442365,0.004212835415432987,1.3131934856373713,-9.614536154941227,0.05
NFLX,2026-03-11,0.060274,22,76.0,0.78399,96.94000244140625,21.298698695821955,0.1299999424984577,0.5334109511884398,0.974221293845417,0.004723635702429007,1.4271650221065193,-9.972158749033383,0.05
NFLX,2026-03-11,0.060274,22,77.0,0.794306,96.94000244140625,20.311707861354037,0.13999994603163657,0.5158849580407974,0.9716334953004099,0.005290014211743991,1.5457724862611988,-10.309055972457566,0.05
NFLX,2026-03-11,0.060274,22,78.0,0.804621,96.94000244140625,19.564717261589124,0.39000018426780514,0.604532565214014,0.94052442338905,0.008222819978155625,2.815634979712951,-17.70053632512795,0.05
NFLX,2026-03-11,0.060274,22,79.0,0.814937,96.94000244140625,18.43772609552184,0.2599998562016168,0.5273049789949462,0.9524209126974509,0.007898644057502102,2.359121368872346,-14.013848020985607,0.05
NFLX,2026-03-11,0.060274,22,80.0,0.825253,96.94000244140625,17.420735401327647,0.24000000000850719,0.4928901122297947,0.9527989235001484,0.008396310252932923,2.3440909212051375,-13.331575673647746,0.05
NFLX,2026-03-11,0.060274,22,81.0,0.835568,96.94000244140625,16.433744522306966,0.2499999589889228,0.47133915137160054,0.9491150038490547,0.00932349066554204,2.489131981816627,-13.51111092535197,0.05
NFLX,2026-03-11,0.060274,22,82.0,0.845884,96.94000244140625,15.486754207401646,0.300000482084684,0.46408497831936557,0.9397194766012479,0.010824704501877445,2.8454399836588613,-14.734845727672635,0.05
NFLX,2026-03-11,0.060274,22,83.0,0.8562,96.94000244140625,14.539762886735573,0.3499999994197083,0.45403140444169326,0.9299689442520114,0.012429871061184452,3.196600667337584,-15.820238214864004,0.05
NFLX,2026-03-11,0.060274,22,84.0,0.866515,96.94000244140625,13.642772049335377,0.45000000002059437,0.45540439726659854,0.913768315921152,0.014512664391673117,3.7435207176901475,-17.889118481223576,0.05
NFLX,2026-03-11,0.060274,22,85.0,0.876831,96.94000244140625,12.735781183055394,0.5399999717417074,0.44955357877857177,0.8985646466603345,0.016574392726783932,4.220413013328568,-19.457534518668677,0.05
NFLX,2026-03-11,0.060274,22,86.0,0.887147,96.94000244140625,11.808790661480757,0.6100002881681519,0.43614030423009836,0.884930991109266,0.018707773678130372,4.6215132071599445,-20.419373004846534,0.05
NFLX,2026-03-11,0.060274,22,87.0,0.897462,96.94000244140625,10.921800000222987,0.7200004649114646,0.42859218899638907,0.8663706544775577,0.021136889413530893,5.1312266252013785,-21.896602595477862,0.05
NFLX,2026-03-11,0.060274,22,88.0,0.907778,96.94000244140625,10.024808695992519,0.8199999986820927,0.41613663415037594,0.8479390675428358,0.023757004135427855,5.599683648436853,-22.93906645647742,0.05
NFLX,2026-03-11,0.060274,22,89.0,0.918094,96.94000244140625,9.107817862791734,0.9000000034823898,0.39791881060745915,0.8300700934118619,0.026713770863480344,6.020957134744887,-23.442641158870668,0.05
NFLX,2026-03-11,0.060274,22,90.0,0.928409,96.94000244140625,8.29082698153293,1.0799999602246828,0.3931794910144443,0.8020663533051955,0.029731858033225752,6.621384007854688,-25.069397631872874,0.05
NFLX,2026-03-11,0.060274,22,91.0,0.938725,96.94000244140625,7.513836225367228,1.3000000420600628,0.39001954415341383,0.770266676503345,0.03269144921998754,7.221982184842219,-26.723715474222928,0.05
NFLX,2026-03-11,0.060274,22,92.0,0.949041,96.94000244140625,6.796843671525679,1.5799983262196093,0.39028350535952877,0.7340894864201972,0.03532455743566868,7.80895275818405,-28.500391721999915,0.05
NFLX,2026-03-11,0.060274,22,93.0,0.959356,96.94000244140625,5.8798544891696025,1.6599999818646154,0.3615447546144623,0.7073964206511225,0.03994787696263579,8.180722058417052,-27.67020007302874,0.05
NFLX,2026-03-11,0.060274,22,94.0,0.969672,96.94000244140625,5.362863714112841,2.140000044808957,0.37708063364492034,0.6596520048807666,0.04084467515589089,8.723796848935898,-30.217708751316323,0.05
NFLX,2026-03-11,0.060274,22,95.0,0.979988,96.94000244140625,4.6758728313310485,2.45000000002824,0.36764572647704297,0.6188598300124922,0.04355558997651271,9.070041869979578,-30.427528628912757,0.05
NFLX,2026-03-11,0.060274,22,96.0,0.990303,96.94000244140625,4.07888197852828,2.8499999852265603,0.3636295459241213,0.5743825048453051,0.0452944917880952,9.329114509232387,-30.721104122087493,0.05
NFLX,2026-03-11,0.060274,22,97.0,1.000619,96.94000244140625,3.3500000425703504,3.118108887269713,0.3409873829228447,0.5280886905874118,0.0490371905825363,9.471085550478335,-29.182487911136068,0.05
NFLX,2026-03-11,0.060274,22,98.0,1.010935,96.94000244140625,3.000002017805187,3.765101700505653,0.35352220618467245,0.4811839604583177,0.04736330782109012,9.484066564344996,-29.99553201036626,0.05
NFLX,2026-03-11,0.060274,22,99.0,1.02125,96.94000244140625,2.4999987990801102,4.262089319781666,0.345235958775807,0.43244445614461285,0.04785630527534387,9.358172780327346,-28.771828381658,0.05
NFLX,2026-03-11,0.060274,22,100.0,1.031566,96.94000244140625,2.10000000690102,4.859081365603657,0.34255382575429916,0.3852760908985339,0.04689672161327845,9.099283054781482,-27.619317146620503,0.05
NFLX,2026-03-11,0.060274,22,101.0,1.041882,96.94000244140625,1.6899999985174539,5.446072195221177,0.33346410898899576,0.33599956877489423,0.04595835677045396,8.680594283992468,-25.556665474086586,0.05
NFLX,2026-03-11,0.060274,22,102.0,1.052197,96.94000244140625,1.4000013262883897,6.153064360993213,0.3328666608311445,0.2929206411034412,0.04341140797493981,8.1848370971269,-23.95041538046498,0.05
NFLX,2026-03-11,0.060274,22,103.0,1.062513,96.94000244140625,1.1600001202978767,6.910053993003785,0.33360452273659075,0.25379153628916934,0.04034339897042788,7.623252133442851,-22.268724356641698,0.05
NFLX,2026-03-11,0.060274,22,104.0,1.072829,96.94000244140625,1.0199999547976084,7.7670446655046135,0.3435506068107215,0.22495366767011665,0.03667627691883302,7.136936490733764,-21.378966018027015,0.05
NFLX,2026-03-11,0.060274,22,105.0,1.083144,96.94000244140625,0.7800001800396643,8.524035728747748,0.33493257232228196,0.18578665795027816,0.03357493781600548,6.3695458903710795,-18.55876844928896,0.05
NFLX,2026-03-11,0.060274,22,106.0,1.09346,96.94000244140625,0.6200000000650512,9.361026386774228,0.333240409965037,0.15520967033868943,0.030072094904371374,5.676193766196081,-16.412461637806274,0.05
NFLX,2026-03-11,0.060274,22,107.0,1.103776,96.94000244140625,0.5299999971508846,10.268017221861143,0.3399394467351924,0.13452914241258185,0.02677232793247941,5.154939448206053,-15.16224575509855,0.05
NFLX,2026-03-11,0.060274,22,108.0,1.114091,96.94000244140625,0.4000000128247354,11.135008075536078,0.3346756701912774,0.10801851715753064,0.02330094744012334,4.417062973599839,-12.766599435725578,0.05
NFLX,2026-03-11,0.060274,22,109.0,1.124407,96.94000244140625,0.3299999978824033,12.061998898594837,0.3383918161428837,0.0911705005575269,0.020358179485809855,3.9020664350267706,-11.378948470516907,0.05
NFLX,2026-03-11,0.060274,22,110.0,1.134722,96.94000244140625,0.2899998646125095,13.018989603326034,0.34722614498213317,0.08006407357156692,0.01800092574867892,3.5403249700809742,-10.571118032076,0.05
NFLX,2026-03-11,0.060274,22,111.0,1.145038,96.94000244140625,0.24000001289959982,13.965980589614219,0.3509092970731853,0.06758200757699226,0.015647248861439852,3.1100597558982637,-9.368805048812723,0.05
NFLX,2026-03-11,0.060274,22,112.0,1.155354,96.94000244140625,0.19999975779590784,14.922971172511609,0.35508332543697313,0.05724335604462083,0.013585059165707198,2.732295593454425,-8.315647224282868,0.05
NFLX,2026-03-11,0.060274,22,113.0,1.165669,96.94000244140625,0.22999975773202141,15.949962010448814,0.3832982578967504,0.06057695841128298,0.013156604422239657,2.856383603350885,-9.36436889040416,0.05
NFLX,2026-03-11,0.060274,22,114.0,1.175985,96.94000244140625,0.1799999518761375,16.89695304259402,0.38139308844258296,0.04924126281214231,0.011224545306761603,2.4248084948793998,-7.901351915438245,0.05
NFLX,2026-03-11,0.060274,22,115.0,1.186301,96.94000244140625,0.10999999668085092,17.82394392539983,0.3639048812759654,0.033341047848977554,0.008572709298315278,1.7670215542302332,-5.490311691569951,0.05
NFLX,2026-03-11,0.060274,22,116.0,1.196616,96.94000244140625,0.25000011703431557,18.960934883754376,0.4417797735088867,0.05786539353660697,0.01101229653263935,2.7556216901374007,-10.36667681466007,0.05
NFLX,2026-03-11,0.060274,22,117.0,1.206932,96.94000244140625,0.08999998807582177,19.79792559279697,0.3814323063262259,0.026836909985685137,0.0068316517490950275,1.4759752073767014,-4.795791893208247,0.05
NFLX,2026-03-11,0.060274,22,118.0,1.217248,96.94000244140625,0.08999999524970193,20.794916437971935,0.3958679098020208,0.02599660456422592,0.006409831533818315,1.4372515390230154,-4.841301985589737,0.05
NFLX,2026-03-11,0.060274,22,120.0,1.237879,96.94000244140625,0.07000000005738105,22.76889811878179,0.4083105923677759,0.020249204044134807,0.005035126845272552,1.1644931316027454,-4.038928152109902,0.05
NFLX,2026-03-11,0.060274,22,122.0,1.25851,96.94000244140625,0.149999786768098,24.842879581494685,0.4903195615308703,0.03401215963058022,0.0064676898161192655,1.7962396238191245,-7.463424453354472,0.05
NFLX,2026-03-11,0.060274,22,124.0,1.279142,96.94000244140625,0.13999971656474752,26.826861187293517,0.5127453389790204,0.030823963010032596,0.005702386005284836,1.6561291538169218,-7.186675677869467,0.05
NFLX,2026-03-11,0.060274,22,125.0,1.289457,96.94000244140625,0.03999983665020723,27.72385214538008,0.4395989728036634,0.01149338323004825,0.0028756878193852415,0.7160350405106699,-2.6648543001199614,0.05
NFLX,2026-03-11,0.060274,22,127.0,1.310089,96.94000244140625,0.08000027230626605,29.75783425703831,0.5084383821490275,0.018890461699769746,0.0038119244680410815,1.0977880117040666,-4.717732729819795,0.05
NFLX,2026-03-11,0.060274,22,128.0,1.320404,96.94000244140625,0.08999997155569095,30.764824794288813,0.5298409288156597,0.020257358736888987,0.003881537701740592,1.1648907085423361,-5.213698168709175,0.05
NFLX,2026-03-11,0.060274,22,129.0,1.33072,96.94000244140625,0.05000017617838659,31.721815836912597,0.5004323548748671,0.012557908538956601,0.0027277941676848755,0.7732017819152203,-3.2681714437943095,0.05
NFLX,2026-03-11,0.060274,22,130.0,1.341036,96.94000244140625,0.04999997984006899,32.718806478575374,0.5120700053083993,0.012309887563302679,0.002620143331844966,0.7599591637251525,-3.2853611853950078,0.05
NFLX,2026-03-11,0.060274,22,135.0,1.392614,96.94000244140625,0.0400000018673935,37.69376069060816,0.5530331962589737,0.009408453918332884,0.001919881424657139,0.6013973037534549,-2.802610179184789,0.05
NFLX,2026-03-11,0.060274,22,140.0,1.444192,96.94000244140625,0.040000000015714354,42.678714878761895,0.605407035288345,0.008696460915004693,0.0016369970492585357,0.5613467713277924,-2.859306267078523,0.05
NFLX,2026-03-11,0.060274,22,145.0,1.495771,96.94000244140625,0.039999998983670015,47.66366906773531,0.655304089726799,0.00811864448053158,0.001423773716538768,0.5284692459737289,-2.9101338262076144,0.05
NFLX,2026-03-11,0.060274,22,150.0,1.547349,96.94000244140625,0.030000000170705476,52.638623258927794,0.6808974621054898,0.006039441296309691,0.0010553460589236754,0.40701693271271433,-2.3267488710802677,0.05
NFLX,2026-03-11,0.060274,22,155.0,1.598927,96.94000244140625,0.029999998761268798,57.623577447523786,0.7254367289760534,0.005715388594723584,0.0009432630125087861,0.3875861185228118,-2.358628857379728,0.05
NFLX,2026-03-11,0.082192,30,50.0,0.515783,96.94000244140625,47.1750602535821,0.030000000386067427,0.908261400232904,0.9964121628888504,0.0004257374705370325,0.29866695633043183,-4.121068509232027,0.05
NFLX,2026-03-11,0.082192,30,60.0,0.61894,96.94000244140625,37.22607181560846,0.040000000054469353,0.699951593135551,0.9939898052372184,0.0008753678846608856,0.47325265438561864,-4.97169330868081,0.05
NFLX,2026-03-11,0.082192,30,65.0,0.670518,96.94000244140625,32.26657759177561,0.05999999504264508,0.6260047449227611,0.9903523102986579,0.0014846798195307476,0.7178684610507587,-5.920692354981164,0.05
NFLX,2026-03-11,0.082192,30,70.0,0.722096,96.94000244140625,27.327083377087973,0.09999999917602054,0.5628731655301124,0.983158565409115,0.002673559183816547,1.162344299034718,-7.379051042485492,0.05
NFLX,2026-03-11,0.082192,30,71.0,0.732412,96.94000244140625,26.361184528884095,0.1299999947363517,0.5646858702843837,0.9788181802535537,0.003238958882356039,1.412689764569544,-8.27910547004516,0.05
NFLX,2026-03-11,0.082192,30,72.0,0.742727,96.94000244140625,25.39528567569276,0.1599999853092271,0.5623298061596245,0.9744716606615285,0.0038058323260289468,1.6530089207429262,-9.10817843911664,0.05
NFLX,2026-03-11,0.082192,30,73.0,0.753043,96.94000244140625,24.399386808536264,0.1599999619169239,0.5403029331869161,0.9735079587962947,0.004085684610819405,1.7050479894155077,-9.102848636621303,0.05
NFLX,2026-03-11,0.082192,30,74.0,0.763359,96.94000244140625,23.40348794326397,0.15999994040883792,0.5184892247456633,0.9724790724770086,0.004395150330313223,1.760142836016648,-9.095173610645109,0.05
NFLX,2026-03-11,0.082192,30,75.0,0.773674,96.94000244140625,22.437589156617307,0.1899999975263853,0.5125442785136229,0.9676796749154832,0.005080348447455475,2.011218861328377,-9.83939959256908,0.05
NFLX,2026-03-11,0.082192,30,76.0,0.78399,96.94000244140625,21.491690302374124,0.23999998704739767,0.5130697105367833,0.9604512410457725,0.005987917606577202,2.3729393338356477,-10.987079491694859,0.05
NFLX,2026-03-11,0.082192,30,77.0,0.794306,96.94000244140625,20.495791622982836,0.24000015142031828,0.49056869499029215,0.9588013162440197,0.00647391011373867,2.4530191516417807,-10.943048140103334,0.05
NFLX,2026-03-11,0.082192,30,78.0,0.804621,96.94000244140625,19.50989262796773,0.2500000001694218,0.47213044354392464,0.955814741360268,0.007118307806644311,2.595811856247056,-11.112840505184318,0.05
NFLX,2026-03-11,0.082192,30,79.0,0.814937,96.94000244140625,18.573993549371735,0.3099997653376221,0.4708509458665127,0.9467307433253163,0.008288530307187557,3.014362094559561,-12.29427208172609,0.05
NFLX,2026-03-11,0.082192,30,80.0,0.825253,96.94000244140625,17.628095036267553,0.3600000959976484,0.4633292458156401,0.9386184766304774,0.009417187588133324,3.370120105166431,-13.167053292687568,0.05
NFLX,2026-03-11,0.082192,30,81.0,0.835568,96.94000244140625,16.642196094829487,0.3699999983237916,0.44282468117279866,0.934589724878338,0.010353096555674386,3.5410864206861876,-13.237002869407423,0.05
NFLX,2026-03-11,0.082192,30,82.0,0.845884,96.94000244140625,15.76629725282767,0.4900000000861695,0.4499370654214876,0.9183248312864278,0.012076424006993212,4.196860821829771,-15.15010542982284,0.05
NFLX,2026-03-11,0.082192,30,83.0,0.8562,96.94000244140625,14.78039840907455,0.5000000000972591,0.4278281031384002,0.9131793942698982,0.013296445383368112,4.393790100034672,-15.122530926568432,0.05
NFLX,2026-03-11,0.082192,30,84.0,0.866515,96.94000244140625,13.87449947821554,0.5899999130024582,0.42240665760180396,0.8993047944358274,0.015025219022684342,4.902143372758584,-16.261951623959803,0.05
NFLX,2026-03-11,0.082192,30,85.0,0.876831,96.94000244140625,13.0286007306688,0.7400000092199122,0.4253652320210831,0.879504729742069,0.016970667624457206,5.575648149473817,-18.039291280898308,0.05
NFLX,2026-03-11,0.082192,30,86.0,0.887147,96.94000244140625,12.14270158850772,0.8499997108230417,0.4176456130074246,0.8630818868790355,0.018887157655038195,6.092688467778992,-19.055779309065986,0.05
NFLX,2026-03-11,0.082192,30,87.0,0.897462,96.94000244140625,11.266803563899373,0.9700005299789041,0.40918001711107144,0.8451632700160471,0.02093956812701482,6.617844820231156,-20.006162923490802,0.05
NFLX,2026-03-11,0.082192,30,88.0,0.907778,96.94000244140625,10.410904190198735,1.1100000000424615,0.4012842444874476,0.8249175200400719,0.0231207414178483,7.16618982478166,-20.971544451443354,0.05
NFLX,2026-03-11,0.082192,30,89.0,0.918094,96.94000244140625,9.605005339342455,1.29999999295039,0.39745720480289887,0.800385270585275,0.025315567372263505,7.771636550088839,-22.189982621912307,0.05
NFLX,2026-03-11,0.082192,30,90.0,0.928409,96.94000244140625,8.759106598460406,1.45000009583255,0.38578752425008944,0.777589946188997,0.027788841595978962,8.280433338532024,-22.76415782163258,0.05
NFLX,2026-03-11,0.082192,30,91.0,0.938725,96.94000244140625,8.023207658886136,1.7100000000224753,0.38442893903417796,0.7473358952349931,0.02991040508694505,8.88122373325416,-23.990889913179252,0.05
NFLX,2026-03-11,0.082192,30,92.0,0.949041,96.94000244140625,7.217308737904588,1.8999999228051365,0.3721793628510718,0.7197358235733121,0.032559159912081866,9.359656744012543,-24.31880994572856,0.05
NFLX,2026-03-11,0.082192,30,93.0,0.959356,96.94000244140625,6.501412362574136,2.180002391238901,0.36667966096872195,0.6866435215069172,0.034780914962042137,9.850590528581032,-24.976158719551705,0.05
NFLX,2026-03-11,0.082192,30,94.0,0.969672,96.94000244140625,5.875511132067857,2.550000004496809,0.36676390828220345,0.6497162177390883,0.036349133364286766,10.297103920744162,-25.829752671013154,0.05
NFLX,2026-03-11,0.082192,30,95.0,0.979988,96.94000244140625,5.229614754330484,2.9000024705236456,0.3613351135764766,0.6127951949578396,0.038128071091071365,10.641171554977998,-26.0993303191771,0.05
NFLX,2026-03-11,0.082192,30,96.0,0.990303,96.94000244140625,4.613713435781172,3.2799999957385353,0.3553216020265351,0.5741424415820789,0.03969935523566153,10.895307898647811,-26.102823876791096,0.05
NFLX,2026-03-11,0.082192,30,97.0,1.000619,96.94000244140625,4.000000186431322,3.6621855901528875,0.3460687379864589,0.5337867570727999,0.04133036520865973,11.047552014120686,-25.645139799516066,0.05
NFLX,2026-03-11,0.082192,30,98.0,1.010935,96.94000244140625,3.5999999954535156,4.25808424293929,0.35253464878756996,0.4934549372373482,0.04071295115892672,11.08584584247789,-25.986323495682058,0.05
NFLX,2026-03-11,0.082192,30,99.0,1.02125,96.94000244140625,3.0499999153838857,4.703983006633877,0.3417806942430262,0.45079004404654205,0.0416796868541282,11.002881049689876,-24.909294372757508,0.05
NFLX,2026-03-11,0.082192,30,100.0,1.031566,96.94000244140625,2.5700000001356216,5.2198819351498,0.33352450438080455,0.40740252236143387,0.04187467181268394,10.787321109952686,-23.733015296938337,0.05
NFLX,2026-03-11,0.082192,30,101.0,1.041882,96.94000244140625,2.1899997103097917,5.8357804890881795,0.33064467412567533,0.3661490041333487,0.04094703542222972,10.457272826940269,-22.699210476032025,0.05
NFLX,2026-03-11,0.082192,30,102.0,1.052197,96.94000244140625,1.8499999889509766,6.491679611493566,0.32777713754229343,0.326091071423713,0.03956384950483635,10.016399603561563,-21.46053977263819,0.05
NFLX,2026-03-11,0.082192,30,103.0,1.062513,96.94000244140625,1.4800000000760498,7.117578466382838,0.31765466118030156,0.2825868106545052,0.038300094568022136,9.397006378648246,-19.454465809422448,0.05
NFLX,2026-03-11,0.082192,30,104.0,1.072829,96.94000244140625,1.250000393489067,7.883477703560075,0.3182334853327839,0.24829536682104958,0.03579961176618101,8.79951295665653,-18.176144024635768,0.05
NFLX,2026-03-11,0.082192,30,105.0,1.083144,96.94000244140625,1.0799997858313723,8.709375939666586,0.3224288609083451,0.21965880343316924,0.033013453815525354,8.221656230390082,-17.136990047726243,0.05
NFLX,2026-03-11,0.082192,30,106.0,1.09346,96.94000244140625,0.9200000148388341,9.545275012438239,0.32492296641006885,0.19257328747282715,0.03029966366034254,7.604184753834609,-15.917946206835474,0.05
NFLX,2026-03-11,0.082192,30,107.0,1.103776,96.94000244140625,0.7100005401469716,10.331174381510593,0.31691561467689217,0.15960890187563748,0.027580801015928722,6.751261898293926,-13.753904585450925,0.05
NFLX,2026-03-11,0.082192,30,108.0,1.114091,96.94000244140625,0.589999997487384,11.207072682615205,0.318083372570467,0.13695888518039379,0.024804011880621347,6.093928313868639,-12.426134794171421,0.05
NFLX,2026-03-11,0.082192,30,109.0,1.124407,96.94000244140625,0.5000000001424034,12.112971529034425,0.32135584197345085,0.11859296219358545,0.022212602066301438,5.513407322654881,-11.328061153800824,0.05
NFLX,2026-03-11,0.082192,30,110.0,1.134722,96.94000244140625,0.45000004403164695,13.058870416687867,0.32986727214043643,0.10643549151036769,0.020030237985058066,5.103402020961303,-10.734351766492297,0.05
NFLX,2026-03-11,0.082192,30,111.0,1.145038,96.94000244140625,0.3499999138833729,13.954769130303816,0.3258911425809745,0.08708638975935512,0.017495403031289675,4.403834113669808,-9.13522847659906,0.05
NFLX,2026-03-11,0.082192,30,115.0,1.186301,96.94000244140625,0.19000000015664664,17.77836459163389,0.34251457370402283,0.04959043852828545,0.010763734527106137,2.8475835533243963,-6.164176301617698,0.05
NFLX,2026-03-11,0.082192,30,120.0,1.237879,96.94000244140625,0.1400000000164483,22.70785881031472,0.38862623887657716,0.03417046807098171,0.0070146370812722465,2.1055801083511128,-5.136516638394883,0.05
NFLX,2026-03-11,0.082192,30,125.0,1.289457,96.94000244140625,0.07000000043133059,27.617353029550628,0.4042896573692175,0.01786758745370296,0.003915133191917769,1.2225696642952772,-3.089927178565917,0.05
NFLX,2026-03-11,0.082192,30,130.0,1.341036,96.94000244140625,0.039999998724310704,32.56684724666462,0.42498239217841527,0.010339353888854591,0.002323204122197378,0.7625928855732671,-2.0196535213042934,0.05
NFLX,2026-03-11,0.082192,30,135.0,1.392614,96.94000244140625,0.06999983587726577,37.57634130263861,0.5069263389795267,0.014707923693668653,0.0026429851247751165,1.0348419334949992,-3.259036832156864,0.05
NFLX,2026-03-11,0.082192,30,140.0,1.444192,96.94000244140625,0.10999994397440394,42.595835629556746,0.5894092328208306,0.01939904321543356,0.002880217285604916,1.3112232156890664,-4.790013507799477,0.05
NFLX,2026-03-11,0.082192,30,145.0,1.495771,96.94000244140625,0.01999996311194796,47.48532986751532,0.519065648120677,0.004611264829965075,0.0009325714481534579,0.37388569213952544,-1.2019507193116337,0.05
NFLX,2026-03-11,0.082192,30,155.0,1.598927,96.94000244140625,0.029999999697793878,57.4543183417432,0.6199578263770403,0.005725561436375841,0.0009466870424267803,0.45331806122401114,-1.735900116350655,0.05
NFLX,2026-03-11,0.10137,37,50.0,0.515783,96.94000244140625,47.23278588888702,0.03999994682653352,0.8460724641795837,0.9954897413092323,0.0005050915530154773,0.40709201022501523,-4.162374051676892,0.05
NFLX,2026-03-11,0.10137,37,55.0,0.567361,96.94000244140625,42.248064301450036,0.030000009324119503,0.7101765501830136,0.9958794505754753,0.0005550467987358296,0.3755007790464744,-4.029965474607178,0.05
NFLX,2026-03-11,0.10137,37,58.0,0.598308,96.94000244140625,39.28323124049073,0.049999938325555604,0.6900545586325668,0.9932601385740732,0.0008848660347826618,0.58166893034512,-4.8299664428489555,0.05
NFLX,2026-03-11,0.10137,37,60.0,0.61894,96.94000244140625,37.3133427725365,0.07000013034516428,0.6779596033921502,0.9907130365551174,0.0011939722526458987,0.771104013048297,-5.514883129465673,0.05
NFLX,2026-03-11,0.10137,37,62.0,0.639571,96.94000244140625,35.33345391317747,0.07999993095996416,0.6483885655866234,0.9890721232932486,0.0014388776296457725,0.8887387581658761,-5.8696645706632165,0.05
NFLX,2026-03-11,0.10137,37,64.0,0.660202,96.94000244140625,33.39356532202577,0.1299999997820933,0.6527236578371822,0.9832584215188422,0.0020654832092320556,1.284298380791612,-7.230993760265109,0.05
NFLX,2026-03-11,0.10137,37,65.0,0.670518,96.94000244140625,32.3786209922587,0.11000000000194632,0.6155688172478448,0.9847403357799652,0.002022882557685374,1.1862116737792678,-6.755742568895387,0.05
NFLX,2026-03-11,0.10137,37,66.0,0.680833,96.94000244140625,31.41367666454329,0.1400000022734389,0.6178340770715752,0.9811664194889489,0.002412720492165002,1.4200177844263027,-7.512427390755448,0.05
NFLX,2026-03-11,0.10137,37,68.0,0.701465,96.94000244140625,29.443788001496202,0.15999999920018126,0.5891777937578176,0.9778405244854226,0.0029039071516212757,1.6298363829900837,-8.003838100599122,0.05
NFLX,2026-03-11,0.10137,37,70.0,0.722096,96.94000244140625,27.47389932021622,0.17999997789402755,0.5591821768314198,0.9741914878059571,0.00347788705241242,1.8526087309425139,-8.45794387254297,0.05
NFLX,2026-03-11,0.10137,37,72.0,0.742727,96.94000244140625,25.544010682086252,0.23999999973788988,0.5462443439867702,0.9660948629206578,0.0044650490379069,2.3234220057336357,-9.665488238513543,0.05
NFLX,2026-03-11,0.10137,37,74.0,0.763359,96.94000244140625,23.594122023990607,0.28000000161607375,0.5199986687971316,0.9594537911761766,0.005428745721942448,2.6891600094315375,-10.368080908734814,0.05
NFLX,2026-03-11,0.10137,37,75.0,0.773674,96.94000244140625,22.649177726304373,0.330000033916761,0.5161614661656102,0.9529784317370525,0.006163633737347211,3.0306606856251914,-11.202482363970487,0.05
NFLX,2026-03-11,0.10137,37,76.0,0.78399,96.94000244140625,21.624233363152797,0.30000000075210664,0.48490224091732465,0.9541331234604981,0.006431326820977425,2.9707744704554346,-10.648814228322586,0.05
NFLX,2026-03-11,0.10137,37,78.0,0.804621,96.94000244140625,19.804343923460323,0.46999922103346137,0.49061676006765137,0.9334771539666903,0.008525017688739858,3.984305043852725,-13.176102001752332,0.05
NFLX,2026-03-11,0.10137,37,80.0,0.825253,96.94000244140625,17.96445604246354,0.6200000000105064,0.47935315390670236,0.9143408825570584,0.010578745073547955,4.830639775848201,-14.955041355867742,0.05
NFLX,2026-03-11,0.10137,37,82.0,0.845884,96.94000244140625,16.134567908207714,0.7800005257285108,0.4628551211789347,0.8932199275641557,0.012884076040582206,5.680849251070138,-16.492096695822163,0.05
NFLX,2026-03-11,0.10137,37,84.0,0.866515,96.94000244140625,14.394678669545414,1.0299999470400394,0.4541290681298977,0.8639561857325827,0.0155722753624062,6.736685738159572,-18.55777475075018,0.05
NFLX,2026-03-11,0.10137,37,85.0,0.876831,96.94000244140625,13.52973466321987,1.1600002707014028,0.44729536653511043,0.8484374178952699,0.017005774326895023,7.24612335799127,-19.422679429953643,0.05
NFLX,2026-03-11,0.10137,37,86.0,0.887147,96.94000244140625,12.704790062562296,1.3300000000307506,0.44374945343254524,0.8299748228958959,0.018478144195969264,7.811080169669038,-20.484261172102446,0.05
NFLX,2026-03-11,0.10137,37,88.0,0.907778,96.94000244140625,11.034902126705745,1.650000724148029,0.42772884834984376,0.7926900694360135,0.021665536209315547,8.827808361572602,-21.914836337271865,0.05
NFLX,2026-03-11,0.10137,37,90.0,0.928409,96.94000244140625,9.535010609227264,2.139997866643384,0.4218620661988923,0.744711809851035,0.024676422946797907,9.916709540898774,-23.767617777638492,0.05
NFLX,2026-03-11,0.10137,37,92.0,0.949041,96.94000244140625,8.085121506217178,2.6799974236071193,0.4112044090305987,0.6927560973900451,0.027688949146944263,10.846238464353856,-24.952285427465064,0.05
NFLX,2026-03-11,0.10137,37,94.0,0.969672,96.94000244140625,6.785235422700687,3.3700000000644508,0.4044978745375275,0.6341574169236832,0.030130502550360677,11.610142002059808,-25.898572055604564,0.05
NFLX,2026-03-11,0.10137,37,95.0,0.979988,96.94000244140625,6.2102908159933605,3.789999723344053,0.40372592859007195,0.6029419698525007,0.0309440491447658,11.900869598161629,-26.3107522172269,0.05
NFLX,2026-03-11,0.10137,37,96.0,0.990303,96.94000244140625,5.635348210712017,4.21000144804961,0.4003285130020363,0.5714016307140601,0.03176910011454518,12.115360710738468,-26.410726948446452,0.05
NFLX,2026-03-11,0.10137,37,98.0,1.010935,96.94000244140625,4.500000513703654,5.064542411015097,0.38707722531970595,0.5057855931489152,0.033389454002447735,12.311808417056648,-25.732644615114722,0.05
NFLX,2026-03-11,0.10137,37,100.0,1.031566,96.94000244140625,3.599999230605185,6.154429787890464,0.3825113796069147,0.4393281455369875,0.03340002305560967,12.170433247570825,-24.911520402150174,0.05
NFLX,2026-03-11,0.10137,37,102.0,1.052197,96.94000244140625,2.7799998165981634,7.324319033857265,0.3738310241874172,0.3724427390274674,0.032793360920746334,11.678207341494314,-23.199632944045018,0.05
NFLX,2026-03-11,0.10137,37,104.0,1.072829,96.94000244140625,2.0799995137183274,8.61420739095125,0.364285404419275,0.30698413661024676,0.031243567769694697,10.842197256509609,-20.86535470597979,0.05
NFLX,2026-03-11,0.10137,37,105.0,1.083144,96.94000244140625,1.890000000156551,9.419152207376385,0.37032887171460166,0.2824977023322046,0.029577497146877168,10.434314085946713,-20.334315496816277,0.05
NFLX,2026-03-11,0.10137,37,106.0,1.09346,96.94000244140625,1.640000158831306,10.164096696038058,0.3683609576708827,0.25463951968881265,0.028222854577065342,9.903516822737624,-19.14609133606951,0.05
NFLX,2026-03-11,0.10137,37,108.0,1.114091,96.94000244140625,1.1800000007103257,11.69398519789091,0.36032475065722813,0.2003980619923189,0.025203819693498535,8.651180455234803,-16.287877684342494,0.05
NFLX,2026-03-11,0.10137,37,110.0,1.134722,96.94000244140625,0.9299991662219185,13.433873023376336,0.3669004126341547,0.16350744011368545,0.021791883433758923,7.616542672566852,-14.52976544867401,0.05
NFLX,2026-03-11,0.10137,37,112.0,1.155354,96.94000244140625,0.7199999868092579,15.213762503937502,0.3714231455786277,0.13153878102007832,0.01860411626905288,6.58253112032794,-12.660894316999423,0.05
NFLX,2026-03-11,0.10137,37,114.0,1.175985,96.94000244140625,0.5300000258946884,17.01365120299677,0.3712084695451971,0.10210992612501829,0.015552751935729954,5.499713092852892,-10.538185326469383,0.05
NFLX,2026-03-11,0.10137,37,115.0,1.186301,96.94000244140625,0.46000074198427754,17.93859624907327,0.3725581162616987,0.09041217947192864,0.014170446080456534,5.02912538159273,-9.656837803684907,0.05
NFLX,2026-03-11,0.10137,37,116.0,1.196616,96.94000244140625,0.3799999247529593,18.85353976182887,0.36975851351837624,0.07739819075300276,0.012704425975285863,4.474949529936018,-8.517601753040152,0.05
NFLX,2026-03-11,0.10137,37,118.0,1.217248,96.94000244140625,0.280000500662168,20.743428997711916,0.37153558438694545,0.05938783288867685,0.010304998168364082,3.6472307980104564,-6.957673746950792,0.05
NFLX,2026-03-11,0.10137,37,120.0,1.237879,96.94000244140625,0.20999993137829964,22.663317088401882,0.37496327713300565,0.045958619562557715,0.008330351484053736,2.9755480963155128,-5.71548119337706,0.05
NFLX,2026-03-11,0.10137,37,122.0,1.25851,96.94000244140625,0.17000010614208527,24.61320592313949,0.38352954369779546,0.03750583400617591,0.006907813991437175,2.523796714783732,-4.947641721003977,0.05
NFLX,2026-03-11,0.10137,37,124.0,1.279142,96.94000244140625,0.14999999147486065,26.58309446844609,0.3971872424810069,0.032629333523966256,0.005949747190440925,2.2511721924579047,-4.560924107613257,0.05
NFLX,2026-03-11,0.10137,37,125.0,1.289457,96.94000244140625,0.1199999986453939,27.54803880560354,0.39339408774208817,0.027014808962214597,0.005135954332445106,1.9247037585149467,-3.8596162408915866,0.05
NFLX,2026-03-11,0.10137,37,126.0,1.299773,96.94000244140625,0.1299999544439321,28.552983091388995,0.4088741365132691,0.02806459757935018,0.005101081145680163,1.9868577941891425,-4.13651274821694,0.05
NFLX,2026-03-11,0.10137,37,128.0,1.320404,96.94000244140625,0.100000000043456,30.512871796962344,0.412375909145822,0.022075831434802642,0.004135705649471084,1.624642535219294,-3.406550969978481,0.05
NFLX,2026-03-11,0.10137,37,130.0,1.341036,96.94000244140625,0.0800000021371241,32.48276045902986,0.4181060537732456,0.01787668448498685,0.003410366296229457,1.3583209393549553,-2.8838862081877763,0.05
NFLX,2026-03-11,0.10137,37,132.0,1.361667,96.94000244140625,0.09000000281885479,34.482649119685405,0.4439224239769682,0.018870736521386437,0.003363566514704728,1.422400891346767,-3.2014801487991362,0.05
NFLX,2026-03-11,0.10137,37,134.0,1.382298,96.94000244140625,0.08000000954776731,36.46253778638817,0.4547225453308514,0.01663638735469183,0.0029489165526233314,1.2773910904493566,-2.9416820133820227,0.05
NFLX,2026-03-11,0.10137,37,135.0,1.392614,96.94000244140625,0.07000002780635883,37.44748213463366,0.455330695988429,0.014739333304954586,0.0026544183849209154,1.151360214065538,-2.653767513470525,0.05
NFLX,2026-03-11,0.10137,37,136.0,1.40293,96.94000244140625,0.060000086386495566,38.432426523200704,0.45475464215854106,0.012842596577945974,0.0023600146710546473,1.0223668428054193,-2.352464478138417,0.05
NFLX,2026-03-11,0.10137,37,138.0,1.423561,96.94000244140625,0.03999999611381655,40.40231509290187,0.4486365167767238,0.009002201591176033,0.001755750059957619,0.7503644050298305,-1.702092032403276,0.05
NFLX,2026-03-11,0.10137,37,140.0,1.444192,96.94000244140625,0.029999959395863862,42.38220371615773,0.4494496842318383,0.006917093885448853,0.0013900718006094567,0.5951593011044211,-1.351424026956182,0.05
NFLX,2026-03-11,0.10137,37,142.0,1.464824,96.94000244140625,0.02999994982395926,44.37209236655967,0.4646792917184027,0.006718515342126918,0.0013103587921578814,0.5800406866917698,-1.360517442365499,0.05
NFLX,2026-03-11,0.10137,37,144.0,1.485455,96.94000244140625,0.07000008178132178,46.40198115849084,0.5305188121709764,0.012929225015236705,0.0020347735391785817,1.028328286274286,-2.7500441382861456,0.05
NFLX,2026-03-11,0.10137,37,145.0,1.495771,96.94000244140625,0.05000013984339824,47.376925546539866,0.5164755784334583,0.009757675751697479,0.0016365222818332996,0.8051682214498177,-2.0959461088644535,0.05
NFLX,2026-03-11,0.10137,37,146.0,1.506086,96.94000244140625,0.05999994360486882,48.38186968028823,0.5358805584412915,0.011151118573939484,0.0017718653888378001,0.9045105533948763,-2.4418469282235926,0.05
NFLX,2026-03-11,0.10137,37,148.0,1.526718,96.94000244140625,0.010000000018175942,50.321758396675364,0.4557480796320322,0.0024886728009506365,0.0005494725757260049,0.23855349362778916,-0.5478181144337901,0.05
NFLX,2026-03-11,0.10137,37,150.0,1.547349,96.94000244140625,0.040000012780624594,52.34164706941165,0.5398414682789043,0.00766659392085415,0.0012671959659890804,0.6516658099828379,-1.7703711040883514,0.05
NFLX,2026-03-11,0.10137,37,152.0,1.56798,96.94000244140625,0.050000023650048075,54.34153574025491,0.5685326230625891,0.008982661885404971,0.0013828507455608552,0.7489375583558935,-2.141246173088666,0.05
NFLX,2026-03-11,0.10137,37,154.0,1.588611,96.94000244140625,0.06000001084946338,56.34142438742815,0.5955698455046229,0.010185810407853931,0.0014733935407040789,0.8359231920783724,-2.501985298360541,0.05
NFLX,2026-03-11,0.10137,37,155.0,1.598927,96.94000244140625,0.04000013780490086,57.31636884437049,0.5750516111177831,0.007258847551503771,0.0011336837012835969,0.6210315152790798,-1.7946794158738735,0.05
NFLX,2026-03-11,0.10137,37,156.0,1.609243,96.94000244140625,0.02999999859986957,58.30131303515239,0.5639437230611017,0.005675187535391537,0.0009297917815365167,0.4995010235688392,-1.415426829612341,0.05
NFLX,2026-03-11,0.10137,37,158.0,1.629874,96.94000244140625,0.18999999869480844,60.451201695221144,0.7271537942405945,0.02428379010457004,0.002541395076467981,1.760408152209131,-6.422148473682581,0.05
NFLX,2026-03-11,0.10137,37,160.0,1.650505,96.94000244140625,0.010000044690190474,62.26109040119037,0.5305917531351009,0.0021744216095896263,0.0004176666471630396,0.21110824911197137,-0.5625325011823998,0.05
NFLX,2026-03-11,0.10137,37,162.0,1.671137,96.94000244140625,0.03999999977197699,64.28097901624598,0.621965563979315,0.006783744071739458,0.0009873813520119758,0.5850138837323366,-1.8255882258947966,0.05
NFLX,2026-03-11,0.10137,37,164.0,1.691768,96.94000244140625,0.020000007198954395,66.2508676836468,0.5909451263074347,0.003753825674757098,0.0006136020885989107,0.34542112692940363,-1.0240272254564224,0.05
NFLX,2026-03-11,0.10137,37,166.0,1.712399,96.94000244140625,0.04999999805739175,68.27075633447905,0.6638653057601452,0.007863386777257658,0.0010536981089724969,0.6663633233703781,-2.217601057942969,0.05
NFLX,2026-03-11,0.10137,37,168.0,1.733031,96.94000244140625,0.030000104016319695,70.24064510041183,0.6403733218349534,0.005082685200207989,0.0007423575963638828,0.4528572239266804,-1.4535297564370986,0.05
NFLX,2026-03-11,0.10137,37,170.0,1.753662,96.94000244140625,0.029999999040734915,72.23053365541006,0.6524480384252092,0.00500116432829778,0.0007182030675912122,0.44638346371602766,-1.4592722060461631,0.05
NFLX,2026-03-11,0.10137,37,172.0,1.774293,96.94000244140625,0.030000000003370664,74.22042231634653,0.6643485536590396,0.004923595722565838,0.000695583689227766,0.4402103971531592,-1.464870024998485,0.05
NFLX,2026-03-11,0.10137,37,174.0,1.794925,96.94000244140625,0.01999999280647391,76.20031096912348,0.6494721746888671,0.0034568755890985775,0.0005185023135472809,0.3207939433648578,-1.0434116944489094,0.05
NFLX,2026-03-11,0.120548,44,65.0,0.670518,96.94000244140625,32.48060513659185,0.1500002139629828,0.5936353438598353,0.9808474988126075,0.0023358010332984124,1.5708020557291602,-6.997825425423708,0.05
NFLX,2026-03-11,0.120548,44,70.0,0.722096,96.94000244140625,27.660651331916725,0.3000000645784269,0.5648418181414357,0.9631959366957603,0.004235295482810122,2.7100444986482053,-9.63469710363633,0.05
NFLX,2026-03-11,0.120548,44,75.0,0.773674,96.94000244140625,22.895697464668885,0.5049998526211539,0.5219754874782293,0.9381926083688586,0.006939687847792345,4.103513903570754,-12.286791514275915,0.05
NFLX,2026-03-11,0.120548,44,80.0,0.825253,96.94000244140625,18.3207440957014,0.900000138944236,0.49017421892542057,0.8941777531177177,0.011083992719867437,6.154780398838493,-15.931381749299785,0.05
NFLX,2026-03-11,0.120548,44,85.0,0.876831,96.94000244140625,14.070789967716905,1.6199996662503082,0.46736120575952866,0.8233748993160807,0.01648346227793618,8.72703993540063,-20.20461062576729,0.05
NFLX,2026-03-11,0.120548,44,86.0,0.887147,96.94000244140625,13.10679954718961,1.6499999767811175,0.44540595520195697,0.8134333864930863,0.017899016709224225,9.031316401125906,-19.972028218504068,0.05
NFLX,2026-03-11,0.120548,44,87.0,0.897462,96.94000244140625,12.4828089007963,2.020000061445927,0.45870060431714615,0.7872062882961308,0.018812443459617783,9.77553161608235,-21.790032903536222,0.05
NFLX,2026-03-11,0.120548,44,88.0,0.907778,96.94000244140625,11.628818109327561,2.160000001035314,0.44582617213543924,0.7707764230032785,0.0201975818169266,10.200719390220984,-22.017329587635796,0.05
NFLX,2026-03-11,0.120548,44,89.0,0.918094,96.94000244140625,11.034826618551811,2.5599992413176693,0.4560816890453589,0.7443768142030363,0.020945086119649885,10.821579428061975,-23.52746160618186,0.05
NFLX,2026-03-11,0.120548,44,90.0,0.928409,96.94000244140625,10.2308366238995,2.7499999777234763,0.4445723957676678,0.7249031121033082,0.02230332223900876,11.23253852890311,-23.714472118780364,0.05
NFLX,2026-03-11,0.120548,44,91.0,0.938725,96.94000244140625,9.596848685026487,3.1100027699085615,0.446291974436594,0.7000180906447797,0.02314630148055336,11.70217389010527,-24.575008928312563,0.05
NFLX,2026-03-11,0.120548,44,92.0,0.949041,96.94000244140625,8.792855263619863,3.30000007956005,0.431651112527579,0.6787289842269729,0.024655487683434694,12.056252263576086,-24.435322233575512,0.05
NFLX,2026-03-11,0.120548,44,93.0,0.959356,96.94000244140625,8.148864453930123,3.6500000009284292,0.42858379756269704,0.6531167219897801,0.025593241593688906,12.425872975575505,-24.847050621978912,0.05
NFLX,2026-03-11,0.120548,44,94.0,0.969672,96.94000244140625,7.624870804244182,4.1199970823006,0.43291532781662284,0.6255726032313262,0.0260116243418535,12.756640032006572,-25.5569174607479,0.05
NFLX,2026-03-11,0.120548,44,95.0,0.979988,96.94000244140625,6.760882912359541,4.249999921474071,0.408787135788928,0.6009719028512325,0.02806170901480751,12.995027474059066,-24.60842381047581,0.05
NFLX,2026-03-11,0.120548,44,96.0,0.990303,96.94000244140625,6.29999975411193,4.783107494284565,0.4138298962115907,0.572054614954143,0.02817367349862462,13.20782189999139,-25.128361546375444,0.05
NFLX,2026-03-11,0.120548,44,97.0,1.000619,96.94000244140625,5.550002297426438,5.027100768657192,0.3949295229168976,0.5430040329543201,0.029838329483892066,13.349345412695516,-24.221468618544996,0.05
NFLX,2026-03-11,0.120548,44,98.0,1.010935,96.94000244140625,5.1500026842972275,5.6210918865861,0.40019192504003304,0.5137940803953993,0.029600503587383226,13.41940578816,-24.50755653923571,0.05
NFLX,2026-03-11,0.120548,44,99.0,1.02125,96.94000244140625,4.699999835933568,6.165079769280553,0.3995429976544263,0.4845364302848082,0.029644026574734427,13.417344856282424,-24.348710159957562,0.05
NFLX,2026-03-11,0.120548,44,100.0,1.031566,96.94000244140625,4.2999999435139955,6.759070607919099,0.4005083166977175,0.4559595964581891,0.029414298944172843,13.345532443489052,-24.16462495032821,0.05
NFLX,2026-03-11,0.120548,44,101.0,1.041882,96.94000244140625,4.049996910331515,7.503058305794738,0.4107471213224085,0.43088463702980173,0.02842294030636844,13.225417662046196,-24.417706168160375,0.05
NFLX,2026-03-11,0.120548,44,102.0,1.052197,96.94000244140625,3.6000000010316597,8.047052127552988,0.4038775616847271,0.40139057971379477,0.02844676605264343,13.015129433134568,-23.56814632824988,0.05
NFLX,2026-03-11,0.120548,44,103.0,1.062513,96.94000244140625,3.199999762794967,8.641042620374407,0.39866087218195445,0.3724673756208434,0.02819949824629175,12.735349215313935,-22.7037151131818,0.05
NFLX,2026-03-11,0.120548,44,104.0,1.072829,96.94000244140625,3.349998833678793,9.785032422316348,0.43514951404095054,0.3632223260424938,0.02562179481035259,12.630307275843645,-24.389246748164553,0.05
NFLX,2026-03-11,0.120548,44,105.0,1.083144,96.94000244140625,2.559999912997089,9.989024232692756,0.39454565510554473,0.3189832402525296,0.026893724983367614,12.020266300017987,-21.08889024387834,0.05
NFLX,2026-03-11,0.120548,44,106.0,1.09346,96.94000244140625,2.290000685113892,10.713015735867685,0.3935850483478394,0.2941194096775043,0.02601009942167542,11.597021675160399,-20.243042608749484,0.05
NFLX,2026-03-11,0.120548,44,107.0,1.103776,96.94000244140625,2.000000009989055,11.417005791800946,0.3887904796001665,0.2678590121971952,0.02516681146833959,11.084336000095375,-19.072878266331188,0.05
NFLX,2026-03-11,0.120548,44,108.0,1.114091,96.94000244140625,1.7200025841174238,12.130999096987438,0.38252044257795415,0.24143645976821443,0.02422457380360454,10.497277044511335,-17.739122162119752,0.05
NFLX,2026-03-11,0.120548,44,109.0,1.124407,96.94000244140625,1.7899999979733394,13.194987241901458,0.40814368014175334,0.23759498831889975,0.022505807782165196,10.405753795733041,-18.677697560513817,0.05
NFLX,2026-03-11,0.120548,44,110.0,1.134722,96.94000244140625,1.4700000000185263,13.868977975004768,0.39448126658415417,0.20888544577063872,0.021638482478152546,9.669834668885397,-16.760758112535182,0.05
NFLX,2026-03-11,0.120548,44,111.0,1.145038,96.94000244140625,1.2700002484087456,14.662968954453106,0.39036390356019196,0.18752605929278032,0.020487718584793573,9.0600191785297,-15.514724334570827,0.05
NFLX,2026-03-11,0.120548,44,115.0,1.186301,96.94000244140625,0.7300015747734729,18.098933205050272,0.3840567174154071,0.12113790595848783,0.015578502221537009,6.777771617822075,-11.347391529981747,0.05
NFLX,2026-03-11,0.120548,44,120.0,1.237879,96.94000244140625,0.3499992874349793,22.688884573002355,0.3795903688580473,0.06583342232766852,0.010022879231704076,4.309963050138618,-7.087361338821261,0.05
NFLX,2026-03-11,0.120548,44,125.0,1.289457,96.94000244140625,0.25000007343505715,27.558839014293,0.4080955021375453,0.04639950642324989,0.007072855222455182,3.2698094245474274,-5.7471029486795775,0.05
NFLX,2026-03-11,0.120548,44,130.0,1.341036,96.94000244140625,0.20999999279991366,32.48879258894843,0.4445126962822549,0.03712150637777819,0.0054197031975093705,2.729138262296994,-5.201187738779042,0.05
NFLX,2026-03-11,0.178082,65,49.0,0.505467,96.94000244140625,48.474367126109556,0.10000000003080345,0.7401818169428706,0.9910810708005346,0.0007963928324649986,0.9864891198646462,-4.430176159727538,0.05
NFLX,2026-03-11,0.178082,65,50.0,0.515783,96.94000244140625,47.44323159437081,0.05999988289057967,0.6738151251385206,0.9938228720021717,0.0006329434564268781,0.713727145117991,-3.7951737956144838,0.05
NFLX,2026-03-11,0.178082,65,51.0,0.526099,96.94000244140625,46.40209627447799,0.009999977596280019,0.5403109763650897,0.99851047202401,0.0002193611502625455,0.19834901580415207,-2.8205763729297444,0.05
NFLX,2026-03-11,0.178082,65,52.0,0.536414,96.94000244140625,45.70096062607579,0.2999997437926041,0.8091497355228052,0.9783541092822765,0.0015640285356970276,2.117873975898972,-7.268512656786852,0.05
NFLX,2026-03-11,0.178082,65,53.0,0.54673,96.94000244140625,44.51982560026294,0.11000013257827135,0.6722851498183796,0.9893188952963856,0.0010263955166037284,1.154768182908731,-4.748943124801729,0.05
NFLX,2026-03-11,0.178082,65,54.0,0.557046,96.94000244140625,43.57869025265567,0.1600001995695166,0.6909777847682773,0.9854797647013007,0.001302806496066526,1.5065048877913008,-5.520385370938741,0.05
NFLX,2026-03-11,0.178082,65,55.0,0.567361,96.94000244140625,42.52755461136823,0.09999997288060314,0.6269932446799238,0.9894997790900061,0.0010842854613612373,1.13771383976941,-4.672563939074866,0.05
NFLX,2026-03-11,0.178082,65,56.0,0.577677,96.94000244140625,41.5564191322939,0.11999990840478603,0.6254190894220409,0.9876110961649676,0.0012550038234448852,1.3135382584200144,-5.015682793579909,0.05
NFLX,2026-03-11,0.178082,65,57.0,0.587993,96.94000244140625,40.555283771523825,0.10999996223323905,0.5999670570851131,0.9880646792329006,0.0012666259702889251,1.271751732775206,-4.9036803378671365,0.05
NFLX,2026-03-11,0.178082,65,58.0,0.598308,96.94000244140625,39.65414835165699,0.19999995696492334,0.638923122447744,0.9809088569658102,0.0017807044323262867,1.904000201212939,-6.187343009566729,0.05
NFLX,2026-03-11,0.178082,65,59.0,0.608624,96.94000244140625,38.61301304067019,0.1500000605766445,0.592554192376524,0.9840797133308752,0.0016442138604242987,1.630470422425507,-5.551813536987138,0.05
NFLX,2026-03-11,0.178082,65,60.0,0.61894,96.94000244140625,37.6518771544944,0.1799995889993724,0.5920191819462314,0.9812760067221379,0.0018902996028177144,1.8728067517772187,-5.986644875970172,0.05
NFLX,2026-03-11,0.178082,65,61.0,0.629255,96.94000244140625,36.69074214878404,0.20999999788753598,0.589289356086402,0.9784563316498546,0.0021389848542411665,2.109418988316155,-6.3981656778893345,0.05
NFLX,2026-03-11,0.178082,65,62.0,0.639571,96.94000244140625,35.70960672714766,0.21999999084967214,0.5761151779684199,0.9770664245122977,0.0023064137892335676,2.223684084620748,-6.547290169734077,0.05
NFLX,2026-03-11,0.178082,65,63.0,0.649887,96.94000244140625,34.77847131925459,0.27999999755513016,0.5829689061612751,0.9719962144594161,0.002694425272154022,2.6286821706570542,-7.274962119026711,0.05
NFLX,2026-03-11,0.178082,65,64.0,0.660202,96.94000244140625,33.75733588907556,0.24999998197461792,0.5535061050191586,0.9733517421243207,0.002722807266290672,2.5221206685167084,-6.94953347598581,0.05
NFLX,2026-03-11,0.178082,65,65.0,0.670518,96.94000244140625,32.81620049220234,0.29999999969992075,0.5543790797616561,0.968808473290229,0.0030986049207242655,2.8747467011646717,-7.529622396151357,0.05
NFLX,2026-03-11,0.178082,65,66.0,0.680833,96.94000244140625,31.89506508548373,0.37000000757983287,0.5590508210020505,0.9628886777044593,0.003544709577009506,3.3163357533305184,-8.277830456026575,0.05
NFLX,2026-03-11,0.178082,65,67.0,0.691149,96.94000244140625,30.853929576886763,0.319999913581384,0.5257403752537722,0.9653199384220774,0.0035657626617792595,3.1372585290068016,-7.767170679389522,0.05
NFLX,2026-03-11,0.178082,65,68.0,0.701465,96.94000244140625,29.982794251212738,0.4400000025058688,0.5423591993911704,0.9556780431671293,0.004220238656746862,3.8304567852849467,-8.965966252483522,0.05
NFLX,2026-03-11,0.178082,65,69.0,0.71178,96.94000244140625,29.061658829732153,0.509999995623815,0.5414048161044577,0.9496319484209881,0.0046839519387624085,4.243860402486881,-9.600867522164183,0.05
NFLX,2026-03-11,0.178082,65,70.0,0.722096,96.94000244140625,28.07052338295663,0.509999963446802,0.5230889362065827,0.9479950832303248,0.0049729097718279915,4.353240477927916,-9.584891920280253,0.05
NFLX,2026-03-11,0.178082,65,71.0,0.732412,96.94000244140625,27.20938779361505,0.6399997887037472,0.5324136341782788,0.9379771056795021,0.005612938272299031,5.001105076285349,-10.661826009346724,0.05
NFLX,2026-03-11,0.178082,65,72.0,0.742727,96.94000244140625,26.23825210159403,0.6599995112812422,0.5176402431688953,0.9346765714308553,0.006010774324888367,5.206969095263654,-10.786141106553442,0.05
NFLX,2026-03-11,0.178082,65,73.0,0.753043,96.94000244140625,25.25711618337931,0.669999007665055,0.5009410643357394,0.9318262588696986,0.006419847777092339,5.381928323239848,-10.823325791968381,0.05
NFLX,2026-03-11,0.178082,65,74.0,0.763359,96.94000244140625,24.335982138793952,0.7400003776782142,0.4948718198357155,0.9250765202438099,0.0069868652316445075,5.786309172454601,-11.306821460077321,0.05
NFLX,2026-03-11,0.178082,65,75.0,0.773674,96.94000244140625,23.50484632555434,0.8999999790371191,0.5020080057511069,0.9129630136008318,0.00771268782258482,6.4795215889505835,-12.38267163399865,0.05
NFLX,2026-03-11,0.178082,65,76.0,0.78399,96.94000244140625,22.593712320088088,0.9800013881693843,0.49467907141122675,0.9053751743824721,0.008327813672574414,6.8941556036926785,-12.834006346690776,0.05
NFLX,2026-03-11,0.178082,65,77.0,0.794306,96.94000244140625,21.70257559231834,1.0800000749981535,0.48921889799026935,0.8964929705739715,0.008991967303240655,7.361808038346902,-13.372176602373084,0.05
NFLX,2026-03-11,0.178082,65,78.0,0.804621,96.94000244140625,20.81144010281548,1.1800000000938269,0.48267748821359563,0.8873952179029325,0.009683801615123985,7.82221002824039,-13.861368965738187,0.05
NFLX,2026-03-11,0.178082,65,79.0,0.814937,96.94000244140625,19.920304352213776,1.2799996640906386,0.4751709873664517,0.8780366739172425,0.010409114043737153,8.2773291915121,-14.302894339672282,0.05
NFLX,2026-03-11,0.178082,65,80.0,0.825253,96.94000244140625,19.029169269206918,1.3799999956822973,0.4667902070324011,0.8683709612426016,0.011173932976026707,8.728795987031035,-14.697524286795474,0.05
NFLX,2026-03-11,0.178082,65,81.0,0.835568,96.94000244140625,18.22803388073369,1.5700000218075871,0.4673163433660388,0.8542172399242445,0.011965639721537556,9.357793061715904,-15.50716719511735,0.05
NFLX,2026-03-11,0.178082,65,82.0,0.845884,96.94000244140625,17.336898444444927,1.670000000117355,0.45694237008551636,0.8438909349222492,0.012807653363018324,9.79394227039989,-15.78866781646605,0.05
NFLX,2026-03-11,0.178082,65,83.0,0.8562,96.94000244140625,16.48576254645822,1.8099995167291638,0.44979887397454743,0.8314045994189003,0.013679424322882253,10.29704782614542,-16.209639212732853,0.05
NFLX,2026-03-11,0.178082,65,84.0,0.866515,96.94000244140625,15.694627612833486,2.0099999977029483,0.4472149197752727,0.8161323037375846,0.014534776921059972,10.878053722953247,-16.830001932914538,0.05
NFLX,2026-03-11,0.178082,65,85.0,0.876831,96.94000244140625,14.873492492867221,2.180000292335208,0.44058038367830427,0.8017292474776064,0.015452140213214933,11.393058882063158,-17.235682232194463,0.05
NFLX,2026-03-11,0.178082,65,86.0,0.887147,96.94000244140625,14.122356789710466,2.4200000037769627,0.43875122844841935,0.7844776571327126,0.016302178312625336,11.969900198586213,-17.841707552976306,0.05
NFLX,2026-03-11,0.178082,65,87.0,0.897462,96.94000244140625,13.311221371372326,2.6000000000373547,0.43063100079893935,0.7688841392235175,0.01728329873357164,12.455422750946942,-18.120814871830074,0.05
NFLX,2026-03-11,0.178082,65,88.0,0.907778,96.94000244140625,12.600085506419312,2.87999954968285,0.4292309995350833,0.7498087525514697,0.01810479879122377,13.005029064074348,-18.67731109226183,0.05
NFLX,2026-03-11,0.178082,65,89.0,0.918094,96.94000244140625,11.978950536312446,3.249999994174516,0.4329655070944349,0.7283401350194517,0.018725120423566135,13.567644734581076,-19.424606401482663,0.05
NFLX,2026-03-11,0.178082,65,90.0,0.928409,96.94000244140625,11.237812051806685,3.499996924267265,0.42629742858430614,0.7096498996152729,0.019639552177815604,14.011055022802603,-19.647782591399018,0.05
NFLX,2026-03-11,0.178082,65,91.0,0.938725,96.94000244140625,10.596679779177478,3.850000066236589,0.4253946104567106,0.688498752209239,0.020315467515738525,14.462565845982057,-20.08107809284044,0.05
NFLX,2026-03-11,0.178082,65,92.0,0.949041,96.94000244140625,9.825544300808232,4.070000002465861,0.4142385733926104,0.6691427454633924,0.021393110609586236,14.83033696440761,-20.000547245286082,0.05
NFLX,2026-03-11,0.178082,65,93.0,0.959356,96.94000244140625,9.314408883756933,4.550000000013071,0.4191840354740445,0.6455541030965127,0.021698249093721683,15.221448045662752,-20.57800826772309,0.05
NFLX,2026-03-11,0.178082,65,94.0,0.969672,96.94000244140625,8.623273092773552,4.8499996236282215,0.41080381171394276,0.6238825082160258,0.022585041069271186,15.526797682329523,-20.50156955529152,0.05
NFLX,2026-03-11,0.178082,65,95.0,0.979988,96.94000244140625,8.032138053631257,5.2499999990844515,0.40754550560612096,0.6007571342914564,0.02316149717506093,15.796805904890967,-20.58595373946181,0.05
NFLX,2026-03-11,0.178082,65,96.0,0.990303,96.94000244140625,7.5909993343004345,5.799996694352146,0.4122476475692401,0.5769814206535799,0.02321406092207317,16.01532848551214,-20.954254011304975,0.05
NFLX,2026-03-11,0.178082,65,97.0,1.000619,96.94000244140625,6.900000000200556,6.100132774850778,0.39992942893224914,0.5530921750575716,0.024168220495028328,16.175383360305194,-20.498832593603833,0.05
NFLX,2026-03-11,0.178082,65,98.0,1.010935,96.94000244140625,6.349998619088979,6.541266808337724,0.39499011128584466,0.5285068957572667,0.024626343223054525,16.278436731835107,-20.297133524507583,0.05
NFLX,2026-03-11,0.178082,65,99.0,1.02125,96.94000244140625,5.899996799192174,7.082400403039429,0.3947457426461611,0.5041939972863128,0.02470332083665307,16.319217794329415,-20.235818817848575,0.05
NFLX,2026-03-11,0.178082,65,100.0,1.031566,96.94000244140625,5.409998950180118,7.583537968625919,0.3905949303827386,0.4792204825981341,0.02493334440662109,16.29797634168189,-19.925789721788494,0.05
NFLX,2026-03-11,0.178082,65,101.0,1.041882,96.94000244140625,4.799999950279215,7.964674383323526,0.3775668246394039,0.4514689079502217,0.025637374148071306,16.199212921645376,-19.12091728009621,0.05
NFLX,2026-03-11,0.178082,65,102.0,1.052197,96.94000244140625,4.5899978893224045,8.745807736965233,0.3877844210557197,0.4306622553160305,0.024767374165030533,16.072997147764557,-19.35786727235469,0.05
NFLX,2026-03-11,0.178082,65,103.0,1.062513,96.94000244140625,4.120000000350707,9.266945262592046,0.380423612145413,0.40439919741126973,0.024895152456853236,15.849253069399659,-18.68290747766729,0.05
NFLX,2026-03-11,0.178082,65,104.0,1.072829,96.94000244140625,3.7000000331515324,9.838080709991402,0.3746263341221879,0.378545782714239,0.024815581972234862,15.557840404067885,-18.014099929239954,0.05
NFLX,2026-03-11,0.178082,65,105.0,1.083144,96.94000244140625,3.5899991702077756,10.71921526164617,0.38748566026135156,0.3623353880843528,0.023653836671738072,15.338531186484557,-18.264149117499635,0.05
NFLX,2026-03-11,0.178082,65,106.0,1.09346,96.94000244140625,3.0999999956153204,11.220351501652232,0.37412489361187234,0.33338742719303294,0.023758638567947497,14.875264679963134,-17.08631726807036,0.05
NFLX,2026-03-11,0.178082,65,107.0,1.103776,96.94000244140625,2.9099998603142225,12.021486780949658,0.37935471918250224,0.3152210103556239,0.022897602196092166,14.536573279600038,-16.865445137586867,0.05
NFLX,2026-03-11,0.178082,65,108.0,1.114091,96.94000244140625,2.520000000024588,12.62262233525854,0.36932174606189794,0.28837001308782106,0.02259659687211697,13.966077984368551,-15.75373988856473,0.05
NFLX,2026-03-11,0.178082,65,109.0,1.124407,96.94000244140625,2.3400000035385204,13.433757753370998,0.3727658239306387,0.2708846315741792,0.02171816860652603,13.548332098219834,-15.375821225051439,0.05
NFLX,2026-03-11,0.178082,65,110.0,1.134722,96.94000244140625,2.200000132701902,14.284893297132896,0.3781838089427012,0.25579873027083144,0.02078965031756379,13.157599441704217,-15.100908330160841,0.05
NFLX,2026-03-11,0.178082,65,111.0,1.145038,96.94000244140625,1.899999990246144,14.976028569275655,0.3700299120960582,0.23200807091574038,0.020157090543808046,12.482202502610416,-13.997679514724027,0.05
NFLX,2026-03-11,0.178082,65,112.0,1.155354,96.94000244140625,1.7599992972477594,15.827163290875788,0.37319763104383497,0.21720975185036057,0.01925242983610818,12.02405550760423,-13.563911085077164,0.05
NFLX,2026-03-11,0.178082,65,114.0,1.175985,96.94000244140625,1.430000720120944,17.47943554294602,0.37200015918255647,0.18474694084144977,0.01752551082754631,10.910392034890355,-12.219458135027713,0.05
NFLX,2026-03-11,0.178082,65,115.0,1.186301,96.94000244140625,1.31999995962296,18.360570197046556,0.3747263656923619,0.17233547981904185,0.016652304400386828,10.442756153154304,-11.756304419087392,0.05
NFLX,2026-03-11,0.178082,65,116.0,1.196616,96.94000244140625,1.2200012468504156,19.251706898872527,0.37754343335519774,0.1608222935498193,0.015806567068511693,9.986907426285242,-11.304885084793483,0.05
NFLX,2026-03-11,0.178082,65,118.0,1.217248,96.94000244140625,0.9499999765931566,20.963976457812322,0.3726497933064297,0.13245069804119913,0.01405693461338272,8.76633482402298,-9.766581581382018,0.05
NFLX,2026-03-11,0.178082,65,120.0,1.237879,96.94000244140625,0.7600000053420821,22.756247315758273,0.37180787387662284,0.11031026333807076,0.01238755503693464,7.707805100844208,-8.543022004075825,0.05
NFLX,2026-03-11,0.178082,65,122.0,1.25851,96.94000244140625,0.6900000794149648,24.668518219028215,0.38336718039003964,0.09934127906594531,0.0111364717609947,7.144783866459481,-8.137488807511575,0.05
NFLX,2026-03-11,0.178082,65,124.0,1.279142,96.94000244140625,0.5599999941185283,26.520788962928805,0.383884918251385,0.08321954690700928,0.009752545984580393,6.2653538219057054,-7.128356050499217,0.05
NFLX,2026-03-11,0.178082,65,125.0,1.289457,96.94000244140625,0.5199999720386668,27.471924355447456,0.3868783806648802,0.07766276831175276,0.00918477140256989,5.946608645873056,-6.8098485875588946,0.05
NFLX,2026-03-11,0.178082,65,126.0,1.299773,96.94000244140625,0.6600000981621941,28.603059896169526,0.4186941198457604,0.0892844515889854,0.009424823659037537,6.603841478348772,-8.163001760635224,0.05
NFLX,2026-03-11,0.178082,65,128.0,1.320404,96.94000244140625,0.3999998015596704,30.325330428764033,0.3920846156904981,0.061384198309784345,0.007560488672637228,4.9608513529271505,-5.738697119828093,0.05
NFLX,2026-03-11,0.178082,65,130.0,1.341036,96.94000244140625,0.36999998448382954,32.277601440885235,0.40299588285226895,0.05613211597540525,0.006857076590266402,4.624514595287273,-5.486157180400773,0.05
NFLX,2026-03-11,0.178082,65,132.0,1.361667,96.94000244140625,0.29000025256252027,34.179872538160964,0.40067784758582015,0.04565179882532295,0.005850095715066535,3.922697771212103,-4.619731234082638,0.05
NFLX,2026-03-11,0.178082,65,134.0,1.382298,96.94000244140625,0.34000000105628114,36.21214311585176,0.4289403706139889,0.04958959322298206,0.005839062873445444,4.191472481109398,-5.271287627466792,0.05
NFLX,2026-03-11,0.178082,65,135.0,1.392614,96.94000244140625,0.2099999846911329,37.07327851408513,0.4010017259261791,0.0343900370202549,0.004642814887236974,3.115689387441797,-3.66411036026312,0.05
NFLX,2026-03-11,0.178082,65,136.0,1.40293,96.94000244140625,0.26999996730314013,38.12441391129565,0.4264198429881882,0.04075521244313406,0.005015575249634859,3.579189571306423,-4.469245683497313,0.05
NFLX,2026-03-11,0.178082,65,138.0,1.423561,96.94000244140625,0.16999986259465683,40.006684635784225,0.40872838782619764,0.028088773206167556,0.0038527660338300886,2.6353237961412885,-3.1519005325512754,0.05
NFLX,2026-03-11,0.178082,65,140.0,1.444192,96.94000244140625,0.16000000000896053,41.97895560239557,0.4186631400945095,0.02609038535226925,0.0035366728540429803,2.47791360548908,-3.031191240981421,0.05
NFLX,2026-03-11,0.178082,65,142.0,1.464824,96.94000244140625,0.12000000054787985,43.92122643213152,0.4141333838763336,0.020379972447458188,0.0029039243026095355,2.012575016293258,-2.432921676281767,0.05
NFLX,2026-03-11,0.178082,65,144.0,1.485455,96.94000244140625,0.16000000018057836,45.94349726096125,0.4454351850109987,0.02477377787932533,0.0031830210767714775,2.3727423303511,-3.0795366997787443,0.05
NFLX,2026-03-11,0.178082,65,145.0,1.495771,96.94000244140625,0.14000000091223042,46.91463267629142,0.4430802518383618,0.022094402133391495,0.0029061159375031514,2.154873969125175,-2.7808259300671483,0.05
NFLX,2026-03-11,0.178082,65,146.0,1.506086,96.94000244140625,0.23000014947206004,47.9957682394498,0.4851299028849004,0.031835891786904935,0.0036012697360138417,2.9237500422059415,-4.125235329463809,0.05
NFLX,2026-03-11,0.178082,65,148.0,1.526718,96.94000244140625,0.1700000001698747,49.91803891934465,0.4754755110652152,0.024762196307466833,0.002980749874202141,2.3718118417722134,-3.2778649329801266,0.05
NFLX,2026-03-11,0.178082,65,150.0,1.547349,96.94000244140625,0.10000003230333832,51.83030978067515,0.4526875703734577,0.016054873194003873,0.0021678126206903787,1.6422786812371826,-2.1601663424172703,0.05
NFLX,2026-03-11,0.178082,65,152.0,1.56798,96.94000244140625,0.14000000054175232,53.85258057811059,0.48648511623051194,0.020431910167215288,0.002477380827591403,2.0169209399060373,-2.8469468289356024,0.05
NFLX,2026-03-11,0.178082,65,154.0,1.588611,96.94000244140625,0.1500000064845881,55.84485141325047,0.5033169689326197,0.021123220098695106,0.002462957573198532,2.0745554534737156,-3.026561337723701,0.05
NFLX,2026-03-11,0.178082,65,155.0,1.598927,96.94000244140625,0.08000007060427916,56.76598689196871,0.4678854419525135,0.012768164065589477,0.001721919249575312,1.348276169288018,-1.8290885110973794,0.05
NFLX,2026-03-11,0.178082,65,156.0,1.609243,96.94000244140625,0.0999999983325841,57.77712223429552,0.48723636229568007,0.015088038629425905,0.0019095523672101925,1.5570329736224513,-2.1981680708959503,0.05
NFLX,2026-03-11,0.178082,65,158.0,1.629874,96.94000244140625,0.1699999710596929,59.82939303621967,0.5362171271079001,0.02241065240183783,0.0024303137880618245,2.180868989457856,-3.3834940210353017,0.05
NFLX,2026-03-11,0.178082,65,160.0,1.650505,96.94000244140625,0.11999996608932362,61.76166386044633,0.5217571250710181,0.016782997034756646,0.001953641066352205,1.705845558481915,-2.5742974377499483,0.05
NFLX,2026-03-11,0.178082,65,162.0,1.671137,96.94000244140625,0.300000112121638,63.92393483567568,0.6096087942883348,0.03341157576173305,0.0029823945192672743,3.0425859886026694,-5.354617592737207,0.05
NFLX,2026-03-11,0.178082,65,164.0,1.691768,96.94000244140625,0.1300000217025199,65.73620557445362,0.5493604744946774,0.01727397097532582,0.0019017800521634056,1.7484138661330848,-2.774041991847532,0.05
NFLX,2026-03-11,0.178082,65,165.0,1.702084,96.94000244140625,0.11000000346133931,66.70734097081096,0.5425522570880432,0.01501924141878463,0.001708141838650329,1.5509294748233255,-2.4298598402761518,0.05
NFLX,2026-03-11,0.178082,65,166.0,1.712399,96.94000244140625,0.049999968649204196,67.63847635059734,0.49777414445499624,0.007905225351642375,0.0010652096864197053,0.887348023831967,-1.2759712431952361,0.05
NFLX,2026-03-11,0.178082,65,168.0,1.733031,96.94000244140625,0.05999997210978936,69.63074718325497,0.518125395623149,0.009019253596245263,0.0011489112374211403,0.9962031292759717,-1.4899295652469031,0.05
NFLX,2026-03-11,0.178082,65,170.0,1.753662,96.94000244140625,0.11000000007614608,71.66301804041835,0.5683469424594761,0.014446384756261891,0.0015769729589505384,1.4999069557433478,-2.4579881615864063,0.05
NFLX,2026-03-11,0.178082,65,172.0,1.774293,96.94000244140625,0.1300000000486461,73.66528886958788,0.5911351828639414,0.0162514129114957,0.0016774946194703653,1.659489423749185,-2.8265678553525895,0.05
NFLX,2026-03-11,0.178082,65,174.0,1.794925,96.94000244140625,0.049999965191753426,75.56755966392807,0.5355407707809451,0.007425999372203134,0.0009370559969575867,0.8398169360968147,-1.2962708707143265,0.05
NFLX,2026-03-11,0.271233,99,49.0,0.505467,96.94000244140625,48.700037294552416,0.10000000000293596,0.6034499753610512,0.9911351824641139,0.0007873134461362214,1.2109809890394265,-3.716150452934163,0.05
NFLX,2026-03-11,0.271233,99,50.0,0.515783,96.94000244140625,47.86350751330228,0.2500001197090569,0.6746554577153198,0.9820729666994684,0.0012951808971719172,2.227208375420087,-5.136873698508396,0.05
NFLX,2026-03-11,0.271233,99,51.0,0.526099,96.94000244140625,46.886977489551015,0.25999999691405407,0.6613136235685331,0.9810715825750372,0.001383918239803529,2.3327397277219015,-5.254720787823603,0.05
NFLX,2026-03-11,0.271233,99,52.0,0.536414,96.94000244140625,46.140447085304444,0.49999949362374707,0.7256508816219505,0.9694619823233626,0.0018848321301747162,3.4861718078204778,-7.0553763092074275,0.05
NFLX,2026-03-11,0.271233,99,53.0,0.54673,96.94000244140625,45.16391769074244,0.5100000000179961,0.709528448711232,0.9682349277540314,0.0019915167585175544,3.6016554286506874,-7.145692974011037,0.05
NFLX,2026-03-11,0.271233,99,54.0,0.557046,96.94000244140625,43.86738778830124,0.19999999853305894,0.5839531233885314,0.9830211759879363,0.0014285075966427513,2.126223543428047,-4.860169880245508,0.05
NFLX,2026-03-11,0.271233,99,55.0,0.567361,96.94000244140625,42.88085787895881,0.19999999014689251,0.5680147607521474,0.9825549804848152,0.0015029755938047633,2.1760052196645265,-4.896891750487384,0.05
NFLX,2026-03-11,0.271233,99,56.0,0.577677,96.94000244140625,41.91432795952692,0.21999997167126395,0.5610635100421653,0.9807954606134894,0.0016514067063681664,2.3616441059530957,-5.10080942549526,0.05
NFLX,2026-03-11,0.271233,99,57.0,0.587993,96.94000244140625,40.94779803770257,0.23999995080317404,0.5535077478181576,0.9789921001709352,0.0018063513082758444,2.5484393664060745,-5.298098265356105,0.05
NFLX,2026-03-11,0.271233,99,58.0,0.598308,96.94000244140625,39.9812681382132,0.2599999522700642,0.5454441801796978,0.9771400052680169,0.0019686093969723995,2.7368957102199745,-5.489057047538896,0.05
NFLX,2026-03-11,0.271233,99,59.0,0.608624,96.94000244140625,39.06473828390488,0.32999999891800513,0.5532122706411415,0.972228173083722,0.0022848078768813824,3.221735441022297,-6.044712786884073,0.05
NFLX,2026-03-11,0.271233,99,60.0,0.61894,96.94000244140625,38.03820837221217,0.28999998818155603,0.5248481428461969,0.9738957133071865,0.0022869596486315073,3.0594302013200974,-5.778631589620569,0.05
NFLX,2026-03-11,0.271233,99,61.0,0.629255,96.94000244140625,36.7916785161091,0.030000033034745854,0.36749742429599147,0.9951564746103151,0.0007575794862038392,0.7096282375803149,-3.4646825097978926,0.05
NFLX,2026-03-11,0.271233,99,62.0,0.639571,96.94000244140625,36.145148555351156,0.3699999732330639,0.5177643234819596,0.9673103982136992,0.002794511115825222,3.6879612257610583,-6.40132438952288,0.05
NFLX,2026-03-11,0.271233,99,63.0,0.649887,96.94000244140625,35.3086190489574,0.5200003677955607,0.5384292236323515,0.9577751115774754,0.0033123433547858393,4.545821259135968,-7.388900580459447,0.05
NFLX,2026-03-11,0.271233,99,64.0,0.660202,96.94000244140625,34.24208878022794,0.4400000000223656,0.5044682285354937,0.9610804311717791,0.003308972017198758,4.254762244746849,-6.902985942052188,0.05
NFLX,2026-03-11,0.271233,99,65.0,0.670518,96.94000244140625,33.33555883985173,0.5199999606024193,0.506638902727811,0.9552628408822593,0.0036883051938640075,4.7629252685611325,-7.41174166750936,0.05
NFLX,2026-03-11,0.271233,99,66.0,0.680833,96.94000244140625,32.3890286774059,0.5599996991128506,0.4990932542526075,0.9516588052769301,0.003984286151179917,5.068513465759148,-7.656502654632066,0.05
NFLX,2026-03-11,0.271233,99,67.0,0.691149,96.94000244140625,31.47249807492637,0.629998997589567,0.4965877030065754,0.9463100162376592,0.004353266450283645,5.510101431464049,-8.05723452619191,0.05
NFLX,2026-03-11,0.271233,99,68.0,0.701465,96.94000244140625,30.625967879615303,0.7699987032347764,0.5044631604604798,0.9373159090869685,0.004839945266057729,6.223264927765054,-8.799164261341687,0.05
NFLX,2026-03-11,0.271233,99,69.0,0.71178,96.94000244140625,29.579439274948264,0.7099999995240012,0.4787765979652492,0.9385320429461278,0.005022250953619956,6.128860086863178,-8.479383343558027,0.05
NFLX,2026-03-11,0.271233,99,70.0,0.722096,96.94000244140625,28.72290937448767,0.840000000019657,0.48297358944329893,0.9297772605197927,0.005519961151717788,6.795286732194521,-9.120533354218864,0.05
NFLX,2026-03-11,0.271233,99,71.0,0.732412,96.94000244140625,27.76637947364224,0.8700000001305028,0.4712557878123664,0.9260256354979,0.005887494930681959,7.071892105331933,-9.2436858854201,0.05
NFLX,2026-03-11,0.271233,99,72.0,0.742727,96.94000244140625,26.949849557680686,1.0399999851252062,0.4778550800068634,0.9152865657686029,0.006433749196262424,7.836257835207456,-9.991817776716996,0.05
NFLX,2026-03-11,0.271233,99,73.0,0.753043,96.94000244140625,25.953319658663062,1.0299999870638317,0.4602848142214391,0.9130269988277053,0.006812245070277851,7.992180669919697,-9.909179926840904,0.05
NFLX,2026-03-11,0.271233,99,74.0,0.763359,96.94000244140625,25.196789779223955,1.2600000085810024,0.47105166708709023,0.899487963805146,0.007407117720365281,8.893366185513583,-10.822558393581291,0.05
NFLX,2026-03-11,0.271233,99,75.0,0.773674,96.94000244140625,24.200259872588212,1.2500000029015155,0.45330104336415394,0.8966021328466982,0.007857378652622466,9.078472535542973,-10.722068115685488,0.05
NFLX,2026-03-11,0.271233,99,76.0,0.78399,96.94000244140625,23.473729920413554,1.509999951683099,0.4637513337714816,0.881895986585755,0.008448411535071974,9.986392131662045,-11.638181513045645,0.05
NFLX,2026-03-11,0.271233,99,77.0,0.794306,96.94000244140625,22.517200060380688,1.5399999926064964,0.4496611392506939,0.8766418753275357,0.008984247155550155,10.297111846853536,-11.65871332965251,0.05
NFLX,2026-03-11,0.271233,99,78.0,0.804621,96.94000244140625,21.77067018227168,1.7800000154537656,0.45487799226328823,0.8628713818149174,0.009556052463672778,11.07954265109163,-12.384418539724155,0.05
NFLX,2026-03-11,0.271233,99,79.0,0.814937,96.94000244140625,21.024142848057885,2.020002582196227,0.45821675114987775,0.8493606961025515,0.010107352759662952,11.804749290396344,-13.037027395763895,0.05
NFLX,2026-03-11,0.271233,99,80.0,0.825253,96.94000244140625,20.05760965441361,2.039999289508202,0.4420903994760871,0.8433248552231049,0.010752124444714465,12.11584611937906,-12.958701186324413,0.05
NFLX,2026-03-11,0.271233,99,81.0,0.835568,96.94000244140625,19.251080452233843,2.2199999882847123,0.4386901261715249,0.8314425151558728,0.011363303656895436,12.706058622202592,-13.342792383897056,0.05
NFLX,2026-03-11,0.271233,99,82.0,0.845884,96.94000244140625,18.364552816316916,2.3200022533240343,0.42833259510543537,0.8218996143850639,0.01205339957659497,13.159490082930272,-13.456292951964892,0.05
NFLX,2026-03-11,0.271233,99,83.0,0.8562,96.94000244140625,17.558020775600262,2.5000001135636296,0.4234427334888891,0.8094188617477367,0.012717452704231798,13.725974840596388,-13.759695574837366,0.05
NFLX,2026-03-11,0.271233,99,84.0,0.866515,96.94000244140625,16.84149076272236,2.7700000016420034,0.4240373170643345,0.7940651327177557,0.013307775944423944,14.38328020271137,-14.249952968825768,0.05
NFLX,2026-03-11,0.271233,99,85.0,0.876831,96.94000244140625,16.054960860146423,2.970000000022324,0.4187224857997801,0.7805255193666543,0.013987246168459923,14.928180742763637,-14.503334024508591,0.05
NFLX,2026-03-11,0.271233,99,86.0,0.887147,96.94000244140625,15.29843019605525,3.1999992368874075,0.41457071485967434,0.7658892864180753,0.014651457643229953,15.482027591676465,-14.779234181462328,0.05
NFLX,2026-03-11,0.271233,99,87.0,0.897462,96.94000244140625,14.611901031085125,3.499999972873553,0.41392003668107946,0.7493825256638917,0.015226470086553985,16.06438360780145,-15.159339626932349,0.05
NFLX,2026-03-11,0.271233,99,88.0,0.907778,96.94000244140625,13.865371156291559,3.739999999036243,0.408559274870292,0.7339653800456565,0.015911028642060548,16.569206645977854,-15.34339614374447,0.05
NFLX,2026-03-11,0.271233,99,89.0,0.918094,96.94000244140625,13.238840393140364,4.099999136841305,0.40942156109231753,0.715996754678464,0.016397164969086123,17.111491218198076,-15.723251449882712,0.05
NFLX,2026-03-11,0.271233,99,90.0,0.928409,96.94000244140625,12.652311374963254,4.500000019620458,0.41139980236640034,0.6974648571009516,0.016803629685052675,17.620391906011136,-16.111099698604843,0.05
NFLX,2026-03-11,0.271233,99,91.0,0.938725,96.94000244140625,12.065781454827658,4.900000000441125,0.4121951579301363,0.6790578127249718,0.017205490103806172,18.07666529410619,-16.42374349913807,0.05
NFLX,2026-03-11,0.271233,99,92.0,0.949041,96.94000244140625,11.379254737805702,5.200003184375419,0.40648470540343745,0.6616528772267293,0.017821164122543406,18.464122034763538,-16.47375000206555,0.05
NFLX,2026-03-11,0.271233,99,93.0,0.959356,96.94000244140625,10.642721324626095,5.4499996721520745,0.397298305113797,0.644134240534547,0.018576629643529703,18.811872124533277,-16.36767253763049,0.05
NFLX,2026-03-11,0.271233,99,94.0,0.969672,96.94000244140625,10.186191732929736,5.979999981411979,0.40201683075274164,0.6242090785990507,0.01869528333482267,19.15687519172438,-16.713231801962646,0.05
NFLX,2026-03-11,0.271233,99,95.0,0.979988,96.94000244140625,9.349661850929841,6.130000000368341,0.3860102118714142,0.6058555866607279,0.01974597400580292,19.42789456080815,-16.293687287258386,0.05
NFLX,2026-03-11,0.271233,99,96.0,0.990303,96.94000244140625,9.033127898223803,6.799995948618559,0.39582046103985546,0.5855558199183796,0.01950268687148502,19.676192873977637,-16.743641337902762,0.05
NFLX,2026-03-11,0.271233,99,97.0,1.000619,96.94000244140625,8.130000001883715,6.8833979532347485,0.3748916020658431,0.5651001621029593,0.020796773843115655,19.87238826388602,-16.06611069444819,0.05
NFLX,2026-03-11,0.271233,99,98.0,1.010935,96.94000244140625,7.500000000316746,7.239927852624035,0.36692870889157186,0.5436391537261346,0.021406490827636574,20.020529278327583,-15.8020849039987,0.05
NFLX,2026-03-11,0.271233,99,99.0,1.02125,96.94000244140625,7.05000000192657,7.776457755190123,0.3669689082828628,0.5225258737097297,0.021498767488390774,20.109034326238667,-15.783604621350955,0.05
NFLX,2026-03-11,0.271233,99,100.0,1.031566,96.94000244140625,6.7500000002257465,8.462987654445556,0.37343316088171036,0.5028630384619913,0.02115981224290688,20.140631023065623,-15.96467781162644,0.05
NFLX,2026-03-11,0.271233,99,101.0,1.041882,96.94000244140625,6.150000000639821,8.849517555815893,0.3639942469895777,0.48001887261381326,0.021681842125158928,20.115882037196755,-15.516898236906657,0.05
NFLX,2026-03-11,0.271233,99,102.0,1.052197,96.94000244140625,5.880000000023756,9.566047456156085,0.369977965496414,0.461229607506085,0.021257034545658603,20.045962842246826,-15.61352976342257,0.05
NFLX,2026-03-11,0.271233,99,103.0,1.062513,96.94000244140625,5.349999914632363,10.022577271720948,0.36200144963708103,0.43824129282094737,0.021566498418808297,19.899324325237725,-15.13599021101265,0.05
NFLX,2026-03-11,0.271233,99,104.0,1.072829,96.94000244140625,4.94999564936073,10.609102907405585,0.3595178458412024,0.41706646552039234,0.021502725679220583,19.704360754085684,-14.833038124675223,0.05
NFLX,2026-03-11,0.271233,99,105.0,1.083144,96.94000244140625,4.750000000232049,11.39563715923316,0.36628617790022105,0.4004407323437454,0.020897917864292865,19.5106586716316,-14.87751141237342,0.05
NFLX,2026-03-11,0.271233,99,106.0,1.09346,96.94000244140625,4.250000020668459,11.882167080625834,0.35668742805530246,0.3763482172445384,0.021080935734371333,19.165761055685383,-14.213719936979366,0.05
NFLX,2026-03-11,0.271233,99,107.0,1.103776,96.94000244140625,4.099999566638875,12.71869652755251,0.3643877266359918,0.36169257817774536,0.02036899501741513,18.918283325928027,-14.256005014174455,0.05
NFLX,2026-03-11,0.271233,99,108.0,1.114091,96.94000244140625,3.700001044266692,13.30522790613658,0.3579720525233711,0.3396019017901097,0.020265133783702257,18.490428676016677,-13.662846858706526,0.05
NFLX,2026-03-11,0.271233,99,109.0,1.124407,96.94000244140625,3.499999986536224,14.091756749362375,0.36142164631664125,0.3239145908217167,0.019697648517397384,18.145833695548777,-13.484804148452296,0.05
NFLX,2026-03-11,0.271233,99,110.0,1.134722,96.94000244140625,3.2999997509679098,14.878286414750335,0.3641416513292513,0.308497968681466,0.01914936148068306,17.77350323148233,-13.261131007670137,0.05
NFLX,2026-03-11,0.271233,99,111.0,1.145038,96.94000244140625,3.1999980948581026,15.76481465959678,0.37187035102235355,0.2972026098884973,0.01844078364048673,17.479109737108963,-13.262795605031846,0.05
NFLX,2026-03-11,0.271233,99,112.0,1.155354,96.94000244140625,2.7900000008018644,16.341346466496802,0.36086511088695933,0.2735065846708872,0.018265548138672136,16.80064627421245,-12.362499502082255,0.05
NFLX,2026-03-11,0.271233,99,112.5,1.160512,96.94000244140625,2.7500000033330423,16.79461141950611,0.3647326957426274,0.2685177937954479,0.017906663991112397,16.64706838949874,-12.35684162468602,0.05
NFLX,2026-03-11,0.271233,99,113.0,1.165669,96.94000244140625,2.530000074006171,17.067876440657358,0.357489501960709,0.25544949242689136,0.017808035981314446,16.22660633511918,-11.80513400665845,0.05
NFLX,2026-03-11,0.271233,99,113.5,1.170827,96.94000244140625,2.840000007914977,17.871141325044306,0.3824701034783771,0.2662880369688807,0.01700455217912458,16.577196109945447,-12.836591570109128,0.05
NFLX,2026-03-11,0.271233,99,114.0,1.175985,96.94000244140625,2.460000553975071,17.98440682158254,0.3650967018000083,0.2463072135777848,0.01710380402960206,15.916552434823041,-11.783196982049196,0.05
NFLX,2026-03-11,0.271233,99,114.5,1.181143,96.94000244140625,2.6200002485477043,18.637671466633293,0.38099782827745593,0.2509616558638615,0.016554221240892723,16.0760607260721,-12.376343698118307,0.05
NFLX,2026-03-11,0.271233,99,115.0,1.186301,96.94000244140625,2.0199997701650645,18.53093593872879,0.34805784923483535,0.21857390521971937,0.016787270439389733,14.892921551924658,-10.514050782671589,0.05
NFLX,2026-03-11,0.271233,99,115.5,1.191459,96.94000244140625,2.4299968030873984,19.434197922129243,0.3805967691262639,0.23691748514557293,0.016064609349124858,15.584168996954144,-11.960772547154841,0.05
NFLX,2026-03-11,0.271233,99,116.0,1.196616,96.94000244140625,2.159999852643505,19.65746592216348,0.3685645891408496,0.2210924110980057,0.015957827747061157,14.991178057254231,-11.149010426778819,0.05
NFLX,2026-03-11,0.271233,99,116.5,1.201774,96.94000244140625,1.9999971255843114,19.990728145582423,0.36321817938369017,0.21030501484198022,0.015729843256364884,14.562648097004965,-10.670044349118827,0.05
NFLX,2026-03-11,0.271233,99,117.0,1.206932,96.94000244140625,1.950000000035537,20.433995970511788,0.36514226977183434,0.20535615702150128,0.015428439935529507,14.359274828859098,-10.563316086835293,0.05
NFLX,2026-03-11,0.271233,99,117.5,1.21209,96.94000244140625,2.109997539056465,21.08725846001083,0.38153535797080634,0.21173894101140722,0.015034435291094276,14.620771656033295,-11.204104815531254,0.05
NFLX,2026-03-11,0.271233,99,118.0,1.217248,96.94000244140625,2.1999985554038233,21.670524426836323,0.39302218066826705,0.21422137152498483,0.014694627135564811,14.720549244623665,-11.593524839374414,0.05
NFLX,2026-03-11,0.271233,99,118.5,1.222406,96.94000244140625,2.249998566082464,22.213789387993103,0.4017455962899065,0.21465285689037328,0.014392381183494897,14.73778309910225,-11.842601296186414,0.05
NFLX,2026-03-11,0.271233,99,119.0,1.227563,96.94000244140625,1.9200000064201248,22.37705577880888,0.38397195828029906,0.19558640567426316,0.014248510648073198,13.94496288751792,-10.722629899757534,0.05
NFLX,2026-03-11,0.271233,99,119.5,1.232721,96.94000244140625,2.1800000000325745,23.13032072289947,0.4074502239609416,0.20725993555241823,0.013902238931115037,14.438021755948435,-11.74009876764426,0.05
NFLX,2026-03-11,0.271233,99,120.0,1.237879,96.94000244140625,1.4899995274112712,22.933585200756298,0.3616197359435778,0.1667896115403006,0.01369182416949882,12.620071655814911,-9.146749733621087,0.05
NFLX,2026-03-11,0.271233,99,120.5,1.243037,96.94000244140625,1.2700000060088623,23.206850629832005,0.3483805775069324,0.15065739573993475,0.013295025771214788,11.805693423657777,-8.248550136824377,0.05
NFLX,2026-03-11,0.271233,99,121.0,1.248195,96.94000244140625,1.8500008756459252,24.2801164499472,0.3989792289933486,0.18465105769679296,0.013236173037732371,13.460497311605266,-10.702591919690878,0.05
NFLX,2026-03-11,0.271233,99,121.5,1.253353,96.94000244140625,1.6699999596806698,24.593380484460084,0.3901995108232068,0.17286648988716918,0.012983532790469439,12.913024722500671,-10.042815285652582,0.05
NFLX,2026-03-11,0.271233,99,122.0,1.25851,96.94000244140625,1.4300000001279187,24.846645475385458,0.37576611260623494,0.15678438116599303,0.012655723330675264,12.12140513018774,-9.084933152320716,0.05
NFLX,2026-03-11,0.271233,99,122.5,1.263668,96.94000244140625,0.17999998259294037,24.08991040832862,0.23312047040319347,0.03961986398663451,0.0072652284459711,4.316960433929775,-2.038217911603689,0.05
NFLX,2026-03-11,0.271233,99,123.0,1.268826,96.94000244140625,1.3900000046116308,25.79317538082543,0.38164339952665455,0.151440151637162,0.012178196623107207,11.846474397725858,-8.998934463377731,0.05
NFLX,2026-03-11,0.271233,99,123.5,1.273984,96.94000244140625,1.3900000110548305,26.286440337746768,0.38618588513658725,0.1501065665718629,0.011964286718003755,11.776916380472318,-9.042151343666253,0.05
NFLX,2026-03-11,0.271233,99,124.0,1.279142,96.94000244140625,1.1299999267157919,26.519705203885863,0.36756916434377557,0.1314646460266743,0.011488231885434852,10.763181076795476,-7.873728947077346,0.05
NFLX,2026-03-11,0.271233,99,124.5,1.2843,96.94000244140625,1.350000244147795,27.23297047179598,0.3917088221140496,0.14501739949574805,0.011526167084504256,11.507915029530892,-8.945143896609569,0.05
NFLX,2026-03-11,0.271233,99,125.0,1.289457,96.94000244140625,0.9800000006396647,27.356235178765985,0.3616683307033243,0.118305293158953,0.010846076942402846,9.99842390013044,-7.190493183446508,0.05
NFLX,2026-03-11,0.271233,99,125.5,1.294615,96.94000244140625,1.0700024716292287,27.93950260023368,0.37473206697702766,0.12383801201946298,0.010810033509799661,10.32514790689914,-7.679292565104345,0.05
NFLX,2026-03-11,0.271233,99,126.0,1.299773,96.94000244140625,1.1199991995471148,28.482764278629688,0.3837589390127603,0.1262974850101921,0.01070174534774223,10.467946638202381,-7.961549595912194,0.05
NFLX,2026-03-11,0.271233,99,126.5,1.304931,96.94000244140625,0.9100000165164062,28.76603004607712,0.3668689698723817,0.11001154586567896,0.010152839900713213,9.493949142419476,-6.908472944068707,0.05
NFLX,2026-03-11,0.271233,99,127.0,1.310089,96.94000244140625,1.0700000000357015,29.419294980074554,0.3872518292432993,0.12077214415943233,0.010278086005286572,10.145048045932839,-7.774161743669848,0.05
NFLX,2026-03-11,0.271233,99,127.5,1.315247,96.94000244140625,0.9000000266941015,29.74255995721107,0.37386481427107976,0.1074234278305995,0.009793737697427132,9.332788955891708,-6.907795076136847,0.05
NFLX,2026-03-11,0.271233,99,128.0,1.320404,96.94000244140625,0.9300000122543821,30.265824893249487,0.3810575618147554,0.10879789373316684,0.009697224846842396,9.418601724654385,-7.096983475556993,0.05
NFLX,2026-03-11,0.271233,99,128.5,1.325562,96.94000244140625,1.0400000015200543,30.869089832993296,0.39647950400801935,0.1158495541203643,0.00974782307842625,9.850919324997975,-7.709401474197026,0.05
NFLX,2026-03-11,0.271233,99,129.0,1.33072,96.94000244140625,0.8800000558317098,31.202354837783076,0.3835415241503776,0.10336081539678177,0.009284083084433575,9.076110838534069,-6.87410536334041,0.05
NFLX,2026-03-11,0.271233,99,129.5,1.335878,96.94000244140625,0.9500000083887272,31.765619740818224,0.3950495495261344,0.10771963723688932,0.009286952725340629,9.351325809283379,-7.284700542279623,0.05
NFLX,2026-03-11,0.271233,99,130.0,1.341036,96.94000244140625,0.6899999791541491,31.998884662061784,0.36889628737321656,0.0867994463679242,0.008487201488765162,7.980262549601191,-5.813083432153765,0.05
NFLX,2026-03-11,0.271233,99,130.5,1.346193,96.94000244140625,0.6999999879356045,32.502149621321365,0.37386292992103465,0.08694665712985294,0.008385060937760203,7.990372226301668,-5.893329194006803,0.05
NFLX,2026-03-11,0.271233,99,131.0,1.351351,96.94000244140625,0.6299997393074932,32.92541432317137,0.3685134994369408,0.08041726287042184,0.00802217903469801,7.535188733107057,-5.477165580169009,0.05
NFLX,2026-03-11,0.271233,99,131.5,1.356509,96.94000244140625,0.9700000053563098,33.75867953969832,0.4126933313069033,0.10599702791866522,0.00878710788565653,9.243188131650324,-7.497236128259356,0.05
NFLX,2026-03-11,0.271233,99,132.0,1.361667,96.94000244140625,0.6200003238574654,33.90194480867761,0.37437879834279714,0.07834775673253634,0.007742196489424353,7.387947793641027,-5.447490061561577,0.05
NFLX,2026-03-11,0.271233,99,134.0,1.382298,96.94000244140625,0.6999999962802264,35.95500428301288,0.39923453962545774,0.08258662497805991,0.0075550216865690936,7.687979297311901,-6.023363086210334,0.05
NFLX,2026-03-11,0.271233,99,135.0,1.392614,96.94000244140625,0.5199984087174032,36.761532596406326,0.38080948556266203,0.06650351500791357,0.0067129817317219806,6.515857919186064,-4.870457187070514,0.05
NFLX,2026-03-11,0.271233,99,136.0,1.40293,96.94000244140625,0.5399994125170542,37.768063501162246,0.39057919125769824,0.06732332337149541,0.006607395438083964,6.577907829036869,-5.035456493105325,0.05
NFLX,2026-03-11,0.271233,99,138.0,1.423561,96.94000244140625,0.4999998314476901,39.701123722005406,0.3974730167955743,0.06214118690705057,0.0061012174380291355,6.181196311060372,-4.805256136751871,0.05
NFLX,2026-03-11,0.271233,99,140.0,1.444192,96.94000244140625,0.3899999723097807,41.56418366478,0.39087134391144157,0.050799001171266664,0.005292819807815545,5.273140264641694,-4.026261094464824,0.05
NFLX,2026-03-11,0.271233,99,142.0,1.464824,96.94000244140625,0.21999945246546204,43.36724294684822,0.36455521589400036,0.03257353000685389,0.00395731529188508,3.6771585193947915,-2.618058027451599,0.05
NFLX,2026-03-11,0.271233,99,144.0,1.485455,96.94000244140625,0.3500000145329514,45.47030331082823,0.4067949474420839,0.044762394204157986,0.00459565109491764,4.765088623597096,-3.772802224952461,0.05
NFLX,2026-03-11,0.271233,99,145.0,1.495771,96.94000244140625,0.3500000002026482,46.45683319745419,0.4125792752068783,0.04425398303825626,0.004489711796423104,4.721437608223681,-3.7879488935644017,0.05
NFLX,2026-03-11,0.271233,99,146.0,1.506086,96.94000244140625,0.29000023936352193,47.38336333757131,0.40476400894719744,0.038120781599685266,0.004054945980443153,4.1834573373786785,-3.2917826915281627,0.05
NFLX,2026-03-11,0.271233,99,148.0,1.526718,96.94000244140625,0.4300001036283918,49.49642300374872,0.44594284932714356,0.049744528605980665,0.004562269560036784,5.185713617313915,-4.482612467404355,0.05
NFLX,2026-03-11,0.271233,99,150.0,1.547349,96.94000244140625,0.21999994931637712,51.25948265134922,0.4078257509497218,0.029696031708525302,0.0032768691473531886,3.4062939778111434,-2.6937884688280125,0.05
NFLX,2026-03-11,0.271233,99,152.0,1.56798,96.94000244140625,0.12000000004138878,53.13254250398674,0.3823521311188274,0.01825918707498853,0.0023213756673717907,2.262337143042705,-1.677090368859886,0.05
NFLX,2026-03-11,0.271233,99,154.0,1.588611,96.94000244140625,0.20000000002260876,55.18560230588048,0.4220071341532767,0.026531534247215705,0.0028831414544373685,3.1012310691121394,-2.531177627892612,0.05
NFLX,2026-03-11,0.271233,99,155.0,1.598927,96.94000244140625,0.16000000026339722,56.13213220707753,0.4130088485620091,0.022142598572344657,0.002530892832435063,2.6642900018162994,-2.127794881243572,0.05
NFLX,2026-03-11,0.271233,99,156.0,1.609243,96.94000244140625,0.3499997624511919,57.3086618702216,0.4726313981068089,0.039657155172731016,0.0035862401736247813,4.32026437194196,-3.938813174407379,0.05
NFLX,2026-03-11,0.271233,99,158.0,1.629874,96.94000244140625,0.14000000378743582,59.071721913470356,0.41922744691356706,0.01940801440384152,0.002230006373911135,2.3828911012236773,-1.928612434425782,0.05
NFLX,2026-03-11,0.271233,99,160.0,1.650505,96.94000244140625,0.2000000003875706,61.10478171198301,0.45103868877408615,0.02511640389497767,0.0025766240632833217,2.9621922213291785,-2.5746841764773905,0.05
NFLX,2026-03-11,0.271233,99,162.0,1.671137,96.94000244140625,0.08000039167101103,62.95784190517898,0.40644695861754226,0.012036218235589818,0.0015260948919735848,1.5810070249215815,-1.2389221394706191,0.05
NFLX,2026-03-11,0.271233,99,164.0,1.691768,96.94000244140625,0.15000001012866981,65.00090132554915,0.450586034798179,0.019442404044060217,0.002077931712784957,2.386477704309932,-2.069007217907531,0.05
NFLX,2026-03-11,0.271233,99,165.0,1.702084,96.94000244140625,0.21000000030948307,66.04743121668623,0.47757225527344804,0.0250284255702678,0.0024263215028788557,2.9534921320138046,-2.710987796539697,0.05
NFLX,2026-03-11,0.271233,99,166.0,1.712399,96.94000244140625,0.13000003815792005,66.95396115549092,0.4504763877467543,0.017103205791866256,0.0018633656741237046,2.1395306162935475,-1.8531160496533217,0.05
NFLX,2026-03-11,0.271233,99,168.0,1.733031,96.94000244140625,0.12000007110432631,68.91702099034987,0.45414861333222956,0.015807805982352183,0.001727774282693128,2.0000155885772366,-1.7450197863004349,0.05
NFLX,2026-03-11,0.271233,99,170.0,1.753662,96.94000244140625,0.10000029070929828,70.87008101186736,0.45172434298722536,0.013471539737710645,0.001513718170989044,1.7428776552194272,-1.5116328849376723,0.05
NFLX,2026-03-11,0.271233,99,172.0,1.774293,96.94000244140625,0.24999955170531507,72.99314007477588,0.5218930326093125,0.027187590304386475,0.0023793657619802177,3.16512662884438,-3.1643691862713705,0.05
NFLX,2026-03-11,0.271233,99,174.0,1.794925,96.94000244140625,0.0399999909517218,74.75620031593483,0.4205451471389294,0.006220357771851503,0.000826827129202261,0.8862897496713998,-0.715243870341488,0.05
NFLX,2026-03-11,0.350685,128,50.0,0.515783,96.94000244140625,48.00907324946437,0.1999999964322967,0.5752424537657933,0.9848191801025424,0.0011586697173142355,2.1965128307097714,-4.174478742919431,0.05
NFLX,2026-03-11,0.350685,128,55.0,0.567361,96.94000244140625,43.175980262429796,0.2799999282351351,0.5317800447191068,0.9779357604291795,0.0017235115825040748,3.0204343481608533,-4.871355151698941,0.05
NFLX,2026-03-11,0.350685,128,60.0,0.61894,96.94000244140625,38.512886220097734,0.5299988047404938,0.522527701047431,0.9609473559345595,0.0028173269863814156,4.851429581699575,-6.346432157440518,0.05
NFLX,2026-03-11,0.350685,128,65.0,0.670518,96.94000244140625,33.87979559384999,0.810001097330165,0.4969331723128268,0.9412065585931715,0.004109789372433476,6.7303974481200095,-7.636646261067049,0.05
NFLX,2026-03-11,0.350685,128,70.0,0.722096,96.94000244140625,29.376702972768676,1.220001395086257,0.47403312273227516,0.9135116021253498,0.005793051900827685,9.049805930318293,-9.075425754326927,0.05
NFLX,2026-03-11,0.350685,128,75.0,0.773674,96.94000244140625,25.05360898562494,1.8100003267799565,0.4537481446267177,0.8758683404030632,0.007864397658689624,11.759896115455389,-10.600666514654499,0.05
NFLX,2026-03-11,0.350685,128,80.0,0.825253,96.94000244140625,20.950516384318156,2.620000644310579,0.43461104236723813,0.8271784803341924,0.01024989567428095,14.680584913053059,-12.058783663993717,0.05
NFLX,2026-03-11,0.350685,128,85.0,0.876831,96.94000244140625,17.167422758644356,3.7499999374742004,0.4191190960758573,0.7655680860938906,0.012755110377946088,17.617522215552775,-13.380078073969438,0.05
NFLX,2026-03-11,0.350685,128,90.0,0.928409,96.94000244140625,13.804329902593835,5.300000000261093,0.408369872899216,0.6916697534448766,0.015013433812656967,20.20490842747248,-14.42653617550208,0.05
NFLX,2026-03-11,0.350685,128,95.0,0.979988,96.94000244140625,10.861236989328702,7.270000005833381,0.3992010809360628,0.6094497026507615,0.016748990858502063,22.034515823094978,-14.952401578544855,0.05
NFLX,2026-03-11,0.350685,128,100.0,1.031566,96.94000244140625,8.000000012725508,9.321855948067608,0.3756958696782081,0.5200844848183281,0.018474012358592768,22.87287771951898,-14.372938137759046,0.05
NFLX,2026-03-11,0.350685,128,105.0,1.083144,96.94000244140625,5.699999835857959,11.934948690037473,0.35843314463926923,0.42561911961546794,0.01905035554284341,22.502688364255516,-13.277913096734528,0.05
NFLX,2026-03-11,0.350685,128,110.0,1.134722,96.94000244140625,4.309997491873283,15.458039264890203,0.3636397357764687,0.34538131197666533,0.01765676793745556,21.159514587969444,-12.429152087044416,0.05
NFLX,2026-03-11,0.350685,128,115.0,1.186301,96.94000244140625,3.1000000007699775,19.16113469262433,0.36125557922262996,0.27104745864597757,0.015974476109034116,19.01797819170965,-10.954384312998512,0.05
NFLX,2026-03-11,0.350685,128,120.0,1.237879,96.94000244140625,2.1400016314151316,23.1142292421069,0.35611044849498136,0.20515712217445237,0.013904706560561381,16.318104210177417,-9.172678953086216,0.05
NFLX,2026-03-11,0.350685,128,125.0,1.289457,96.94000244140625,1.5700000000254786,27.45732052955465,0.36083541589176826,0.1584567438674253,0.011671737356063437,13.879308239857524,-7.830060465351172,0.05
NFLX,2026-03-11,0.350685,128,130.0,1.341036,96.94000244140625,1.130000000188172,31.930413448554773,0.3635791105673361,0.12023524243923112,0.00959747011857263,11.499497134440166,-6.487438762663883,0.05
NFLX,2026-03-11,0.350685,128,135.0,1.392614,96.94000244140625,0.8599978470395779,36.5735042142436,0.37144519998097547,0.09410056160619246,0.007871039531199199,9.634961906905014,-5.515777527945534,0.05
NFLX,2026-03-11,0.350685,128,140.0,1.444192,96.94000244140625,0.6700000392098886,41.29659932525132,0.38033180155765894,0.07472991231712824,0.006465572881928915,8.103876426982707,-4.7232045686956114,0.05
NFLX,2026-03-11,0.350685,128,145.0,1.495771,96.94000244140625,0.6099997395954446,46.14969194447431,0.4006047173177066,0.06619873448222989,0.005592101233774799,7.382683352742548,-4.507167196564706,0.05
NFLX,2026-03-11,0.350685,128,150.0,1.547349,96.94000244140625,0.3199993509404262,50.77278447465669,0.37870017112288235,0.039521493070149925,0.003925262604060029,4.898773682139364,-2.820622228161967,0.05
NFLX,2026-03-11,0.350685,128,155.0,1.598927,96.94000244140625,0.330000101521307,55.69587814407498,0.404146584507383,0.03852228294617151,0.0036022219629945843,4.797693951384673,-2.9347668907961566,0.05
NFLX,2026-03-11,0.350685,128,160.0,1.650505,96.94000244140625,0.24999993234877227,60.52897089373988,0.4077668427018967,0.02993535866306364,0.002901525471004154,3.899073784754102,-2.399464844519165,0.05
NFLX,2026-03-11,0.350685,128,165.0,1.702084,96.94000244140625,0.17000000027704565,65.36206388050556,0.40470001400904415,0.02137083210709963,0.002204436662125256,2.94004516742641,-1.7915307420770352,0.05
NFLX,2026-03-11,0.350685,128,170.0,1.753662,96.94000244140625,0.2750000000467874,70.38015679911271,0.45520177120830335,0.029787461617122115,0.0025885117131524125,3.8830880251513,-2.650824437843649,0.05
NFLX,2026-03-11,0.446575,163,50.0,0.515783,96.94000244140625,48.32406861389986,0.27999990676273967,0.5421167161617773,0.980787754286504,0.0013324323510025458,3.031368687217383,-4.17762833264364,0.05
NFLX,2026-03-11,0.446575,163,55.0,0.567361,96.94000244140625,43.61447533386791,0.4600000001577058,0.5202198932841587,0.9691425173551922,0.002066710485343891,4.511982339627927,-5.144735852542887,0.05
NFLX,2026-03-11,0.446575,163,56.0,0.577677,96.94000244140625,42.796556653476415,0.6199999944515895,0.5383148220898402,0.9614140522065376,0.0023997646895183144,5.4213293188678024,-5.787659703824987,0.05
NFLX,2026-03-11,0.446575,163,58.0,0.598308,96.94000244140625,40.920719034407725,0.6999997247536669,0.5237462105437669,0.956029934515373,0.0027420484313999526,6.026939162078577,-6.12205625687456,0.05
NFLX,2026-03-11,0.446575,163,60.0,0.61894,96.94000244140625,39.03488037354365,0.7699984132603603,0.5066497264024831,0.9507528233941822,0.0031045091853472424,6.600875692309003,-6.400975677117538,0.05
NFLX,2026-03-11,0.446575,163,61.0,0.629255,96.94000244140625,38.096964049411916,0.8100007638140099,0.4986121295895751,0.9477916960794674,0.0033047050811821346,6.915066167343442,-6.549517257382881,0.05
NFLX,2026-03-11,0.446575,163,62.0,0.639571,96.94000244140625,37.1990451028734,0.8900004919608691,0.4958571923572881,0.9431652644518997,0.0035538846560909942,7.395384146709343,-6.81732101052237,0.05
NFLX,2026-03-11,0.446575,163,63.0,0.649887,96.94000244140625,37.72112605749823,2.390000121271086,0.6375622321584705,0.8991872397392845,0.00427430334951576,11.436383653082578,-10.635995449111572,0.05
NFLX,2026-03-11,0.446575,163,64.0,0.660202,96.94000244140625,35.433205543321236,1.0799982817794742,0.49182163225774356,0.9326192721928837,0.004092057140758626,8.445981171015372,-7.399602595085813,0.05
NFLX,2026-03-11,0.446575,163,65.0,0.670518,96.94000244140625,34.385288586966496,1.010000000110118,0.46959497715625154,0.9334210015573683,0.004246243882609762,8.368144478348237,-7.2047760353696315,0.05
NFLX,2026-03-11,0.446575,163,66.0,0.680833,96.94000244140625,33.65736966598607,1.259999753815066,0.48374652266788626,0.922184798874248,0.004645519026061726,9.430894614986023,-7.894903998529294,0.05
NFLX,2026-03-11,0.446575,163,67.0,0.691149,96.94000244140625,32.619451225559175,1.1999999880735572,0.46339549679156306,0.9221701721899569,0.004850228965199272,9.432239996310312,-7.732537914901965,0.05
NFLX,2026-03-11,0.446575,163,68.0,0.701465,96.94000244140625,31.971532563065075,1.5300000002648346,0.4821281903168311,0.9083969375489656,0.005267901234697452,10.658619096867296,-8.558011073402678,0.05
NFLX,2026-03-11,0.446575,163,69.0,0.71178,96.94000244140625,30.903613891412704,1.440000003297854,0.4594776096143791,0.9088168022539775,0.00550879770079354,10.6223833292787,-8.324494839405546,0.05
NFLX,2026-03-11,0.446575,163,70.0,0.722096,96.94000244140625,30.225695157255906,1.739999943826433,0.4721454264415203,0.896250803181991,0.005893610812543155,11.677719341442627,-9.006025046990422,0.05
NFLX,2026-03-11,0.446575,163,71.0,0.732412,96.94000244140625,29.317776533382535,1.8099999946384457,0.4636170388522296,0.8910489023882124,0.006217872571671627,12.097677385545541,-9.132692854197451,0.05
NFLX,2026-03-11,0.446575,163,72.0,0.742727,96.94000244140625,28.549857904420435,2.0200000403617366,0.4659512997698448,0.8815145057705778,0.006568008158908572,12.84325199158757,-9.54545475481411,0.05
NFLX,2026-03-11,0.446575,163,73.0,0.753043,96.94000244140625,27.581939197813078,2.030000008439771,0.4521774857324619,0.8777115876036649,0.006920370631928044,13.132248182112052,-9.523665206924429,0.05
NFLX,2026-03-11,0.446575,163,74.0,0.763359,96.94000244140625,26.77402051471281,2.200000000024886,0.4502675502534275,0.8690821370651554,0.007287779354694639,13.771037392050655,-9.816187173870734,0.05
NFLX,2026-03-11,0.446575,163,75.0,0.773674,96.94000244140625,26.00610160540581,2.4099997654032563,0.45043806188993,0.8592953562558132,0.007653760746663523,14.468075152814842,-10.161309069941478,0.05
NFLX,2026-03-11,0.446575,163,76.0,0.78399,96.94000244140625,25.24818316216387,2.629999996846692,0.45040930738359236,0.8492455857886121,0.008017624701351714,15.1549278226914,-10.496402700442438,0.05
NFLX,2026-03-11,0.446575,163,77.0,0.794306,96.94000244140625,24.370266131243667,2.7300016406118743,0.4419262889596591,0.842081413866503,0.008426289301367074,15.627409612118793,-10.595415975550795,0.05
NFLX,2026-03-11,0.446575,163,78.0,0.804621,96.94000244140625,23.562345965019183,2.900000149072767,0.43756062621934544,0.832977002868547,0.008826544269464985,16.208011328139047,-10.799737885648854,0.05
NFLX,2026-03-11,0.446575,163,79.0,0.814937,96.94000244140625,22.984427143046943,3.300000001785918,0.44629699787610877,0.8186294404940044,0.009119164947661362,17.079683923159376,-11.353194830258234,0.05
NFLX,2026-03-11,0.446575,163,80.0,0.825253,96.94000244140625,22.10650846674585,3.400000000170209,0.43658762466510503,0.8107655125058333,0.009570923630262749,17.535819424324725,-11.39626934294852,0.05
NFLX,2026-03-11,0.446575,163,81.0,0.835568,96.94000244140625,21.528588042451133,3.7999982505608756,0.4432246466965693,0.7967287999527042,0.009845671429692265,18.31344436677012,-11.873333645190785,0.05
NFLX,2026-03-11,0.446575,163,82.0,0.845884,96.94000244140625,20.61067064514613,3.8599995279412553,0.43062490791342994,0.7890406611161473,0.010358770275879132,18.72009898946712,-11.81968109562728,0.05
NFLX,2026-03-11,0.446575,163,83.0,0.8562,96.94000244140625,19.982752420320274,4.209999977800791,0.43301418746902864,0.7758848706166562,0.010667708381008223,19.38536817130072,-12.159922755475947,0.05
NFLX,2026-03-11,0.446575,163,84.0,0.866515,96.94000244140625,19.044833763163503,4.249999995329389,0.41894364403780554,0.7677633700624942,0.011248897887143387,19.77727138504393,-12.045887160436362,0.05
NFLX,2026-03-11,0.446575,163,85.0,0.876831,96.94000244140625,18.566912761855356,4.7499976687066265,0.4274517112535045,0.7521085832168231,0.011424224862345352,20.49342729667687,-12.525044870391515,0.05
NFLX,2026-03-11,0.446575,163,86.0,0.887147,96.94000244140625,17.868996135294218,5.029999716830886,0.4243129207701083,0.7398312464894173,0.011804372346248822,21.01986630029879,-12.678510235244383,0.05
NFLX,2026-03-11,0.446575,163,87.0,0.897462,96.94000244140625,17.22107775662927,5.360000012851316,0.42295542649781465,0.7267714609139888,0.012139143859929775,21.546833322195805,-12.865204951308032,0.05
NFLX,2026-03-11,0.446575,163,88.0,0.907778,96.94000244140625,16.58315906960577,5.700000000513185,0.42143221732692104,0.7135061014265195,0.012466436604407442,22.048084191510714,-13.032571692364584,0.05
NFLX,2026-03-11,0.446575,163,89.0,0.918094,96.94000244140625,15.755240394429904,5.850000000022703,0.41085609378174115,0.7018928659940851,0.013025885160240879,22.45938036957188,-12.945798216576986,0.05
NFLX,2026-03-11,0.446575,163,90.0,0.928409,96.94000244140625,15.207321308191474,6.27999958846965,0.412244564978083,0.68737943207949,0.013258671162741103,22.938009630249898,-13.158679541561922,0.05
NFLX,2026-03-11,0.446575,163,91.0,0.938725,96.94000244140625,14.549403145054576,6.60000010001815,0.408213241545701,0.6736613512474217,0.013632995190442962,23.35496185297746,-13.212118364801945,0.05
NFLX,2026-03-11,0.446575,163,92.0,0.949041,96.94000244140625,14.121484392899468,7.150000022548426,0.4133504912061701,0.6584728344656947,0.013706957032143776,23.777177618464123,-13.489630921145762,0.05
NFLX,2026-03-11,0.446575,163,93.0,0.959356,96.94000244140625,13.543565758913687,7.550000063248021,0.41147901794116265,0.6441546888585767,0.013978189623718109,24.137896175683778,-13.565489880285472,0.05
NFLX,2026-03-11,0.446575,163,94.0,0.969672,96.94000244140625,12.955647076008432,7.94000005502815,0.40863118183738145,0.6297102655824375,0.014266745753451505,24.465675889477353,-13.59787396134696,0.05
NFLX,2026-03-11,0.446575,163,95.0,0.979988,96.94000244140625,12.48772834803981,8.450000001744911,0.4100888336306554,0.6149589131638927,0.014389077648099914,24.763480965525453,-13.72643565827578,0.05
NFLX,2026-03-11,0.446575,163,96.0,0.990303,96.94000244140625,11.80980969034043,8.750000018730915,0.4025235162528101,0.600147681142074,0.014814560678840506,25.025388457721334,-13.596821673846144,0.05
NFLX,2026-03-11,0.446575,163,97.0,1.000619,96.94000244140625,10.450000037323534,8.368109040399403,0.3675198808198839,0.5836328079928967,0.01638676619555781,25.274052710758124,-12.706311991051077,0.05
NFLX,2026-03-11,0.446575,163,98.0,1.010935,96.94000244140625,10.050000037620904,8.946027715382158,0.37016525461625266,0.5674892502248627,0.01639794892842854,25.47334476595333,-12.805518347263426,0.05
NFLX,2026-03-11,0.446575,163,99.0,1.02125,96.94000244140625,10.140000000488648,10.013946352935264,0.3912753771711554,0.5539761904520609,0.01559472381732604,25.607135476625327,-13.396209107627655,0.05
NFLX,2026-03-11,0.446575,163,100.0,1.031566,96.94000244140625,9.380000025697527,10.231865052829534,0.3785497365023117,0.5366111379260096,0.016199544085653002,25.735139865436903,-13.039442290981803,0.05
NFLX,2026-03-11,0.446575,163,101.0,1.041882,96.94000244140625,8.950000058418006,10.77978376023539,0.3781166028667136,0.5208696713532779,0.016264440745237377,25.808672970966278,-13.003293480785105,0.05
NFLX,2026-03-11,0.446575,163,102.0,1.052197,96.94000244140625,8.350000005781325,11.1577023822841,0.370527207627721,0.5033890096789725,0.016619727366285073,25.84311090517806,-12.743546645797183,0.05
NFLX,2026-03-11,0.446575,163,103.0,1.062513,96.94000244140625,8.100000011598944,11.88562106278711,0.37591163570303915,0.48927324994833754,0.016376341019097383,25.83470071698248,-12.839885049538228,0.05
NFLX,2026-03-11,0.446575,163,104.0,1.072829,96.94000244140625,7.700000058897565,12.4635397847711,0.3749283617811739,0.47361631214231437,0.016389294041689415,25.787505514994905,-12.735742635662092,0.05
NFLX,2026-03-11,0.446575,163,105.0,1.083144,96.94000244140625,7.1500000591329,12.891458459691833,0.3675476029247523,0.4556282324605242,0.01665132052148288,25.684024051680023,-12.420368861915644,0.05
NFLX,2026-03-11,0.446575,163,106.0,1.09346,96.94000244140625,6.950000020760989,13.669377096005306,0.37323937089593123,0.44275716432183876,0.016329412242701537,25.577541291946858,-12.48716083405378,0.05
NFLX,2026-03-11,0.446575,163,107.0,1.103776,96.94000244140625,6.249998305676563,13.947294055606264,0.35876277163908277,0.4211991262462107,0.016829376085465968,25.338224446436282,-11.906967163771622,0.05
NFLX,2026-03-11,0.446575,163,108.0,1.114091,96.94000244140625,6.29999975017752,14.975214174792598,0.37331185318703786,0.4133899539752336,0.016106053605821766,25.23258311281815,-12.235210870263954,0.05
NFLX,2026-03-11,0.446575,163,109.0,1.124407,96.94000244140625,5.7000000000377185,15.35313309933818,0.36154450485884676,0.3927745831359215,0.016414259248180234,24.904845166551137,-11.700179123352957,0.05
NFLX,2026-03-11,0.446575,163,110.0,1.134722,96.94000244140625,5.550000000866216,16.181051774852065,0.3672446477755894,0.3815913100811102,0.01602472795191056,24.69715532083223,-11.727020393381755,0.05
NFLX,2026-03-11,0.446575,163,111.0,1.145038,96.94000244140625,5.250000018709045,16.85897046738026,0.3664115152945028,0.3671143225604382,0.01586577309320334,24.396703343633217,-11.525553655270027,0.05
NFLX,2026-03-11,0.446575,163,112.0,1.155354,96.94000244140625,5.049999735372424,17.636888858729023,0.3692051172516264,0.3551594068980461,0.01556806379076727,24.121433120506065,-11.44012683798567,0.05
NFLX,2026-03-11,0.446575,163,114.0,1.175985,96.94000244140625,4.399999997740547,18.942726470467917,0.36286163347148753,0.3244865576017204,0.015301228907842739,23.300656426833587,-10.81917810828232,0.05
NFLX,2026-03-11,0.446575,163,115.0,1.186301,96.94000244140625,4.099999951384529,19.620645098797283,0.3598826044993361,0.3094988240270584,0.015121779002501713,22.83834000475529,-10.4975312342084,0.05
NFLX,2026-03-11,0.446575,163,116.0,1.196616,96.94000244140625,4.349999954165547,20.84856377626369,0.38061036398359527,0.31179943308570485,0.014344352610557897,22.911965935967018,-11.057577378657236,0.05
NFLX,2026-03-11,0.446575,163,118.0,1.217248,96.94000244140625,3.450000000188407,21.904401171657312,0.35890989312828125,0.27204461561510584,0.014274509207122145,21.500442945546734,-9.785988055410307,0.05
NFLX,2026-03-11,0.446575,163,120.0,1.237879,96.94000244140625,3.25000002067015,23.660238541509813,0.367110194048251,0.2558539456740096,0.013525878241684162,20.83832036665313,-9.64276318220023,0.05
NFLX,2026-03-11,0.446575,163,122.0,1.25851,96.94000244140625,2.75999686635614,25.126072736566584,0.3596157357002444,0.22852989140271984,0.012987334899298552,19.600155601767682,-8.861437321114849,0.05
NFLX,2026-03-11,0.446575,163,124.0,1.279142,96.94000244140625,2.8099999868610475,27.131913206442235,0.3781514826094313,0.22377489463809241,0.012204852597879642,19.368640517991178,-9.14463463161757,0.05
NFLX,2026-03-11,0.446575,163,125.0,1.289457,96.94000244140625,2.370000000024657,27.669831894291235,0.36245339796559173,0.20149870433193318,0.011976846501797091,18.217779939506244,-8.251201448477786,0.05
NFLX,2026-03-11,0.446575,163,126.0,1.299773,96.94000244140625,2.529995974235554,28.80774654318752,0.3786958315816811,0.20574443758026617,0.01160658483893378,18.44572661207879,-8.691730383909281,0.05
NFLX,2026-03-11,0.446575,163,128.0,1.320404,96.94000244140625,2.3400000070834643,30.573587925406187,0.3828500712554336,0.1918338987312163,0.011006121471835384,17.683320834761336,-8.392794801966911,0.05
NFLX,2026-03-11,0.446575,163,130.0,1.341036,96.94000244140625,1.7999972817962266,31.989422549489717,0.364535449398404,0.16081420438226846,0.010337447695129802,15.814442466345854,-7.144060424368574,0.05
NFLX,2026-03-11,0.446575,163,132.0,1.361667,96.94000244140625,1.9999996034358318,34.145262220500086,0.39036748847238567,0.16668068390741198,0.009880536385452374,16.186574666529246,-7.782533408121665,0.05
NFLX,2026-03-11,0.446575,163,134.0,1.382298,96.94000244140625,1.9100000000268142,36.01109996646183,0.39774623226860095,0.15838671792636816,0.009380453700956626,15.657798911227374,-7.6450781734362945,0.05
NFLX,2026-03-11,0.446575,163,135.0,1.392614,96.94000244140625,1.6700002623140264,36.74901890343443,0.3882571819967735,0.14442400708564945,0.009037602199928071,14.725617388251555,-7.017824544983207,0.05
NFLX,2026-03-11,0.446575,163,136.0,1.40293,96.94000244140625,1.5199999797171007,37.57693729552288,0.38395378490716203,0.13475425371868888,0.008718155792904917,14.047672418869315,-6.616064323709597,0.05
NFLX,2026-03-11,0.446575,163,138.0,1.423561,96.94000244140625,1.3800029257366315,39.392777590913184,0.3855551672880395,0.12400388841461762,0.008195812871665238,13.261094031282038,-6.256594000025093,0.05
NFLX,2026-03-11,0.446575,163,140.0,1.444192,96.94000244140625,1.1000001500629963,41.068612164610315,0.3745053344200245,0.10487145442841794,0.0074883412803837205,11.769131891772474,-5.388204510437603,0.05
NFLX,2026-03-11,0.446575,163,142.0,1.464824,96.94000244140625,1.0900002216396611,43.01444958555774,0.38451997381076164,0.10200632187242281,0.007148130838774172,11.534856335997697,-5.405920562269299,0.05
NFLX,2026-03-11,0.446575,163,144.0,1.485455,96.94000244140625,1.1500000648708255,45.03028677815968,0.40035723881312363,0.103499946783701,0.006938275910242865,11.657355588565133,-5.669605796803309,0.05
NFLX,2026-03-11,0.446575,163,145.0,1.495771,96.94000244140625,1.0500005460645792,45.90820593403882,0.39679158808302395,0.09651122259953188,0.006652175819625744,11.077122753792139,-5.336418199548964,0.05
NFLX,2026-03-11,0.446575,163,146.0,1.506086,96.94000244140625,1.0400006422073425,46.87612470486697,0.40102368531367927,0.09496509805245523,0.006504234068705543,10.946290718082103,-5.323168426804497,0.05
NFLX,2026-03-11,0.446575,163,148.0,1.526718,96.94000244140625,0.7850000979273295,48.57696150995771,0.3858421267971699,0.07701034724600178,0.0057784719808956385,9.356715987593555,-4.376131264105422,0.05
NFLX,2026-03-11,0.446575,163,150.0,1.547349,96.94000244140625,0.6300000000211794,50.37779876142234,0.37760290592164236,0.06484359760350684,0.005173698326682955,8.198553259279537,-3.7489506073879317,0.05
NFLX,2026-03-11,0.446575,163,152.0,1.56798,96.94000244140625,0.30999998000881757,52.01363609078071,0.33910081552054855,0.03811182600841166,0.003771366125759219,5.366959558464752,-2.2068913163347093,0.05
NFLX,2026-03-11,0.446575,163,154.0,1.588611,96.94000244140625,0.6399995408945749,54.29947300103724,0.3968959044664323,0.06321640383508208,0.004825896170729868,8.038136629306058,-3.8463755238500656,0.05
NFLX,2026-03-11,0.446575,163,155.0,1.598927,96.94000244140625,0.5099996603833432,55.14739179521139,0.38399231710975706,0.053299534716661774,0.004362152815880479,7.0294962490332615,-3.255034530114395,0.05
NFLX,2026-03-11,0.446575,163,156.0,1.609243,96.94000244140625,0.5499998595099775,56.16531066902341,0.3938535423945923,0.055783034799690163,0.004408903816223472,7.2872920175757185,-3.4563647641488555,0.05
NFLX,2026-03-11,0.446575,163,158.0,1.629874,96.94000244140625,0.389999975282854,57.96114813416705,0.377852948576505,0.04272133593285836,0.003713389406831757,5.888356590063299,-2.678676175816321,0.05
NFLX,2026-03-11,0.446575,163,160.0,1.650505,96.94000244140625,0.42999867646545376,59.956984184720426,0.39253318854071123,0.04513776233565514,0.00373671002019162,6.15554586073005,-2.902600155516415,0.05
NFLX,2026-03-11,0.446575,163,162.0,1.671137,96.94000244140625,0.32500003738961425,61.80782289501535,0.3817394181632019,0.03610006537518767,0.003204882506217355,5.134284290898065,-2.353159303860315,0.05
NFLX,2026-03-11,0.446575,163,164.0,1.691768,96.94000244140625,0.6500002229150263,64.08866042991153,0.4405855901802741,0.0590613188990995,0.004122374812733141,7.6221687149221236,-4.01373788093628,0.05
NFLX,2026-03-11,0.446575,163,165.0,1.702084,96.94000244140625,0.4400000000139661,64.85657888169585,0.4138050874102075,0.044162944928331144,0.0034828351521341296,6.048247260483606,-2.994267469705094,0.05
NFLX,2026-03-11,0.446575,163,166.0,1.712399,96.94000244140625,0.11000000264516818,65.50449755901244,0.33856326438838685,0.015169706938299846,0.0017434468108705387,2.4771330201729502,-1.007025050379564,0.05
NFLX,2026-03-11,0.446575,163,168.0,1.733031,96.94000244140625,0.4499998701110903,67.80033477584912,0.42688125440507746,0.043943699468778366,0.003362628160578857,6.024024401247624,-3.0696768070321623,0.05
NFLX,2026-03-11,0.446575,163,170.0,1.753662,96.94000244140625,0.0899997182040908,69.3961719733129,0.34272103805986825,0.012527279914526086,0.0014602109684063952,2.1001831197205654,-0.862104964373462,0.05
NFLX,2026-03-11,0.446575,163,172.0,1.774293,96.94000244140625,0.29499990946849364,71.55700951394806,0.411984803705491,0.031163685361037998,0.002631079162006514,4.548999663932279,-2.23462351325281,0.05
NFLX,2026-03-11,0.446575,163,174.0,1.794925,96.94000244140625,0.12000000004675027,73.33784695389708,0.3683661066859311,0.01528938056458206,0.0016132451278029294,2.493910241746637,-1.0966821149034485,0.05
NFLX,2026-03-11,0.523288,191,50.0,0.515783,96.94000244140625,48.831255394631484,0.5999998582243933,0.5801972110731588,0.9678179964364886,0.0017723760576876847,5.056826660555803,-5.052839147680414,0.05
NFLX,2026-03-11,0.523288,191,55.0,0.567361,96.94000244140625,44.020380700490634,0.6599998545834609,0.520400706006216,0.9610717954022893,0.0023097682929010873,5.910889598676729,-5.39643575759509,0.05
NFLX,2026-03-11,0.523288,191,56.0,0.577677,96.94000244140625,43.13620526669022,0.7499993588830307,0.5212926179316154,0.9566535627622883,0.002515854662998798,6.449316334639443,-5.69245371278933,0.05
NFLX,2026-03-11,0.523288,191,58.0,0.598308,96.94000244140625,41.207856588173435,0.7700005565662096,0.4972712171191843,0.9535711825467194,0.0027873600617846477,6.816052874600294,-5.800155347407799,0.05
NFLX,2026-03-11,0.523288,191,60.0,0.61894,96.94000244140625,39.52950615569195,1.0400000002846923,0.5061979059417684,0.941172787349172,0.003304313352653617,8.225231404484633,-6.5636933471383365,0.05
NFLX,2026-03-11,0.523288,191,61.0,0.629255,96.94000244140625,38.53533121734062,1.020000000033349,0.4902440360962595,0.9402975929841408,0.0034515835710785766,8.321033447195138,-6.528651832398511,0.05
NFLX,2026-03-11,0.523288,191,62.0,0.639571,96.94000244140625,37.65115843792384,1.1100021587165472,0.4873150084565865,0.9355412689403384,0.003686343440842549,8.833893042339428,-6.76532057066248,0.05
NFLX,2026-03-11,0.523288,191,63.0,0.649887,96.94000244140625,36.736981058175736,1.1699997170684284,0.4805467885860703,0.9317315000966224,0.003908240280750355,9.235565468315421,-6.919866951220419,0.05
NFLX,2026-03-11,0.523288,191,64.0,0.660202,96.94000244140625,35.842806389510876,1.2499999865035534,0.4756128112094321,0.9271509009586548,0.004150908371489814,9.708301304319159,-7.113666633493244,0.05
NFLX,2026-03-11,0.523288,191,65.0,0.670518,96.94000244140625,34.948633579961715,1.330002115054377,0.47028662705850294,0.9224758658657977,0.004401807350645833,10.179822750500719,-7.298190092805992,0.05
NFLX,2026-03-11,0.523288,191,66.0,0.680833,96.94000244140625,34.14445653161191,1.5000000048045479,0.4729483619307853,0.9148462098095622,0.004698243120464804,10.926869782964667,-7.664899390698224,0.05
NFLX,2026-03-11,0.523288,191,67.0,0.691149,96.94000244140625,33.340279570503064,1.6699979817956958,0.47441842846422544,0.9072834734526127,0.0049899952105882175,11.64148102959566,-8.007737280658729,0.05
NFLX,2026-03-11,0.523288,191,68.0,0.701465,96.94000244140625,32.35610535474941,1.6599987041420263,0.4599926451631947,0.9050064567018059,0.005239480536119448,11.85183712693577,-7.9779015498177985,0.05
NFLX,2026-03-11,0.523288,191,69.0,0.71178,96.94000244140625,31.511931685329593,1.789999972822173,0.45717516134591074,0.8984034354601227,0.005537750775667293,12.449806137841971,-8.217409682246032,0.05
NFLX,2026-03-11,0.523288,191,70.0,0.722096,96.94000244140625,30.69775738342063,1.9500006090132018,0.4560942984957805,0.8908625732552559,0.005845976270919947,13.11167714715662,-8.497151494829563,0.05
NFLX,2026-03-11,0.523288,191,71.0,0.732412,96.94000244140625,30.34358138043404,2.5699995441266026,0.4866203521741821,0.8718108111093014,0.006139254173659393,14.69103651817848,-9.539298085868557,0.05
NFLX,2026-03-11,0.523288,191,72.0,0.742727,96.94000244140625,29.159403976338247,2.359997078130789,0.4581038157366447,0.8733081369588699,0.00646834800318407,14.571485952605293,-9.153141516429066,0.05
NFLX,2026-03-11,0.523288,191,73.0,0.753043,96.94000244140625,28.295231675419018,2.4699997153115447,0.4515630257033137,0.866871017365263,0.006791111101274923,15.08015360754794,-9.293555337326877,0.05
NFLX,2026-03-11,0.523288,191,74.0,0.763359,96.94000244140625,27.49105701337338,2.639999991365883,0.4485992732695371,0.8588100525201041,0.007116112899466297,15.698131068564143,-9.51687475936618,0.05
NFLX,2026-03-11,0.523288,191,75.0,0.773674,96.94000244140625,26.586878517993583,2.7099964340860794,0.438961104744495,0.8529732865341744,0.0074737445140052455,16.132840617661245,-9.57155351525663,0.05
NFLX,2026-03-11,0.523288,191,76.0,0.78399,96.94000244140625,25.49270504253623,2.589997896728704,0.4176577955429477,0.8515599799402196,0.007905439590470072,16.23652821910219,-9.33240249577241,0.05
NFLX,2026-03-11,0.523288,191,77.0,0.794306,96.94000244140625,25.178532217861594,3.2500000101540536,0.44251100264141263,0.8317734180142248,0.00810010190183461,17.626298128053737,-10.22539721369402,0.05
NFLX,2026-03-11,0.523288,191,78.0,0.804621,96.94000244140625,24.40435727011264,3.450000000505085,0.439202522634156,0.8226267368255498,0.008441232372112174,18.231283190986083,-10.41793709953033,0.05
NFLX,2026-03-11,0.523288,191,79.0,0.814937,96.94000244140625,23.58018233153588,3.6000000000283023,0.4327666690493337,0.8142859864583343,0.00881674122738961,18.763266826682987,-10.526585203819415,0.05
NFLX,2026-03-11,0.523288,191,80.0,0.825253,96.94000244140625,22.806005367306824,3.799997973899238,0.4286347388898462,0.8047874026072377,0.009178629692561687,19.346917065317758,-10.684215552995404,0.05
NFLX,2026-03-11,0.523288,191,81.0,0.835568,96.94000244140625,22.23183236499029,4.199999909682674,0.43407797836032663,0.7917270313041462,0.009422003046107932,20.112106011302643,-11.067613969948756,0.05
NFLX,2026-03-11,0.523288,191,82.0,0.845884,96.94000244140625,21.357657500344004,4.299999983136374,0.42401515614074714,0.783579672724794,0.009864356835335701,20.568220051557613,-11.063247052433612,0.05
NFLX,2026-03-11,0.523288,191,83.0,0.8562,96.94000244140625,20.78348497536153,4.700002396253893,0.4280094422079381,0.7705764531800646,0.010102608992442447,21.26343627496548,-11.391745247125346,0.05
NFLX,2026-03-11,0.523288,191,84.0,0.866515,96.94000244140625,20.059306273073375,4.949998632065714,0.4242781449016088,0.7597594823662919,0.010454336215660172,21.811909134305694,-11.52206403110666,0.05
NFLX,2026-03-11,0.523288,191,85.0,0.876831,96.94000244140625,19.385132553132422,5.249999850224754,0.4223506783853605,0.748129858441541,0.010771803195773755,22.372172621563852,-11.685330284236166,0.05
NFLX,2026-03-11,0.523288,191,86.0,0.887147,96.94000244140625,18.560957779076652,5.400000014268969,0.41334774357419884,0.7380937881960132,0.011232510651260848,22.831737661690713,-11.666948929137178,0.05
NFLX,2026-03-11,0.523288,191,87.0,0.897462,96.94000244140625,17.88678282735645,5.700000000648743,0.4105598369591299,0.7260329593338595,0.011568136201723185,23.355351668542216,-11.786786735714182,0.05
NFLX,2026-03-11,0.523288,191,88.0,0.907778,96.94000244140625,17.31261350036052,6.100005611752806,0.41148242660196027,0.7128681096995975,0.011807386027803754,23.89195070007439,-11.983248509787082,0.05
NFLX,2026-03-11,0.523288,191,89.0,0.918094,96.94000244140625,16.738432905498968,6.499999954991225,0.41177819766291157,0.6997423336082198,0.012045572971297483,24.391435853079187,-12.151612895819571,0.05
NFLX,2026-03-11,0.523288,191,90.0,0.928409,96.94000244140625,16.16425801969418,6.9000000072864225,0.4114878801622866,0.6866165285383607,0.01228374532145484,24.856181257884657,-12.292661285082472,0.05
NFLX,2026-03-11,0.523288,191,91.0,0.938725,96.94000244140625,15.390083154900985,7.100000080593219,0.4027301666539696,0.6745542151762508,0.012751335255235047,25.25319786353804,-12.21768317206735,0.05
NFLX,2026-03-11,0.523288,191,92.0,0.949041,96.94000244140625,14.975908378278412,7.660000242070609,0.4077180532431294,0.660386611943455,0.012809884126107974,25.68335168258235,-12.457652612473145,0.05
NFLX,2026-03-11,0.523288,191,93.0,0.959356,96.94000244140625,14.291733455619898,7.950000257512087,0.4016453708827553,0.64733501645016,0.01318696684322732,26.04559214704628,-12.418591791137988,0.05
NFLX,2026-03-11,0.523288,191,94.0,0.969672,96.94000244140625,14.047558356801957,8.680000096794132,0.4118644216276828,0.6331305047830618,0.013036386780560093,26.403291486504123,-12.757034977025109,0.05
NFLX,2026-03-11,0.523288,191,95.0,0.979988,96.94000244140625,12.993383326639304,8.600000004731456,0.39098451180787797,0.6199689783985083,0.013887503591427909,26.701170108501156,-12.330468571843245,0.05
NFLX,2026-03-11,0.523288,191,96.0,0.990303,96.94000244140625,12.869208471626422,9.450000087818566,0.4044915639384447,0.6060437237705144,0.013564747920064728,26.98160321274039,-12.722170416155912,0.05
NFLX,2026-03-11,0.523288,191,97.0,1.000619,96.94000244140625,11.60000012110671,9.154966675398839,0.3751849903987422,0.5908865335980775,0.014767997532201921,27.246681950850096,-12.05164313823696,0.05
NFLX,2026-03-11,0.523288,191,98.0,1.010935,96.94000244140625,11.200000118941603,9.729141611333716,0.37750037721917007,0.5763354566853538,0.01479348319347621,27.462140709672337,-12.139109264213527,0.05
NFLX,2026-03-11,0.523288,191,99.0,1.02125,96.94000244140625,10.70000000831196,10.203316438804052,0.37564124602044413,0.5614989219383728,0.014964492151217253,27.642785941584883,-12.10825092501146,0.05
NFLX,2026-03-11,0.523288,191,100.0,1.031566,96.94000244140625,10.150000007244813,10.627491375836883,0.3714877987288005,0.5462055100168177,0.015211297449373851,27.788005008951078,-12.003466697766958,0.05
NFLX,2026-03-11,0.523288,191,101.0,1.041882,96.94000244140625,10.350000133743066,11.801666440435127,0.3937611302736087,0.535950835329388,0.014389170196153656,27.862183484292245,-12.563058401931322,0.05
NFLX,2026-03-11,0.523288,191,102.0,1.052197,96.94000244140625,9.900000185636983,12.325841430429023,0.39216235421215145,0.5218180236918649,0.014485075388244967,27.9340056302669,-12.501406137888415,0.05
NFLX,2026-03-11,0.523288,191,103.0,1.062513,96.94000244140625,8.950000007982553,12.35001619087457,0.372227828195167,0.502636243272999,0.01528334678279069,27.975242592983168,-11.938528677313988,0.05
NFLX,2026-03-11,0.523288,191,104.0,1.072829,96.94000244140625,8.45000003953394,12.824191160525942,0.3679165107874037,0.48693516621873995,0.015454485154676203,27.96085034350167,-11.76712337204188,0.05
NFLX,2026-03-11,0.523288,191,105.0,1.083144,96.94000244140625,8.030000191596073,13.37836625068806,0.3659802420676301,0.47190656030912725,0.015506027219397001,27.90645927966733,-11.644529165960641,0.05
NFLX,2026-03-11,0.523288,191,106.0,1.09346,96.94000244140625,8.860000214845847,15.182541212037833,0.4084125906584822,0.47363367149801217,0.01389913556051395,27.91473236065838,-12.74606836577924,0.05
NFLX,2026-03-11,0.523288,191,107.0,1.103776,96.94000244140625,7.350000205281432,14.646716140573389,0.36642662989933555,0.443834996998381,0.015371531610248568,27.69814766444977,-11.481435027364968,0.05
NFLX,2026-03-11,0.523288,191,108.0,1.114091,96.94000244140625,6.9500000535175275,15.220890926909462,0.36378125896246416,0.42875276155447634,0.015388489630359237,27.52852063238164,-11.299359347097326,0.05
NFLX,2026-03-11,0.523288,191,109.0,1.124407,96.94000244140625,6.95000000617101,16.195065817662936,0.37526137001281334,0.42080585252374453,0.014860437484843291,27.42281351169174,-11.52490449290481,0.05
NFLX,2026-03-11,0.523288,191,110.0,1.134722,96.94000244140625,6.249999420573488,16.469240170165392,0.36070449474284755,0.39988700581553055,0.015272688429024756,27.090286718537836,-10.962479323994238,0.05
NFLX,2026-03-11,0.523288,191,111.0,1.145038,96.94000244140625,6.000001324578182,17.19341701227006,0.36218392319499026,0.38740956352336264,0.015077740868292954,26.85418640873879,-10.87108938289514,0.05
NFLX,2026-03-11,0.523288,191,112.0,1.155354,96.94000244140625,5.700000001035978,17.867590626827848,0.36137801033437833,0.37387533423564445,0.014949110012027533,26.565843861848133,-10.700246581574252,0.05
NFLX,2026-03-11,0.523288,191,114.0,1.175985,96.94000244140625,5.1999997285804795,19.315940230572323,0.3622820018073323,0.3491232007889114,0.014566400480352865,25.950489856815313,-10.41520891674982,0.05
NFLX,2026-03-11,0.523288,191,115.0,1.186301,96.94000244140625,4.849997142314415,19.94011258240623,0.35821522566454644,0.33405157396043816,0.01448687786831103,25.519102454002923,-10.11116604530754,0.05
NFLX,2026-03-11,0.523288,191,116.0,1.196616,96.94000244140625,4.599999998471237,20.664290376663033,0.35759168202642494,0.32153080209221097,0.014289425313466098,25.12746787209544,-9.913960695779734,0.05
NFLX,2026-03-11,0.523288,191,118.0,1.217248,96.94000244140625,4.749999990449059,22.762640244840824,0.38148228098841247,0.3157542023337666,0.013292725450704212,24.936469206235046,-10.382436366361869,0.05
NFLX,2026-03-11,0.523288,191,120.0,1.237879,96.94000244140625,3.700000000033917,23.660990130625663,0.35501885959687046,0.2740345564575021,0.013379544180200105,23.358195983944885,-9.066803216211904,0.05
NFLX,2026-03-11,0.523288,191,122.0,1.25851,96.94000244140625,3.4000000094951695,25.309340016286882,0.35786737410161684,0.25537420259446286,0.012805343219783176,22.53512053525342,-8.77348808392111,0.05
NFLX,2026-03-11,0.523288,191,124.0,1.279142,96.94000244140625,3.000001257339971,26.85769114033164,0.35481495556209963,0.23303125933574814,0.012293213333716675,21.44933790414361,-8.25135914052915,0.05
NFLX,2026-03-11,0.523288,191,125.0,1.289457,96.94000244140625,2.980003460836244,27.8118682819279,0.3611792732235893,0.22897222269303313,0.011958714498838067,21.239968724026387,-8.290865680260145,0.05
NFLX,2026-03-11,0.523288,191,126.0,1.299773,96.94000244140625,2.709999920667425,28.516039679859063,0.35536832110791794,0.21487864486103225,0.011721178214733466,20.48314008608011,-7.861138740016713,0.05
NFLX,2026-03-11,0.523288,191,128.0,1.320404,96.94000244140625,2.7999997800102143,30.554389415401815,0.3736339371289062,0.2129049170080181,0.01108843605128039,20.373383858665356,-8.165375517028687,0.05
NFLX,2026-03-11,0.523288,191,130.0,1.341036,96.94000244140625,2.2500000669375346,31.952739578529105,0.3587430654175713,0.1840126345815754,0.010575337448977358,18.656247922503553,-7.174361726607445,0.05
NFLX,2026-03-11,0.523288,191,132.0,1.361667,96.94000244140625,2.2500007166337213,33.90109010442525,0.3714169654992957,0.1794994490509514,0.010057013917847175,18.368654438846548,-7.2763477176540885,0.05
NFLX,2026-03-11,0.523288,191,134.0,1.382298,96.94000244140625,2.179999989088145,35.77943925307966,0.37985502546462285,0.1721792509665479,0.009577659389230142,17.890555272675847,-7.218938518453038,0.05
NFLX,2026-03-11,0.523288,191,135.0,1.392614,96.94000244140625,1.930003356381647,36.503617558473124,0.37147045873718565,0.15847774305379642,0.009282104011395393,16.955760291297967,-6.689902936979478,0.05
NFLX,2026-03-11,0.523288,191,136.0,1.40293,96.94000244140625,1.7200000389816523,37.26778917917312,0.3645390714062636,0.14621400259813044,0.008966123075706314,16.072940404358054,-6.221163660751891,0.05
NFLX,2026-03-11,0.523288,191,138.0,1.423561,96.94000244140625,1.8300000122755726,39.326139028667,0.38265062987699594,0.14849089920262298,0.008630654149514808,16.240249675995848,-6.566022697246132,0.05
NFLX,2026-03-11,0.523288,191,140.0,1.444192,96.94000244140625,1.6999965498043696,41.144485442395776,0.38548662860610194,0.13900287381288984,0.00819380754014081,15.532509665119766,-6.309859151253511,0.05
NFLX,2026-03-11,0.523288,191,142.0,1.464824,96.94000244140625,1.4500014677877786,42.84284023657915,0.3793150747732402,0.1232982280028615,0.007665139744593362,14.29771826938912,-5.707113696693683,0.05
NFLX,2026-03-11,0.523288,191,144.0,1.485455,96.94000244140625,1.1600002861371337,44.50118893112848,0.3679338277403473,0.10466580547570303,0.007031268992747565,12.721841689893907,-4.921803395142738,0.05
NFLX,2026-03-11,0.523288,191,145.0,1.495771,96.94000244140625,1.380000005599058,45.69536358869037,0.38951988303822577,0.11600201198359805,0.007149985900525704,13.695609733339154,-5.5905654048016515,0.05
NFLX,2026-03-11,0.523288,191,146.0,1.506086,96.94000244140625,1.1000012764119944,46.389539797603305,0.3727933087604996,0.09910001420445125,0.006669023291727684,12.225789058384354,-4.780200831466647,0.05
NFLX,2026-03-11,0.523288,191,148.0,1.526718,96.94000244140625,1.0499980988447515,48.28788649623601,0.37803025843849397,0.09427797032315705,0.006340040148436595,11.785964447266782,-4.661637373410381,0.05
NFLX,2026-03-11,0.523288,191,150.0,1.547349,96.94000244140625,0.9099997702271265,50.096238043818374,0.3747397935574509,0.08405292595355507,0.0058719267019843886,10.820740807596625,-4.236410298290308,0.05
NFLX,2026-03-11,0.523288,191,152.0,1.56798,96.94000244140625,0.8500004382026765,51.98458858799387,0.3778513607671687,0.07880109891119813,0.005546954626691807,10.30675990843473,-4.060560140894637,0.05
NFLX,2026-03-11,0.523288,191,154.0,1.588611,96.94000244140625,0.7900000152991691,53.872938041290325,0.3804226906916525,0.07362998427706595,0.005232061794480456,9.787816824480112,-3.875186318227363,0.05
NFLX,2026-03-11,0.523288,191,155.0,1.598927,96.94000244140625,0.6499995961762366,54.707112560267376,0.36946146611415426,0.06368695087477932,0.004816918246597367,8.751550036788611,-3.365658179346642,0.05
NFLX,2026-03-11,0.523288,191,156.0,1.609243,96.94000244140625,0.7400007607002284,55.771288662891365,0.38350088302356755,0.06917816146671366,0.004947473658039287,9.330317322156999,-3.7172528545285752,0.05
NFLX,2026-03-11,0.523288,191,158.0,1.629874,96.94000244140625,0.6600008238537347,57.63963860224483,0.38266982792420823,0.06278843472300813,0.004599488238613277,8.655263403436292,-3.4360461833689895,0.05
NFLX,2026-03-11,0.523288,191,160.0,1.650505,96.94000244140625,0.639998564329666,59.56798621892074,0.3881753296582687,0.06046331224163239,0.004402601038973048,8.403956923957876,-3.378097673829333,0.05
NFLX,2026-03-11,0.523288,191,162.0,1.671137,96.94000244140625,0.5799996182868679,61.456337149077896,0.38844732662282105,0.05548796092844206,0.00411237188655591,7.855450093432625,-3.155582200483714,0.05
NFLX,2026-03-11,0.523288,191,164.0,1.691768,96.94000244140625,0.6449999054881639,63.46968731247915,0.40404573898176654,0.0590020597384062,0.004149371792128954,8.244407254782635,-3.4366071628353607,0.05
NFLX,2026-03-11,0.523288,191,165.0,1.702084,96.94000244140625,0.8599999732952259,64.65886231838621,0.4319306305803453,0.07184005536385438,0.004522109923973311,9.60509520273922,-4.269314025761602,0.05
NFLX,2026-03-11,0.523288,191,166.0,1.712399,96.94000244140625,1.3349999974861682,66.10803728067714,0.4797778662841299,0.09664254236822106,0.005087411842028557,12.002830154467583,-5.904091775833121,0.05
NFLX,2026-03-11,0.523288,191,168.0,1.733031,96.94000244140625,0.5299985419789541,67.25138570136988,0.4037460257541026,0.0497696592172518,0.0036293411295693465,7.205806675193422,-2.994577255222184,0.05
NFLX,2026-03-11,0.523288,191,170.0,1.753662,96.94000244140625,0.48000015670552765,69.14973719229644,0.4035652805338809,0.04565785864755496,0.0033886822105613284,6.724983052480551,-2.7904945557190346,0.05
NFLX,2026-03-11,0.523288,191,172.0,1.774293,96.94000244140625,0.40000000013385373,71.01808691192473,0.3977315229141672,0.03935958039088224,0.0030493838830852812,5.9641515327878745,-2.437340920506748,0.05
NFLX,2026-03-11,0.523288,191,174.0,1.794925,96.94000244140625,0.4400000008048446,73.00643678879567,0.4109224561732237,0.04170528885052438,0.0030935115519198403,6.251124849818615,-2.6345580156420096,0.05
NFLX,2026-03-11,0.772603,282,49.0,0.505467,96.94000244140625,50.686783205212464,0.8899988205173344,0.5410206555574752,0.9602608151964203,0.0018593914030260446,7.3037678625320615,-4.677303259624896,0.05
NFLX,2026-03-11,0.772603,282,50.0,0.515783,96.94000244140625,49.59467913431604,0.7600012405741978,0.509761838920622,0.9631001439782086,0.001857667988322367,6.875395960260531,-4.456599239782698,0.05
NFLX,2026-03-11,0.772603,282,51.0,0.526099,96.94000244140625,49.02257154219668,1.150000139408128,0.5470656618876293,0.9511826988023308,0.0021706453754861857,8.621654789752048,-5.211670957232151,0.05
NFLX,2026-03-11,0.772603,282,52.0,0.536414,96.94000244140625,47.76046491050904,0.8499999986737805,0.4972181729598766,0.9583677520788757,0.0021010680240804943,7.584892033655051,-4.697861514833859,0.05
NFLX,2026-03-11,0.772603,282,53.0,0.54673,96.94000244140625,46.83835841865592,0.8899999977739412,0.49005331666046437,0.9560712490982248,0.0022263460720038956,7.921333589523218,-4.8043663951909625,0.05
NFLX,2026-03-11,0.772603,282,54.0,0.557046,96.94000244140625,46.086251930263956,1.100000000335264,0.5025310399672646,0.9487595960680001,0.0024560753823223043,8.96121466099271,-5.208687534776892,0.05
NFLX,2026-03-11,0.772603,282,55.0,0.567361,96.94000244140625,45.35414542102544,1.3299999820500403,0.5141481675939201,0.9412719800721289,0.00267380788681218,9.981154744967496,-5.615744929571201,0.05
NFLX,2026-03-11,0.772603,282,56.0,0.577677,96.94000244140625,44.262037751464725,1.199998803442611,0.488395833458302,0.9432760945716112,0.0027389843009810576,9.712338042525175,-5.428753349954929,0.05
NFLX,2026-03-11,0.772603,282,57.0,0.587993,96.94000244140625,43.40993242895383,1.3099999718850057,0.4870638479031674,0.9387903453263075,0.0029154774910130415,10.30998147062278,-5.629627079067102,0.05
NFLX,2026-03-11,0.772603,282,58.0,0.598308,96.94000244140625,42.537823868045315,1.3999979019297797,0.48327097758696014,0.9348007054170065,0.0030864480241929995,10.8295891078851,-5.791097748352871,0.05
NFLX,2026-03-11,0.772603,282,59.0,0.608624,96.94000244140625,41.715719504199214,1.5400000290369675,0.4834919707935237,0.929463988300879,0.003278306384963542,11.508033099728273,-6.020168616531636,0.05
NFLX,2026-03-11,0.772603,282,60.0,0.61894,96.94000244140625,40.843612984607056,1.6300000003980912,0.4788272274056337,0.925362275799573,0.0034567036362187944,12.017199764109273,-6.166932138187681,0.05
NFLX,2026-03-11,0.772603,282,61.0,0.629255,96.94000244140625,39.87150649352397,1.6200000002682913,0.465807411035281,0.9237029554285315,0.003613366458474501,12.220267123430894,-6.167453813907123,0.05
NFLX,2026-03-11,0.772603,282,62.0,0.639571,96.94000244140625,39.04939907955214,1.759999077249752,0.4648460457999283,0.9181514154887119,0.0038186635052948736,12.887919899560943,-6.374898704476001,0.05
NFLX,2026-03-11,0.772603,282,63.0,0.649887,96.94000244140625,38.2072934862085,1.8799999748594018,0.46181399434469717,0.9130529709965332,0.0040220361512726625,13.48575779825654,-6.545677942151485,0.05
NFLX,2026-03-11,0.772603,282,64.0,0.660202,96.94000244140625,37.62518702342265,2.260000003026839,0.4764337192051711,0.902014950135433,0.00425914591824701,14.732868295535997,-7.033397401960497,0.05
NFLX,2026-03-11,0.772603,282,65.0,0.670518,96.94000244140625,36.64308053130577,2.240000001863251,0.4627127215472334,0.8999214171725278,0.004453787636216377,14.962468246056533,-7.010285417796799,0.05
NFLX,2026-03-11,0.772603,282,66.0,0.680833,96.94000244140625,35.62097404148578,2.1800000029965503,0.44655970584063065,0.8986847417337236,0.004656413516593587,15.097094405779186,-6.937890931425164,0.05
NFLX,2026-03-11,0.772603,282,67.0,0.691149,96.94000244140625,34.87886417602418,2.399996628488239,0.4486443331902297,0.8910006866463447,0.004886595484999745,15.917353905465864,-7.19627832673903,0.05
NFLX,2026-03-11,0.772603,282,68.0,0.701465,96.94000244140625,34.25676104351926,2.73999998693661,0.4570536275026685,0.8809300093380157,0.005108412548263798,16.95178438052287,-7.571168478125737,0.05
NFLX,2026-03-11,0.772603,282,69.0,0.71178,96.94000244140625,33.2446545539217,2.6899999882923353,0.44183222796712246,0.878815861509137,0.005350347895916648,17.163336192043385,-7.505029704666978,0.05
NFLX,2026-03-11,0.772603,282,70.0,0.722096,96.94000244140625,32.58254880643452,2.9900007317584425,0.44658204763070525,0.8695253742936624,0.005573341438060113,18.07087605307784,-7.808151912197401,0.05
NFLX,2026-03-11,0.772603,282,71.0,0.732412,96.94000244140625,31.770441747433956,3.1400001637111643,0.4423788408673764,0.8631628087196279,0.0058135414001900965,18.672282631748907,-7.940939681376818,0.05
NFLX,2026-03-11,0.772603,282,72.0,0.742727,96.94000244140625,30.968335118443655,3.3000000256741657,0.43842510406284635,0.8565003033963703,0.0060585100175216755,19.285173064370372,-8.074871813484155,0.05
NFLX,2026-03-11,0.772603,282,73.0,0.753043,96.94000244140625,30.266228602809868,3.5600000009936394,0.43919633348906445,0.8479792004593338,0.006286075106160126,20.044746491918087,-8.294195622561745,0.05
NFLX,2026-03-11,0.772603,282,74.0,0.763359,96.94000244140625,29.414122110981516,3.670000000118577,0.4321229207295628,0.8419585942089072,0.006554956640324006,20.56550709503349,-8.361493991567983,0.05
NFLX,2026-03-11,0.772603,282,75.0,0.773674,96.94000244140625,28.8320136805657,4.049998060656051,0.43763197082412875,0.8314312879631098,0.006749398481696993,21.445511418447882,-8.662128999647777,0.05
NFLX,2026-03-11,0.772603,282,76.0,0.78399,96.94000244140625,28.06990881960791,4.249999690651563,0.4341251893413358,0.8237586068007661,0.0069998768658863526,22.06315838623037,-8.787902833015808,0.05
NFLX,2026-03-11,0.772603,282,77.0,0.794306,96.94000244140625,27.227802570076392,4.369999932073327,0.42678519242651286,0.8171140294878109,0.007287823630210101,22.58236867432648,-8.836403701323915,0.05
NFLX,2026-03-11,0.772603,282,78.0,0.804621,96.94000244140625,26.575696143054316,4.67999999600454,0.42752433705443393,0.8076228532676806,0.007506247491019479,23.299468723097114,-9.032213297818876,0.05
NFLX,2026-03-11,0.772603,282,79.0,0.814937,96.94000244140625,25.703590644719,4.770000988622513,0.4185267610158307,0.8010096360319345,0.00782657203751487,23.782478668845584,-9.038919545615528,0.05
NFLX,2026-03-11,0.772603,282,80.0,0.825253,96.94000244140625,25.301482653920047,5.329999488776849,0.42868320932089743,0.7883317737565905,0.007926721137229297,24.671317925658087,-9.400483559391123,0.05
NFLX,2026-03-11,0.772603,282,81.0,0.835568,96.94000244140625,24.509376586432154,5.499999912242245,0.422391426816313,0.7803990400746221,0.008218265460547167,25.20330857827273,-9.446604911174738,0.05
NFLX,2026-03-11,0.772603,282,82.0,0.845884,96.94000244140625,23.99727018485232,5.950000001615692,0.426773347571085,0.7693541855092492,0.008363210916074967,25.91389147180994,-9.6864050937981,0.05
NFLX,2026-03-11,0.772603,282,83.0,0.8562,96.94000244140625,22.98516369266695,5.900000000383628,0.4115871808075492,0.7632526285853058,0.00879822252799686,26.291724842876807,-9.553397560507008,0.05
NFLX,2026-03-11,0.772603,282,84.0,0.866515,96.94000244140625,22.91305720136866,6.790000000038617,0.4314220577590413,0.748348171145431,0.00867466154341902,27.171723185580678,-10.067948026571955,0.05
NFLX,2026-03-11,0.772603,282,85.0,0.876831,96.94000244140625,22.110950785276216,6.950000074899464,0.42358425891808277,0.7398706119574661,0.008989276059532057,27.645651366130863,-10.059055588724503,0.05
NFLX,2026-03-11,0.772603,282,86.0,0.887147,96.94000244140625,21.648845539828443,7.450001320404979,0.42768580737160833,0.7288226020247938,0.009092861629901715,28.234995142552812,-10.265112990926154,0.05
NFLX,2026-03-11,0.772603,282,87.0,0.897462,96.94000244140625,20.68674007859653,7.450002350126354,0.41381499377744013,0.7208934271287282,0.009531977148796483,28.638582052519542,-10.129411980430534,0.05
NFLX,2026-03-11,0.772603,282,88.0,0.907778,96.94000244140625,20.274636328864965,8.000005091348072,0.41886967738842923,0.7094597262554893,0.00959910201395855,29.192536098566872,-10.338444891124666,0.05
NFLX,2026-03-11,0.772603,282,89.0,0.918094,96.94000244140625,19.21253040663997,7.90000566007636,0.40142547339931595,0.7012835652625752,0.010145299003024641,29.568689434930658,-10.120078660868012,0.05
NFLX,2026-03-11,0.772603,282,90.0,0.928409,96.94000244140625,19.35042400094124,9.000005745330924,0.4240067083480519,0.6876892445955813,0.009796380591138139,30.157870603080887,-10.641073718939202,0.05
NFLX,2026-03-11,0.772603,282,91.0,0.938725,96.94000244140625,18.108316896793887,8.720005132136862,0.4003687903358996,0.6791812236778586,0.010493808002324915,30.503918108415487,-10.290260256280233,0.05
NFLX,2026-03-11,0.772603,282,92.0,0.949041,96.94000244140625,17.606208324306316,9.18000305060258,0.4009013622864704,0.6679448360174461,0.01062781910147143,30.93456277213837,-10.38314656623615,0.05
NFLX,2026-03-11,0.772603,282,93.0,0.959356,96.94000244140625,17.464099003575903,10.000000220825456,0.4125289365718515,0.6562563407592839,0.010467330943099776,31.351091758597274,-10.677580745492191,0.05
NFLX,2026-03-11,0.772603,282,94.0,0.969672,96.94000244140625,16.8419917684828,10.339999476685634,0.4083820157337873,0.6453860575631526,0.010694687978016943,31.710057046255756,-10.666730701948335,0.05
NFLX,2026-03-11,0.772603,282,95.0,0.979988,96.94000244140625,16.35988612183082,10.820000320986935,0.40833921585150945,0.6343555962161624,0.010809343451542403,32.04665486358104,-10.72544305532724,0.05
NFLX,2026-03-11,0.772603,282,96.0,0.990303,96.94000244140625,15.82778081071735,11.250001500826755,0.4064041691359291,0.6232503276161436,0.010966221616774198,32.35768697497986,-10.739893839693055,0.05
NFLX,2026-03-11,0.772603,282,97.0,1.000619,96.94000244140625,14.30000111752144,10.684328298584148,0.37368173277181255,0.6102443226099499,0.01204780890716092,32.686787157882755,-10.147599234923888,0.05
NFLX,2026-03-11,0.772603,282,98.0,1.010935,96.94000244140625,14.15000134385594,11.496435015871924,0.3829824135962206,0.5990021510081983,0.011846639764254365,32.94096448546388,-10.360350454848492,0.05
NFLX,2026-03-11,0.772603,282,99.0,1.02125,96.94000244140625,13.750000611874334,12.058540774843607,0.3842594123547753,0.5874514604184528,0.011890477285738658,33.17310309325544,-10.40931546430131,0.05
NFLX,2026-03-11,0.772603,282,100.0,1.031566,96.94000244140625,13.000000018180366,12.270646672102941,0.37469522397287136,0.5744069204132897,0.01227744817497643,33.400161250440306,-10.2333197895254,0.05
NFLX,2026-03-11,0.772603,282,101.0,1.041882,96.94000244140625,12.790000053621696,13.022753198497554,0.38098381137798215,0.5636685694617657,0.012132328476569587,33.55930659307798,-10.366939697763105,0.05
NFLX,2026-03-11,0.772603,282,102.0,1.052197,96.94000244140625,11.90000022501355,13.09485986084269,0.36671382037548556,0.5490103178524213,0.012670909731389205,33.73629386829804,-10.07247381384482,0.05
NFLX,2026-03-11,0.772603,282,103.0,1.062513,96.94000244140625,12.540001075265401,14.69696720204783,0.3974521459037037,0.5444627159016966,0.011706728923759615,33.78179364984119,-10.701241165807973,0.05
NFLX,2026-03-11,0.772603,282,104.0,1.072829,96.94000244140625,11.10000117014836,14.219073787884085,0.3663475483652246,0.524981327450547,0.012755076020412835,33.92646711922223,-10.033096006191844,0.05
NFLX,2026-03-11,0.772603,282,105.0,1.083144,96.94000244140625,10.65000067075048,14.731179779439472,0.3642019840166428,0.5124628278001125,0.012849156640538305,33.97654601793178,-9.959614441294637,0.05
NFLX,2026-03-11,0.772603,282,106.0,1.09346,96.94000244140625,11.370000852649184,16.413286452291473,0.39616174501507834,0.5113532335975921,0.011813551299988042,33.979368556288556,-10.621702846486404,0.05
NFLX,2026-03-11,0.772603,282,107.0,1.103776,96.94000244140625,10.349999598855263,16.35539168945084,0.37661207764247046,0.4935952580552909,0.012430216750899035,33.98875381020393,-10.159016480435865,0.05
NFLX,2026-03-11,0.772603,282,108.0,1.114091,96.94000244140625,10.599999652600665,17.56749823414954,0.39413839489633623,0.489178106945634,0.011874637154006787,33.980627006691776,-10.508547198126593,0.05
NFLX,2026-03-11,0.772603,282,109.0,1.124407,96.94000244140625,10.250001118725486,18.17960619122765,0.39373134432134316,0.4784089089112323,0.011873869395802853,33.943338397997636,-10.455395917009582,0.05
NFLX,2026-03-11,0.772603,282,110.0,1.134722,96.94000244140625,8.800004962837257,17.691716526292694,0.3605239131468731,0.4528411127452286,0.012895741008381895,33.75535464440081,-9.630645112016701,0.05
NFLX,2026-03-11,0.772603,282,111.0,1.145038,96.94000244140625,9.550005156007373,19.403823210416107,0.39208471007999385,0.4567664484718248,0.01187103993674979,33.79332843669636,-10.311259352955753,0.05
NFLX,2026-03-11,0.772603,282,112.0,1.155354,96.94000244140625,9.150006566145365,19.965931111507388,0.3893642892278529,0.4451410661152595,0.011910791183995269,33.671233367205446,-10.18465021873693,0.05
NFLX,2026-03-11,0.772603,282,114.0,1.175985,96.94000244140625,8.150004563139277,20.890142090407878,0.37705120790797275,0.4180607633825264,0.012154494143557465,33.27357933044507,-9.738047428908706,0.05
NFLX,2026-03-11,0.772603,282,115.0,1.186301,96.94000244140625,7.470001377836695,21.172245396058585,0.3649222256489607,0.400598278591987,0.01242970699880697,32.932409175017575,-9.345656111215831,0.05
NFLX,2026-03-11,0.772603,282,116.0,1.196616,96.94000244140625,7.250000288196869,21.91435079737205,0.3664004011202664,0.3911319906355042,0.012299492791487218,32.719408149118856,-9.29176991010744,0.05
NFLX,2026-03-11,0.772603,282,118.0,1.217248,96.94000244140625,7.550000028314468,24.13856351939623,0.39144370968902,0.3870319670652613,0.011477981501676901,32.62098988266055,-9.762251919431893,0.05
NFLX,2026-03-11,0.772603,282,120.0,1.237879,96.94000244140625,5.9999999892416795,24.512776462229994,0.3581799159081479,0.34542470891541655,0.012077640026339343,31.408385158267155,-8.654763421536154,0.05
NFLX,2026-03-11,0.772603,282,122.0,1.25851,96.94000244140625,6.029999890569368,26.46698934546427,0.3734582217179052,0.3377425870329136,0.011485006883657832,31.14121703198435,-8.86200891611422,0.05
NFLX,2026-03-11,0.772603,282,124.0,1.279142,96.94000244140625,5.989999154688732,28.35120159149021,0.3859752983319482,0.32918643695950556,0.01100058512991385,30.827449452291628,-8.99642385177849,0.05
NFLX,2026-03-11,0.772603,282,125.0,1.289457,96.94000244140625,4.999999990052025,28.3233089178068,0.3599059314521722,0.30037487178659006,0.011344112855695705,29.64297850082992,-8.110295733534132,0.05
NFLX,2026-03-11,0.772603,282,126.0,1.299773,96.94000244140625,5.449999997700004,29.73541541640806,0.3814840560819433,0.30887050225396917,0.010836045968674527,30.013008194651288,-8.63427922213824,0.05
NFLX,2026-03-11,0.772603,282,128.0,1.320404,96.94000244140625,5.099999909869073,31.309628310483703,0.3823770726689844,0.2932341714691091,0.010560503195590147,29.31829787057594,-8.421422016427881,0.05
NFLX,2026-03-11,0.772603,282,130.0,1.341036,96.94000244140625,4.100000000254074,32.23384138277528,0.3593078937815863,0.258199829407215,0.010556652952933019,27.539452341857302,-7.450265979023201,0.05
NFLX,2026-03-11,0.772603,282,132.0,1.361667,96.94000244140625,4.080000002354097,34.13805436678189,0.3700936428577016,0.2521994076148457,0.01012375127669695,27.202911491620902,-7.533805918860505,0.05
NFLX,2026-03-11,0.772603,282,134.0,1.382298,96.94000244140625,4.000000024858874,35.982267371193245,0.3782978196676584,0.2447205334162002,0.009746573093541272,26.769981979140788,-7.5399980827630015,0.05
NFLX,2026-03-11,0.772603,282,135.0,1.392614,96.94000244140625,3.3500028373733457,36.29437667466101,0.35872814746918474,0.22060395948728356,0.00970208344906296,25.26927355971628,-6.768171332668281,0.05
NFLX,2026-03-11,0.772603,282,136.0,1.40293,96.94000244140625,3.1999999921262123,37.106480320367154,0.3579664125784506,0.21303940132668236,0.009528542714555017,24.7645853714433,-6.609631740993454,0.05
NFLX,2026-03-11,0.772603,282,138.0,1.423561,96.94000244140625,3.099999840750719,38.930693150898236,0.36408927084113796,0.20530646396000246,0.00916656990346491,24.231317732562573,-6.549628307350041,0.05
NFLX,2026-03-11,0.772603,282,140.0,1.444192,96.94000244140625,2.9999978122616575,40.754904104315756,0.369815970367073,0.1978449133681306,0.008826659872642376,23.699781952888863,-6.481053043960201,0.05
NFLX,2026-03-11,0.772603,282,142.0,1.464824,96.94000244140625,2.6700000112095506,42.34911928517023,0.36508654559375714,0.18174554505581908,0.008486211397308707,22.494273485448677,-6.0621550045603705,0.05
NFLX,2026-03-11,0.772603,282,144.0,1.485455,96.94000244140625,2.3799999931297506,43.983332248997016,0.36102230926098827,0.1668644542318854,0.008128270242311667,21.305634412116284,-5.6676473628966395,0.05
NFLX,2026-03-11,0.772603,282,145.0,1.495771,96.94000244140625,2.4099999901777984,44.97543873699831,0.3669057273533909,0.16665737196583852,0.007991526041462407,21.288570818690708,-5.742213789631546,0.05
NFLX,2026-03-11,0.772603,282,146.0,1.506086,96.94000244140625,2.5500034418005875,46.07754867957439,0.37787402920142044,0.17091172630088103,0.00788627388817519,21.636210440822936,-5.9919606453949275,0.05
NFLX,2026-03-11,0.772603,282,148.0,1.526718,96.94000244140625,2.239995537481363,47.69175375716175,0.3718083508291605,0.1555103339398058,0.007537783032209288,20.348156485628245,-5.537945522997848,0.05
NFLX,2026-03-11,0.772603,282,150.0,1.547349,96.94000244140625,1.9500002719993166,49.32597147358628,0.3654277446617383,0.14046802278431847,0.007164428246663404,19.0083907712577,-5.078668686851821,0.05
NFLX,2026-03-11,0.772603,282,152.0,1.56798,96.94000244140625,1.9800006142378486,51.280184797731394,0.3751160776244644,0.1395959126313691,0.006949915895625158,18.928121895167553,-5.17263668934089,0.05
NFLX,2026-03-11,0.772603,282,154.0,1.588611,96.94000244140625,1.8699999489492392,53.09439711434936,0.3771207550503612,0.13262623663974488,0.006674819066869771,18.27604543530466,-5.009766266586759,0.05
NFLX,2026-03-11,0.772603,282,155.0,1.598927,96.94000244140625,1.889999959178013,54.07650361553142,0.3821021790090818,0.1325409828111322,0.006584882490080802,18.267951085198458,-5.065269653440129,0.05
NFLX,2026-03-11,0.772603,282,156.0,1.609243,96.94000244140625,0.48000000319612646,53.62861015050282,0.28369141413535026,0.0517250395933252,0.0043833849881765845,9.028552019231473,-1.884304857858482,0.05
NFLX,2026-03-11,0.772603,282,158.0,1.629874,96.94000244140625,1.740003273705426,56.8128264029187,0.3850563379123279,0.12303207943845718,0.0062048360429927465,17.346700603357164,-4.832034582134706,0.05
NFLX,2026-03-11,0.772603,282,160.0,1.650505,96.94000244140625,1.3000025492930458,58.297038660412895,0.36507382124290166,0.10014991811068585,0.005647889368646403,14.970254006705145,-3.957333381548347,0.05
NFLX,2026-03-11,0.772603,282,162.0,1.671137,96.94000244140625,1.5400000393505167,60.46124913237695,0.3875617091723907,0.11054028148963907,0.00571405016080223,16.07856210684331,-4.491543683343249,0.05
NFLX,2026-03-11,0.772603,282,164.0,1.691768,96.94000244140625,1.1399998407204945,61.9854619156535,0.36759922713231113,0.08913375880530411,0.005147326908808131,13.73784580424101,-3.6432190207121287,0.05
NFLX,2026-03-11,0.772603,282,165.0,1.702084,96.94000244140625,1.2899969026770393,63.097565468563346,0.38154509253229607,0.09628751956343085,0.00525060037967542,14.5451141565021,-3.9937131822035585,0.05
NFLX,2026-03-11,0.772603,282,166.0,1.712399,96.94000244140625,0.4199999977304625,63.189675054570046,0.30711857812523785,0.04321896618472663,0.0035060679377753915,7.8178748198713786,-1.7423304346702857,0.05
NFLX,2026-03-11,0.772603,282,168.0,1.733031,96.94000244140625,1.1499998853881506,65.84388792413432,0.3814260035730104,0.08735014028547927,0.004886556267652972,13.532420925323008,-3.70629446153095,0.05
NFLX,2026-03-11,0.772603,282,170.0,1.753662,96.94000244140625,1.199999972447463,67.8181009931002,0.3914977458727924,0.08883088088214969,0.004820884006098382,13.70308162048984,-3.8424158300935836,0.05
NFLX,2026-03-11,0.772603,282,172.0,1.774293,96.94000244140625,0.3599988999849786,68.9023129025443,0.3158089266728781,0.03691277946767947,0.00299940666585941,6.877364625423541,-1.5665113305811498,0.05
NFLX,2026-03-11,0.772603,282,174.0,1.794925,96.94000244140625,1.0200001602183484,71.48652714468425,0.39008171734953206,0.0775190719674139,0.004367256090995737,12.368771078438469,-3.4471879295897643,0.05
NFLX,2026-03-11,0.849315,310,49.0,0.505467,96.94000244140625,50.67726134463379,0.6999999992658843,0.49194437419345916,0.9660182917939307,0.0017160225363161336,6.73773409479975,-4.099759146020634,0.05
NFLX,2026-03-11,0.849315,310,50.0,0.515783,96.94000244140625,49.898838056512666,0.8799999988190095,0.5045853728745328,0.9597317339917153,0.001922035555479498,7.740534599688899,-4.456236954938205,0.05
NFLX,2026-03-11,0.849315,310,51.0,0.526099,96.94000244140625,48.86041476567251,0.7999999956531028,0.48197383786000797,0.9611052523821783,0.001956205922379306,7.525111100985027,-4.350651597573303,0.05
NFLX,2026-03-11,0.849315,310,52.0,0.536414,96.94000244140625,48.09199148284369,0.9900000004985401,0.4935899111469762,0.9544902327957734,0.002169101179817113,8.545175110369115,-4.704881574223839,0.05
NFLX,2026-03-11,0.849315,310,53.0,0.54673,96.94000244140625,47.09356819695132,0.9500000022804187,0.47691216288521965,0.954502036083011,0.0022444870286578308,8.543392919195853,-4.670460040639387,0.05
NFLX,2026-03-11,0.849315,310,54.0,0.557046,96.94000244140625,46.475144830787194,1.2899999237905462,0.5013212364252164,0.9440107717202181,0.002518989410211152,10.078997230688149,-5.226504381110427,0.05
NFLX,2026-03-11,0.849315,310,55.0,0.567361,96.94000244140625,45.60672161483443,1.37999999551203,0.49771078075249203,0.9403299003802841,0.002667505391552694,10.596372963459373,-5.382256137296924,0.05
NFLX,2026-03-11,0.849315,310,56.0,0.577677,96.94000244140625,44.59829831275712,1.3299999811089762,0.4808583816660873,0.9401070174177796,0.002769068204635623,10.627368147752826,-5.335242868751447,0.05
NFLX,2026-03-11,0.849315,310,57.0,0.587993,96.94000244140625,43.75987623472587,1.4500011907519834,0.47982880506299597,0.9354971841671978,0.002940260315143574,11.260222709101043,-5.527147300322863,0.05
NFLX,2026-03-11,0.849315,310,58.0,0.598308,96.94000244140625,42.891451779378194,1.540000023078555,0.47566262277786997,0.9315981961486653,0.0031038982940785886,11.783692216918144,-5.6706381915742465,0.05
NFLX,2026-03-11,0.849315,310,59.0,0.608624,96.94000244140625,42.023028468928125,1.6300000003027364,0.4712043804910772,0.9276325862720901,0.00327202463405564,12.30554253329896,-5.808673068182353,0.05
NFLX,2026-03-11,0.849315,310,60.0,0.61894,96.94000244140625,41.22460451866942,1.7899993377182852,0.4718968777642201,0.9219388558455122,0.003461448518766725,13.037065959067554,-6.029238187457082,0.05
NFLX,2026-03-11,0.849315,310,61.0,0.629255,96.94000244140625,40.286181625879856,1.809999732602968,0.4615272080795004,0.9194787603397916,0.0036233404421432266,13.346928447157278,-6.068838900488998,0.05
NFLX,2026-03-11,0.849315,310,62.0,0.639571,96.94000244140625,39.54775949195192,2.030000886349292,0.4656089915596111,0.9123131368497347,0.0038289750403022703,14.229144047327834,-6.344923515726121,0.05
NFLX,2026-03-11,0.849315,310,63.0,0.649887,96.94000244140625,38.70933534357744,2.1500000256490637,0.4619444095624729,0.9074000002751363,0.004018868814995287,14.817277952610027,-6.492276840125578,0.05
NFLX,2026-03-11,0.849315,310,64.0,0.660202,96.94000244140625,37.91091203042587,2.3100000001717405,0.46056608903958285,0.9015619515777769,0.004216422568728961,15.499260209313755,-6.676790263681461,0.05
NFLX,2026-03-11,0.849315,310,65.0,0.670518,96.94000244140625,37.10248673664423,2.459997994064352,0.4580918050097201,0.8958876141712224,0.004415890696315167,16.145285147452313,-6.841353244370962,0.05
NFLX,2026-03-11,0.849315,310,66.0,0.680833,96.94000244140625,36.354065399629526,2.669999944723898,0.45879890376023513,0.8889692757790655,0.004618317944422975,16.911459186631436,-7.058905130448586,0.05
NFLX,2026-03-11,0.849315,310,67.0,0.691149,96.94000244140625,35.415642149379,2.689999982147633,0.44800038753610416,0.8857057356111806,0.004828505162802423,17.264975715144647,-7.0757357512906465,0.05
NFLX,2026-03-11,0.849315,310,68.0,0.701465,96.94000244140625,34.75721985526862,2.990000975711503,0.4529393060954708,0.8769570618729412,0.005031357208830455,18.18863233674784,-7.36274430922184,0.05
NFLX,2026-03-11,0.849315,310,69.0,0.71178,96.94000244140625,33.958795800769366,3.150000208886496,0.44952109084308517,0.8708308044222217,0.005244289504898023,18.815320193335378,-7.502214949689867,0.05
NFLX,2026-03-11,0.849315,310,70.0,0.722096,96.94000244140625,33.11037236252849,3.260000058319868,0.4432333589191863,0.8654853834269414,0.0054695747404605154,19.349105044843306,-7.588362721161316,0.05
NFLX,2026-03-11,0.849315,310,71.0,0.732412,96.94000244140625,32.42194901910074,3.530000002566368,0.4448180450008778,0.8572891332721719,0.00567420839640858,20.144781496864635,-7.809470578919398,0.05
NFLX,2026-03-11,0.849315,310,72.0,0.742727,96.94000244140625,31.683525728974566,3.75000000011444,0.4433859116634833,0.8499267160689292,0.0058880822273940725,20.836781512289477,-7.974351527733576,0.05
NFLX,2026-03-11,0.849315,310,73.0,0.753043,96.94000244140625,30.805102769352786,3.8300003281669177,0.4350153409563653,0.8446757199731406,0.0061398654316010895,21.31759993191974,-8.013277366458038,0.05
NFLX,2026-03-11,0.849315,310,74.0,0.763359,96.94000244140625,30.116677877864397,4.099998724352787,0.43528033036101604,0.8363513169288992,0.006349469423537279,22.05877346535352,-8.200604305057453,0.05
NFLX,2026-03-11,0.849315,310,75.0,0.773674,96.94000244140625,29.508255784897784,4.449999919060431,0.4385555901463941,0.8269169532685515,0.006533382963997273,22.868498413614734,-8.436886612260453,0.05
NFLX,2026-03-11,0.849315,310,76.0,0.78399,96.94000244140625,28.599832551923257,4.499999973760154,0.42838200138114824,0.8215758677879634,0.006818569560687195,23.31306491213379,-8.431569853808572,0.05
NFLX,2026-03-11,0.849315,310,77.0,0.794306,96.94000244140625,27.891409288415602,4.74999999792675,0.4266174598471187,0.8133530239161819,0.007042192050947947,23.97846468710415,-8.570034917567641,0.05
NFLX,2026-03-11,0.849315,310,78.0,0.804621,96.94000244140625,27.332984005291337,5.149998002476735,0.4305712083307072,0.8032406903497401,0.007206681805615975,24.765962732001153,-8.80437034993136,0.05
NFLX,2026-03-11,0.849315,310,79.0,0.814937,96.94000244140625,25.90456807261895,4.680005357478606,0.399242009251938,0.803885382439781,0.007756758771120876,24.716752001725276,-8.410571065673906,0.05
NFLX,2026-03-11,0.849315,310,80.0,0.825253,96.94000244140625,25.966139406445514,5.699999978979406,0.4269875566128005,0.7860409213413497,0.00763813822861738,26.030206565526953,-9.054890921907644,0.05
NFLX,2026-03-11,0.849315,310,81.0,0.835568,96.94000244140625,25.297710328350774,5.989994188558924,0.42525740381946475,0.7771756665676084,0.007850679683889198,26.646122710814375,-9.173025764204715,0.05
NFLX,2026-03-11,0.849315,310,82.0,0.845884,96.94000244140625,24.649288711597386,6.299995859479793,0.42392815312028714,0.7680521953090038,0.008055368769246085,27.255400495960874,-9.29243147481401,0.05
NFLX,2026-03-11,0.849315,310,83.0,0.8562,96.94000244140625,24.150869574413505,6.760000009970156,0.4276328551006461,0.7576440320326543,0.0081805189495405,27.920732110276987,-9.4938462239929,0.05
NFLX,2026-03-11,0.849315,310,84.0,0.866515,96.94000244140625,23.612447187507165,7.180000910738087,0.42938339758886757,0.7476907546353203,0.008324367841880809,28.52800440981064,-9.654805437143306,0.05
NFLX,2026-03-11,0.849315,310,85.0,0.876831,96.94000244140625,22.734025392042284,7.26000240294745,0.4189753241789611,0.740035636771827,0.008665181986518179,28.976172333511613,-9.59736435356722,0.05
NFLX,2026-03-11,0.849315,310,86.0,0.887147,96.94000244140625,22.16560620766002,7.650006506239436,0.41905940139022424,0.7301010274819859,0.0088301537794018,29.53375972450043,-9.716625716844927,0.05
NFLX,2026-03-11,0.849315,310,87.0,0.897462,96.94000244140625,21.557171799261404,7.999995385515064,0.4174360888909647,0.7203738794716671,0.009020597366873972,30.05385407053593,-9.799488214749907,0.05
NFLX,2026-03-11,0.849315,310,88.0,0.907778,96.94000244140625,21.048750666819878,8.449997540747788,0.4187734692923555,0.7101096729467861,0.009147837167316123,30.57542253085567,-9.927406324307356,0.05
NFLX,2026-03-11,0.849315,310,89.0,0.918094,96.94000244140625,20.390326763708522,8.749996925310683,0.41487982866505985,0.7004667129094571,0.009374098239060795,31.04035665268842,-9.957059638931531,0.05
NFLX,2026-03-11,0.849315,310,90.0,0.928409,96.94000244140625,19.83190073693215,9.14999418620856,0.41392379259013784,0.6903296729450511,0.00953589151612324,31.5033381162428,-10.031196093474726,0.05
NFLX,2026-03-11,0.849315,310,91.0,0.938725,96.94000244140625,19.193489779779426,9.470006516730095,0.4101442500241367,0.6803329351301999,0.0097554522275963,31.934411405542832,-10.048651030311916,0.05
NFLX,2026-03-11,0.849315,310,92.0,0.949041,96.94000244140625,18.615062749802426,9.850002774427352,0.4079769086183235,0.6700491885880966,0.009935459865651705,32.351799189918175,-10.08722901128694,0.05
NFLX,2026-03-11,0.849315,310,93.0,0.959356,96.94000244140625,17.97663662082649,10.169999933125666,0.4036946250098899,0.6597169930516785,0.010162849804270674,32.74487646267067,-10.080928898645,0.05
NFLX,2026-03-11,0.849315,310,94.0,0.969672,96.94000244140625,17.45821246441225,10.609999064385676,0.4028021925622329,0.6491282959746687,0.010302271508977607,33.120714655333664,-10.127446913180023,0.05
NFLX,2026-03-11,0.849315,310,95.0,0.979988,96.94000244140625,17.15979101547091,11.2700009031186,0.4081750199788093,0.6385982930691432,0.010273163620747667,33.46767245128112,-10.279463829618354,0.05
NFLX,2026-03-11,0.849315,310,96.0,0.990303,96.94000244140625,16.601369434500334,11.670002609822262,0.40543029099714023,0.6279968678168903,0.010442406168624371,33.79026958603394,-10.278918831896789,0.05
NFLX,2026-03-11,0.849315,310,97.0,1.000619,96.94000244140625,15.230002108397514,11.2570585713937,0.3785903524118776,0.6157701507361437,0.011294938720146542,34.12937252248068,-9.829885757094512,0.05
NFLX,2026-03-11,0.849315,310,98.0,1.010935,96.94000244140625,14.81000219014549,11.795481940815932,0.37954243228813955,0.6045743764519603,0.011358983715031966,34.40920949212562,-9.878276157714069,0.05
NFLX,2026-03-11,0.849315,310,99.0,1.02125,96.94000244140625,14.200001165308983,12.143904203653662,0.3746783026354462,0.5927926663353289,0.01159442423982132,34.67229693487258,-9.811168386971111,0.05
NFLX,2026-03-11,0.849315,310,100.0,1.031566,96.94000244140625,13.650000153967376,12.552326479986306,0.37128254459631665,0.5809659536444418,0.011778741906445435,34.90425072362143,-9.762730338037045,0.05
NFLX,2026-03-11,0.849315,310,101.0,1.041882,96.94000244140625,13.500000143850649,13.360749757543843,0.3790114000381617,0.5709371893823872,0.011595282369250988,35.07587261087249,-9.918730665921528,0.05
NFLX,2026-03-11,0.849315,310,102.0,1.052197,96.94000244140625,13.000000013092695,13.819172914460125,0.37642955441395887,0.5593017540329149,0.011731542811533194,35.246315585590324,-9.871791359377372,0.05
NFLX,2026-03-11,0.849315,310,103.0,1.062513,96.94000244140625,13.300000789563057,15.077596978604745,0.39619604937120656,0.5528232878859376,0.01117205452156756,35.32792007634476,-10.254575736426329,0.05
NFLX,2026-03-11,0.849315,310,104.0,1.072829,96.94000244140625,13.250002333027105,15.986021809743065,0.405687167656129,0.5447836136112763,0.010937887241671187,35.41600698751019,-10.436540546032841,0.05
NFLX,2026-03-11,0.849315,310,105.0,1.083144,96.94000244140625,11.650002090729494,15.34444485511969,0.3712390359895566,0.5246154471722349,0.01200580359714828,35.572939417791936,-9.734848554404145,0.05
NFLX,2026-03-11,0.849315,310,106.0,1.09346,96.94000244140625,12.250002910768387,16.90286896283284,0.39843568493637804,0.5222976336751446,0.011190135431446604,35.5851214823427,-10.26602739016934,0.05
NFLX,2026-03-11,0.849315,310,107.0,1.103776,96.94000244140625,10.649999684150771,16.261289023889475,0.36356672248733146,0.49983417642540356,0.012282547778526531,35.640802099956225,-9.518584243328002,0.05
NFLX,2026-03-11,0.849315,310,108.0,1.114091,96.94000244140625,10.299999429061707,16.869712056474654,0.36351895563785347,0.4887405485937001,0.012279269967715578,35.62660935260503,-9.478273843440515,0.05
NFLX,2026-03-11,0.849315,310,109.0,1.124407,96.94000244140625,10.000001236407584,17.52813715149479,0.36459820151238176,0.4782364482744575,0.012229570951972385,35.5877577068989,-9.456656974835866,0.05
NFLX,2026-03-11,0.849315,310,110.0,1.134722,96.94000244140625,9.800003848666428,18.286563051427876,0.36822292257861794,0.46906088644524696,0.012090747698393278,35.53357154235321,-9.48637762737411,0.05
NFLX,2026-03-11,0.849315,310,111.0,1.145038,96.94000244140625,10.20000489084417,19.644987381279876,0.3885004998691347,0.4678579812434397,0.011456934609968487,35.52506639945381,-9.88278762465032,0.05
NFLX,2026-03-11,0.849315,310,112.0,1.155354,96.94000244140625,9.029993313808667,19.433399091918616,0.3642604417592481,0.44598104195173455,0.012146601185952644,35.31357324187229,-9.282941939496181,0.05
NFLX,2026-03-11,0.849315,310,114.0,1.175985,96.94000244140625,8.399995283867248,20.720247637325713,0.3631989240342559,0.42462414273216775,0.01207487511335822,35.00274329602985,-9.122395324767226,0.05
NFLX,2026-03-11,0.849315,310,115.0,1.186301,96.94000244140625,8.099993101818889,21.378668742951604,0.3627123595626996,0.41413963225096573,0.012025235717281507,34.81214908376311,-9.035852626050366,0.05
NFLX,2026-03-11,0.849315,310,116.0,1.196616,96.94000244140625,7.980007846552311,22.217106775359284,0.367171510254451,0.40680282587898337,0.011828570234915358,34.663795254394905,-9.065609551089182,0.05
NFLX,2026-03-11,0.849315,310,118.0,1.217248,96.94000244140625,7.55000163598595,23.703947140141423,0.36997767933598374,0.3891450939732959,0.011600694965919499,34.25582358758544,-8.969927997252599,0.05
NFLX,2026-03-11,0.849315,310,120.0,1.237879,96.94000244140625,6.839999970754306,24.91079205025828,0.3636234327326891,0.36597633849687716,0.011580936787296957,33.61014882412008,-8.626765998961062,0.05
NFLX,2026-03-11,0.849315,310,122.0,1.25851,96.94000244140625,6.520000000289741,26.507638655142216,0.36793150480392234,0.3507415744809992,0.011277151897497924,33.11626040161953,-8.547186657393828,0.05
NFLX,2026-03-11,0.849315,310,124.0,1.279142,96.94000244140625,6.19999995440336,28.104485184604343,0.37151332178596086,0.33584451941223803,0.010987312509180431,32.57922511942142,-8.44335438539185,0.05
NFLX,2026-03-11,0.849315,310,125.0,1.289457,96.94000244140625,5.719999013750407,28.58290753162565,0.3630821214629912,0.32077321360762856,0.011035866633281191,31.98056924649492,-8.104633207371004,0.05
NFLX,2026-03-11,0.849315,310,126.0,1.299773,96.94000244140625,5.6699973470276355,29.491329152577123,0.3678048755616268,0.31606070325546426,0.010826450448254005,31.781797516086495,-8.13016822151124,0.05
NFLX,2026-03-11,0.849315,310,128.0,1.320404,96.94000244140625,5.949996013876021,31.68817439477401,0.3889210673698553,0.31641195695632607,0.010243470824896562,31.796805171853787,-8.516396256736535,0.05
NFLX,2026-03-11,0.849315,310,130.0,1.341036,96.94000244140625,4.66999919807688,32.32502415432337,0.359272376407448,0.2767713074483852,0.01042865260853511,29.90383649542798,-7.43288507933476,0.05
NFLX,2026-03-11,0.849315,310,132.0,1.361667,96.94000244140625,4.859998761601744,34.43187029319674,0.3768899757075816,0.27663574470384544,0.009938782495971769,29.896658796545093,-7.731287611175277,0.05
NFLX,2026-03-11,0.849315,310,134.0,1.382298,96.94000244140625,4.450000000093215,35.93871810703672,0.37386506758656185,0.2597533196835273,0.009706648052746786,28.964034324921364,-7.411449916435649,0.05
NFLX,2026-03-11,0.849315,310,135.0,1.392614,96.94000244140625,3.970000014456197,36.417141409073935,0.36226185057101357,0.24262879050428515,0.009662599504165514,27.937752306196845,-6.935723995342906,0.05
NFLX,2026-03-11,0.849315,310,136.0,1.40293,96.94000244140625,4.500000000418737,37.90556468271075,0.3861410029261376,0.2565148922336372,0.009337125377733365,28.77623641090135,-7.559884081162802,0.05
NFLX,2026-03-11,0.849315,310,138.0,1.423561,96.94000244140625,3.8000003760759675,39.12241163371648,0.3712848501056264,0.23058208001112418,0.009167264268571682,27.16576014158182,-6.865495611629931,0.05
NFLX,2026-03-11,0.849315,310,140.0,1.444192,96.94000244140625,3.3199999904927253,40.559257823481744,0.36283919058377656,0.21041309231228927,0.008901138023353867,25.77713267445013,-6.360046790463317,0.05
NFLX,2026-03-11,0.849315,310,142.0,1.464824,96.94000244140625,3.3699999741709625,42.52610438250848,0.3741416858941714,0.208524863359901,0.008586582392758868,25.640785315436112,-6.4898807259552,0.05
NFLX,2026-03-11,0.849315,310,144.0,1.485455,96.94000244140625,3.1599987515940313,44.232949735280044,0.37492350597947965,0.1977691190474638,0.008301996507179374,24.842774536765035,-6.28391143653238,0.05
NFLX,2026-03-11,0.849315,310,145.0,1.495771,96.94000244140625,2.9500000000879574,44.98137427144823,0.37077650712454596,0.18855995045036794,0.008153995876475403,24.130014251322624,-6.033542806643504,0.05
NFLX,2026-03-11,0.849315,310,146.0,1.506086,96.94000244140625,3.1000041109318506,46.08980166996636,0.38132458696826516,0.19249056911251383,0.008029511604403194,24.437615122078643,-6.263988985333285,0.05
NFLX,2026-03-11,0.849315,310,148.0,1.526718,96.94000244140625,2.870000009735165,47.77664414411821,0.3803155054405469,0.1811977597226746,0.007755123563144894,23.540063813816797,-6.005278002719008,0.05
NFLX,2026-03-11,0.849315,310,150.0,1.547349,96.94000244140625,2.399999830098846,49.223490539830394,0.36782228494244606,0.16034195837178872,0.007414702391187012,21.76740431730278,-5.3707029576163965,0.05
NFLX,2026-03-11,0.849315,310,152.0,1.56798,96.94000244140625,2.0700000091570256,50.81033729423707,0.3600178063809639,0.14416953989474335,0.007059036890154608,20.283566251056225,-4.894309833398207,0.05
NFLX,2026-03-11,0.849315,310,154.0,1.588611,96.94000244140625,2.040000126722605,52.69718398715115,0.3661630047821165,0.14072338515253635,0.006827908743728062,19.954325552001748,-4.881514594031776,0.05
NFLX,2026-03-11,0.849315,310,155.0,1.598927,96.94000244140625,2.010000635545868,53.62560778364865,0.3684036742962242,0.13840144724425124,0.006710026339332856,19.729817132428835,-4.849389945949772,0.05
NFLX,2026-03-11,0.849315,310,156.0,1.609243,96.94000244140625,2.190000009761924,54.764030445538964,0.38111464451211574,0.1450165776083971,0.006694647586816311,20.363772630781817,-5.162331123710536,0.05
NFLX,2026-03-11,0.849315,310,158.0,1.629874,96.94000244140625,1.5000001134422885,55.99087712456783,0.35150281060543487,0.1121930981168543,0.006073142207545789,17.037941964698103,-3.994514209347562,0.05
NFLX,2026-03-11,0.849315,310,160.0,1.650505,96.94000244140625,1.5600000386977264,57.96772362517177,0.361927785551801,0.11348612357969612,0.005946661436584773,17.177898053632816,-4.132168688537995,0.05
NFLX,2026-03-11,0.849315,310,162.0,1.671137,96.94000244140625,1.6300000087655402,59.954570170588084,0.3728068780520601,0.11522213422336591,0.005835869015390328,17.36458202004014,-4.288073630825461,0.05
NFLX,2026-03-11,0.849315,310,164.0,1.691768,96.94000244140625,1.7500000002659792,61.991416737437035,0.386386856243582,0.11915321009940333,0.0057661866683893686,17.782217758641774,-4.534951033774131,0.05
NFLX,2026-03-11,0.849315,310,165.0,1.702084,96.94000244140625,1.2799999878084591,62.47984001265377,0.36122651982707893,0.09618115220004125,0.005285256575018232,15.237740884664444,-3.6426106700880054,0.05
NFLX,2026-03-11,0.849315,310,166.0,1.712399,96.94000244140625,1.3299974291696,63.488260741689146,0.3676773522041895,0.09805914958100242,0.005266746403259779,15.455539480671666,-3.754224966105501,0.05
NFLX,2026-03-11,0.849315,310,168.0,1.733031,96.94000244140625,1.3399972230970363,65.41510711096512,0.37464724312702874,0.09732179195616752,0.005140239267501733,15.370243867289998,-3.7947561573701267,0.05
NFLX,2026-03-11,0.849315,310,170.0,1.753662,96.94000244140625,1.19999984733938,67.19195631055597,0.37141862753320554,0.0891834391099634,0.004860897348297125,14.409702438455804,-3.523065122952442,0.05
NFLX,2026-03-11,0.849315,310,172.0,1.774293,96.94000244140625,1.1399992096748983,69.04880224823998,0.3731901794499731,0.08506432017141136,0.004669955040034117,13.909700793803925,-3.411277395895622,0.05
NFLX,2026-03-11,0.849315,310,174.0,1.794925,96.94000244140625,1.0300012784773704,70.85565089239095,0.37089279745632936,0.0783534992861339,0.004416598514201318,13.074081974921604,-3.182981349932266,0.05
NFLX,2026-03-11,1.021918,373,50.0,0.515783,96.94000244140625,50.510624829898646,1.0800000029392365,0.48741497368548325,0.9548432273806247,0.0019900016984264125,9.314817145898365,-4.323996403310206,0.05
NFLX,2026-03-11,1.021918,373,55.0,0.567361,96.94000244140625,46.15968723240167,1.4800001668869456,0.46760234908337683,0.938636589395882,0.0026456984001886666,11.880618186546567,-4.959714399611325,0.05
NFLX,2026-03-11,1.021918,373,60.0,0.61894,96.94000244140625,42.28874930411125,2.360000000041211,0.4738857364170807,0.911113018016027,0.0034646278981289675,15.767115721330251,-5.95750640458356,0.05
NFLX,2026-03-11,1.021918,373,65.0,0.670518,96.94000244140625,37.73781149803898,2.5599999554136232,0.4293963550523219,0.8953634570251091,0.004310418000736196,17.774596936820284,-6.187261552521118,0.05
NFLX,2026-03-11,1.021918,373,70.0,0.722096,96.94000244140625,34.34687854564576,3.9200047644650837,0.4412867183785561,0.8571198197300793,0.005218447732735824,22.11486102282232,-7.211959071699031,0.05
NFLX,2026-03-11,1.021918,373,75.0,0.773674,96.94000244140625,30.72593316223122,5.0499971424952435,0.4309386877818662,0.8222938141465426,0.006163557727358599,25.5075632831647,-7.827580708445609,0.05
NFLX,2026-03-11,1.021918,373,80.0,0.825253,96.94000244140625,27.264998258897734,6.340000000606423,0.41970202245317295,0.7838490119812,0.007126204246666369,28.72244110856977,-8.334224946247662,0.05
NFLX,2026-03-11,1.021918,373,85.0,0.876831,96.94000244140625,24.424060492442713,8.249999995596099,0.4220268950629148,0.7392952526045488,0.007853961068640494,31.83104473023823,-8.934880049838043,0.05
NFLX,2026-03-11,1.021918,373,90.0,0.928409,96.94000244140625,21.703118845465546,10.279996110063621,0.4200424415606255,0.694126759287153,0.008520403593084402,34.36966990336546,-9.342819202327666,0.05
NFLX,2026-03-11,1.021918,373,95.0,0.979988,96.94000244140625,18.22218592622435,11.550000952267084,0.3906352172114915,0.6472959339176895,0.009702772117561029,36.39898266567837,-9.183216805044022,0.05
NFLX,2026-03-11,1.021918,373,100.0,1.031566,96.94000244140625,15.500001195648267,13.578753983135698,0.3773870921123252,0.596083237483924,0.010472883225723473,37.95555296052871,-9.12257545550938,0.05
NFLX,2026-03-11,1.021918,373,105.0,1.083144,96.94000244140625,13.30000347276443,16.12969402169655,0.37208574239009157,0.544420821731126,0.010873081427144413,38.85238551824488,-9.046988351476035,0.05
NFLX,2026-03-11,1.021918,373,110.0,1.134722,96.94000244140625,11.199997423871835,18.78062573424863,0.36357041891815717,0.49158624186098276,0.011194737510591087,39.0862922991054,-8.775635831502482,0.05
NFLX,2026-03-11,1.021918,373,115.0,1.186301,96.94000244140625,9.799999998792146,22.13156607061363,0.3674896486608842,0.44568046205844736,0.010974964396194886,38.73202919511563,-8.634383800047557,0.05
NFLX,2026-03-11,1.021918,373,120.0,1.237879,96.94000244140625,8.249999995976477,25.332503829242654,0.3624210738931074,0.3975023106297521,0.0108599310947341,37.79745273212892,-8.216588647146784,0.05
NFLX,2026-03-11,1.021918,373,125.0,1.289457,96.94000244140625,7.000000012344785,28.833441607055633,0.3604063464899488,0.3536972852219441,0.010527179700586442,36.43564705126718,-7.789368142000957,0.05
NFLX,2026-03-11,1.021918,373,130.0,1.341036,96.94000244140625,5.949999558164457,32.53437891431999,0.35941413517494897,0.3137155975585465,0.010068218141969095,34.7511987112048,-7.334173786075628,0.05
NFLX,2026-03-11,1.021918,373,135.0,1.392614,96.94000244140625,5.449999983908047,36.78531710150827,0.37069084594890833,0.2877165740522145,0.009388005025156354,33.420057659182,-7.1834643448216315,0.05
NFLX,2026-03-11,1.021918,373,140.0,1.444192,96.94000244140625,4.360000000699596,40.4462548797445,0.3605382321068473,0.24634716725900324,0.008923808416785351,30.89751720836596,-6.426451886792334,0.05
NFLX,2026-03-11,1.021918,373,145.0,1.495771,96.94000244140625,3.7000019238892143,44.537194564378794,0.3600551656396727,0.2165643675312891,0.00831592518798604,28.754223209558642,-5.930215448088809,0.05
NFLX,2026-03-11,1.021918,373,150.0,1.547349,96.94000244140625,3.4499999273269726,49.03813032926125,0.3712191570200561,0.20059443022855378,0.007709602345921525,27.484280885293114,-5.791714780047255,0.05
NFLX,2026-03-11,1.021918,373,155.0,1.598927,96.94000244140625,3.0000000030485676,53.33906816642752,0.3729740548679599,0.1785913584707945,0.0071437881195432085,25.58757963249537,-5.385040801803463,0.05
NFLX,2026-03-11,1.268493,463,49.0,0.505467,96.94000244140625,52.676303982165194,1.7249981577675513,0.5117267642456921,0.9431764131489593,0.002042951324920388,12.4620741352232,-4.451443019335919,0.05
NFLX,2026-03-11,1.268493,463,50.0,0.515783,96.94000244140625,51.67276099549644,1.660000000017341,0.4948445957861983,0.942991803489732,0.002118051748024591,12.493944644429497,-4.424013920417051,0.05
NFLX,2026-03-11,1.268493,463,52.0,0.536414,96.94000244140625,51.52567139935048,3.390000061708463,0.5863654253169244,0.9145580713667463,0.0024400915385365375,17.055664819973323,-5.798600071927328,0.05
NFLX,2026-03-11,1.268493,463,54.0,0.557046,96.94000244140625,48.20858280390894,1.9500011241040056,0.47138132634978364,0.9314944931475513,0.002565854760262029,14.417787585255223,-4.783402405732655,0.05
NFLX,2026-03-11,1.268493,463,55.0,0.567361,96.94000244140625,47.990036812856374,2.6699999619699852,0.5064208098041163,0.9177439584743983,0.002745793421137326,16.57576506616213,-5.357576471690653,0.05
NFLX,2026-03-11,1.268493,463,56.0,0.577677,96.94000244140625,48.73149562031862,4.350003598350774,0.5860722422073117,0.8957050890354354,0.0028278831773812622,19.756353856259633,-6.468846847219499,0.05
NFLX,2026-03-11,1.268493,463,58.0,0.598308,96.94000244140625,45.50440291122928,3.000000547098523,0.4907904283738827,0.9066425921166188,0.0031138886057463866,18.217691183282398,-5.643563852985939,0.05
NFLX,2026-03-11,1.268493,463,60.0,0.61894,96.94000244140625,43.40731562309117,2.7800029167975,0.4565478560842401,0.9054839247205922,0.0033780513820080866,18.384284748864744,-5.52689138390683,0.05
NFLX,2026-03-11,1.268493,463,62.0,0.639571,96.94000244140625,41.51022472637493,2.760001677918339,0.434178446813851,0.901165421516791,0.003670592333384708,18.997593607277928,-5.543675442024004,0.05
NFLX,2026-03-11,1.268493,463,64.0,0.660202,96.94000244140625,40.36313339242816,3.49000000180866,0.4491784014633098,0.8847469981198266,0.003964091174724382,21.22543889332689,-6.02821773227163,0.05
NFLX,2026-03-11,1.268493,463,65.0,0.670518,96.94000244140625,39.9345849273298,3.9999963656288458,0.4616037610319235,0.8750854452125173,0.004082577474252625,22.464561870269776,-6.332229107327713,0.05
NFLX,2026-03-11,1.268493,463,66.0,0.680833,96.94000244140625,39.18604303864793,4.18999930586552,0.4589129095637276,0.8696914532737077,0.0042290037880042515,23.134628411865343,-6.44089217684505,0.05
NFLX,2026-03-11,1.268493,463,68.0,0.701465,96.94000244140625,37.11895311891102,3.999999043965694,0.42917722998194513,0.8657372473000912,0.00461615947183319,23.616289030330442,-6.335404354568277,0.05
NFLX,2026-03-11,1.268493,463,70.0,0.722096,96.94000244140625,36.26186155051167,5.019997133403422,0.4488011995085688,0.8466936537389207,0.004827745302708839,25.828104694701818,-6.859907617258525,0.05
NFLX,2026-03-11,1.268493,463,72.0,0.742727,96.94000244140625,34.714774665402246,5.349999906131089,0.4393582416719249,0.8356286193675102,0.005162019031060809,27.03538496790515,-6.996572734848723,0.05
NFLX,2026-03-11,1.268493,463,74.0,0.763359,96.94000244140625,33.76768471509515,6.279999613661083,0.45053670737067913,0.8188141954605783,0.00535642435836173,28.76731549477933,-7.389119970527169,0.05
NFLX,2026-03-11,1.268493,463,75.0,0.773674,96.94000244140625,32.79913757728492,6.24999730476938,0.43836784685345936,0.8146217167785037,0.00558420973094908,29.180625205228505,-7.350657729301899,0.05
NFLX,2026-03-11,1.268493,463,76.0,0.78399,96.94000244140625,32.16059951258116,6.550004068984165,0.4374439852019608,0.8075824126166522,0.005725997438780649,29.85848568217716,-7.454719985816225,0.05
NFLX,2026-03-11,1.268493,463,78.0,0.804621,96.94000244140625,30.753505777130904,7.0199999913709945,0.43064359622436726,0.7943106983776083,0.0060549590270319,31.08303242237908,-7.588573099356548,0.05
NFLX,2026-03-11,1.268493,463,80.0,0.825253,96.94000244140625,29.806416085444795,7.949999957521982,0.4374245417425077,0.7778414706500589,0.006234551670507324,32.50892086756196,-7.8850312528707125,0.05
NFLX,2026-03-11,1.268493,463,82.0,0.845884,96.94000244140625,28.179326421208977,8.199999951123246,0.42240125141624724,0.7651613689230518,0.006660813593055367,33.53873323756837,-7.883877898376534,0.05
NFLX,2026-03-11,1.268493,463,84.0,0.866515,96.94000244140625,27.132236779044426,9.029999966795799,0.4240185592099135,0.7490824008027644,0.006877540201576875,34.76259453169907,-8.08422803084392,0.05
NFLX,2026-03-11,1.268493,463,85.0,0.876831,96.94000244140625,26.713691964343532,9.549999981013428,0.4273667786076888,0.7407024837043859,0.006941924397020237,35.36509409916317,-8.211909949307298,0.05
NFLX,2026-03-11,1.268493,463,86.0,0.887147,96.94000244140625,25.33514713320762,9.109999978796054,0.4035632387945359,0.7357360046015464,0.007423281854667051,35.710976720089675,-7.979968171614251,0.05
NFLX,2026-03-11,1.268493,463,88.0,0.907778,96.94000244140625,24.828057494918625,10.479999998344155,0.4183086946179355,0.7175424193376957,0.0074017226075869785,36.908285882785705,-8.32211469755808,0.05
NFLX,2026-03-11,1.268493,463,90.0,0.928409,96.94000244140625,24.170971085708636,11.70000324697125,0.4273225738822393,0.7008222522802635,0.007443075099909104,37.91424532063703,-8.574501898956772,0.05
NFLX,2026-03-11,1.268493,463,92.0,0.949041,96.94000244140625,23.203886989123767,12.610008808223455,0.42702248025376655,0.6847770962253403,0.007621703582563535,38.79689526666574,-8.689167027600314,0.05
NFLX,2026-03-11,1.268493,463,94.0,0.969672,96.94000244140625,22.166785298343797,13.449996775280582,0.4241126151506628,0.668613684654302,0.007834048086967301,39.606056518171926,-8.753447863596229,0.05
NFLX,2026-03-11,1.268493,463,95.0,0.979988,96.94000244140625,21.208243690733248,13.429999996588577,0.4113866671120187,0.6598980057705169,0.008158686618481487,40.009639967492994,-8.625902774135204,0.05
NFLX,2026-03-11,1.268493,463,96.0,0.990303,96.94000244140625,21.18969886356389,14.349999998337765,0.42197565382249513,0.6523176305752628,0.00802007538764053,40.342241474284016,-8.81240339899044,0.05
NFLX,2026-03-11,1.268493,463,98.0,1.010935,96.94000244140625,18.42999999970894,13.467390792319904,0.37573252750435066,0.6314767272107817,0.009191853829691636,41.16954646174185,-8.236556411170003,0.05
NFLX,2026-03-11,1.268493,463,100.0,1.031566,96.94000244140625,17.499991136083004,14.41447158653105,0.37394560929427445,0.6130914381399609,0.009376057208543951,41.79485915720136,-8.257115287395361,0.05
NFLX,2026-03-11,1.268493,463,102.0,1.052197,96.94000244140625,16.50000030530792,15.29157041359305,0.36972147840940073,0.5941868058106408,0.009606257820136018,42.33729420160212,-8.224945272294397,0.05
NFLX,2026-03-11,1.268493,463,104.0,1.072829,96.94000244140625,16.020000528467698,16.688660294589923,0.3769432681415539,0.5777258912993998,0.0095090759827569,42.727598939244935,-8.347667769854564,0.05
NFLX,2026-03-11,1.268493,463,105.0,1.083144,96.94000244140625,15.500000001256147,17.10720459629691,0.3736892649454149,0.5680330867971617,0.00963552399821887,42.92201861454487,-8.300520608267657,0.05
NFLX,2026-03-11,1.268493,463,106.0,1.09346,96.94000244140625,16.16000183395746,18.705751257916774,0.3976953013818251,0.5659545007696186,0.009061972993141723,42.960309623152504,-8.669594345759313,0.05
NFLX,2026-03-11,1.268493,463,108.0,1.114091,96.94000244140625,14.479999999909573,18.902839081705963,0.375398481924443,0.5421612512330534,0.009679125369094438,43.31345287783027,-8.312957839783156,0.05
NFLX,2026-03-11,1.268493,463,110.0,1.134722,96.94000244140625,14.189999999074814,20.489928738708286,0.38459563988454504,0.5283893219184461,0.0094767000655827,43.4465875574931,-8.437909125167474,0.05
NFLX,2026-03-11,1.268493,463,112.0,1.155354,96.94000244140625,13.399999998059315,21.577018395529876,0.38158124703748597,0.5105505631135161,0.009572470642672588,43.54168637362474,-8.353625908964615,0.05
NFLX,2026-03-11,1.268493,463,114.0,1.175985,96.94000244140625,12.800010447846553,22.854118503154197,0.38227804200768645,0.4944453220375985,0.009557438750415483,43.55269717775658,-8.319181335114553,0.05
NFLX,2026-03-11,1.268493,463,115.0,1.186301,96.94000244140625,11.96999137575584,22.962644259982028,0.37020778822469735,0.4804037495851258,0.009858096500457277,43.50436112563482,-8.07835813182023,0.05
NFLX,2026-03-11,1.268493,463,116.0,1.196616,96.94000244140625,12.19999292684524,24.13119063998998,0.3823393626834531,0.4783717946757345,0.00954278438554588,43.49289359633838,-8.263313754509504,0.05
NFLX,2026-03-11,1.268493,463,118.0,1.217248,96.94000244140625,11.119999998361777,24.928287369343593,0.3707086482794903,0.4561293821364239,0.009797013274403424,43.293290298049364,-7.980946591037414,0.05
NFLX,2026-03-11,1.268493,463,120.0,1.237879,96.94000244140625,10.149999986044651,25.835377014863553,0.360896314610026,0.4341821135599859,0.009986557169730827,42.96278428839716,-7.708606393112797,0.05
NFLX,2026-03-11,1.268493,463,122.0,1.25851,96.94000244140625,9.949999971527248,27.512466658183243,0.3683791411006538,0.4231397922487365,0.009734340787447898,42.74602707230969,-7.760328852350562,0.05
NFLX,2026-03-11,1.268493,463,124.0,1.279142,96.94000244140625,10.149999961606998,29.589556306100064,0.3847745831947912,0.4187640878457416,0.009298780113637092,42.650736375924694,-7.990916486264021,0.05
NFLX,2026-03-11,1.268493,463,125.0,1.289457,96.94000244140625,9.749999949825103,30.128101123236732,0.38106918453774113,0.4090619950625359,0.009338480106636711,42.420346126494444,-7.866990980712766,0.05
NFLX,2026-03-11,1.268493,463,126.0,1.299773,96.94000244140625,9.599999944388596,30.91664594671876,0.38311519147831996,0.40326740869877553,0.009255717893303966,42.270137603494696,-7.857932138286819,0.05
NFLX,2026-03-11,1.268493,463,128.0,1.320404,96.94000244140625,8.849999952012258,32.0437356121795,0.3761114208875927,0.38415057408778863,0.009302522104170053,41.70723616024303,-7.602628277723534,0.05
NFLX,2026-03-11,1.268493,463,130.0,1.341036,96.94000244140625,8.199999981643842,33.27082529964818,0.37084073797622996,0.36621906438793406,0.009293821858719591,41.08430641899827,-7.370509959519402,0.05
NFLX,2026-03-11,1.268493,463,132.0,1.361667,96.94000244140625,7.899999995921878,34.8479149717633,0.3735465535008371,0.3547005902521715,0.00912560663463885,40.63503678871128,-7.307347680791559,0.05
NFLX,2026-03-11,1.268493,463,134.0,1.382298,96.94000244140625,7.600002813393104,36.42500744707161,0.3758297235510507,0.3433419708507469,0.0089627705166735,40.15388590152589,-7.232584158386533,0.05
NFLX,2026-03-11,1.268493,463,135.0,1.392614,96.94000244140625,6.59000202875475,36.35355149135181,0.3550263203647147,0.31928263491945175,0.009217107346363307,39.0076130640068,-6.676795273201918,0.05
NFLX,2026-03-11,1.268493,463,136.0,1.40293,96.94000244140625,7.020000085191022,37.72209437670661,0.3706117124319315,0.32619318207622916,0.008908070186325017,39.35473112198231,-6.9791332995542215,0.05
NFLX,2026-03-11,1.268493,463,138.0,1.423561,96.94000244140625,6.529999977060637,39.10918392641332,0.36706211544279116,0.3106052333221065,0.008810541234128317,38.55106058224673,-6.756737249907054,0.05
NFLX,2026-03-11,1.268493,463,140.0,1.444192,96.94000244140625,6.249999318251504,40.706272925441255,0.3684649637002196,0.29967012015019256,0.008638450549044168,37.94252500330406,-6.6506698803834725,0.05
NFLX,2026-03-11,1.268493,463,142.0,1.464824,96.94000244140625,5.299999965464295,41.633363230491156,0.35125574296987416,0.2719917024923366,0.008653354125819607,36.23281610203766,-6.069919875258499,0.05
NFLX,2026-03-11,1.268493,463,144.0,1.485455,96.94000244140625,5.82999999465758,44.04045291752152,0.3738974847468027,0.2814501436978374,0.008266651977279937,36.844814742683035,-6.502826028818015,0.05
NFLX,2026-03-11,1.268493,463,145.0,1.495771,96.94000244140625,5.149999467443042,44.29899721922551,0.35911149742259674,0.2622363818653585,0.00830940116636122,35.570765840725734,-6.048616939466029,0.05
NFLX,2026-03-11,1.268493,463,146.0,1.506086,96.94000244140625,4.050000006376717,44.13754258707773,0.3309509416578695,0.22900509391906348,0.008383104190004547,33.07216790651666,-5.221766082478255,0.05
NFLX,2026-03-11,1.268493,463,148.0,1.526718,96.94000244140625,4.899991503095677,46.86462374163379,0.3635416478341926,0.25023011102192183,0.008010000939104731,34.712102348100885,-5.941993917885064,0.05
NFLX,2026-03-11,1.268493,463,150.0,1.547349,96.94000244140625,4.530000001382504,48.371721897757695,0.360135257253846,0.2366602955410685,0.007845801621170836,33.68194350139893,-5.701877812306897,0.05
NFLX,2026-03-11,1.268493,463,152.0,1.56798,96.94000244140625,4.480000007806087,50.19881156201835,0.3658452545629851,0.23218831760445757,0.007642248914131919,33.328271018769634,-5.707508893205956,0.05
NFLX,2026-03-11,1.268493,463,154.0,1.588611,96.94000244140625,4.000000768860389,51.59590198090976,0.3581236064265415,0.2151628727070668,0.00747612529996114,31.91565046431154,-5.348140612924691,0.05
NFLX,2026-03-11,1.268493,463,155.0,1.598927,96.94000244140625,4.200000308552312,52.734446349520226,0.36777419775587694,0.2198086685201886,0.007370276838094301,32.31165751406892,-5.53947178641058,0.05
NFLX,2026-03-11,1.268493,463,156.0,1.609243,96.94000244140625,3.0999987224358296,52.57298959232227,0.3352735022267802,0.18321880206339175,0.007248275298860205,28.968638905651545,-4.5613901430997705,0.05
NFLX,2026-03-11,1.268493,463,158.0,1.629874,96.94000244140625,3.599999989380299,54.95008051710384,0.3586171155429397,0.19752898904980148,0.007096850259704294,30.338271544984007,-5.065906352804864,0.05
NFLX,2026-03-11,1.268493,463,160.0,1.650505,96.94000244140625,3.669999984584349,56.897170170144975,0.3673557046451722,0.19740498933904854,0.006925401650438134,30.32675436704025,-5.164637094952939,0.05
NFLX,2026-03-11,1.268493,463,162.0,1.671137,96.94000244140625,2.600002587245287,57.704262430642984,0.33588980267875024,0.1585155214386017,0.006594288993511109,26.403346464095193,-4.134052931652857,0.05
NFLX,2026-03-11,1.268493,463,164.0,1.691768,96.94000244140625,2.549999985399797,59.531349486634596,0.33988620707723716,0.15472153968215463,0.006413649084622867,25.985609894160426,-4.103790496012414,0.05
NFLX,2026-03-11,1.268493,463,166.0,1.712399,96.94000244140625,3.0500000087579515,61.908439167829826,0.364357479847248,0.17079464762358765,0.006380207963307442,27.711287464783123,-4.655187709145309,0.05
NFLX,2026-03-11,1.268493,463,168.0,1.733031,96.94000244140625,2.850001257347108,63.585530074256084,0.3628110144054685,0.16203284036686633,0.006193183991761388,26.784813383678834,-4.473333436280067,0.05
NFLX,2026-03-11,1.268493,463,170.0,1.753662,96.94000244140625,2.830005255965384,65.44262373071145,0.36772174498585647,0.15961314507629987,0.006050745524636131,26.52298378700953,-4.476500422860448,0.05
NFLX,2026-03-11,1.268493,463,172.0,1.774293,96.94000244140625,1.2200041008956566,65.70971223347878,0.30111524675609463,0.09107307792531255,0.004983133637164742,17.886668563144102,-2.5034021223175635,0.05
NFLX,2026-03-11,1.268493,463,174.0,1.794925,96.94000244140625,2.5100000000708427,68.87679779049108,0.36621001067451736,0.14496989659775888,0.005699665558419194,24.88133991186563,-4.168751666408387,0.05
NFLX,2026-03-11,1.769863,646,49.0,0.505467,96.94000244140625,55.63984282376683,3.550000000246527,0.5540129769233312,0.9213600758656681,0.002053914132950118,18.925524617271073,-4.645930022984145,0.05
NFLX,2026-03-11,1.769863,646,50.0,0.515783,96.94000244140625,53.41453304756139,2.2399996039979513,0.4688265746635586,0.9351441789651447,0.002093463086743653,16.323874030229028,-4.023967661455837,0.05
NFLX,2026-03-11,1.769863,646,52.0,0.536414,96.94000244140625,54.00391468098472,4.659999997334992,0.5722200838046373,0.9057545989726856,0.0022769066178515503,21.669756048350553,-5.193056060178928,0.05
NFLX,2026-03-11,1.769863,646,54.0,0.557046,96.94000244140625,50.713295931954,3.200000008217984,0.4796648120084502,0.9153806180108524,0.002507044187167624,20.000716534386406,-4.611462706882238,0.05
NFLX,2026-03-11,1.769863,646,55.0,0.567361,96.94000244140625,49.78798655111002,3.190000007330859,0.46871533078022576,0.9134962315394064,0.0026082749614374213,20.333317269757774,-4.6307676362090735,0.05
NFLX,2026-03-11,1.769863,646,56.0,0.577677,96.94000244140625,50.672676174970235,4.98999901114793,0.5392621292947815,0.8937910205683055,0.0026363410732452085,23.645430437133136,-5.40085162894872,0.05
NFLX,2026-03-11,1.769863,646,58.0,0.598308,96.94000244140625,47.452062443878944,3.600004039970351,0.45725843831832846,0.9021682677293164,0.002928688242017165,22.273095468491448,-4.877423849736947,0.05
NFLX,2026-03-11,1.769863,646,60.0,0.61894,96.94000244140625,45.62143547941741,3.5999958354225257,0.43734484882191693,0.8975229191968337,0.0031675204560299534,23.040354139979687,-4.91593382302206,0.05
NFLX,2026-03-11,1.769863,646,62.0,0.639571,96.94000244140625,44.9908202926795,4.799999408598332,0.46629523480324864,0.8796674578355258,0.0033329663833486078,25.848635165152285,-5.419300002627292,0.05
NFLX,2026-03-11,1.769863,646,64.0,0.660202,96.94000244140625,43.41020211295886,5.049999988791406,0.4553722176610413,0.8716777401551263,0.0035698722531955075,27.037399128908174,-5.532770015345603,0.05
NFLX,2026-03-11,1.769863,646,65.0,0.670518,96.94000244140625,42.3948927249064,4.9499999806958,0.4416917088657532,0.8696260383025058,0.003721123778438246,27.336258319123843,-5.506387450011255,0.05
NFLX,2026-03-11,1.769863,646,66.0,0.680833,96.94000244140625,44.67958217193545,8.149998807681705,0.540664419594609,0.8454579867776376,0.003410766378684018,30.670825823101012,-6.548675553407531,0.05
NFLX,2026-03-11,1.769863,646,68.0,0.701465,96.94000244140625,41.398964357510714,6.69999975317068,0.4715624246658574,0.8461226202714067,0.003899443155836309,30.583521628391594,-6.105546042488203,0.05
NFLX,2026-03-11,1.769863,646,70.0,0.722096,96.94000244140625,39.298345655774845,6.42999981134853,0.44245772576528414,0.8408110927834447,0.004249852861611872,31.274572583667116,-6.019744832679425,0.05
NFLX,2026-03-11,1.769863,646,72.0,0.742727,96.94000244140625,37.887726477880584,6.849999393367973,0.4356988855866477,0.8303661359880696,0.004497308453556253,32.59003527396461,-6.1418507205575406,0.05
NFLX,2026-03-11,1.769863,646,74.0,0.763359,96.94000244140625,36.207107444630296,6.999999120031404,0.42054478807325696,0.8213578002434048,0.004815162359867081,33.679752909509745,-6.1721616983787335,0.05
NFLX,2026-03-11,1.769863,646,75.0,0.773674,96.94000244140625,35.791797706259636,7.499998761617597,0.4253955275919478,0.8140052493173275,0.004881758058053062,34.539407049985634,-6.306754252641591,0.05
NFLX,2026-03-11,1.769863,646,76.0,0.78399,96.94000244140625,35.5764882599583,8.199998695273116,0.4354484026762899,0.8057932743831067,0.00489738238202324,35.468794047553125,-6.4901396222094005,0.05
NFLX,2026-03-11,1.769863,646,78.0,0.804621,96.94000244140625,34.29586981698525,8.749999012213785,0.430635053903725,0.7939942536336776,0.005130859954032801,36.74897630669128,-6.604494004480904,0.05
NFLX,2026-03-11,1.769863,646,80.0,0.825253,96.94000244140625,33.21525155681929,9.499999511961526,0.4305776225440247,0.7811827071968132,0.005315689318225962,38.06770996479408,-6.756243860216707,0.05
NFLX,2026-03-11,1.769863,646,82.0,0.845884,96.94000244140625,32.364633174245256,10.479999889301212,0.4355752955505326,0.767697851516738,0.005435606968988918,39.37830268893944,-6.948433650934675,0.05
NFLX,2026-03-11,1.769863,646,84.0,0.866515,96.94000244140625,31.254014525180324,11.200000000149984,0.4331101184711737,0.755009086580561,0.00562799692739943,40.54132027003213,-7.057341140119181,0.05
NFLX,2026-03-11,1.769863,646,85.0,0.876831,96.94000244140625,30.25870514518045,11.12000000010697,0.4209413875431674,0.749443217162234,0.005860567474095403,41.03051847768948,-6.998932542454417,0.05
NFLX,2026-03-11,1.769863,646,86.0,0.887147,96.94000244140625,30.023385657964134,11.799989892847506,0.42717915905615916,0.742338735732316,0.005860312591785003,41.63672333751094,-7.121725505268754,0.05
NFLX,2026-03-11,1.769863,646,88.0,0.907778,96.94000244140625,28.51277358686375,12.119996581660828,0.41429459929987605,0.7296274173919975,0.00619269991768111,42.671215481460166,-7.105165620729199,0.05
NFLX,2026-03-11,1.769863,646,90.0,0.928409,96.94000244140625,28.202158288045503,13.640000042756299,0.42879523827963745,0.7158548247367361,0.006130482426797846,43.721022676711186,-7.355916601994293,0.05
NFLX,2026-03-11,1.769863,646,92.0,0.949041,96.94000244140625,26.951539454211556,14.219999968836063,0.4209742630823117,0.7024379771507776,0.006380525966383195,44.67429750086554,-7.370186626241631,0.05
NFLX,2026-03-11,1.769863,646,94.0,0.969672,96.94000244140625,26.550920694486777,15.649999969025004,0.4315080829617484,0.68964061988123,0.006342754448875372,45.52107819809155,-7.564360642908351,0.05
NFLX,2026-03-11,1.769863,646,95.0,0.979988,96.94000244140625,25.205611325043705,15.219999979538784,0.411499823705874,0.681642464943965,0.006724032476456044,46.019846109237115,-7.393534410434817,0.05
NFLX,2026-03-11,1.769863,646,96.0,0.990303,96.94000244140625,24.780301955445346,15.709999989897284,0.41153092529388663,0.6747890425028927,0.00678327632550963,46.42882488931394,-7.4295338377422535,0.05
NFLX,2026-03-11,1.769863,646,98.0,1.010935,96.94000244140625,22.94999999784217,15.71031679220782,0.3904237375547615,0.6587810663823885,0.007287049960433003,47.31879406289186,-7.264767372621248,0.05
NFLX,2026-03-11,1.769863,646,100.0,1.031566,96.94000244140625,21.26999999981288,15.86093555409225,0.3725611443448956,0.6419443725043896,0.00777180859693647,48.15765835556248,-7.116665745755274,0.05
NFLX,2026-03-11,1.769863,646,102.0,1.052197,96.94000244140625,20.350002268613736,16.77155658280681,0.37020042156176336,0.6265088345725578,0.007932291966764532,48.840635499291935,-7.127160966636682,0.05
NFLX,2026-03-11,1.769863,646,104.0,1.072829,96.94000244140625,19.550009017042818,17.802182091149604,0.36974809914281603,0.6113877105793255,0.008037996468004637,49.43100805543802,-7.149295827958273,0.05
NFLX,2026-03-11,1.769863,646,105.0,1.083144,96.94000244140625,20.34999375681977,19.517476210883416,0.3935081404243773,0.6095819534157001,0.007562645602984832,49.496350261751786,-7.4396085989043925,0.05
NFLX,2026-03-11,1.769863,646,106.0,1.09346,96.94000244140625,19.500004733892617,19.582796567913107,0.38378098946777095,0.6001022536491967,0.007805254618117891,49.82143580479057,-7.335390331825604,0.05
NFLX,2026-03-11,1.769863,646,108.0,1.114091,96.94000244140625,19.249990466383323,21.16340106031754,0.39307630845937,0.5886562271461946,0.007674605152948217,50.1739873365209,-7.462393046893821,0.05
NFLX,2026-03-11,1.769863,646,110.0,1.134722,96.94000244140625,17.500002201902987,21.244031555750908,0.3720979401558522,0.5678727302829982,0.00819281692932548,50.70329959216743,-7.207437726972699,0.05
NFLX,2026-03-11,1.769863,646,112.0,1.155354,96.94000244140625,17.349999999906196,22.924648113667843,0.38230606776001497,0.5573950102720734,0.00800756035219475,50.91633294911111,-7.333382852807754,0.05
NFLX,2026-03-11,1.769863,646,114.0,1.175985,96.94000244140625,17.159999998604775,24.56526687228012,0.39117217294317763,0.547261594582178,0.007852489518123038,51.08824972506446,-7.440296911122226,0.05
NFLX,2026-03-11,1.769863,646,115.0,1.186301,96.94000244140625,16.40999999546711,24.730576249099315,0.3826187966623819,0.5369434335568435,0.008050140201147842,51.22894967360076,-7.319544039624503,0.05
NFLX,2026-03-11,1.769863,646,116.0,1.196616,96.94000244140625,15.939999990276618,25.175885623865682,0.3794435285974389,0.5287462966034593,0.008131312553143593,51.31608447882158,-7.266698690893088,0.05
NFLX,2026-03-11,1.769863,646,118.0,1.217248,96.94000244140625,14.400000444239815,25.46650483774259,0.36112101674463953,0.506064406834179,0.00856513606755424,51.44376401380111,-6.981160390951432,0.05
NFLX,2026-03-11,1.769863,646,120.0,1.237879,96.94000244140625,13.979999942274574,26.87712309569106,0.36415334941852007,0.4937766471388605,0.008493761402662331,51.44344831542429,-6.986638849197204,0.05
NFLX,2026-03-11,1.769863,646,122.0,1.25851,96.94000244140625,12.499996824379515,27.2277387377097,0.3461150378499935,0.4693381782041373,0.008911103687088626,51.29767384465408,-6.665777999258348,0.05
NFLX,2026-03-11,1.769863,646,124.0,1.279142,96.94000244140625,13.449996869070162,30.008357542314073,0.37499448012552844,0.47342531535411986,0.008230900814538084,51.335518104758854,-7.06061811425156,0.05
NFLX,2026-03-11,1.769863,646,125.0,1.289457,96.94000244140625,12.999992492956686,30.473662546157456,0.3712711732909786,0.4647114966587455,0.0082993199474348,51.24829769531711,-6.977736235405166,0.05
NFLX,2026-03-11,1.769863,646,126.0,1.299773,96.94000244140625,12.949988619881438,31.338968053039054,0.375254898464635,0.4608391091995782,0.008203736827670359,51.20163109667743,-7.014196263262123,0.05
NFLX,2026-03-11,1.769863,646,128.0,1.320404,96.94000244140625,12.640000000088762,32.859598193160096,0.378859385897445,0.450714019103924,0.008102666628219646,51.0565808950149,-7.017232950987729,0.05
NFLX,2026-03-11,1.769863,646,130.0,1.341036,96.94000244140625,10.999999724893812,33.050216677878865,0.3558842805969938,0.42224548655192967,0.008526553292624764,50.469386166442206,-6.570819243280157,0.05
NFLX,2026-03-11,1.769863,646,132.0,1.361667,96.94000244140625,11.319999654099622,35.200835366998376,0.3712186221167528,0.4211370020804932,0.008169762930350311,50.4411425139964,-6.765121372466121,0.05
NFLX,2026-03-11,1.769863,646,134.0,1.382298,96.94000244140625,11.049999388383181,36.76145386119566,0.37457531716771425,0.41179346717401877,0.008055749261472586,50.186949892250404,-6.754267448015838,0.05
NFLX,2026-03-11,1.769863,646,135.0,1.392614,96.94000244140625,10.399999027031985,37.02676287980131,0.3658263284227628,0.399237616538761,0.008184773977904531,49.799772113011045,-6.561849981684521,0.05
NFLX,2026-03-11,1.769863,646,136.0,1.40293,96.94000244140625,9.999998764101296,37.542071996827474,0.3619420894426693,0.3902824294017786,0.008221397644847991,49.491480960460464,-6.45227432367993,0.05
NFLX,2026-03-11,1.769863,646,138.0,1.423561,96.94000244140625,9.699998506730942,39.072690499370836,0.3640011821870362,0.3804029973706222,0.008113546206810252,49.12009681722883,-6.409987797941252,0.05
NFLX,2026-03-11,1.769863,646,140.0,1.444192,96.94000244140625,9.499998415292822,40.70330916784644,0.3678175342535219,0.3723566520477781,0.007975929000617023,48.79321268212277,-6.399978993342509,0.05
NFLX,2026-03-11,1.769863,646,142.0,1.464824,96.94000244140625,9.119998573475943,42.153928085943264,0.3676601137153623,0.3613070587637515,0.007900048575469533,48.30832562715471,-6.312887968051259,0.05
NFLX,2026-03-11,1.769863,646,144.0,1.485455,96.94000244140625,7.999999535422155,42.86454780780318,0.35158685322173444,0.33615894491325327,0.008045561228011788,47.0472970708923,-5.902382642360818,0.05
NFLX,2026-03-11,1.769863,646,145.0,1.495771,96.94000244140625,8.349999383027718,44.1298570353656,0.3626209340236319,0.3409073906338188,0.007843032840980617,47.302338532936844,-6.080682092555182,0.05
NFLX,2026-03-11,1.769863,646,146.0,1.506086,96.94000244140625,7.949999728880194,44.64516676117492,0.35768646179550717,0.33116549071261747,0.007861832226790806,46.770496528425774,-5.933780161289174,0.05
NFLX,2026-03-11,1.769863,646,148.0,1.526718,96.94000244140625,8.149999760490271,46.67578555269874,0.3689607097210457,0.33130884365518143,0.0076229150549256,46.77856633743553,-6.074283087268011,0.05
NFLX,2026-03-11,1.769863,646,150.0,1.547349,96.94000244140625,7.300000002462667,47.65640455458484,0.35735116580985804,0.31050938063220956,0.007660602148553587,45.530646542601815,-5.736561306059265,0.05
NFLX,2026-03-11,1.769863,646,152.0,1.56798,96.94000244140625,3.330000089770838,45.51702340180671,0.2680249531906519,0.201868460406116,0.00814467712499279,36.307371378010316,-3.5611187949822902,0.05
NFLX,2026-03-11,1.769863,646,154.0,1.588611,96.94000244140625,3.900000000564436,47.91764207251401,0.2892572372464059,0.21756692128287985,0.007886650704413477,37.942203291002045,-3.960085414215767,0.05
NFLX,2026-03-11,1.769863,646,155.0,1.598927,96.94000244140625,6.389999948408597,51.32295140031506,0.35303855135564766,0.2822962141750307,0.007422708681976398,43.5843180146781,-5.395720700621102,0.05
NFLX,2026-03-11,1.769863,646,156.0,1.609243,96.94000244140625,6.424999910675503,52.27326074253881,0.3569312526630823,0.2815834448347436,0.007332820619044491,43.531270580941786,-5.43309729668228,0.05
NFLX,2026-03-11,1.769863,646,158.0,1.629874,96.94000244140625,6.124997468037076,53.8038770598141,0.35604357113603313,0.2717057248333432,0.007223566630404947,42.776036105051304,-5.313338163039157,0.05
NFLX,2026-03-11,1.769863,646,160.0,1.650505,96.94000244140625,6.489999156295134,55.999497507985865,0.37047364193105325,0.2773633559048887,0.0070131558231232675,43.21320812907587,-5.542646846644037,0.05
NFLX,2026-03-11,1.769863,646,162.0,1.671137,96.94000244140625,2.659997334746203,54.000114446350665,0.2759106436473903,0.1649426697210548,0.006974618884006876,32.006238846985696,-3.1612641278436313,0.05
NFLX,2026-03-11,1.769863,646,164.0,1.691768,96.94000244140625,2.650007057082675,55.820742928600836,0.280687751767416,0.16247909786142883,0.006789266497094151,31.695092559546346,-3.168344569096373,0.05
NFLX,2026-03-11,1.769863,646,166.0,1.712399,96.94000244140625,1.9300019796980692,56.93135661112993,0.26129221790562773,0.13156657606085498,0.006329938227569271,27.50880047449599,-2.5718222699770474,0.05
NFLX,2026-03-11,1.769863,646,168.0,1.733031,96.94000244140625,1.8600000078001653,58.69197339914574,0.2634013315938982,0.1268437925578565,0.006122124538787482,26.82043592058452,-2.5175986929661605,0.05
NFLX,2026-03-11,1.769863,646,170.0,1.753662,96.94000244140625,4.750000002034756,63.41259215329406,0.3555199381409073,0.22242519262619054,0.0064985413835663,38.4260334796924,-4.699995618124359,0.05
NFLX,2026-03-11,1.769863,646,172.0,1.774293,96.94000244140625,2.2649999264540153,62.75821083762702,0.2871857013076905,0.14048061519063265,0.006023583958366555,28.771565112566595,-2.9019594606183503,0.05
NFLX,2026-03-11,1.769863,646,174.0,1.794925,96.94000244140625,2.369999982404982,64.69382965349169,0.29537534231018536,0.14299830239641975,0.005927460188845086,29.11981354827933,-3.004539521176122,0.05
NFLX,2026-03-11,1.865753,681,49.0,0.505467,96.94000244140625,55.50436317012229,3.2000000067631333,0.5239481004726599,0.9252802357281551,0.0020345473671112536,18.690304443630577,-4.33395708618859,0.05
NFLX,2026-03-11,1.865753,681,50.0,0.515783,96.94000244140625,53.903434003572876,2.5100022540514146,0.47488007448014846,0.9317339174965275,0.0020944222731182913,17.438474684560205,-4.0402027831132745,0.05
NFLX,2026-03-11,1.865753,681,51.0,0.526099,96.94000244140625,55.12250145869072,4.640001123006961,0.5714334661312045,0.9086748384357741,0.002169585156110876,21.737153503606432,-4.97699436916124,0.05
NFLX,2026-03-11,1.865753,681,52.0,0.536414,96.94000244140625,54.421567210860246,4.849998289014181,0.5688257496510998,0.9049335742223092,0.0022451654156264845,22.391742526245757,-5.078501084396434,0.05
NFLX,2026-03-11,1.865753,681,53.0,0.54673,96.94000244140625,53.17063750589752,4.509999997889146,0.5418049262209648,0.9052332381189063,0.002351659695669708,22.339720002288498,-4.972802005338349,0.05
NFLX,2026-03-11,1.865753,681,54.0,0.557046,96.94000244140625,52.149706088655535,4.399999994484858,0.5254971221212374,0.9038853231008455,0.002449976435896331,22.573169847970565,-4.952560009688083,0.05
NFLX,2026-03-11,1.865753,681,55.0,0.567361,96.94000244140625,50.038774682681456,3.2000000023484745,0.4596512320872192,0.9139059272503466,0.0025812785615568004,20.802886669775813,-4.490286504010045,0.05
NFLX,2026-03-11,1.865753,681,56.0,0.577677,96.94000244140625,49.47784654561088,3.550003279115593,0.4659032943181817,0.9077548247744407,0.0026808426277717353,21.89915724080494,-4.6602499478221375,0.05
NFLX,2026-03-11,1.865753,681,57.0,0.587993,96.94000244140625,48.516913800180454,3.5000019475228683,0.45355971164591485,0.9061664433648413,0.0027887727723989214,22.177260623568607,-4.661959805763461,0.05
NFLX,2026-03-11,1.865753,681,58.0,0.598308,96.94000244140625,47.90597983855265,3.799999399732762,0.45680897281358585,0.9005496935960982,0.0028897434182547058,23.14484140651737,-4.803043969300822,0.05
NFLX,2026-03-11,1.865753,681,59.0,0.608624,96.94000244140625,47.17504894111538,3.979999916133181,0.45447692625432573,0.8962647843755935,0.002995181792635898,23.866862229858068,-4.892295082300743,0.05
NFLX,2026-03-11,1.865753,681,60.0,0.61894,96.94000244140625,46.0841172908817,3.7999996797371978,0.4371255006782739,0.8958526645355628,0.0031230408210115926,23.935588162915266,-4.841914595357409,0.05
NFLX,2026-03-11,1.865753,681,61.0,0.629255,96.94000244140625,45.62318619515494,4.2499999978481355,0.4457117688651956,0.8884818514881201,0.003217520311380123,25.14407705436645,-5.028659643464723,0.05
NFLX,2026-03-11,1.865753,681,62.0,0.639571,96.94000244140625,48.092253411645494,7.629998628176388,0.5583716581490413,0.8620741258334097,0.0029799763359800034,29.174033794550994,-6.139376928907518,0.05
NFLX,2026-03-11,1.865753,681,63.0,0.649887,96.94000244140625,47.88132127910996,8.32999790947855,0.5703159326153192,0.8559885066027029,0.0030042772134712564,30.04109843353949,-6.346330839026934,0.05
NFLX,2026-03-11,1.865753,681,64.0,0.660202,96.94000244140625,43.74039310134374,5.100001145550024,0.44834424154523816,0.8721326379900269,0.0035227272797252545,27.691782940830112,-5.367402478546421,0.05
NFLX,2026-03-11,1.865753,681,65.0,0.670518,96.94000244140625,42.559460534002305,4.829999992046282,0.4288860444991434,0.8716964055001316,0.0036912726864417383,27.75737190016927,-5.287472556861603,0.05
NFLX,2026-03-11,1.865753,681,66.0,0.680833,96.94000244140625,45.56852692159902,8.749997793480695,0.5491545866629022,0.8442143441269105,0.0032879547032057736,31.657800736928777,-6.472463549767116,0.05
NFLX,2026-03-11,1.865753,681,67.0,0.691149,96.94000244140625,45.80759639709727,9.899998682816644,0.5733417415682737,0.8370436322685151,0.00324342617839252,32.604525113943716,-6.776418603699569,0.05
NFLX,2026-03-11,1.865753,681,68.0,0.701465,96.94000244140625,41.54666581957682,6.549999519133891,0.4577742591115145,0.8482392478370937,0.003876536899128696,31.11398161210909,-5.851087334042199,0.05
NFLX,2026-03-11,1.865753,681,69.0,0.71178,96.94000244140625,44.37573400185754,10.2899991152523,0.5617703614861398,0.8285152203045842,0.0034209021091955983,33.694558438476456,-6.869670256860595,0.05
NFLX,2026-03-11,1.865753,681,70.0,0.722096,96.94000244140625,40.17480223023305,6.999998757465505,0.4519003909246044,0.8382394782902403,0.004095366199409507,32.44858467330656,-5.983860013794796,0.05
NFLX,2026-03-11,1.865753,681,71.0,0.732412,96.94000244140625,40.26386984536723,7.999997786437383,0.47201125633144064,0.8289612945955717,0.004064656807195024,33.638493544521296,-6.259831837639975,0.05
NFLX,2026-03-11,1.865753,681,72.0,0.742727,96.94000244140625,38.82293869329701,7.4699980482048645,0.44617740492743313,0.8278798227330637,0.004317354478314244,33.77423970550922,-6.109982745154273,0.05
NFLX,2026-03-11,1.865753,681,73.0,0.753043,96.94000244140625,43.31200923156082,12.870000000306362,0.5885473594035335,0.8080721094445902,0.0035037417928636175,36.15545315233488,-7.453699832531497,0.05
NFLX,2026-03-11,1.865753,681,74.0,0.763359,96.94000244140625,37.03107575706318,7.49999793964642,0.42741821414329034,0.8196981499646528,0.004641276712155074,34.78169858821209,-6.105525444672954,0.05
NFLX,2026-03-11,1.865753,681,75.0,0.773674,96.94000244140625,36.18014430263318,7.559997899054125,0.4194697699528829,0.8151809496247586,0.004802878654143787,35.32340674501001,-6.112984033088333,0.05
NFLX,2026-03-11,1.865753,681,76.0,0.78399,96.94000244140625,41.65921368666435,13.949998696922982,0.5821584513782703,0.7941622836933384,0.003694799028722936,37.713108235329166,-7.650027342885848,0.05
NFLX,2026-03-11,1.865753,681,77.0,0.794306,96.94000244140625,35.59828206449475,8.79999848859108,0.43422325973952086,0.8001361907247526,0.004867184792759688,37.05537552621361,-6.4103590862438455,0.05
NFLX,2026-03-11,1.865753,681,78.0,0.804621,96.94000244140625,34.94735097080785,9.059998808741867,0.4313126230886639,0.7944329278292497,0.004983112997219641,37.68367105662997,-6.458980740396745,0.05
NFLX,2026-03-11,1.865753,681,79.0,0.814937,96.94000244140625,34.67642010549161,9.69999935726333,0.4382011559878787,0.7872835656741548,0.005004511482316893,38.44992606544052,-6.597423552797698,0.05
NFLX,2026-03-11,1.865753,681,80.0,0.825253,96.94000244140625,34.19548898556282,10.129999651172241,0.43928656143538664,0.7810012579803474,0.00507706725821034,39.10399551937969,-6.679203355445596,0.05
NFLX,2026-03-11,1.865753,681,81.0,0.835568,96.94000244140625,33.304557923607966,10.150000003055077,0.4298170880707466,0.7759032084281654,0.005257625465690523,39.62174722470084,-6.659442866220745,0.05
NFLX,2026-03-11,1.865753,681,82.0,0.845884,96.94000244140625,32.4436265088091,10.200000002093915,0.42117863602917954,0.7705735025017815,0.005437093717485354,40.15073064466556,-6.644638710360516,0.05
NFLX,2026-03-11,1.865753,681,83.0,0.8562,96.94000244140625,32.532695093247256,11.200000000369755,0.435883919407966,0.7627373426870452,0.005352490288975448,40.90600202258326,-6.848655733642817,0.05
NFLX,2026-03-11,1.865753,681,84.0,0.866515,96.94000244140625,31.851763679209547,11.430000000169741,0.43140677715252884,0.7568125837238974,0.005481220707376817,41.45954706344285,-6.868901515689451,0.05
NFLX,2026-03-11,1.865753,681,85.0,0.876831,96.94000244140625,31.38083737348842,11.870005108286307,0.4318741310029624,0.7504509309247619,0.0055516008016596235,42.037387760521085,-6.933683174904688,0.05
NFLX,2026-03-11,1.865753,681,86.0,0.887147,96.94000244140625,31.04989504614568,12.449994194781269,0.43544520059975894,0.7439463231760849,0.00558117297313594,42.61076103043539,-7.02584176854251,0.05
NFLX,2026-03-11,1.865753,681,87.0,0.897462,96.94000244140625,30.188965610654115,12.499996173127414,0.42647532016254325,0.737977047522387,0.005766879307140358,43.12161982101085,-6.995912693966059,0.05
NFLX,2026-03-11,1.865753,681,88.0,0.907778,96.94000244140625,29.698036830003048,12.919998806314027,0.4260354449630098,0.7315602561491317,0.005844188483130284,43.654623489330234,-7.045128066466504,0.05
NFLX,2026-03-11,1.865753,681,89.0,0.918094,96.94000244140625,29.967106703342786,14.10000009349146,0.44264895188609144,0.7250598965941343,0.005692242951089209,44.1777067761494,-7.256578129721515,0.05
NFLX,2026-03-11,1.865753,681,90.0,0.928409,96.94000244140625,29.036175253895692,14.08000005788206,0.43187467282662306,0.7187107077045379,0.005899586535615758,44.67243356040353,-7.2020507077478015,0.05
NFLX,2026-03-11,1.865753,681,91.0,0.938725,96.94000244140625,27.89524382611434,13.850000043938408,0.41653361984669995,0.7121167063567572,0.006184930378239453,45.16948884294177,-7.098962214099665,0.05
NFLX,2026-03-11,1.865753,681,92.0,0.949041,96.94000244140625,28.064312293781683,14.929999925443454,0.43006759937628397,0.7059393144074046,0.0060500168056732365,45.61982404263468,-7.276296848714681,0.05
NFLX,2026-03-11,1.865753,681,93.0,0.959356,96.94000244140625,27.783380893738602,15.559999939238068,0.43342218136708716,0.6997467421445949,0.006060660026398536,46.05654509992483,-7.352065767788739,0.05
NFLX,2026-03-11,1.865753,681,94.0,0.969672,96.94000244140625,26.81244949983425,15.499999959171419,0.421735851919626,0.6926701144495371,0.006293678084395555,46.537746288708284,-7.276457560528026,0.05
NFLX,2026-03-11,1.865753,681,95.0,0.979988,96.94000244140625,26.501518105168827,16.099999978343675,0.42418134481034314,0.6863737449922379,0.006312827803027518,46.95002283727494,-7.338850551993,0.05
NFLX,2026-03-11,1.865753,681,96.0,0.990303,96.94000244140625,26.430586704903227,16.93999999191577,0.43151687520766085,0.6806481131505786,0.006253366495458015,47.31207185315271,-7.4488089019673245,0.05
NFLX,2026-03-11,1.865753,681,97.0,1.000619,96.94000244140625,23.49999999058057,14.920344691430813,0.3788240076642816,0.6692387298435638,0.007226362972677478,47.99738384820533,-6.9415130375627,0.05
NFLX,2026-03-11,1.865753,681,98.0,1.010935,96.94000244140625,22.999999996095454,15.331276110783392,0.3772326638758069,0.6618713054605864,0.00731992755090812,48.414602800206836,-6.952512397277102,0.05
NFLX,2026-03-11,1.865753,681,99.0,1.02125,96.94000244140625,22.34999999864288,15.592207527168526,0.37244874009920337,0.6540975093273529,0.00747809975352719,48.83352378184148,-6.92707686666178,0.05
NFLX,2026-03-11,1.865753,681,100.0,1.031566,96.94000244140625,22.29999999979485,16.453138942158176,0.37979185436782315,0.6477682296292017,0.007382326999760434,49.158568119228235,-7.0280797267049735,0.05
NFLX,2026-03-11,1.865753,681,101.0,1.041882,96.94000244140625,21.009999999944107,16.074070356145143,0.36186877810344714,0.6379070658182397,0.007823304250220951,49.63655529501715,-6.855019076013213,0.05
NFLX,2026-03-11,1.865753,681,102.0,1.052197,96.94000244140625,19.999988092341013,15.974989862379743,0.3496868842260975,0.6283954624135883,0.00816572967732962,50.06504862001171,-6.737528165711359,0.05
NFLX,2026-03-11,1.865753,681,103.0,1.062513,96.94000244140625,21.500007712398777,18.385940896275187,0.38745418350200683,0.6279056898657828,0.007372892217409704,50.08625262998478,-7.169072933141846,0.05
NFLX,2026-03-11,1.865753,681,104.0,1.072829,96.94000244140625,20.250011708918066,18.046876306632186,0.37018995540620964,0.6172591357593211,0.007784561846460344,50.526487040390705,-6.99191345211419,0.05
NFLX,2026-03-11,1.865753,681,105.0,1.083144,96.94000244140625,20.750010325085285,19.45780633663709,0.38748395434311167,0.61408876180187,0.0074553002172180315,50.64996621104063,-7.198538415723553,0.05
NFLX,2026-03-11,1.865753,681,106.0,1.09346,96.94000244140625,20.000003309453355,19.618730734842856,0.3799488347776561,0.605297894719054,0.007651821065762163,50.97417701530437,-7.1241624999057835,0.05
NFLX,2026-03-11,1.865753,681,107.0,1.103776,96.94000244140625,19.480009353285986,20.009668192513203,0.37685872472735515,0.5974666460495242,0.00775488502157493,51.240603645711225,-7.09689916012931,0.05
NFLX,2026-03-11,1.865753,681,108.0,1.114091,96.94000244140625,19.10998761407439,20.550577867139282,0.37658761805583424,0.5903782779424964,0.007794249996677188,51.46365987939915,-7.099831192805819,0.05
NFLX,2026-03-11,1.865753,681,109.0,1.124407,96.94000244140625,17.800006483867882,20.15152815077049,0.35803310826004736,0.5775046296629502,0.008255742410066986,51.8250372468545,-6.88170792965808,0.05
NFLX,2026-03-11,1.865753,681,110.0,1.134722,96.94000244140625,18.05000127066826,21.312454351408547,0.3695239606921502,0.5740882500962574,0.008012365455963764,51.911509089719694,-7.020802856218975,0.05
NFLX,2026-03-11,1.865753,681,111.0,1.145038,96.94000244140625,18.45000035588935,22.623384850467346,0.38372518356768104,0.5720721309426843,0.007723146947935484,51.960688958095226,-7.193650918656894,0.05
NFLX,2026-03-11,1.865753,681,112.0,1.155354,96.94000244140625,17.749995806110896,22.834311714526564,0.37663810292134486,0.5627186205923624,0.007900307972289971,52.17092960100593,-7.1058486678495605,0.05
NFLX,2026-03-11,1.865753,681,113.0,1.165669,96.94000244140625,16.99999999976356,22.995247322016937,0.3685293627051959,0.5526988113252472,0.008103945552319069,52.36352935165985,-7.000434001018302,0.05
NFLX,2026-03-11,1.865753,681,114.0,1.175985,96.94000244140625,16.749999999020616,23.656178735111695,0.3698774498545444,0.5463318438597035,0.008090586236762154,52.46843930771494,-7.011389730579629,0.05
NFLX,2026-03-11,1.865753,681,115.0,1.186301,96.94000244140625,17.599999998377427,25.417110148306193,0.39206338413442804,0.5489269303677254,0.007626776926725029,52.42731644314046,-7.289102168486632,0.05
NFLX,2026-03-11,1.865753,681,116.0,1.196616,96.94000244140625,17.149999995212767,25.878041558979234,0.3893409505656856,0.5413353455880436,0.007696801061896636,52.541279728053546,-7.248446616003171,0.05
NFLX,2026-03-11,1.865753,681,117.0,1.206932,96.94000244140625,16.18999998764054,25.828972965244688,0.37684177626888776,0.5291801813004737,0.007973647891320474,52.68371552386499,-7.075921060760638,0.05
NFLX,2026-03-11,1.865753,681,118.0,1.217248,96.94000244140625,16.49999998073158,27.049904372173444,0.3883625748668027,0.5281009782258889,0.0077386170879138825,52.69398335619556,-7.218916546179919,0.05
NFLX,2026-03-11,1.865753,681,119.0,1.227563,96.94000244140625,15.499999976310015,26.96083578158958,0.3749343503795566,0.5151057618890486,0.008029956765055813,52.78721359182328,-7.025671412413381,0.05
NFLX,2026-03-11,1.865753,681,120.0,1.237879,96.94000244140625,14.6500000134346,27.021767232551852,0.3642699187164003,0.502945739638642,0.00827074759855989,52.82364631774677,-6.861925529856773,0.05
NFLX,2026-03-11,1.865753,681,121.0,1.248195,96.94000244140625,15.599999986142386,28.88269861909734,0.3875847235344829,0.5088369297145677,0.007771533101898081,52.812126209838546,-7.1718306550779145,0.05
NFLX,2026-03-11,1.865753,681,122.0,1.25851,96.94000244140625,14.649999965336434,28.84363001212907,0.374830213766554,0.49565675647037505,0.00803747410765698,52.82195581327246,-6.975918787432721,0.05
NFLX,2026-03-11,1.865753,681,123.0,1.268826,96.94000244140625,15.029999975340672,30.13456143597101,0.38716059105545786,0.49624893345179116,0.0077816120170913754,52.82275129267183,-7.134416276796502,0.05
NFLX,2026-03-11,1.865753,681,124.0,1.279142,96.94000244140625,14.149998967484741,30.165491841952786,0.3755404558611285,0.48341011437664894,0.008015810849104145,52.7794049707403,-6.9473309746807015,0.05
NFLX,2026-03-11,1.865753,681,125.0,1.289457,96.94000244140625,13.199994504057358,30.126418792363083,0.36247452623436954,0.4691177755377011,0.008287024010801381,52.666734084510395,-6.729803589684006,0.05
NFLX,2026-03-11,1.865753,681,126.0,1.299773,96.94000244140625,13.899995898645741,31.737351600789168,0.38062428303170615,0.47411930156298343,0.007898930012119826,52.713889010172224,-6.980022719354373,0.05
NFLX,2026-03-11,1.865753,681,127.0,1.310089,96.94000244140625,13.199987916939058,31.948275032920165,0.3721136187569288,0.4626680470937348,0.008061155201769225,52.593630104866634,-6.827298792080996,0.05
NFLX,2026-03-11,1.865753,681,128.0,1.320404,96.94000244140625,13.20000928417117,32.85922781398999,0.3768136525022905,0.45961491434546903,0.007954637890942612,52.55418968203964,-6.874760938896266,0.05
NFLX,2026-03-11,1.865753,681,129.0,1.33072,96.94000244140625,12.350000000210827,32.920149943867344,0.3652245920556907,0.4457912366206488,0.008173078785498292,52.33665934758656,-6.665747826486535,0.05
NFLX,2026-03-11,1.865753,681,130.0,1.341036,96.94000244140625,12.15000000043199,33.63108135792619,0.3659324779034922,0.44017656659017645,0.008140650504521285,52.2300409754629,-6.648006455696316,0.05
NFLX,2026-03-11,1.865753,681,131.0,1.351351,96.94000244140625,11.080000002046297,33.4720127733782,0.3498169308484493,0.4223001583257949,0.008448820648958074,51.819977046567885,-6.350847394902777,0.05
NFLX,2026-03-11,1.865753,681,132.0,1.361667,96.94000244140625,12.30000000086039,35.60294418602999,0.37766047827470234,0.4365694325136279,0.007876660443043762,52.15596229176972,-6.779682538571696,0.05
NFLX,2026-03-11,1.865753,681,133.0,1.371983,96.94000244140625,12.10000000155392,36.31387560056122,0.37814710299188903,0.4311627640940839,0.007848541317362545,52.03673347449426,-6.758195532950725,0.05
NFLX,2026-03-11,1.865753,681,134.0,1.382298,96.94000244140625,11.800000002940802,36.9248070157858,0.37662864971196497,0.4243596768420358,0.007855345928329939,51.87271367130878,-6.702490927353511,0.05
NFLX,2026-03-11,1.865753,681,135.0,1.392614,96.94000244140625,11.700000004408796,37.73573843109148,0.37888756514047206,0.4203863002550008,0.00779300329779443,51.769683794940164,-6.709172394116758,0.05
NFLX,2026-03-11,1.865753,681,136.0,1.40293,96.94000244140625,10.999998976942269,37.94666881746265,0.3694372120324377,0.40759220494057147,0.007935517511336719,51.40154732395553,-6.514601121186589,0.05
NFLX,2026-03-11,1.865753,681,137.0,1.413245,96.94000244140625,9.969998184372628,37.8275994387307,0.3533125268177103,0.38892615331006,0.008194791199262655,50.76416280185694,-6.193159227160699,0.05
NFLX,2026-03-11,1.865753,681,138.0,1.423561,96.94000244140625,10.649998418788972,39.41853108698474,0.3706385033822641,0.39736107442056795,0.007858316007622584,51.06699734650541,-6.46582889264589,0.05
NFLX,2026-03-11,1.865753,681,139.0,1.433877,96.94000244140625,10.359998062777798,40.03946214481128,0.36886906730581337,0.3904353206435691,0.007857843475552176,50.820146344310054,-6.3981425618640655,0.05
NFLX,2026-03-11,1.865753,681,140.0,1.444192,96.94000244140625,9.999997720889517,40.59039321676069,0.36562277541555455,0.38229368289351917,0.007879042115183399,50.50878981786853,-6.301960629399226,0.05
NFLX,2026-03-11,1.865753,681,141.0,1.454508,96.94000244140625,4.549999876293345,36.05132678600221,0.2546149905193409,0.26265880322580754,0.009671412056528422,43.1751799597213,-3.991614991097523,0.05
NFLX,2026-03-11,1.865753,681,142.0,1.464824,96.94000244140625,9.339997478763038,41.75225580230959,0.3599996959099256,0.3666546773238275,0.007897109230359767,49.846030525489255,-6.119105552230224,0.05
NFLX,2026-03-11,1.865753,681,143.0,1.475139,96.94000244140625,8.419998176008406,41.743187913392646,0.3450364448166663,0.3477970233462015,0.008088547876949254,48.93232266513851,-5.789334454775764,0.05
NFLX,2026-03-11,1.865753,681,144.0,1.485455,96.94000244140625,9.599997383183283,43.834118534405235,0.37253393013755454,0.3669600463955104,0.007633510765761076,49.85979133858002,-6.276393676511763,0.05
NFLX,2026-03-11,1.865753,681,145.0,1.495771,96.94000244140625,8.999997821878939,44.14505038693858,0.3640127668310444,0.3543633923745543,0.007718980908685148,49.264817987915144,-6.0734389325293545,0.05
NFLX,2026-03-11,1.865753,681,146.0,1.506086,96.94000244140625,9.249997690860791,45.305981669758125,0.3726129784392138,0.3568705183212147,0.007559632080041055,49.387715432329976,-6.198906383001091,0.05
NFLX,2026-03-11,1.865753,681,147.0,1.516402,96.94000244140625,9.049998004371794,46.01691339710683,0.3720418265264268,0.3513744154962243,0.0075294874231470795,49.11537679851485,-6.14755443865771,0.05
NFLX,2026-03-11,1.865753,681,148.0,1.526718,96.94000244140625,8.439998896204774,46.317845702777504,0.36296602946978224,0.3381998638153111,0.007608260640119934,48.41853700219989,-5.926956530127445,0.05
NFLX,2026-03-11,1.865753,681,149.0,1.537033,96.94000244140625,8.699998726745996,47.488776947156424,0.3717091829428707,0.34126078487125233,0.007454999845485233,48.586009327786265,-6.058923014933201,0.05
NFLX,2026-03-11,1.865753,681,150.0,1.547349,96.94000244140625,8.379999253521927,48.07970888777007,0.3684350749688632,0.3334367218387411,0.0074539359551905335,48.15117898420908,-5.951435770536328,0.05
NFLX,2026-03-11,1.865753,681,151.0,1.557664,96.94000244140625,5.199997492278026,45.810638540363854,0.3022691372753706,0.26075205394649137,0.008116269785967597,43.014074324163964,-4.488202297263296,0.05
NFLX,2026-03-11,1.865753,681,152.0,1.56798,96.94000244140625,7.450000025063886,48.9715724869874,0.3553673415055271,0.3114529588894239,0.007512686161843121,46.809398476979176,-5.594971555960044,0.05
NFLX,2026-03-11,1.865753,681,153.0,1.578296,96.94000244140625,7.270000004506187,49.702503880267386,0.3546809654478188,0.30602078510230246,0.007469456576686258,46.450157286785675,-5.534885661055573,0.05
NFLX,2026-03-11,1.865753,681,154.0,1.588611,96.94000244140625,7.899999917593593,51.243435207192505,0.37128440718918193,0.31733808542240016,0.007248485656544914,47.186122900432075,-5.838150341325088,0.05
NFLX,2026-03-11,1.865753,681,155.0,1.598927,96.94000244140625,7.520000005511115,51.774366708947724,0.3663003031866101,0.30804087844861455,0.007253522392235967,46.585046607148925,-5.690056990218018,0.05
NFLX,2026-03-11,1.865753,681,156.0,1.609243,96.94000244140625,7.500000002082583,52.665298119356876,0.36894711880210446,0.3060870339685769,0.007181321200180381,46.45460538057568,-5.70173302140646,0.05
NFLX,2026-03-11,1.865753,681,157.0,1.619558,96.94000244140625,5.074999972953119,51.15122950406513,0.3172331726182579,0.2480122685536435,0.007533007783619001,41.89935243155395,-4.510429038728977,0.05
NFLX,2026-03-11,1.865753,681,158.0,1.629874,96.94000244140625,4.349992745491548,51.33715369044124,0.30234756430184173,0.22648241655471918,0.0075191936895412865,39.86006903347194,-4.109946490570289,0.05
NFLX,2026-03-11,1.865753,681,159.0,1.64019,96.94000244140625,3.6900000325775437,51.588092391364924,0.28807395668006147,0.20506064132568103,0.007449936442633733,37.6284964693611,-3.7143652952091477,0.05
NFLX,2026-03-11,1.865753,681,160.0,1.650505,96.94000244140625,6.950002556018738,55.75902632864384,0.36887842040080004,0.2886241882069833,0.00699242963533602,45.22427927446371,-5.52211124225447,0.05
NFLX,2026-03-11,1.865753,681,161.0,1.660821,96.94000244140625,4.400001945425263,54.11995713188804,0.3118698663979092,0.22395227870921214,0.007243371391676394,39.60722977110303,-4.175768307674615,0.05
NFLX,2026-03-11,1.865753,681,162.0,1.671137,96.94000244140625,5.900009876994208,56.530896477294675,0.3508212076566508,0.2619574771200471,0.007009600766743556,43.11609524946293,-5.028308619722777,0.05
NFLX,2026-03-11,1.865753,681,163.0,1.681452,96.94000244140625,3.450002216004485,54.99182023014265,0.29213296621974977,0.1924247745995578,0.007070007726716488,36.212687504998925,-3.5952090306378217,0.05
NFLX,2026-03-11,1.865753,681,164.0,1.691768,96.94000244140625,2.7599995975022065,55.212749025478075,0.27478889729293016,0.16737807723552162,0.006885643867778596,33.17447343511861,-3.1162563205143425,0.05
NFLX,2026-03-11,1.865753,681,165.0,1.702084,96.94000244140625,6.549998789868738,59.9136796316823,0.37403577650191167,0.27326884911852767,0.006716167197291127,44.044830579196066,-5.411964439318462,0.05
NFLX,2026-03-11,1.865753,681,166.0,1.712399,96.94000244140625,2.490000000687509,56.76461225633875,0.271320430612552,0.15519977816249725,0.0066383226642103945,31.579202328424692,-2.923898874181729,0.05
NFLX,2026-03-11,1.865753,681,167.0,1.722715,96.94000244140625,5.139997675420258,60.325541344909226,0.3462306456944714,0.2368846463210455,0.0067325673374455065,40.8701763446463,-4.683349815944908,0.05
NFLX,2026-03-11,1.865753,681,168.0,1.733031,96.94000244140625,6.169999995986672,62.266475079313324,0.37339313829303494,0.2610209049490545,0.006573764535241298,43.036879782984585,-5.2631526429666655,0.05
NFLX,2026-03-11,1.865753,681,169.0,1.743346,96.94000244140625,2.9499996119066587,59.957406109071,0.29263819565794746,0.16922309160532245,0.006511410912081663,33.4092259335544,-3.292796092213959,0.05
NFLX,2026-03-11,1.865753,681,170.0,1.753662,96.94000244140625,5.749999805690546,63.66833771669258,0.36873380799871575,0.24882495870992116,0.006492190883881756,41.97247113197735,-5.066120125777243,0.05
NFLX,2026-03-11,1.865753,681,172.0,1.774293,96.94000244140625,5.374996239472594,65.11519697815002,0.3647684440463851,0.23746370489266988,0.006398990394800947,40.92503118697236,-4.882808293341273,0.05
NFLX,2026-03-11,1.865753,681,174.0,1.794925,96.94000244140625,4.650000007397086,66.21206357374992,0.3515255173320183,0.21654699443842668,0.006303524808665511,38.85085873148715,-4.477037154104518,0.05
SPOT,2026-03-11,0.005479,2,300.0,0.56576,530.260009765625,231.73219028491803,1.3899999965910297,4.092437312804587,0.9789529750733851,0.000314734563145154,1.984455461715123,-755.4333076042456,0.05
SPOT,2026-03-11,0.005479,2,310.0,0.584619,530.260009765625,220.35492963398576,0.009999994901988885,2.2279907183179266,0.9995795070842647,1.7308846640692118e-05,0.059415039399488716,-27.563429741039876,0.05
SPOT,2026-03-11,0.005479,2,320.0,0.603478,530.260009765625,210.4176689871731,0.06999999733261575,2.4902006865468205,0.9976980291057528,7.368638399472786e-05,0.28270694377097527,-80.1708134576202,0.05
SPOT,2026-03-11,0.005479,2,330.0,0.622336,530.260009765625,200.49040835115352,0.140000010556264,2.5285033685805893,0.9957181495407912,0.00012686687831482105,0.4942272332025599,-130.40599455712834,0.05
SPOT,2026-03-11,0.005479,2,340.0,0.641195,530.260009765625,190.49314769147543,0.14000000012146074,2.3826980487172746,0.9954661769410728,0.00014168678873709774,0.5201316108055629,-129.9557752412435,0.05
SPOT,2026-03-11,0.005479,2,350.0,0.660054,530.260009765625,180.77588706566956,0.42000002355888455,2.5732956156764812,0.9886254538241271,0.0002951874608631155,1.170314181141397,-291.977879842367,0.05
SPOT,2026-03-11,0.005479,2,360.0,0.678912,530.260009765625,170.8586263927475,0.4999999998800604,2.4789389901362906,0.9862265098703247,0.0003616403093467777,1.3812031260015434,-330.03743588194146,0.05
SPOT,2026-03-11,0.005479,2,370.0,0.697771,530.260009765625,161.02136572555793,0.6599999819337654,2.4240488691296047,0.9819932202767236,0.0004654055493272828,1.7381522323649787,-402.4541616755052,0.05
SPOT,2026-03-11,0.005479,2,375.0,0.7072,530.260009765625,156.4527353392026,1.0899999202000572,2.549671326755725,0.97328412909221,0.0006173481186584998,2.4250975403243573,-582.199197585413,0.05
SPOT,2026-03-11,0.005479,2,380.0,0.71663,530.260009765625,152.36410509642758,2.000000002046704,2.769479236556437,0.9581078782086337,0.0008230028969123441,3.511675353643627,-905.2370773296249,0.05
SPOT,2026-03-11,0.005479,2,385.0,0.726059,530.260009765625,145.65547476939588,0.2899999996366205,1.9404712116195357,0.9893431641229653,0.00036987632737577346,1.105805187445698,-214.75039284068544,0.05
SPOT,2026-03-11,0.005479,2,390.0,0.735488,530.260009765625,141.74684443248742,1.3799999873497768,2.404765127715446,0.9653468810311661,0.0008119508219615017,3.0082731911029197,-678.6267800017735,0.05
SPOT,2026-03-11,0.005479,2,395.0,0.744918,530.260009765625,136.51821411949794,1.1499999989819685,2.242652948683844,0.9684544353538791,0.0008057861801178959,2.7841765313272555,-588.6104030333557,0.05
SPOT,2026-03-11,0.005479,2,397.5,0.749632,530.260009765625,132.91889893481795,0.049999976612753017,1.4376997009692987,0.9971414583899951,0.00015522011157088198,0.3438199365577839,-64.89703809928587,0.05
SPOT,2026-03-11,0.005479,2,400.0,0.754347,530.260009765625,130.41958379445424,0.04999999855988335,1.4091296857230895,0.9970865817864367,0.00016110599605339253,0.3497659680130256,-64.88876462322273,0.05
SPOT,2026-03-11,0.005479,2,402.5,0.759062,530.260009765625,128.0302686310397,0.1599999974561115,1.5730792404932565,0.9924085850811051,0.0003389934761339846,0.8215931739774648,-137.84455977726378,0.05
SPOT,2026-03-11,0.005479,2,405.0,0.763776,530.260009765625,129.7009548700221,4.330001398749346,2.7978812013187264,0.9201428413612183,0.0013518817430670626,5.827507692630726,-1505.7122227761467,0.05
SPOT,2026-03-11,0.005479,2,407.5,0.768491,530.260009765625,123.14163839266593,0.2700000837040193,1.6172091919654659,0.9881459226219234,0.0004868466724282387,1.213034881069907,-199.04959974482514,0.05
SPOT,2026-03-11,0.005479,2,410.0,0.773206,530.260009765625,121.37232259723265,0.9999994505815266,1.9505189831246061,0.9682392129530872,0.0009316910857256206,2.7998644336463427,-517.9357820261753,0.05
SPOT,2026-03-11,0.005479,2,412.5,0.77792,530.260009765625,118.43300798462684,0.56000000028655,1.7300142975171262,0.9786786278594255,0.0007527216744885988,2.006314427254724,-336.75048534655815,0.05
SPOT,2026-03-11,0.005479,2,415.0,0.782635,530.260009765625,116.12369282204133,0.7500000000118803,1.7791737084877055,0.9731277082837877,0.0008890231443483329,2.4369482214125355,-415.6319219228651,0.05
SPOT,2026-03-11,0.005479,2,417.5,0.78735,530.260009765625,113.36437765993799,0.490000000219311,1.623437490627132,0.9799087616255864,0.0007627668039370708,1.9078412618909502,-302.9371716455753,0.05
SPOT,2026-03-11,0.005479,2,420.0,0.792064,530.260009765625,110.38506249740885,0.010000000001014087,1.0214569299221454,0.9991093318932867,7.550766968025291e-05,0.11882997578339735,-32.04603090944953,0.05
SPOT,2026-03-11,0.005479,2,422.5,0.796779,530.260009765625,108.43574733510707,0.5600000000100636,1.58774310362631,0.9769257366799505,0.0008767165111483111,2.1446395115045145,-331.19815938357067,0.05
SPOT,2026-03-11,0.005479,2,425.0,0.801494,530.260009765625,106.14643152659198,0.7699993538057583,1.6395696202458456,0.970363716371131,0.0010466338857625117,2.6438665859995303,-415.9707363725272,0.05
SPOT,2026-03-11,0.005479,2,427.5,0.806208,530.260009765625,103.78711696406253,0.9099999535871461,1.6524769831332247,0.9659569777007078,0.0011644675675433554,2.9646791453206705,-467.4606565373302,0.05
SPOT,2026-03-11,0.005479,2,430.0,0.810923,530.260009765625,100.57780173688963,0.19999988872507402,1.2701430350194272,0.9886677588345262,0.0005961132036202765,1.1665309197477418,-156.38523614616477,0.05
SPOT,2026-03-11,0.005479,2,432.5,0.815638,530.260009765625,102.67848552052527,4.799998834671499,2.332295050997176,0.8976519557540366,0.0019497434323888785,7.006092049923817,-1509.71550807189,0.05
SPOT,2026-03-11,0.005479,2,435.0,0.820352,530.260009765625,97.57917152360312,2.200000000060186,1.857264376623126,0.9346171734519825,0.0017472165946148255,4.999601121785071,-867.2098187994077,0.05
SPOT,2026-03-11,0.005479,2,437.5,0.825067,530.260009765625,93.10985636124667,0.2300000000145701,1.2008774141554723,0.9864717314498285,0.0007350417712990799,1.3599582596069388,-170.52314586129197,0.05
SPOT,2026-03-11,0.005479,2,440.0,0.829782,530.260009765625,92.6405412494986,2.2600000505772755,1.7842383789713732,0.9306817883679382,0.00190278403017483,5.230669220330656,-871.6575599658718,0.05
SPOT,2026-03-11,0.005479,2,442.5,0.834496,530.260009765625,88.2012260366331,0.32000000002261686,1.1956099152015187,0.9817651001784188,0.0009537699296541444,1.7569039372125517,-213.29665105272332,0.05
SPOT,2026-03-11,0.005479,2,445.0,0.839211,530.260009765625,85.83191074462559,0.44999987032593936,1.2283343235073858,0.9759427282758399,0.001173716324025435,2.221235544642249,-270.5518867262616,0.05
SPOT,2026-03-11,0.005479,2,447.5,0.843926,530.260009765625,83.52259570829091,0.6399999963020377,1.2699488040323232,0.9682038937305608,0.0014323022706745133,2.802436469348768,-346.24812491144525,0.05
SPOT,2026-03-11,0.005479,2,450.0,0.84864,530.260009765625,80.43328054930095,0.04999999962291213,0.8636137963940439,0.9953865200723176,0.0003970367902039805,0.5282812600299442,-64.00009660435977,0.05
SPOT,2026-03-11,0.005479,2,452.5,0.853355,530.260009765625,78.40396538634093,0.5199999989737307,1.1567396213298713,0.9711534718166079,0.001450594380001101,2.58521391149625,-294.7037608981336,0.05
SPOT,2026-03-11,0.005479,2,455.0,0.85807,530.260009765625,75.65465054786722,0.27000032281080166,1.009171632587501,0.9816950462237088,0.0011336708316221284,1.7626532622500781,-184.562243631971,0.05
SPOT,2026-03-11,0.005479,2,457.5,0.862784,530.260009765625,73.43533503712041,0.5499999743748276,1.100170671888027,0.9683005110402633,0.0016491829931860845,2.795398921031078,-302.6324868797142,0.05
SPOT,2026-03-11,0.005479,2,460.0,0.867499,530.260009765625,72.2460196040779,1.8599997036431546,1.3778279901571155,0.9260989182833819,0.002588094189321155,5.494016544877397,-711.6865019624909,0.05
SPOT,2026-03-11,0.005479,2,462.5,0.872214,530.260009765625,68.07670474498894,0.19000000686497742,0.8692254865329931,0.9846641900641493,0.0011312834010250273,1.5150213353214192,-142.86925001857898,0.05
SPOT,2026-03-11,0.005479,2,465.0,0.876928,530.260009765625,65.56738958058469,0.1800000047715571,0.8330208460705351,0.984809180993821,0.001170858798900351,1.5027103434842646,-137.0576268752226,0.05
SPOT,2026-03-11,0.005479,2,467.5,0.881643,530.260009765625,63.18807441353351,0.3000000000312184,0.86884974693949,0.9769799181099352,0.00159895013825189,2.1403977315531675,-192.4394328263598,0.05
SPOT,2026-03-11,0.005479,2,470.0,0.886358,530.260009765625,60.86875912436932,0.47999987317780324,0.9079724511082461,0.9665648519266365,0.0020881017764845422,2.921051519135498,-264.59947700728475,0.05
SPOT,2026-03-11,0.005479,2,472.5,0.891072,530.260009765625,58.2794440321901,0.38999994330941945,0.8430009030322813,0.970202152766176,0.002044823248755764,2.6558203618601666,-227.1048783531538,0.05
SPOT,2026-03-11,0.005479,2,475.0,0.895787,530.260009765625,57.4501289240211,2.059999997451257,1.1654593124807187,0.9069111216114488,0.003639714437142953,6.535507387545955,-716.2116286913404,0.05
SPOT,2026-03-11,0.005479,2,477.5,0.900502,530.260009765625,54.19081375757236,1.2999999933132926,0.9986446977979165,0.9276353785950961,0.003513840492200456,5.4063969055582675,-514.5499579160831,0.05
SPOT,2026-03-11,0.005479,2,480.0,0.905216,530.260009765625,51.981498541828614,1.5899999398803857,1.0099581918805272,0.9151317099855956,0.00392074343691595,6.100798799440671,-583.9054074081349,0.05
SPOT,2026-03-11,0.005479,2,482.5,0.909931,530.260009765625,49.84218334641196,1.949999906774508,1.0250071724743377,0.9006967177096439,0.004339802940878608,6.853490203522181,-662.4080544763304,0.05
SPOT,2026-03-11,0.005479,2,485.0,0.914646,530.260009765625,46.172868269516016,0.7799999921894027,0.7833921818048828,0.9420542449930253,0.0037695434201313965,4.549701094105877,-347.9013155778011,0.05
SPOT,2026-03-11,0.005479,2,487.5,0.91936,530.260009765625,43.62355285558874,0.7299997405729641,0.7368240431125685,0.942233409503328,0.003998038287385015,4.538638781882543,-327.9565158998028,0.05
SPOT,2026-03-11,0.005479,2,490.0,0.924075,530.260009765625,41.24423745566372,0.849999502958724,0.7259031138987911,0.9333831798300205,0.0045355877661461316,5.072559112853625,-358.68409089017604,0.05
SPOT,2026-03-11,0.005479,2,492.5,0.92879,530.260009765625,38.89492277271228,0.9999999823181156,0.7168801601095384,0.9227473139060157,0.005145243184690668,5.68286513507614,-394.26646454269434,0.05
SPOT,2026-03-11,0.005479,2,495.0,0.933504,530.260009765625,36.705607715628105,1.310000087544779,0.7286844583916855,0.9045173378757057,0.00593140779285497,6.659048414885386,-464.9226774789112,0.05
SPOT,2026-03-11,0.005479,2,497.5,0.938219,530.260009765625,34.326292480236816,1.4300000144642695,0.7062445265501173,0.894574368923164,0.0065786674246376565,7.158267258100519,-483.314731249799,0.05
SPOT,2026-03-11,0.005479,2,500.0,0.942934,530.260009765625,32.316976418085915,1.9199991146242041,0.7279436544981627,0.8691728200960865,0.007436234674526029,8.3399939135106,-575.4114459529713,0.05
SPOT,2026-03-11,0.005479,2,502.5,0.947648,530.260009765625,29.99766213460333,2.0999999934524567,0.7055109945981928,0.8556530622624359,0.008205511509620591,8.91916765073006,-595.3831361240644,0.05
SPOT,2026-03-11,0.005479,2,505.0,0.952363,530.260009765625,26.948346979100904,1.550000000260809,0.5987067115008329,0.8706926354505857,0.008968595626536685,8.272817654014217,-473.6977269587701,0.05
SPOT,2026-03-11,0.005479,2,507.5,0.957078,530.260009765625,24.6990317966858,1.7999999801565423,0.5846842288496661,0.8512046075050532,0.010104977283156815,9.102728784183995,-506.98579039882964,0.05
SPOT,2026-03-11,0.005479,2,510.0,0.961792,530.260009765625,23.809716063795065,3.409999409576642,0.6930330920064104,0.78534488113435,0.010731222891414637,11.458244101998247,-744.2423518449949,0.05
SPOT,2026-03-11,0.005479,2,512.5,0.966507,530.260009765625,21.010399270641642,3.109997778734055,0.61683715636509,0.7808069133135961,0.012203503466518014,11.59764837553309,-672.4407796697553,0.05
SPOT,2026-03-11,0.005479,2,515.0,0.971222,530.260009765625,19.801086329631175,4.400000000034311,0.6691565897045344,0.7323095074983863,0.012534408425353336,12.922498282404224,-807.4803759152596,0.05
SPOT,2026-03-11,0.005479,2,517.5,0.975936,530.260009765625,16.05177117243801,3.1500000051520374,0.5172301874505028,0.7461718032399042,0.015778436846509446,12.573689226109757,-612.4242765520862,0.05
SPOT,2026-03-11,0.005479,2,520.0,0.980651,530.260009765625,16.502453921247195,6.099997916272059,0.676686764090042,0.6629695423158769,0.013748460841125928,14.333645029168624,-901.8213324598872,0.05
SPOT,2026-03-11,0.005479,2,522.5,0.985366,530.260009765625,14.8031408476445,6.900000004980143,0.6676855055597395,0.6287481525780858,0.014422554095178959,14.836416175173655,-919.8578211925925,0.05
SPOT,2026-03-11,0.005479,2,525.0,0.99008,530.260009765625,13.253827953443988,7.8500022730904675,0.6629841525552952,0.5922193447991493,0.01491882708617069,15.238868100273152,-936.9492552493956,0.05
SPOT,2026-03-11,0.005479,2,527.5,0.994795,530.260009765625,10.354510460907534,7.4499999428647925,0.5652430237213357,0.560482520019287,0.017774103956354374,15.478818541989488,-812.7154432170054,0.05
SPOT,2026-03-11,0.005479,2,530.0,0.99951,530.260009765625,10.185195359563807,9.780000003831788,0.6377132181262232,0.5158723489206474,0.01592514132317455,15.64673027547062,-923.6721270083536,0.05
SPOT,2026-03-11,0.005479,2,532.5,1.004224,530.260009765625,9.559999999583766,11.654119806162612,0.6740059558222629,0.47844631245360897,0.015057554245788375,15.63626610223786,-973.8850010910892,0.05
SPOT,2026-03-11,0.005479,2,535.0,1.008939,530.260009765625,8.54999920614847,13.143434175038124,0.6798029437683469,0.44186435176320477,0.014791948411987645,15.492564273841387,-972.3226853025842,0.05
SPOT,2026-03-11,0.005479,2,537.5,1.013654,530.260009765625,8.800000000029485,15.89275013123006,0.7622803798427179,0.4179007851636881,0.013049965045199272,15.326358229271955,-1076.7119269722143,0.05
SPOT,2026-03-11,0.005479,2,540.0,1.018368,530.260009765625,7.920000010131247,17.512065303642657,0.7669689773637991,0.38690744072049077,0.012715697040373434,15.025635594010739,-1061.4449955416162,0.05
SPOT,2026-03-11,0.005479,2,542.5,1.023083,530.260009765625,6.099999999327025,18.191380455149215,0.701923101433821,0.34165344802507847,0.01332367123781896,14.40881701532108,-931.6449474083713,0.05
SPOT,2026-03-11,0.005479,2,545.0,1.027798,530.260009765625,5.209999586614941,19.800695204747853,0.6930655611098141,0.30732499693585497,0.012919342038239624,13.795250705500717,-880.3300596553208,0.05
SPOT,2026-03-11,0.005479,2,547.5,1.032512,530.260009765625,6.599999918352353,23.690010698796073,0.8457287218815444,0.3172530225002094,0.010733623320066176,13.985960986673462,-1087.4163425404738,0.05
SPOT,2026-03-11,0.005479,2,550.0,1.037227,530.260009765625,3.900000168097165,23.489326110851835,0.6922708278955392,0.24752498378609628,0.011632890759971426,12.407336557865332,-790.1355200264748,0.05
SPOT,2026-03-11,0.005479,2,552.5,1.041942,530.260009765625,5.000000005145893,27.08864111021137,0.8265880875402731,0.2622536023378029,0.010041859768591047,12.78845785495741,-971.2874364204033,0.05
SPOT,2026-03-11,0.005479,2,555.0,1.046656,530.260009765625,3.499999913744375,28.087956181120717,0.748661249772935,0.21470834361004154,0.009935286748842021,11.459895123662447,-788.4041831795288,0.05
SPOT,2026-03-11,0.005479,2,557.5,1.051371,530.260009765625,2.1499999967163035,29.23727142640348,0.6620540261393421,0.16057478834623512,0.009384908880760915,9.572786510363587,-582.4651133054654,0.05
SPOT,2026-03-11,0.005479,2,560.0,1.056086,530.260009765625,2.3199996828619334,31.90658627485982,0.7185603684753157,0.16006724324803195,0.008629024275175486,9.553001222945504,-630.5051001051935,0.05
SPOT,2026-03-11,0.005479,2,562.5,1.0608,530.260009765625,1.9799978658139423,34.06589962012265,0.7191446050382445,0.1407387053418126,0.007913307220512363,8.767769738265537,-578.9905108462327,0.05
SPOT,2026-03-11,0.005479,2,565.0,1.065515,530.260009765625,1.3000008156395495,35.88521773225909,0.6692459299881931,0.10553024216550233,0.00694734414980472,7.163403815197122,-440.19261821793975,0.05
SPOT,2026-03-11,0.005479,2,567.5,1.07023,530.260009765625,0.9500012936062774,38.03453337253666,0.6488380247242915,0.08326351064907789,0.006016044597687411,6.01398336848494,-358.2267898536561,0.05
SPOT,2026-03-11,0.005479,2,570.0,1.074944,530.260009765625,1.0000003197199803,40.5838475609612,0.6887022880594834,0.0827623597743189,0.005642139199511293,5.986737341813339,-378.375301579389,0.05
SPOT,2026-03-11,0.005479,2,572.5,1.079659,530.260009765625,0.9899993943894856,43.073161797941566,0.7181749159724616,0.07926922179295959,0.005237323406879638,5.795014233707078,-381.81950470348465,0.05
SPOT,2026-03-11,0.005479,2,575.0,1.084374,530.260009765625,0.8299990962639896,45.41247666212678,0.7192922815792235,0.06816904265896352,0.004659493306071526,5.163675883610267,-340.68590485524936,0.05
SPOT,2026-03-11,0.005479,2,577.5,1.089088,530.260009765625,4.3500000000486665,51.43179272822226,1.191926002032325,0.17877806140320135,0.005584665755937685,10.255606803910672,-1119.9555458075936,0.05
SPOT,2026-03-11,0.005479,2,580.0,1.093803,530.260009765625,0.5399997690116187,50.12110765949603,0.7121152700625769,0.04752280245689658,0.003542932025905059,3.8871204726989292,-253.82007546913007,0.05
SPOT,2026-03-11,0.005479,2,582.5,1.098518,530.260009765625,0.6799999978260409,52.760423050621284,0.7738875325596194,0.05404871881390433,0.003611936403732958,4.30658305558023,-305.5179914948648,0.05
SPOT,2026-03-11,0.005479,2,585.0,1.103232,530.260009765625,0.5500001540912827,55.12973836919741,0.7688841708714339,0.04523940549496492,0.0031541605930394483,3.7364536888416295,-263.3240661819592,0.05
SPOT,2026-03-11,0.005479,2,590.0,1.112662,530.260009765625,0.39999997050539093,59.978368510233054,0.7759934210053993,0.03400000784720432,0.0024771552859679576,2.9615983099642325,-210.5904406087362,0.05
SPOT,2026-03-11,0.005479,2,595.0,1.122091,530.260009765625,0.7000009418050794,65.27699980615444,0.9147551533058834,0.04812615050286243,0.002786089349436759,3.926583045438161,-328.9983830121399,0.05
SPOT,2026-03-11,0.005479,2,600.0,1.13152,530.260009765625,0.1300000004798525,69.70562918945086,0.7396150396424497,0.013056872082128895,0.0011574438404415757,1.3189263473370882,-89.35384769961118,0.05
SPOT,2026-03-11,0.005479,2,605.0,1.14095,530.260009765625,0.11000004698907428,74.68425956058161,0.7654585064190311,0.010895446553835241,0.0009559041630718862,1.127329544284837,-79.02518499289397,0.05
SPOT,2026-03-11,0.005479,2,610.0,1.150379,530.260009765625,0.2900000005267156,79.8628898387409,0.922552172817504,0.022044069708241246,0.0014518580847259121,2.0636212223751773,-174.2915440658381,0.05
SPOT,2026-03-11,0.005479,2,615.0,1.159808,530.260009765625,0.16000012073338965,84.73152028356924,0.8892736465918168,0.013376149445294624,0.0009829583787000315,1.3467451909224504,-109.62992373598374,0.05
SPOT,2026-03-11,0.005479,2,620.0,1.169238,530.260009765625,0.04000000051162411,89.61015048796912,0.7914388672708168,0.004208845111234244,0.00039913146075653053,0.4866852880561346,-35.25741495752097,0.05
SPOT,2026-03-11,0.005479,2,625.0,1.178667,530.260009765625,2.0599999979603822,96.62878081003953,1.5161757549224473,0.07984427096996116,0.002494396074610151,5.826796412400649,-808.1572409485901,0.05
SPOT,2026-03-11,0.005479,2,630.0,1.188096,530.260009765625,0.19999999486288367,99.76741113156368,1.0425098277545148,0.014215953744688968,0.0008836895045888949,1.4193671084320794,-135.38991216437165,0.05
SPOT,2026-03-11,0.005479,2,635.0,1.197526,530.260009765625,0.49999995444282774,105.0660414157652,1.2394136731158525,0.027689120054879737,0.001308466410570947,2.49858278573887,-283.2900838659824,0.05
SPOT,2026-03-11,0.005479,2,640.0,1.206955,530.260009765625,0.1100002008439338,109.67467198678798,1.0422005296929449,0.008285688916298115,0.0005526033870433374,0.8873188633759894,-84.59891074854241,0.05
SPOT,2026-03-11,0.005479,2,650.0,1.225814,530.260009765625,0.049999973550626464,119.61193240873786,1.0241778973418898,0.004095450322242476,0.000300985785106611,0.47493728649935224,-44.49193244809126,0.05
SPOT,2026-03-11,0.005479,2,655.0,1.235243,530.260009765625,0.34000000047580237,124.90056276028474,1.3342444217460445,0.01844702797938779,0.0008631311815185081,1.774300129211248,-216.4927781154857,0.05
SPOT,2026-03-11,0.005479,2,660.0,1.244672,530.260009765625,0.05999999286137925,129.61919307729192,1.112824889308215,0.004493990970480914,0.00030098825505469923,0.5160493814635573,-52.5185235523356,0.05
SPOT,2026-03-11,0.005479,2,670.0,1.263531,530.260009765625,0.089999998431602,139.64645373210544,1.2324654308204195,0.005946389041377161,0.0003486857244917057,0.6621003175642965,-74.61459408904204,0.05
SPOT,2026-03-11,0.005479,2,755.0,1.42383,530.260009765625,0.09000000742651926,224.6231692596681,1.7715837795042726,0.004309309153087949,0.00018210919646279592,0.4970595880213399,-80.46292441750212,0.05
SPOT,2026-03-11,0.024658,9,270.0,0.509184,530.260009765625,260.6026813701644,0.010000005882091045,1.3066839527563223,0.9996606616543536,1.1400665267783684e-05,0.10328283449403668,-16.210518330183596,0.05
SPOT,2026-03-11,0.024658,9,280.0,0.528043,530.260009765625,250.61500253113485,0.009999996531860234,1.2397713821060383,0.9996426147511371,1.260878315886079e-05,0.10837826123250256,-16.697383748238078,0.05
SPOT,2026-03-11,0.024658,9,290.0,0.546902,530.260009765625,240.7173236868917,0.09999998196803972,1.4376615771920747,0.9973773155097019,6.770115351392056e-05,0.674807856611024,-34.079990430681896,0.05
SPOT,2026-03-11,0.024658,9,300.0,0.56576,530.260009765625,230.65964492499268,0.030000049748366564,1.2157483669924531,0.9989839723211241,3.3750823606289357e-05,0.2844824411708506,-21.966333527540655,0.05
SPOT,2026-03-11,0.024658,9,310.0,0.584619,530.260009765625,220.7919660456322,0.15000000006727987,1.3478043757285088,0.9959513204152584,0.00010671449737260326,0.9971894637696855,-42.61972386359187,0.05
SPOT,2026-03-11,0.024658,9,320.0,0.603478,530.260009765625,211.20428721682498,0.5500000009394057,1.5025167627187375,0.9882068433151054,0.00024591853174422734,2.5617572798494863,-93.69096905136016,0.05
SPOT,2026-03-11,0.024658,9,330.0,0.622336,530.260009765625,200.67660838518754,0.009999998981299996,0.9362977445498939,0.9995297161712732,2.153838841167742e-05,0.1398152609800343,-19.121239235356782,0.05
SPOT,2026-03-11,0.024658,9,340.0,0.641195,530.260009765625,190.7189295553319,0.03999999880505811,0.990122214116308,0.9983806567722664,6.346765273633213e-05,0.43568101634722295,-25.681496483964107,0.05
SPOT,2026-03-11,0.024658,9,350.0,0.660054,530.260009765625,180.73125066283006,0.03999993598256424,0.9302489426883197,0.998280313777315,7.135440175153319e-05,0.4602007798801344,-26.11178671633133,0.05
SPOT,2026-03-11,0.024658,9,360.0,0.678912,530.260009765625,170.74357186424407,0.039999967075914356,0.8718925144329958,0.9981698388194007,8.056705518818801e-05,0.48702116478275637,-26.53785379744703,0.05
SPOT,2026-03-11,0.024658,9,370.0,0.697771,530.260009765625,160.83589316293785,0.12000009544908607,0.9132156750299135,0.9951986662295877,0.00018341391133248932,1.1612695160156916,-39.84827898833362,0.05
SPOT,2026-03-11,0.024658,9,380.0,0.71663,530.260009765625,151.0282142304236,0.2999999926141754,0.9545791757318046,0.9894457562675532,0.00035146815477614764,2.3260836744380597,-63.7071722391575,0.05
SPOT,2026-03-11,0.024658,9,390.0,0.735488,530.260009765625,140.96053532322327,0.21999991509318306,0.8526816916233717,0.9911217885191334,0.00033828839039971284,1.999868444031927,-53.80829074549784,0.05
SPOT,2026-03-11,0.024658,9,400.0,0.754347,530.260009765625,130.9028567611403,0.15000018268960957,0.7528270272710473,0.9929403393549191,0.0003132117035127294,1.6347847579034196,-44.73675178492546,0.05
SPOT,2026-03-11,0.024658,9,410.0,0.773206,530.260009765625,121.01517774907308,0.25000000030172487,0.7413494034058326,0.9886450305707954,0.0004822900837483499,2.478898079068234,-57.426259979012315,0.05
SPOT,2026-03-11,0.024658,9,420.0,0.792064,530.260009765625,111.07749887330698,0.29999995421496806,0.6978553627760634,0.9858581018651023,0.0006195179868890196,2.997414033302571,-63.000455393802184,0.05
SPOT,2026-03-11,0.024658,9,425.0,0.801494,530.260009765625,106.15365954057125,0.3700000363189133,0.688010940160012,0.982725808848124,0.0007460649826471613,3.558765702451274,-70.39685209029378,0.05
SPOT,2026-03-11,0.024658,9,430.0,0.810923,530.260009765625,101.19981994229988,0.4099998528872675,0.667101639202463,0.9805324556940782,0.0008519306126833331,3.9402486409208994,-74.23794478151203,0.05
SPOT,2026-03-11,0.024658,9,435.0,0.820352,530.260009765625,96.3959798592764,0.5999991847034494,0.6765865372799263,0.9731090364250474,0.0011026905535004275,5.172546481151537,-91.94587964823836,0.05
SPOT,2026-03-11,0.024658,9,440.0,0.829782,530.260009765625,91.47214125160934,0.6699999918760682,0.6562654864220828,0.9695460781826374,0.0012607798309254735,5.736489639261706,-97.47091078528933,0.05
SPOT,2026-03-11,0.024658,9,445.0,0.839211,530.260009765625,87.16830403081019,1.360002185916585,0.7160841785250306,0.9480373957820389,0.0017835724204953384,8.854870670330813,-149.3548989755636,0.05
SPOT,2026-03-11,0.024658,9,450.0,0.84864,530.260009765625,81.92446243029718,1.1100000002432466,0.6507974103373626,0.9524554073451491,0.0018281866349022138,8.248856370996977,-130.014118838423,0.05
SPOT,2026-03-11,0.024658,9,455.0,0.85807,530.260009765625,77.10062213600366,1.2799991207893981,0.6344560566137958,0.9450477118452368,0.0021042865156618157,9.25622314275308,-140.2856523674291,0.05
SPOT,2026-03-11,0.024658,9,460.0,0.867499,530.260009765625,72.23678370255334,1.410000102178799,0.6115306216054842,0.9383504123124802,0.002389595007708151,10.131410374334502,-146.90101823493183,0.05
SPOT,2026-03-11,0.024658,9,465.0,0.876928,530.260009765625,67.60294417206808,1.7699999865332074,0.6071248934956539,0.924805958298005,0.002805695314473499,11.809892463956675,-166.53251650958427,0.05
SPOT,2026-03-11,0.024658,9,470.0,0.886358,530.260009765625,63.04910473955516,2.209999968859961,0.6030760170141871,0.908937405392668,0.003262192117025254,13.639830949833442,-187.74826077601082,0.05
SPOT,2026-03-11,0.024658,9,472.5,0.891072,530.260009765625,60.682185035467626,2.3399999721922313,0.5925892632225785,0.9030587226527607,0.003476779973393998,14.284280894864118,-192.55422567344579,0.05
SPOT,2026-03-11,0.024658,9,475.0,0.895787,530.260009765625,58.07526533886835,2.229999983012817,0.5650547280120045,0.9029565634327446,0.003649020165997971,14.29532958242296,-184.8329858012934,0.05
SPOT,2026-03-11,0.024658,9,477.5,0.900502,530.260009765625,56.138345697318925,2.7900000488832575,0.5817683868219866,0.8861685941777053,0.00397794970901487,16.04489215329388,-209.96918353167845,0.05
SPOT,2026-03-11,0.024658,9,480.0,0.905216,530.260009765625,54.06142594109036,3.2100000000745013,0.5860460255312971,0.8731732152343201,0.004261446221960733,17.31474632163045,-226.21081317808904,0.05
SPOT,2026-03-11,0.024658,9,482.5,0.909931,530.260009765625,51.654502965635345,3.2999967320393466,0.5698813322862895,0.8672045780953521,0.004524121819850521,17.87500275584436,-226.9716975080564,0.05
SPOT,2026-03-11,0.024658,9,485.0,0.914646,530.260009765625,49.327586330482745,3.4699998043065534,0.557695882292759,0.8591819155530659,0.00481212297337468,18.606365634060857,-230.7293960617497,0.05
SPOT,2026-03-11,0.024658,9,487.5,0.91936,530.260009765625,49.84066677357686,6.479999954820528,0.67789329085245,0.8036278151408763,0.004905401111363787,23.054900740988746,-335.7311249142526,0.05
SPOT,2026-03-11,0.024658,9,490.0,0.924075,530.260009765625,44.923747438327496,4.06000032699103,0.5437129348785593,0.8369463954397637,0.005441050778782245,20.51066965317233,-246.07985524179833,0.05
SPOT,2026-03-11,0.024658,9,492.5,0.92879,530.260009765625,45.5368283464893,7.170000942572642,0.6569143365988329,0.7822090985170926,0.0053818933838911485,24.51157546312919,-344.9747547402149,0.05
SPOT,2026-03-11,0.024658,9,495.0,0.933504,530.260009765625,40.96990718951491,5.099999493018117,0.5452030324954381,0.8053668191929022,0.006066406670163497,22.930692960844542,-272.8146076725922,0.05
SPOT,2026-03-11,0.024658,9,497.5,0.938219,530.260009765625,39.172982662964046,5.799994673887056,0.55062557928799,0.7867083971913287,0.006343508365095334,24.21660709123736,-289.288984731321,0.05
SPOT,2026-03-11,0.024658,9,500.0,0.942934,530.260009765625,37.37606841853568,6.500000136878555,0.5537706735105502,0.7683382478437183,0.0066118489784204055,25.385181561768597,-303.5584110352407,0.05
SPOT,2026-03-11,0.024658,9,502.5,0.947648,530.260009765625,35.48914857676925,7.110000002531933,0.551491733934054,0.7512611722757582,0.0069016292966363095,26.38870218815196,-313.24929489824945,0.05
SPOT,2026-03-11,0.024658,9,505.0,0.952363,530.260009765625,33.23222886688404,7.350000000066586,0.5340252416447732,0.7384860599276826,0.007316547604469345,27.089150360965483,-311.26208508106066,0.05
SPOT,2026-03-11,0.024658,9,507.5,0.957078,530.260009765625,31.41530785098513,8.029998691587537,0.5315908060270723,0.7197393394888272,0.007608497497274594,28.041662576487013,-319.78623151961335,0.05
SPOT,2026-03-11,0.024658,9,510.0,0.961792,530.260009765625,29.438389393143893,8.549999941166107,0.5219811825131004,0.7023972684732456,0.00797064474002717,28.845342199088194,-322.46768011580855,0.05
SPOT,2026-03-11,0.024658,9,512.5,0.966507,530.260009765625,28.211474727492885,9.820004982934961,0.5363265683832541,0.6776924068372672,0.008031885451021799,29.865804192103113,-341.3629664959095,0.05
SPOT,2026-03-11,0.024658,9,515.0,0.971222,530.260009765625,25.54454792390203,9.64999788676397,0.500941563187852,0.6650270567282786,0.008733959112837218,30.33371605072636,-324.4839677584378,0.05
SPOT,2026-03-11,0.024658,9,517.5,0.975936,530.260009765625,20.397632952465585,7.000002622747331,0.383639566017229,0.6754174682367595,0.011261167052722782,29.95257663501456,-249.89927468389243,0.05
SPOT,2026-03-11,0.024658,9,520.0,0.980651,530.260009765625,22.25071062287344,11.350000000574994,0.4935282184824217,0.620493700257112,0.009261857593547902,31.691112454311636,-332.4923514148273,0.05
SPOT,2026-03-11,0.024658,9,525.0,0.99008,530.260009765625,19.706871061953905,13.799999854495184,0.5022488601186874,0.5720012620219129,0.00938374793158184,32.67553363044384,-346.9637970015197,0.05
SPOT,2026-03-11,0.024658,9,530.0,0.99951,530.260009765625,17.91303179359113,17.000000000972022,0.5260013224930936,0.524783417026211,0.009091183581840903,33.15390279022527,-366.64203142523803,0.05
SPOT,2026-03-11,0.024658,9,535.0,1.008939,530.260009765625,17.30999999952121,21.39080762174183,0.5784361015901894,0.484449755996752,0.008276770062207837,33.19278375773068,-401.3101121605348,0.05
SPOT,2026-03-11,0.024658,9,537.5,1.013654,530.260009765625,16.949999939035962,23.527727268676358,0.6006221928592106,0.4667032697794894,0.007949298832252285,33.102256120620545,-414.6879610120572,0.05
SPOT,2026-03-11,0.024658,9,540.0,1.018368,530.260009765625,12.950007736609848,22.02465477367025,0.5107312485611692,0.43192118340900754,0.009244177164670662,32.73317155271999,-349.8049459052352,0.05
SPOT,2026-03-11,0.024658,9,542.5,1.023083,530.260009765625,7.178431681889748,18.74999842636987,0.3602022178039721,0.361899017817325,0.012496317831539299,31.20727449467511,-237.17717735637967,0.05
SPOT,2026-03-11,0.024658,9,545.0,1.027798,530.260009765625,12.300000007163788,26.368486459063774,0.549505936878087,0.39730684017222995,0.008428653319491828,32.11130650923629,-367.72735490402096,0.05
SPOT,2026-03-11,0.024658,9,547.5,1.032512,530.260009765625,11.550000162231356,28.115406321551063,0.5537801372656191,0.37817520860413634,0.008245250434341843,31.656917296606828,-364.93821404678073,0.05
SPOT,2026-03-11,0.024658,9,550.0,1.037227,530.260009765625,9.679999999027899,28.74232586576761,0.5204584778936656,0.34779264127816933,0.008527345911870564,30.769990610429634,-333.4755489367388,0.05
SPOT,2026-03-11,0.024658,9,552.5,1.041942,530.260009765625,10.749999998714515,32.30924557287403,0.5809081822448999,0.34779203802613545,0.0076399795605510724,30.76997095608558,-371.13921502836234,0.05
SPOT,2026-03-11,0.024658,9,555.0,1.046656,530.260009765625,7.999997616214273,32.05616289779357,0.514012337245925,0.30525879431514436,0.008187288098293612,29.177025286023365,-311.8062767275077,0.05
SPOT,2026-03-11,0.024658,9,557.5,1.051371,530.260009765625,8.574996264115214,35.12808125311449,0.5573591864938782,0.30343958651111136,0.007530479993238181,29.09947935006012,-336.498826333788,0.05
SPOT,2026-03-11,0.024658,9,560.0,1.056086,530.260009765625,6.80000001761087,35.850004714029865,0.5174793929673892,0.26902910458966056,0.007659877359491318,27.481616337813012,-295.16649662450976,0.05
SPOT,2026-03-11,0.024658,9,562.5,1.0608,530.260009765625,6.700000131715427,38.246924535554285,0.5356180838664719,0.25944405024096484,0.007264999009466987,26.978524075578676,-299.56128802308075,0.05
SPOT,2026-03-11,0.024658,9,565.0,1.065515,530.260009765625,6.800000422568559,40.84384453382722,0.5607225757080011,0.25376413336995324,0.006860187544232094,26.669288319154305,-309.62339824274306,0.05
SPOT,2026-03-11,0.024658,9,570.0,1.074944,530.260009765625,4.300000011215474,43.337683537313865,0.5003201455125568,0.19354687058165082,0.006588112263498553,22.852639948932545,-236.7652412057614,0.05
SPOT,2026-03-11,0.024658,9,575.0,1.084374,530.260009765625,11.50000000029732,55.53152294123538,0.816613232980797,0.28843400337378355,0.005021419491852724,28.429571458284613,-477.8404150497747,0.05
SPOT,2026-03-11,0.024658,9,580.0,1.093803,530.260009765625,2.7700001309846556,51.795362486762315,0.496580003263302,0.13674917256001534,0.005297516455903524,18.238492435991354,-187.1403409381142,0.05
SPOT,2026-03-11,0.024658,9,585.0,1.103232,530.260009765625,6.500000431861224,60.51920220247871,0.7068622928502432,0.20653415043237333,0.004848789141571989,23.762684916685462,-345.7555772173036,0.05
SPOT,2026-03-11,0.024658,9,590.0,1.112662,530.260009765625,1.9299987049531069,60.94303989041009,0.5078316105200994,0.09967586847076848,0.00414056551550954,14.578296781743877,-152.6690828397008,0.05
SPOT,2026-03-11,0.024658,9,600.0,1.13152,530.260009765625,1.2399999731918143,70.24071998832824,0.5098640607642673,0.06838980315954118,0.0031064692341736403,10.981176027325724,-115.28461085588748,0.05
SPOT,2026-03-11,0.024658,9,610.0,1.150379,530.260009765625,1.0600000014797466,80.04839884629553,0.5438404806223971,0.056673898648677175,0.0025153919920845426,9.48428511026246,-106.04111916050553,0.05
SPOT,2026-03-11,0.024658,9,620.0,1.169238,530.260009765625,1.2300000011319696,90.20607767562717,0.6113022430143857,0.05844300013485464,0.002292562394457352,9.716381301298886,-121.9308145391372,0.05
SPOT,2026-03-11,0.024658,9,630.0,1.188096,530.260009765625,0.4999999730220175,99.46375647719651,0.5604620395366708,0.028692693718713986,0.0014050712958051325,5.459739987055881,-62.78526318709652,0.05
SPOT,2026-03-11,0.024658,9,640.0,1.206955,530.260009765625,1.909999950099909,110.86143528395371,0.7748800329778919,0.0701159386530721,0.0020836606714963054,11.194091712982383,-177.65451318687175,0.05
SPOT,2026-03-11,0.024658,9,650.0,1.225814,530.260009765625,0.17000000006503146,119.10911416359818,0.5528314824783451,0.011074203615641388,0.0006328279559142061,2.425525358482509,-27.47572006571709,0.05
SPOT,2026-03-11,0.024658,9,660.0,1.244672,530.260009765625,0.9300000000536635,129.85679299326614,0.75749763798768,0.038344141282498995,0.0013200340581686959,6.932562849119517,-107.45684012234014,0.05
SPOT,2026-03-11,0.024658,9,670.0,1.263531,530.260009765625,0.39999998523820324,139.31447180813018,0.699043812761498,0.01947010768021187,0.0008130933504197614,3.9406893613835186,-56.35569977366631,0.05
SPOT,2026-03-11,0.024658,9,680.0,1.28239,530.260009765625,0.24999998814357127,149.15215064071492,0.6903548330002521,0.012912133059744849,0.0005789505361527295,2.771029989646779,-39.12110551268681,0.05
SPOT,2026-03-11,0.024658,9,690.0,1.301248,530.260009765625,0.2000000002004123,159.08982948245102,0.7048037069814469,0.010366405312410001,0.00046863311276221047,2.2899634327582508,-32.99266514437134,0.05
SPOT,2026-03-11,0.024658,9,700.0,1.320107,530.260009765625,0.00999996925932356,168.8875082811893,0.5513648033457078,0.0008161154686727262,6.084821713263077e-05,0.2326024543774249,-2.6217384701437436,0.05
SPOT,2026-03-11,0.024658,9,710.0,1.338966,530.260009765625,48.454812855393726,227.31999999700304,3.0571986898282937,0.3573915542687979,0.0014659646500777461,31.072382806745026,-1933.3290886110556,0.05
SPOT,2026-03-11,0.024658,9,720.0,1.357824,530.260009765625,0.16999996802932582,189.02286593931797,0.7870038679578389,0.00812167414442638,0.0003389640299743328,1.8495150820690038,-29.722666955136102,0.05
SPOT,2026-03-11,0.024658,9,740.0,1.395542,530.260009765625,0.39999997458192915,209.22822360522935,0.9428951690812281,0.015055081422062152,0.000483884042760732,3.1632397323417787,-60.85972558952426,0.05
SPOT,2026-03-11,0.024658,9,760.0,1.433259,530.260009765625,0.08999999841795336,228.89358128842412,0.8468667292758763,0.00425643351666561,0.00017761459860320358,1.0428482718378838,-18.01674134411575,0.05
SPOT,2026-03-11,0.024658,9,780.0,1.470976,530.260009765625,0.009999991942598208,248.78893894130738,0.745083628353135,0.0006199788422633349,3.4948720965753384e-05,0.18053595308622808,-2.743590265605663,0.05
SPOT,2026-03-11,0.024658,9,800.0,1.508694,530.260009765625,0.020000055075193868,268.77429666379885,0.8328999258176844,0.0010719468803074054,5.174603090220134e-05,0.2988114692080747,-5.074154883516172,0.05
SPOT,2026-03-11,0.024658,9,820.0,1.546411,530.260009765625,0.009999996511823761,288.73965426459415,0.8328863497368315,0.000560225275421266,2.8469576063549393e-05,0.16439709558774132,-2.7908696615510316,0.05
SPOT,2026-03-11,0.024658,9,840.0,1.584129,530.260009765625,3.449999984553152,312.15501191199417,1.7369164962377606,0.061076052076608364,0.000835203797667943,10.057702751756366,-355.6872141593166,0.05
SPOT,2026-03-11,0.024658,9,860.0,1.621846,530.260009765625,0.1399999975980757,328.8203695843979,1.1487248258434741,0.004886321307938571,0.0001481092326336701,1.1795749327998148,-27.599082060241997,0.05
SPOT,2026-03-11,0.024658,9,880.0,1.659563,530.260009765625,0.09999996691199331,348.7557272130705,1.1568646578051982,0.0035632825957813492,0.00011087826910899466,0.8893165759583416,-20.95163467369991,0.05
SPOT,2026-03-11,0.024658,9,900.0,1.697281,530.260009765625,0.4900000082112621,369.1210849137284,1.4312478123064212,0.012674439629323157,0.0002748010994009703,2.7268465402715507,-79.45150953586658,0.05
SPOT,2026-03-11,0.024658,9,920.0,1.734998,530.260009765625,1.0900000455938699,389.69644261046983,1.649212117889769,0.02310729721433149,0.0003983637644012476,4.554951329310521,-152.8864515008475,0.05
SPOT,2026-03-11,0.024658,9,940.0,1.772715,530.260009765625,0.7600007310523313,409.3418009552869,1.6187405808939115,0.016986553393877703,0.0003125811341372362,3.5080632326840666,-115.5626519622605,0.05
SPOT,2026-03-11,0.043836,16,310.0,0.584619,530.260009765625,220.9487177590825,0.009999999948831828,0.7903722463317139,0.9995808883028383,1.719805994155431e-05,0.16753903482571336,-16.964847823125567,0.05
SPOT,2026-03-11,0.043836,16,320.0,0.603478,530.260009765625,211.1806114973977,0.21999993202183532,1.0011845450416912,0.9942090861639679,0.00014823254452982378,1.829205800051687,-36.68952886517453,0.05
SPOT,2026-03-11,0.043836,16,330.0,0.622336,530.260009765625,201.35250503170914,0.3699996600910822,1.0103405662087597,0.9908180099406402,0.00022052841410803546,2.7462319419168075,-47.850051264922826,0.05
SPOT,2026-03-11,0.043836,16,340.0,0.641195,530.260009765625,191.41439917430205,0.4099999964417407,0.9667012013812211,0.9894951979610428,0.00025923291694321594,3.0887821165100573,-50.72202373094086,0.05
SPOT,2026-03-11,0.043836,16,350.0,0.660054,530.260009765625,181.92629205109802,0.8999990669955196,1.0248182082767432,0.9799957479126982,0.0004256347895572323,5.376365930141835,-79.73244315106645,0.05
SPOT,2026-03-11,0.043836,16,360.0,0.678912,530.260009765625,171.2581867020042,0.20999991165945175,0.7835398650373826,0.9929760555622452,0.00022469289644675108,2.1699778921284425,-37.157503667977394,0.05
SPOT,2026-03-11,0.043836,16,370.0,0.697771,530.260009765625,163.21008105268214,2.1400004560952084,1.0631830355239862,0.9588770142880358,0.000746664756165341,9.78449824761984,-135.91814269582403,0.05
SPOT,2026-03-11,0.043836,16,375.0,0.7072,530.260009765625,158.72102750075055,2.6400000010424947,1.0774027270036357,0.9513732121772389,0.0008432796182189417,11.198363053581811,-154.9057887997559,0.05
SPOT,2026-03-11,0.043836,16,380.0,0.71663,530.260009765625,153.84197440284078,2.750000000011596,1.0532214675713665,0.9485763463701102,0.0009019799503879514,11.709044479457203,-158.12185669049694,0.05
SPOT,2026-03-11,0.043836,16,385.0,0.726059,530.260009765625,147.17292129421384,1.0699999882635893,0.8442327055726391,0.9720541667526401,0.000684401397762702,7.121605784782257,-86.99113808596276,0.05
SPOT,2026-03-11,0.043836,16,390.0,0.735488,530.260009765625,144.3538669998237,3.239998790752338,1.0246422304151204,0.9393755420848182,0.0010556992187671684,13.332675853762664,-173.51129255390293,0.05
SPOT,2026-03-11,0.043836,16,395.0,0.744918,530.260009765625,136.52481462434844,0.39999951215594365,0.6706707119155957,0.9854819697911881,0.0004945255396925842,4.087925156304546,-50.573807631151894,0.05
SPOT,2026-03-11,0.043836,16,400.0,0.754347,530.260009765625,131.7057620005399,0.5699999852262749,0.6815569018519043,0.9804075313988807,0.0006288032893518862,5.282284571107953,-60.472781947707546,0.05
SPOT,2026-03-11,0.043836,16,405.0,0.763776,530.260009765625,128.4767066432305,2.329997724795817,0.8553427453917909,0.9459247399312715,0.0011558501613530081,12.185590610239364,-137.54117501812723,0.05
SPOT,2026-03-11,0.043836,16,410.0,0.773206,530.260009765625,122.62765575940745,1.4699999378516395,0.7470768900614353,0.9587735652477235,0.001064763284095162,9.80445005410285,-102.8356902825114,0.05
SPOT,2026-03-11,0.043836,16,415.0,0.782635,530.260009765625,123.04859754655342,6.879994821876494,1.0585778870947073,0.8900010324493561,0.0015999699537468542,20.875626299629047,-269.5049141404045,0.05
SPOT,2026-03-11,0.043836,16,420.0,0.792064,530.260009765625,113.57954947478038,2.3999998469823822,0.7674023291963481,0.9388086898655532,0.0014198728774177652,13.430044308737363,-136.76729085917384,0.05
SPOT,2026-03-11,0.043836,16,425.0,0.801494,530.260009765625,108.12049653093555,1.9300000000164346,0.7007527701697027,0.9448116541190859,0.0014337507651253426,12.383498477621155,-118.62459092181018,0.05
SPOT,2026-03-11,0.043836,16,430.0,0.810923,530.260009765625,104.03144270379698,2.8299992697567404,0.7349998359428692,0.9269037801581064,0.001701006609868391,15.409839398893395,-148.56323267772555,0.05
SPOT,2026-03-11,0.043836,16,435.0,0.820352,530.260009765625,97.04239031933565,0.8299999821742858,0.5397686448174451,0.9662349408147543,0.001251933956998217,8.329020694926298,-72.04525037296922,0.05
SPOT,2026-03-11,0.043836,16,440.0,0.829782,530.260009765625,92.62333953673146,1.4000022964490313,0.570463201129314,0.9495317698916378,0.0016406099196549025,11.535537541208548,-95.60373431645148,0.05
SPOT,2026-03-11,0.043836,16,445.0,0.839211,530.260009765625,88.63428412390465,2.399999980501093,0.6150811195852942,0.9254334587160179,0.002063816240401856,15.646178875022928,-129.8742805735994,0.05
SPOT,2026-03-11,0.043836,16,450.0,0.84864,530.260009765625,83.91523053408378,2.669999487559096,0.6012847341164714,0.9168245934932926,0.002293382355814236,16.9965788696083,-136.6814138486659,0.05
SPOT,2026-03-11,0.043836,16,455.0,0.85807,530.260009765625,78.3061774718226,2.049999522176847,0.5333722138526292,0.9259359570897182,0.002367721476493147,15.565600143186588,-115.33166885995277,0.05
SPOT,2026-03-11,0.043836,16,460.0,0.867499,530.260009765625,74.1771248363832,2.9099999836163306,0.5531703186065361,0.9039040291253717,0.002775485395989483,18.923553173200638,-139.65638289140685,0.05
SPOT,2026-03-11,0.043836,16,465.0,0.876928,530.260009765625,69.33807561572621,3.0600038598382184,0.5297962452221797,0.8960198381305478,0.003069706053142725,20.04520655533433,-141.42222175687516,0.05
SPOT,2026-03-11,0.043836,16,470.0,0.886358,530.260009765625,64.78901873517447,3.5000000761653496,0.5191279052910223,0.8818750305405558,0.003432512357242677,21.962984405396792,-150.19118037338654,0.05
SPOT,2026-03-11,0.043836,16,475.0,0.895787,530.260009765625,60.09996556215992,3.8000000000297405,0.4999955405877642,0.8696133083063613,0.0038188006008843473,23.5341210150748,-154.2678966366475,0.05
SPOT,2026-03-11,0.043836,16,480.0,0.905216,530.260009765625,55.36091225765938,4.049999792408073,0.47740085164397883,0.8572813513759937,0.004254568360035284,25.034767627208527,-156.28421389560376,0.05
SPOT,2026-03-11,0.043836,16,485.0,0.914646,530.260009765625,52.52185699049028,6.1999976221178486,0.5208855534678745,0.81399459601347,0.004631404350801807,29.734448038757264,-195.61813423020735,0.05
SPOT,2026-03-11,0.043836,16,490.0,0.924075,530.260009765625,48.88280878033453,7.5500025088410325,0.5270352000259337,0.7854192715333532,0.00498805319809217,32.402279803311124,-213.16583222701314,0.05
SPOT,2026-03-11,0.043836,16,495.0,0.933504,530.260009765625,43.91375337375945,7.570000199144829,0.4891959176182081,0.7716922211969655,0.0055678378016174816,33.571772275540596,-205.59101637205217,0.05
SPOT,2026-03-11,0.043836,16,500.0,0.942934,530.260009765625,39.354700079146824,8.000000001411081,0.46247993726117653,0.7510777704103674,0.006174892622405112,35.19874478718611,-203.6246636493652,0.05
SPOT,2026-03-11,0.043836,16,505.0,0.952363,530.260009765625,36.41564678547263,10.049999804615766,0.47738327607160064,0.7123423023023807,0.006434051739077706,37.85790862034598,-223.2076538906184,0.05
SPOT,2026-03-11,0.043836,16,510.0,0.961792,530.260009765625,32.10659388294465,10.729999998966719,0.45165687702193047,0.6852478594478706,0.007082091730165795,39.42530339130007,-219.67042629283787,0.05
SPOT,2026-03-11,0.043836,16,515.0,0.971222,530.260009765625,30.29754079645886,13.910000009359806,0.48409710282353474,0.6407273684676617,0.006956162416935068,41.50563535835244,-244.65574696688395,0.05
SPOT,2026-03-11,0.043836,16,520.0,0.980651,530.260009765625,20.198487725094253,8.800000034874131,0.3139892797612512,0.6418552272643705,0.01071304534146891,41.4603183807574,-164.49523544485692,0.05
SPOT,2026-03-11,0.043836,16,525.0,0.99008,530.260009765625,22.159434525659663,15.74999993231836,0.42676310201067086,0.5717294158922755,0.008283696542902633,43.57284461188124,-226.15272963294353,0.05
SPOT,2026-03-11,0.043836,16,530.0,0.99951,530.260009765625,18.430381512215945,17.010000015753576,0.40053756016059017,0.5294609264620713,0.008947012007244381,44.16987165978515,-214.91194775539492,0.05
SPOT,2026-03-11,0.043836,16,535.0,1.008939,530.260009765625,20.899999226068957,24.46867082648555,0.509688299996169,0.4962106132120963,0.007049906782641328,44.28869749431586,-269.58922887053836,0.05
SPOT,2026-03-11,0.043836,16,537.5,1.013654,530.260009765625,23.29999999957849,29.363198148434435,0.5890143336661929,0.48782095647471124,0.0060978863816799735,44.27005492383086,-309.19451504938485,0.05
SPOT,2026-03-11,0.043836,16,540.0,1.018368,530.260009765625,18.87999981646101,27.437724513756393,0.5132673260429221,0.46205820751151616,0.006969376700060314,44.09023633447204,-269.43087334736157,0.05
SPOT,2026-03-11,0.043836,16,545.0,1.027798,530.260009765625,17.50000365752581,31.0467814517001,0.5277299067704209,0.4312987241814397,0.006707980079194207,43.632323439972375,-273.20127069947307,0.05
SPOT,2026-03-11,0.043836,16,547.5,1.032512,530.260009765625,18.175000000121514,34.21630434273527,0.5651654569652216,0.4235952825910537,0.00624120246149345,43.4759169112751,-290.58598673329294,0.05
SPOT,2026-03-11,0.043836,16,550.0,1.037227,530.260009765625,14.150000043305255,32.685830934358364,0.4928345772673201,0.38920417396553264,0.007008292217903063,42.571430268318124,-248.92227003292376,0.05
SPOT,2026-03-11,0.043836,16,555.0,1.046656,530.260009765625,13.499995848538191,37.02487983647029,0.5173214148461527,0.3644373600760192,0.0065412011846127036,41.708333025677824,-255.0955798593769,0.05
SPOT,2026-03-11,0.043836,16,560.0,1.056086,530.260009765625,23.14000001341904,51.65393709823002,0.78367346056471,0.40625628730425856,0.004458167757806163,43.06221998867747,-394.53758625911547,0.05
SPOT,2026-03-11,0.043836,16,565.0,1.065515,530.260009765625,10.91999698231811,44.422987164007964,0.5268115490122178,0.30842752805724094,0.00601863012801634,39.080293002108405,-242.46264053057146,0.05
SPOT,2026-03-11,0.043836,16,570.0,1.074944,530.260009765625,8.530000054162372,47.02204333273119,0.4969517245229492,0.26713748766816203,0.005961003872936693,36.51223981198687,-213.62047563134678,0.05
SPOT,2026-03-11,0.043836,16,575.0,1.084374,530.260009765625,7.059999988510228,50.54109636395788,0.48630954308303914,0.23480199987260536,0.00568914353216992,34.100798772088915,-195.02835280071338,0.05
SPOT,2026-03-11,0.043836,16,580.0,1.093803,530.260009765625,5.0000001813095025,53.470149653635985,0.4509572786851033,0.18964526678790533,0.0054139891798302055,30.092457351275524,-159.56558462840567,0.05
SPOT,2026-03-11,0.043836,16,585.0,1.103232,530.260009765625,11.600000032881297,65.05920260208677,0.674733795188931,0.2711648300331744,0.00442345522326674,36.78738925392041,-289.73184919856857,0.05
SPOT,2026-03-11,0.043836,16,590.0,1.112662,530.260009765625,15.400000000143308,73.84825566622771,0.8067282425120402,0.2964577464834218,0.0038611494846945956,38.392708029146604,-360.36985574836996,0.05
SPOT,2026-03-11,0.043836,16,595.0,1.122091,530.260009765625,9.689999985587889,73.12730874855106,0.6798600472158216,0.23493002754108627,0.004070717881610466,34.11107405027856,-270.2637652874338,0.05
SPOT,2026-03-11,0.043836,16,600.0,1.13152,530.260009765625,3.4000029073611415,71.82636476720324,0.491951594863055,0.1299014531147557,0.003871240841674716,23.473477480249556,-134.99133837691795,0.05
SPOT,2026-03-11,0.043836,16,605.0,1.14095,530.260009765625,5.789999985835024,79.2054149425561,0.60824649105507,0.16990248587181728,0.003746024568350974,28.083750285128026,-199.0548914668229,0.05
SPOT,2026-03-11,0.043836,16,610.0,1.150379,530.260009765625,3.499994699225951,81.9044627528258,0.5419274013434086,0.12330170553205139,0.0033888979774252767,22.636249621711286,-143.01689331226495,0.05
SPOT,2026-03-11,0.043836,16,615.0,1.159808,530.260009765625,7.800000124138322,91.19352127461718,0.7272095973752929,0.18856406130265863,0.0033455223752135474,29.986681706556784,-253.340961437335,0.05
SPOT,2026-03-11,0.043836,16,620.0,1.169238,530.260009765625,4.240000110549445,92.62257435790707,0.618626779721069,0.13019561383157818,0.003083356654271171,23.510255463559712,-169.13321618512967,0.05
SPOT,2026-03-11,0.043836,16,625.0,1.178667,530.260009765625,4.020000625286457,97.39162796952303,0.631009286624984,0.12269662700537359,0.0029004546346545887,22.55831709828675,-165.41440778082358,0.05
SPOT,2026-03-11,0.043836,16,630.0,1.188096,530.260009765625,3.499999983610877,101.86068042472641,0.6282831128911723,0.10976131836851427,0.002691566774543265,20.843248895502732,-152.10520732812017,0.05
SPOT,2026-03-11,0.043836,16,635.0,1.197526,530.260009765625,2.359999990755057,105.70973352874944,0.5881626040479835,0.08311309655248028,0.002343227697137038,16.987003233082678,-116.04679071486635,0.05
SPOT,2026-03-11,0.043836,16,640.0,1.206955,530.260009765625,2.629998113375393,110.96878474824871,0.6231189175942227,0.08695107198081564,0.0022878941170960633,17.57161694325282,-127.06322545421207,0.05
SPOT,2026-03-11,0.043836,16,650.0,1.225814,530.260009765625,2.0399996921943924,120.35689252082545,0.6241748017543408,0.0699866926391275,0.0019373141365665828,14.904285073098693,-107.86452288740837,0.05
SPOT,2026-03-11,0.043836,16,655.0,1.235243,530.260009765625,0.7999997476669876,124.10594567317696,0.5357176065617634,0.03530666452107327,0.001308523001109418,8.640167264823349,-53.692077829510595,0.05
SPOT,2026-03-11,0.043836,16,660.0,1.244672,530.260009765625,1.3600002516561283,129.65499927404505,0.6074507289693266,0.050490316967368616,0.0015412507635719356,11.539559518601019,-81.22519829111023,0.05
SPOT,2026-03-11,0.060274,22,300.0,0.56576,530.260009765625,231.21275833139038,0.04999996609205937,0.8165293155373534,0.9984447271748546,4.7445994846802584e-05,0.6565667817830331,-19.35837078392242,0.05
SPOT,2026-03-11,0.060274,22,310.0,0.584619,530.260009765625,221.5028499508067,0.30999996551923914,0.9426329499930493,0.9928227976729738,0.00016234071978701896,2.5934486361551774,-35.52721883494811,0.05
SPOT,2026-03-11,0.060274,22,320.0,0.603478,530.260009765625,211.55294221838608,0.3300006131095188,0.8993902405774882,0.9920526938150285,0.0001861257497973762,2.83701869908568,-36.89121984362492,0.05
SPOT,2026-03-11,0.060274,22,330.0,0.622336,530.260009765625,201.53303322262076,0.2799999973551053,0.832282298843375,0.9926159872270192,0.00018852845186302368,2.6592252548203064,-34.60029307248185,0.05
SPOT,2026-03-11,0.060274,22,340.0,0.641195,530.260009765625,191.43312511484868,0.15000026959393153,0.7281321041637531,0.9952338570803079,0.00014616946097291962,1.8037418955315645,-27.709917422596014,0.05
SPOT,2026-03-11,0.060274,22,350.0,0.660054,530.260009765625,181.77321646873742,0.4600000034935192,0.7904760321216205,0.9878776194153502,0.00030619837544890665,4.102033056443966,-44.001438235727285,0.05
SPOT,2026-03-11,0.060274,22,360.0,0.678912,530.260009765625,171.58330808237884,0.2399999971458442,0.6807430568752654,0.9922134290339193,0.00024152705561889968,2.786484136127282,-33.46286929247356,0.05
SPOT,2026-03-11,0.060274,22,370.0,0.697771,530.260009765625,161.99339912022077,0.6199994149986878,0.72861469772719,0.9829144811807424,0.00044638393994551255,5.512061520156536,-51.27628986807095,0.05
SPOT,2026-03-11,0.060274,22,375.0,0.7072,530.260009765625,158.878445515998,2.490000000781322,0.908976866197794,0.953279113869939,0.0008255410191485528,12.71742118806788,-113.22450835936777,0.05
SPOT,2026-03-11,0.060274,22,380.0,0.71663,530.260009765625,151.5134911933219,0.10999986811066265,0.5421015991755498,0.9952391073633053,0.00019613688665039437,1.8019699033076673,-26.9145215089273,0.05
SPOT,2026-03-11,0.060274,22,385.0,0.726059,530.260009765625,150.61853642021345,4.199999285007664,0.9638298288711806,0.931083696350317,0.0010573034347590691,17.27060586645847,-155.2404106822549,0.05
SPOT,2026-03-11,0.060274,22,390.0,0.735488,530.260009765625,142.02358276895694,0.5899998237566138,0.6307151349885238,0.9812800329615419,0.0005574593077704908,5.958733895611714,-50.09200416064701,0.05
SPOT,2026-03-11,0.060274,22,395.0,0.744918,530.260009765625,139.73862875298408,3.2899999977892094,0.8499097783178854,0.9370011457636163,0.0011184392926063575,16.109898692537453,-131.43681575367907,0.05
SPOT,2026-03-11,0.060274,22,400.0,0.754347,530.260009765625,132.92367456405634,1.4599999988669197,0.6877330257106946,0.961792755392682,0.0009272352472998308,10.807304292782067,-80.51012646477791,0.05
SPOT,2026-03-11,0.060274,22,405.0,0.763776,530.260009765625,129.8487203404141,3.369999965230136,0.7974180003970611,0.9318589655610274,0.0012668463751709736,17.120543811954388,-131.46539304343568,0.05
SPOT,2026-03-11,0.060274,22,410.0,0.773206,530.260009765625,123.74376618520154,2.2500000000229647,0.699036740385824,0.9454332564355052,0.0012147841638139544,14.391520853024518,-102.33303104836315,0.05
SPOT,2026-03-11,0.060274,22,415.0,0.782635,530.260009765625,118.95881203003813,2.4500000348650133,0.6859365644158031,0.9403207649190473,0.0013284161681714442,15.442786739152282,-106.85464360507223,0.05
SPOT,2026-03-11,0.060274,22,420.0,0.792064,530.260009765625,119.88385825215931,8.360000446991648,0.9299901007363223,0.8745884408684425,0.001704209646746905,26.860179608857294,-224.4117462150565,0.05
SPOT,2026-03-11,0.060274,22,425.0,0.801494,530.260009765625,108.43890361672442,1.900000001562205,0.5972905912922855,0.9455181009604737,0.00141996941195918,14.373820933385531,-90.86594081927609,0.05
SPOT,2026-03-11,0.060274,22,430.0,0.810923,530.260009765625,103.48395066997864,1.9300012448218808,0.5741813556724134,0.9427884580363556,0.001535206732352003,14.939068544323758,-90.97816103478687,0.05
SPOT,2026-03-11,0.060274,22,435.0,0.820352,530.260009765625,99.90899520779993,3.339999972648627,0.6284274269141787,0.9162319846046414,0.0018813405109349922,20.036880386817042,-123.75069321479431,0.05
SPOT,2026-03-11,0.060274,22,440.0,0.829782,530.260009765625,94.69404063451509,3.109999589369181,0.589767775860643,0.9164989760631626,0.001999861082874555,19.988878862136925,-117.35786234522942,0.05
SPOT,2026-03-11,0.060274,22,445.0,0.839211,530.260009765625,89.08908607429692,2.4899992191564593,0.5312958585536621,0.9239585808820948,0.0020682353504920216,18.622756073845515,-102.11928976519447,0.05
SPOT,2026-03-11,0.060274,22,450.0,0.84864,530.260009765625,90.60413266522266,8.990000000087662,0.7537969054926467,0.8402897329852062,0.0024765096912262156,31.637484791648788,-215.58037089342716,0.05
SPOT,2026-03-11,0.060274,22,455.0,0.85807,530.260009765625,79.2791784754366,2.6500000003070454,0.4877021125241096,0.9136294225382404,0.0024804279066915273,20.501649900613096,-103.20284289906832,0.05
SPOT,2026-03-11,0.060274,22,460.0,0.867499,530.260009765625,75.29422524337423,3.650000958250132,0.5055701033167554,0.8909355872680892,0.0028394938237765056,24.329314917002502,-121.89220084169762,0.05
SPOT,2026-03-11,0.060274,22,465.0,0.876928,530.260009765625,71.60926965015705,4.949999555038403,0.526683058421677,0.8651216303576985,0.0031646461728802016,28.247633927848472,-142.7725484087188,0.05
SPOT,2026-03-11,0.060274,22,470.0,0.886358,530.260009765625,66.84431589464407,5.169999989530822,0.505031996352547,0.8552562781170426,0.003462560818870674,29.63629243289865,-143.49355148673285,0.05
SPOT,2026-03-11,0.060274,22,475.0,0.895787,530.260009765625,61.18936149506095,4.499999779953157,0.45322187502120986,0.8580915424559272,0.0038071824010858543,29.243012826759294,-129.63552666354812,0.05
SPOT,2026-03-11,0.060274,22,480.0,0.905216,530.260009765625,57.69440752581005,5.99000000070771,0.47123770502344314,0.8275780727693012,0.004162430378579828,33.24256924664394,-149.00641417381587,0.05
SPOT,2026-03-11,0.060274,22,485.0,0.914646,530.260009765625,54.119453318435944,7.3999999833390575,0.4803520604390915,0.7998422748194741,0.004479105860324488,36.46351673820703,-163.79783162871863,0.05
SPOT,2026-03-11,0.060274,22,490.0,0.924075,530.260009765625,50.59449925188778,8.860000106796349,0.48600258658225454,0.772377278095969,0.004771394310084865,39.29990099609881,-176.39028102582978,0.05
SPOT,2026-03-11,0.060274,22,495.0,0.933504,530.260009765625,46.64954495526831,9.900000000182331,0.4775192117636822,0.7489738811657408,0.0051229466904641925,41.458945618509425,-181.75385641999733,0.05
SPOT,2026-03-11,0.060274,22,500.0,0.942934,530.260009765625,41.104597555666714,9.340006790586187,0.42926857989332345,0.7385363267783428,0.005821111744521851,42.34894593966941,-168.32924860283774,0.05
SPOT,2026-03-11,0.060274,22,505.0,0.952363,530.260009765625,38.029636548005726,11.249999972930596,0.4370067576992828,0.7042510621715593,0.006071937716402907,44.9700145614602,-179.79426087954366,0.05
SPOT,2026-03-11,0.060274,22,510.0,0.961792,530.260009765625,31.28468237051112,9.489999985441443,0.3612399651886985,0.6976261156564896,0.007419727763848812,45.42462283636145,-153.05361033157394,0.05
SPOT,2026-03-11,0.060274,22,515.0,0.971222,530.260009765625,31.43972820038971,14.630000005325542,0.4310861210488867,0.6395662759660063,0.006669151072186608,48.72391349809344,-189.6242447669174,0.05
SPOT,2026-03-11,0.060274,22,520.0,0.980651,530.260009765625,26.324776791139357,14.500002786080586,0.38676589981886833,0.612172306518237,0.007608028621209105,49.868680999431525,-174.91290916358946,0.05
SPOT,2026-03-11,0.060274,22,525.0,0.99008,530.260009765625,40.73982124898447,33.900001433931095,0.7222649836546291,0.5642988465061396,0.004187641776863291,51.259415689144674,-320.045891297006,0.05
SPOT,2026-03-11,0.060274,22,530.0,0.99951,530.260009765625,25.054866348538667,23.200000723490803,0.46541437678261954,0.5349817692454232,0.006559074649798429,51.735653072290766,-212.67346966475168,0.05
SPOT,2026-03-11,0.060274,22,535.0,1.008939,530.260009765625,26.600000225165104,29.730088790122636,0.5405789888892865,0.5087804260330688,0.005667505049638065,51.92286461075434,-244.9995120999405,0.05
SPOT,2026-03-11,0.060274,22,540.0,1.018368,530.260009765625,20.539999967384688,28.65504272234773,0.4661830776564867,0.4699177887012947,0.006554849936909533,51.787724102924905,-211.70544469022,0.05
SPOT,2026-03-11,0.060274,22,545.0,1.027798,530.260009765625,22.549998696730967,35.649995641699434,0.5448581892072836,0.4540013692438779,0.005586928118592121,51.58983439927189,-244.0875628983836,0.05
SPOT,2026-03-11,0.060274,22,550.0,1.037227,530.260009765625,18.800000000355368,36.88495113532929,0.509266395925163,0.4185045158405096,0.005891438735247485,50.848009100286184,-224.96811843468484,0.05
SPOT,2026-03-11,0.060274,22,555.0,1.046656,530.260009765625,26.00000000007543,49.069905325054776,0.6864270618662597,0.4331164392949633,0.004401498720467584,51.20384145473751,-301.74938438480297,0.05
SPOT,2026-03-11,0.060274,22,560.0,1.056086,530.260009765625,27.510000000602986,55.56485951558773,0.7512105626932891,0.4257011320054608,0.004008430776396608,51.0321236166551,-327.9245838340528,0.05
SPOT,2026-03-11,0.060274,22,565.0,1.065515,530.260009765625,29.00000000291746,62.03981370790768,0.8146195161279082,0.4198675508829126,0.0036857052607009787,50.88420343563834,-353.5390347444312,0.05
SPOT,2026-03-11,0.060274,22,570.0,1.074944,530.260009765625,10.65000000006063,48.67476789505622,0.46952830597229644,0.29351061270797574,0.005631598189588414,44.81268926378686,-181.79256333104829,0.05
SPOT,2026-03-11,0.060274,22,575.0,1.084374,530.260009765625,19.519999996013468,62.5297220810146,0.6882144251416931,0.35305118613308517,0.00414718963650357,48.371018636791575,-284.53708187036904,0.05
SPOT,2026-03-11,0.060274,22,580.0,1.093803,530.260009765625,8.54000490978494,56.53468118479145,0.4744048501682951,0.2464488929682826,0.005106293368602626,41.05465909428588,-167.6737636846225,0.05
SPOT,2026-03-11,0.060274,22,585.0,1.103232,530.260009765625,7.439999191203512,60.41962965621542,0.4718518556889946,0.2223908168390426,0.004850147721745304,38.78539340309024,-157.3390284570116,0.05
SPOT,2026-03-11,0.060274,22,590.0,1.112662,530.260009765625,5.300008287898521,63.26459294291601,0.4367221747402717,0.18036908710020427,0.004621289899597706,34.203931225700806,-128.43143343422457,0.05
SPOT,2026-03-11,0.060274,22,595.0,1.122091,530.260009765625,5.960002119689719,68.90954096471262,0.47819729790943344,0.18490496181752558,0.004286442165171801,34.73854732907982,-142.4074762622806,0.05
SPOT,2026-03-11,0.060274,22,600.0,1.13152,530.260009765625,10.549999989620645,78.48449302464905,0.6228793403639024,0.2382813916315895,0.0038187374172255458,40.31171643203145,-214.08340463374014,0.05
SPOT,2026-03-11,0.060274,22,605.0,1.14095,530.260009765625,9.349996925629284,82.26944415066305,0.6158381705376801,0.21869506059694915,0.003680644403187354,38.414751846913354,-201.57857449660247,0.05
SPOT,2026-03-11,0.060274,22,610.0,1.150379,530.260009765625,9.400007084901446,87.30440849994068,0.6398474898037494,0.21357518911305595,0.0034942637702473725,37.89131898091767,-206.3130379976775,0.05
SPOT,2026-03-11,0.060274,22,615.0,1.159808,530.260009765625,7.500001225242386,90.38935683028706,0.6094373630735789,0.18514968289385064,0.00336613769795076,34.767104354995205,-180.30105370651353,0.05
SPOT,2026-03-11,0.060274,22,620.0,1.169238,530.260009765625,2.7900000001444667,90.66430979519453,0.4685136835968226,0.10105016070042444,0.002899392291105336,23.021670131344756,-92.01414588412848,0.05
SPOT,2026-03-11,0.060274,22,625.0,1.178667,530.260009765625,5.850000125440559,98.70926411049618,0.5999397415937125,0.1534013521820201,0.003030137094718399,30.808991124663383,-157.1039808813997,0.05
SPOT,2026-03-11,0.060274,22,630.0,1.188096,530.260009765625,7.219999969876241,105.06421814493717,0.6627563888257456,0.16868563833916556,0.0029183751727352007,32.77952169833155,-184.32876380635872,0.05
SPOT,2026-03-11,0.060274,22,635.0,1.197526,530.260009765625,6.439994207138767,109.26916657220522,0.6578478881397605,0.15465128486855417,0.002778281329861558,30.974854329102364,-172.8126111224763,0.05
SPOT,2026-03-11,0.060274,22,640.0,1.206955,530.260009765625,2.499999454952757,110.31412601002467,0.5232878484402685,0.0843405785330193,0.002270925987069268,20.13961654144634,-89.53539596482356,0.05
SPOT,2026-03-11,0.060274,22,645.0,1.216384,530.260009765625,1.2200001848530846,114.01908092993051,0.4628477625425889,0.050451883748328215,0.0017239765616705034,13.523125953666298,-53.19911343276062,0.05
SPOT,2026-03-11,0.060274,22,650.0,1.225814,530.260009765625,3.799999573878523,121.58403450896128,0.6156847543284522,0.10538038886423023,0.002274591661649668,23.733916479868878,-123.82219682416019,0.05
SPOT,2026-03-11,0.060274,22,660.0,1.244672,530.260009765625,2.230000044232213,129.98394335932585,0.5720806697273401,0.07123143633863935,0.0018271831439721428,17.715235127876603,-85.84770468061403,0.05
SPOT,2026-03-11,0.082192,30,350.0,0.660054,530.260009765625,182.14541446164225,0.4500000134887614,0.6763921675647894,0.9881047708464092,0.0003014531899418991,4.7122095494109635,-36.479769804977394,0.05
SPOT,2026-03-11,0.082192,30,360.0,0.678912,530.260009765625,172.04642601090939,0.31000000039796305,0.6041251069149159,0.9905194171095733,0.0002769900904234923,3.8672055673566024,-31.87166601471707,0.05
SPOT,2026-03-11,0.082192,30,395.0,0.744918,530.260009765625,140.0799648132878,3.1999983345235137,0.7251299419502191,0.938250358648589,0.0011051905145116534,18.520773834076387,-99.57080387864212,0.05
SPOT,2026-03-11,0.082192,30,400.0,0.754347,530.260009765625,132.78047204238368,0.8799997824403931,0.538046443548386,0.9732772075973863,0.0007555146520075262,9.394394584477194,-49.91441743390805,0.05
SPOT,2026-03-11,0.082192,30,415.0,0.782635,530.260009765625,121.10199339830808,4.140003794827862,0.6715641971648327,0.917825407712432,0.0014859761182954348,23.062453385985645,-112.49737360252045,0.05
SPOT,2026-03-11,0.082192,30,420.0,0.792064,530.260009765625,114.23249536937357,2.2499999847144068,0.5557375888602422,0.9416274823183732,0.0013799280049647056,17.722800233134098,-79.16987160228396,0.05
SPOT,2026-03-11,0.082192,30,425.0,0.801494,530.260009765625,113.26300622693651,6.260005061098354,0.701713220274446,0.8889466195049134,0.0017747793774360572,28.78128457541265,-140.76575646751854,0.05
SPOT,2026-03-11,0.082192,30,430.0,0.810923,530.260009765625,105.54350630978547,3.519999362768317,0.5717352516371856,0.9170744876232853,0.0017574307500135484,23.220915213184792,-99.80086715548093,0.05
SPOT,2026-03-11,0.082192,30,435.0,0.820352,530.260009765625,99.67401057812503,2.629997849928941,0.5083030498092712,0.9278447416470034,0.0017785266651616346,20.892443558074252,-84.2193786288646,0.05
SPOT,2026-03-11,0.082192,30,440.0,0.829782,530.260009765625,95.80451846972755,3.7399999603524634,0.5332269080711979,0.9072326477041295,0.0020487824507572027,25.247247858235117,-101.16018117733068,0.05
SPOT,2026-03-11,0.082192,30,445.0,0.839211,530.260009765625,91.65502444393456,4.570000153380477,0.5400244063732139,0.8918063355321951,0.002263370990584677,28.24719153017762,-111.85792868380477,0.05
SPOT,2026-03-11,0.082192,30,450.0,0.84864,530.260009765625,85.08553007200982,2.980000000276789,0.4560317775763996,0.9118308989004484,0.002306850501502273,24.31200062356459,-87.3672861340601,0.05
SPOT,2026-03-11,0.082192,30,455.0,0.85807,530.260009765625,103.69999983695766,26.573963984045633,1.0198586965260266,0.7529400935846777,0.0020367671484282516,48.00511631306889,-312.60818278723855,0.05
SPOT,2026-03-11,0.082192,30,460.0,0.867499,530.260009765625,78.22653919578295,6.0799975616919255,0.5126082860523601,0.8573865665659278,0.0028922503412063157,34.263178142549,-125.66573005090135,0.05
SPOT,2026-03-11,0.082192,30,465.0,0.876928,530.260009765625,73.08705542006192,5.920008004791953,0.48213292547226005,0.8529048329537727,0.0031398091767761505,34.98454151433297,-121.56750950677514,0.05
SPOT,2026-03-11,0.082192,30,470.0,0.886358,530.260009765625,70.27755044209744,8.089997245648476,0.513479648537703,0.8214735739610327,0.0033442014050070377,39.68458120328583,-142.22730266459476,0.05
SPOT,2026-03-11,0.082192,30,475.0,0.895787,530.260009765625,65.20805848034337,7.999999502715411,0.48368650393325724,0.8139665031253545,0.0036427642712385405,40.71938210401528,-138.1340694350893,0.05
SPOT,2026-03-11,0.082192,30,480.0,0.905216,530.260009765625,61.52856783638276,9.300003077575866,0.4864404309025817,0.7919645051527859,0.003875780226955637,43.57074125318216,-146.85456199881696,0.05
SPOT,2026-03-11,0.082192,30,485.0,0.914646,530.260009765625,56.89907073104382,9.650000191057927,0.4655248359948719,0.7781672921391882,0.004203834463302584,45.22666906693803,-145.86593393478103,0.05
SPOT,2026-03-11,0.082192,30,490.0,0.924075,530.260009765625,54.209580316089045,11.940003994924155,0.4844975953071782,0.7477780065230388,0.0043347100576426765,48.535311420669835,-160.1664131336308,0.05
SPOT,2026-03-11,0.082192,30,495.0,0.933504,530.260009765625,46.29008210599585,9.00000000365202,0.3933354520475257,0.758980472143826,0.005210982369521953,47.36841325213035,-131.15104264565798,0.05
SPOT,2026-03-11,0.082192,30,500.0,0.942934,530.260009765625,45.22058783426667,12.909999950743838,0.44134629680300863,0.7123062619710745,0.005082733494614476,51.8421455297605,-155.81307547934975,0.05
SPOT,2026-03-11,0.082192,30,505.0,0.952363,530.260009765625,42.34108880356001,15.009995138858187,0.4482502588306097,0.6829780690796692,0.005227297739708248,54.15068164362822,-163.65184056969593,0.05
SPOT,2026-03-11,0.082192,30,510.0,0.961792,530.260009765625,38.98159948292823,16.630000037047466,0.4435078130116228,0.6562612030904127,0.005457137123008395,55.93353694671818,-166.3593842157294,0.05
SPOT,2026-03-11,0.082192,30,515.0,0.971222,530.260009765625,31.672105235751815,14.300000008691995,0.367293787625564,0.6439309774014246,0.006674652279805271,56.656320971010175,-142.08015161757214,0.05
SPOT,2026-03-11,0.082192,30,520.0,0.980651,530.260009765625,28.09259762065858,15.69998661241982,0.3559631586982408,0.611317436660465,0.007083387696028897,58.27096440478601,-140.98565529432315,0.05
SPOT,2026-03-11,0.082192,30,525.0,0.99008,530.260009765625,30.063116788061677,22.649999998643978,0.43516453723439935,0.5695497327144479,0.00593862674676725,59.72355727938444,-171.70055934213133,0.05
SPOT,2026-03-11,0.082192,30,530.0,0.99951,530.260009765625,27.82362524435723,25.390002673760478,0.43972013735275345,0.5396380067412223,0.005938542740661861,60.347930663715104,-174.34479366646036,0.05
SPOT,2026-03-11,0.082192,30,535.0,1.008939,530.260009765625,30.180005845206097,32.7258774934304,0.5175822318711185,0.5167166066864017,0.00506577789814765,60.59428218133368,-202.97939386421447,0.05
SPOT,2026-03-11,0.082192,30,540.0,1.018368,530.260009765625,47.350007225336896,54.87537309238223,0.8374195068935657,0.5244570150532252,0.003127856370895012,60.53353226709365,-319.91352324653667,0.05
SPOT,2026-03-11,0.082192,30,545.0,1.027798,530.260009765625,22.399999390653193,34.904859476519505,0.4601210104865196,0.45591045705581645,0.005668548678604233,60.27678589258203,-179.68646597312852,0.05
SPOT,2026-03-11,0.082192,30,550.0,1.037227,530.260009765625,24.099993136059965,41.584347440747365,0.5210216550649883,0.4433435082375916,0.004985881205383975,60.0349069790694,-200.83291045201304,0.05
SPOT,2026-03-11,0.082192,30,555.0,1.046656,530.260009765625,22.460000000400157,44.92384852390859,0.5247351744177788,0.42051144427710707,0.004901511427287055,59.43966290940849,-199.76568492238334,0.05
SPOT,2026-03-11,0.082192,30,560.0,1.056086,530.260009765625,35.309990165647406,62.753332907976755,0.769725877140641,0.4529048624834997,0.0033855610076500317,60.224454174145436,-292.2433189534928,0.05
SPOT,2026-03-11,0.082192,30,565.0,1.065515,530.260009765625,26.7500000064384,59.172836967588864,0.6560945330047208,0.4123615688011421,0.0039029169960290923,59.178216908728864,-245.79001204425714,0.05
SPOT,2026-03-11,0.082192,30,570.0,1.074944,530.260009765625,14.899999947286432,52.30233112725796,0.4777375014311453,0.3339013222795202,0.005009827687169738,55.31186009121617,-168.85707078014772,0.05
SPOT,2026-03-11,0.082192,30,575.0,1.084374,530.260009765625,21.37998655421714,63.761811953009556,0.6188042530193405,0.36514965403089306,0.003996212565689395,57.14891798782749,-223.7431741246929,0.05
SPOT,2026-03-11,0.082192,30,580.0,1.093803,530.260009765625,11.00000000932178,58.361319626935256,0.4531280228608624,0.2763904079248265,0.004855928697131031,50.850984260373366,-146.95014193359464,0.05
SPOT,2026-03-11,0.082192,30,585.0,1.103232,530.260009765625,10.65000022384433,62.99081406027892,0.46875025838336287,0.26327389487137065,0.004581194176803201,49.627952897848004,-147.96496833416447,0.05
SPOT,2026-03-11,0.082192,30,590.0,1.112662,530.260009765625,10.70000125291351,68.02030930816898,0.4916828245496182,0.255364644920078,0.004299223312215088,48.851868911036185,-152.35486764460467,0.05
SPOT,2026-03-11,0.082192,30,595.0,1.122091,530.260009765625,18.499992730894093,80.79979500497063,0.665105905426206,0.3130477832625643,0.0035040234653037875,53.85970259578416,-225.2944744814285,0.05
SPOT,2026-03-11,0.082192,30,600.0,1.13152,530.260009765625,7.350000006229308,74.6292964991269,0.459604870321497,0.20026413238289031,0.004010105385506518,42.59381589599039,-124.03141486353547,0.05
SPOT,2026-03-11,0.082192,30,605.0,1.14095,530.260009765625,7.3100001153410545,79.56879082705962,0.4777674686199064,0.19373930534909917,0.0037810830259315037,41.748312934933985,-126.10919051450978,0.05
SPOT,2026-03-11,0.082192,30,610.0,1.150379,530.260009765625,5.829999204729887,83.06828413526955,0.45902518020016053,0.16664451902555377,0.0035801742277172177,37.97928749141245,-110.18022940215818,0.05
SPOT,2026-03-11,0.082192,30,615.0,1.159808,530.260009765625,9.99998921255657,92.21776836191725,0.5780348715874812,0.21565075164980546,0.0033309656301310836,44.49695904785055,-161.68571257947943,0.05
SPOT,2026-03-11,0.082192,30,620.0,1.169238,530.260009765625,9.000000014541627,96.19727338272332,0.5737660845340764,0.19953736221631846,0.0032052063670728013,42.50079084905638,-153.18553434112198,0.05
SPOT,2026-03-11,0.082192,30,630.0,1.188096,530.260009765625,3.2300000004374496,100.38626180626125,0.4455671889094528,0.10506640721938165,0.002685725697056799,27.655467101447,-77.58520217330258,0.05
SPOT,2026-03-11,0.082192,30,640.0,1.206955,530.260009765625,5.200000993562199,112.31525123702795,0.5412367952525012,0.13389373624800588,0.002623934454848918,32.82059404106982,-111.35251289536421,0.05
SPOT,2026-03-11,0.082192,30,645.0,1.216384,530.260009765625,3.2599946098614936,115.35473907214828,0.49079741587185366,0.09807987647753968,0.002319042153483787,26.303712654119515,-80.97197345651878,0.05
SPOT,2026-03-11,0.082192,30,650.0,1.225814,530.260009765625,5.000006566228635,122.07424524733642,0.5657321594632996,0.1252961551194724,0.0023975191456534002,31.34578081169386,-110.94965066124978,0.05
SPOT,2026-03-11,0.082192,30,655.0,1.235243,530.260009765625,2.779997746023419,124.8337306459523,0.4995206613953918,0.08457359833868477,0.002041455302280235,23.56673797205208,-73.71674124403046,0.05
SPOT,2026-03-11,0.082192,30,660.0,1.244672,530.260009765625,3.0499991376170996,130.08322625636697,0.524424528900371,0.08798541912755031,0.0020028863324431418,24.27422878940087,-79.62109690365955,0.05
SPOT,2026-03-11,0.10137,37,270.0,0.509184,530.260009765625,261.9050406517972,0.2799999826393105,0.8866895351113672,0.9946123949338094,0.0001032285487843302,2.608903499929725,-24.685040832625056,0.05
SPOT,2026-03-11,0.10137,37,280.0,0.528043,530.260009765625,251.8955972109453,0.21999984165654496,0.8190460027846737,0.9953199064449678,9.858514884858516e-05,2.3014757447669707,-23.091844006090465,0.05
SPOT,2026-03-11,0.10137,37,290.0,0.546902,530.260009765625,241.80615392934288,0.07999985992330494,0.6972995197154002,0.997828515851424,5.8030035308493086e-05,1.1533438693611229,-18.331911259263926,0.05
SPOT,2026-03-11,0.10137,37,300.0,0.56576,530.260009765625,232.166710931639,0.3900001620885405,0.79249563995384,0.9918836417945007,0.0001659220503331561,3.7478965754774944,-29.339745779908196,0.05
SPOT,2026-03-11,0.10137,37,310.0,0.584619,530.260009765625,222.16726747451895,0.34000000483763415,0.7380423004798535,0.9923133823415641,0.00016984005693546889,3.5727941218291517,-28.20704067327971,0.05
SPOT,2026-03-11,0.10137,37,320.0,0.603478,530.260009765625,212.31782420110443,0.4400000312922998,0.7231756029842229,0.9901131653269859,0.0002161374006830347,4.45512917921849,-31.52649133722889,0.05
SPOT,2026-03-11,0.10137,37,330.0,0.622336,530.260009765625,202.18838073094918,0.2599998610061789,0.638303939597254,0.9930583780107157,0.00017949910122274328,3.2657009592987754,-26.501241907940177,0.05
SPOT,2026-03-11,0.10137,37,340.0,0.641195,530.260009765625,192.82893757477666,0.8500000047027925,0.7121099144060894,0.9819539852557263,0.0003690166301722189,7.489961433465611,-42.70109508858474,0.05
SPOT,2026-03-11,0.10137,37,350.0,0.660054,530.260009765625,182.4294942702142,0.40000000000952696,0.6003499304130007,0.9891479688698033,0.0002823817042513645,4.8320078391949535,-31.41227726076211,0.05
SPOT,2026-03-11,0.10137,37,360.0,0.678912,530.260009765625,173.42005245291534,1.340001482579794,0.6836731309446569,0.9720127528284378,0.0005564412527797391,10.843124449342737,-53.66484746972668,0.05
SPOT,2026-03-11,0.10137,37,370.0,0.697771,530.260009765625,163.59060777324925,1.4600001027828853,0.6529683284973682,0.9685083584369918,0.0006425245613591124,11.95827292630232,-56.012806810496556,0.05
SPOT,2026-03-11,0.10137,37,380.0,0.71663,530.260009765625,152.97116421232909,0.7899998417318557,0.5493696173351967,0.9783793634275708,0.0005576356234985055,8.731759349787145,-41.95191165154534,0.05
SPOT,2026-03-11,0.10137,37,390.0,0.735488,530.260009765625,143.49172106352404,1.2599999927959402,0.556801649559686,0.9678589138121911,0.0007663106454580505,12.161635490051305,-51.88680950813173,0.05
SPOT,2026-03-11,0.10137,37,400.0,0.754347,530.260009765625,133.71227725611124,1.4299994852523241,0.531331295474036,0.9625394785711822,0.0009106667137752997,13.791498927496328,-54.978345423643816,0.05
SPOT,2026-03-11,0.10137,37,410.0,0.773206,530.260009765625,124.60283446000619,2.269999989016412,0.5435329627909143,0.9454355435068486,0.0012046733979382105,18.663015551925895,-68.87060900912421,0.05
SPOT,2026-03-11,0.10137,37,420.0,0.792064,530.260009765625,114.88339027149556,2.4999991003749074,0.5144258399306133,0.937744780978471,0.0014117355753676102,20.69963773295713,-71.64091254358115,0.05
SPOT,2026-03-11,0.10137,37,430.0,0.810923,530.260009765625,105.89394787129743,3.460000000045966,0.5142436844240442,0.9181724431077878,0.0017418281527869668,25.530591863111084,-83.80644624431964,0.05
SPOT,2026-03-11,0.10137,37,440.0,0.829782,530.260009765625,96.93450720266941,4.450002631287077,0.5063988783439703,0.8978429239297073,0.0020849344160388016,30.09343368654431,-94.12450868933922,0.05
SPOT,2026-03-11,0.10137,37,450.0,0.84864,530.260009765625,88.58506078639016,6.049999514877015,0.5094717765830568,0.8695215787397379,0.0024657177450453697,35.805529574997365,-108.60134555489107,0.05
SPOT,2026-03-11,0.10137,37,460.0,0.867499,530.260009765625,80.21561798024726,7.630000008603247,0.5029204301448932,0.8412029053838578,0.0028515085029305123,40.875262984435444,-119.6880695405861,0.05
SPOT,2026-03-11,0.10137,37,470.0,0.886358,530.260009765625,71.30617420884482,8.669999537069941,0.47766241278454835,0.8166293722415725,0.00329185689163075,44.81760300249145,-123.67794300031882,0.05
SPOT,2026-03-11,0.10137,37,480.0,0.905216,530.260009765625,64.13673140001771,11.450000028112015,0.4838396318484112,0.7752824319671909,0.003668939840565148,50.597451212593995,-138.0993626167179,0.05
SPOT,2026-03-11,0.10137,37,490.0,0.924075,530.260009765625,56.237285556087215,13.499997484050652,0.46755361807907,0.7385609273228821,0.004120909824643638,54.917548703743016,-143.4191693307034,0.05
SPOT,2026-03-11,0.10137,37,500.0,0.942934,530.260009765625,49.79783692368903,17.0099921515216,0.47025832852155247,0.6918728153407057,0.004431900349317777,59.403644886819684,-153.64152223782284,0.05
SPOT,2026-03-11,0.10137,37,510.0,0.961792,530.260009765625,42.78840147461642,19.950000002318177,0.4556332316821256,0.6465471160317369,0.004832251348767407,62.75546016051735,-156.03785809555765,0.05
SPOT,2026-03-11,0.10137,37,520.0,0.980651,530.260009765625,34.70895747867769,21.819999306248633,0.41801323584239236,0.5992616089900366,0.0054770742568748965,65.25672479580375,-148.70052900803253,0.05
SPOT,2026-03-11,0.10137,37,530.0,0.99951,530.260009765625,30.099521251925466,27.16000637936554,0.4262254258446746,0.5433257489765703,0.00551132710518941,66.95486700297961,-153.66131905237293,0.05
SPOT,2026-03-11,0.10137,37,540.0,1.018368,530.260009765625,28.59999999992064,35.609928427229875,0.47218989338695344,0.49513789973276284,0.005004005953505264,67.34744365768823,-168.55280107767982,0.05
SPOT,2026-03-11,0.10137,37,550.0,1.037227,530.260009765625,26.94999874966493,43.909370476843264,0.5087635697532532,0.45487117341913325,0.004614877019752782,66.92105033084238,-178.64698953189034,0.05
SPOT,2026-03-11,0.10137,37,560.0,1.056086,530.260009765625,19.120000055571296,46.028815082618735,0.44524781536059316,0.3903890964022073,0.005105591981036114,64.79395837473483,-151.69194672567582,0.05
SPOT,2026-03-11,0.10137,37,570.0,1.074944,530.260009765625,19.39999314077403,56.25825146769063,0.49954191244909946,0.36580126396662804,0.004460139866578135,63.50486846229309,-165.20173748908286,0.05
SPOT,2026-03-11,0.10137,37,580.0,1.093803,530.260009765625,14.029993220108139,60.83769484689401,0.4579792497840086,0.30599715139122263,0.004536836120384853,59.22233189960677,-141.19179058286622,0.05
SPOT,2026-03-11,0.10137,37,590.0,1.112662,530.260009765625,16.799992701706827,73.55713762836183,0.5471849836935548,0.3097453968306966,0.0038175749780648164,59.539935061136994,-168.0677642003487,0.05
SPOT,2026-03-11,0.10137,37,600.0,1.13152,530.260009765625,8.999998646815882,75.70658687334003,0.4455935050862625,0.22234823479815252,0.0039599054905468285,50.29331744622143,-115.98278237403149,0.05
SPOT,2026-03-11,0.10137,37,610.0,1.150379,530.260009765625,7.200001688161663,83.85603321455494,0.4426676727206054,0.1873907957317753,0.0036002394892342866,45.42509132044964,-103.79072598716184,0.05
SPOT,2026-03-11,0.10137,37,620.0,1.169238,530.260009765625,13.199999991573478,99.80547481783583,0.5983799233524025,0.24233397940085666,0.003093482684626004,52.76079292837361,-161.48682143351755,0.05
SPOT,2026-03-11,0.10137,37,630.0,1.188096,530.260009765625,4.910004920752428,101.464923046884,0.44912548534948077,0.13602433196674968,0.0028782946441458803,36.84593313752567,-84.98501259995268,0.05
SPOT,2026-03-11,0.10137,37,640.0,1.206955,530.260009765625,4.199996091575727,110.70435751757645,0.4570280594796692,0.11798930075796993,0.002561826679988682,33.37176828897483,-78.1468937383278,0.05
SPOT,2026-03-11,0.10137,37,650.0,1.225814,530.260009765625,2.769999977048421,119.2238047029183,0.4355059124828908,0.08651990104809332,0.002144660573859975,26.621911419208086,-59.34202293665511,0.05
SPOT,2026-03-11,0.10137,37,660.0,1.244672,530.260009765625,4.599998052022471,131.00324607776145,0.5224801475235169,0.11466515089332235,0.0021959224215697673,32.701930940837194,-87.08619893860961,0.05
SPOT,2026-03-11,0.10137,37,670.0,1.263531,530.260009765625,1.870001454043301,138.22269277965142,0.4442499844398403,0.060909334698860895,0.0016070758840597942,20.349344114379207,-46.111544137821525,0.05
SPOT,2026-03-11,0.10137,37,680.0,1.28239,530.260009765625,3.719999386700323,150.02213401217762,0.5433735075077794,0.09310111826129286,0.0018151908961714326,28.11301184823029,-77.62956619920696,0.05
SPOT,2026-03-11,0.10137,37,690.0,1.301248,530.260009765625,1.6099999859884484,157.86157791133496,0.4736289369913119,0.05079368922703326,0.001306103027764485,17.632028336265424,-42.457127916569334,0.05
SPOT,2026-03-11,0.10137,37,700.0,1.320107,530.260009765625,2.60000001188898,168.80102123710458,0.5443440313649393,0.06857494696090785,0.0014380505835021643,22.3117810027974,-61.5939243390688,0.05
SPOT,2026-03-11,0.10137,37,710.0,1.338966,530.260009765625,1.4199999540392376,177.57046447912398,0.5025068877147512,0.04337625557250644,0.0010846664491493585,15.535485724932562,-39.584998633175424,0.05
SPOT,2026-03-11,0.10137,37,720.0,1.357824,530.260009765625,1.1199986092713488,187.2199064342252,0.5006515506916211,0.035344935080093266,0.0009215666205770901,13.150701265011513,-33.3558358650158,0.05
SPOT,2026-03-11,0.10137,37,730.0,1.376683,530.260009765625,10.9999994781313,207.0493506029543,0.8720629459666519,0.16004482914387663,0.001652918672312937,41.085249623367844,-180.41701453974065,0.05
SPOT,2026-03-11,0.10137,37,740.0,1.395542,530.260009765625,0.7400002666996048,206.73879469139183,0.5028368440209877,0.024415992455657013,0.0006749401570390896,9.67339608613792,-24.602382895824224,0.05
SPOT,2026-03-11,0.10137,37,750.0,1.4144,530.260009765625,0.9999997528918332,216.9482374774533,0.5446459801648832,0.029820835649598348,0.0007363113453090952,11.430425711968075,-31.447672635640224,0.05
SPOT,2026-03-11,0.10137,37,760.0,1.433259,530.260009765625,0.2599998155486265,226.1576808399792,0.4657179754333854,0.010191667753853923,0.00034463580694231026,4.574777844329774,-10.766036574834615,0.05
SPOT,2026-03-11,0.10137,37,770.0,1.452118,530.260009765625,0.18999964234965416,236.03712396664935,0.46295255798485957,0.00770412795873195,0.00027130308711623076,3.579957197720752,-8.369528145792716,0.05
SPOT,2026-03-11,0.10137,37,780.0,1.470976,530.260009765625,0.9000002680994736,246.69656789226826,0.5854091875463467,0.02557694563117858,0.0006027633970973416,10.057568901623128,-29.674263888029813,0.05
SPOT,2026-03-11,0.10137,37,790.0,1.489835,530.260009765625,7.579992327945426,263.3260032519835,0.913850953326286,0.11366121635363674,0.0012476457023297177,32.497747108616565,-149.11835796153557,0.05
SPOT,2026-03-11,0.10137,37,800.0,1.508694,530.260009765625,0.5999988859903027,266.2954531098975,0.5820269548884047,0.017898588954437085,0.00044834477999047595,7.437754278993038,-21.796914516724698,0.05
SPOT,2026-03-11,0.10137,37,810.0,1.527552,530.260009765625,3.6750036150917964,279.3199011388681,0.809471873908733,0.06741232693326123,0.0009543595569230467,22.01914243092156,-89.5186193245053,0.05
SPOT,2026-03-11,0.10137,37,820.0,1.546411,530.260009765625,0.15999998192703657,285.7543408055725,0.5208114269593485,0.005942975043267224,0.0001917438257662996,2.8463513206173756,-7.461464572954688,0.05
SPOT,2026-03-11,0.10137,37,830.0,1.56527,530.260009765625,2.9400000017949495,298.4837841253095,0.8084246114100716,0.055649788801080645,0.0008226466172098228,18.95568370006441,-76.91422731907188,0.05
SPOT,2026-03-11,0.10137,37,840.0,1.584129,530.260009765625,0.040000034073473856,305.5332274574572,0.4779174858382434,0.0017846004658018894,7.084846844292941e-05,0.9650948487319361,-2.320329055250133,0.05
SPOT,2026-03-11,0.10137,37,860.0,1.621846,530.260009765625,0.13999998640006917,325.53211400952216,0.562614847760667,0.004916083630306531,0.00014995379819190123,2.4046688100873745,-6.796439688144776,0.05
SPOT,2026-03-11,0.10137,37,880.0,1.659563,530.260009765625,1.7099986986142781,347.00099932147464,0.8094106611661048,0.03459982247978631,0.0005601425652654749,12.922725133330703,-52.424059978026,0.05
SPOT,2026-03-11,0.10137,37,900.0,1.697281,530.260009765625,1.5600000000708967,366.7498872226696,0.8260068398930576,0.031384431691016824,0.0005064933821791723,11.924605751844915,-49.33759759637966,0.05
SPOT,2026-03-11,0.10137,37,920.0,1.734998,530.260009765625,0.3400000010213926,385.42877382335837,0.6949697556386897,0.009219810423834409,0.00021158657870524948,4.191221678128884,-14.59449742604272,0.05
SPOT,2026-03-11,0.10137,37,940.0,1.772715,530.260009765625,1.3250000053832487,406.31266042745847,0.8589633568655208,0.026302880417111634,0.00042053338248664913,10.29583856293595,-44.25230800572434,0.05
SPOT,2026-03-11,0.120548,44,360.0,0.678912,530.260009765625,200.10000000376974,27.676653419065644,1.4715221623844483,0.8473743671207333,0.000870619803779108,43.42430856950224,-277.50051476902763,0.05
SPOT,2026-03-11,0.120548,44,380.0,0.71663,530.260009765625,181.000000000458,28.456468036916135,1.3525401960447876,0.8307579873276396,0.0010133243398150551,46.455401527233235,-273.5891963495352,0.05
SPOT,2026-03-11,0.120548,44,400.0,0.754347,530.260009765625,134.9437135963367,2.2799962539571084,0.5380898029925466,0.9489325072407577,0.0010587515204166292,19.31018222315832,-61.50928773546292,0.05
SPOT,2026-03-11,0.120548,44,410.0,0.773206,530.260009765625,150.00000000006662,27.27618996826817,1.1340189504463773,0.8066005954457518,0.0013139585148870083,50.50559928356012,-251.443605870568,0.05
SPOT,2026-03-11,0.120548,44,445.0,0.839211,530.260009765625,94.12413280572088,6.189998360956395,0.4941340710440288,0.8734088101477836,0.00228284560925039,38.2348071256472,-96.81399439589765,0.05
SPOT,2026-03-11,0.120548,44,450.0,0.84864,530.260009765625,89.74418077804216,6.77999998856825,0.48739821686408846,0.8621575227233464,0.0024543382502593375,40.54673743915796,-100.34025045860798,0.05
SPOT,2026-03-11,0.120548,44,460.0,0.867499,530.260009765625,81.42427347899428,8.4000000001015,0.48021624046513645,0.8344826888686132,0.002813414281075949,45.793948778101345,-109.2660880835951,0.05
SPOT,2026-03-11,0.120548,44,470.0,0.886358,530.260009765625,74.30936777977166,11.225001611460016,0.490689981225044,0.796348088238551,0.003132769490932599,52.10425545821671,-123.44320191305033,0.05
SPOT,2026-03-11,0.120548,44,475.0,0.895787,530.260009765625,81.49999998894486,23.385587475923785,0.6766785600792801,0.7295819785494819,0.002656118453316333,60.92105541532518,-186.2542005448443,0.05
SPOT,2026-03-11,0.120548,44,480.0,0.905216,530.260009765625,65.99445885867016,12.850000000939644,0.4710780146094534,0.7665321428061473,0.0035304508380611054,56.37162669658401,-127.16804191032143,0.05
SPOT,2026-03-11,0.120548,44,485.0,0.914646,530.260009765625,63.924504239255896,15.74999903681595,0.4950269636806344,0.7389462608728647,0.003566490527095681,59.8421919764211,-139.26565039564233,0.05
SPOT,2026-03-11,0.120548,44,490.0,0.924075,530.260009765625,58.35455125909863,15.149999711949249,0.4585418660994771,0.7302062644473708,0.003915152883736552,60.85065854337009,-132.174500806504,0.05
SPOT,2026-03-11,0.120548,44,495.0,0.933504,530.260009765625,53.224597855615286,14.989999963756475,0.4293176796463139,0.7178926773562593,0.004274348519698821,62.199410263094855,-127.13029161108072,0.05
SPOT,2026-03-11,0.120548,44,500.0,0.942934,530.260009765625,53.41464460558569,20.150000369017448,0.4820428778647085,0.6811012618518844,0.004023725425198258,65.74331075334743,-146.83332371347961,0.05
SPOT,2026-03-11,0.120548,44,505.0,0.952363,530.260009765625,47.59469065097272,19.300000069695045,0.4403683623331482,0.6682550621315,0.004476273375603649,66.81443112664603,-137.3761325928998,0.05
SPOT,2026-03-11,0.120548,44,510.0,0.961792,530.260009765625,70.49999999646553,47.17526307047842,0.8115563713975601,0.6181147918441224,0.002552171174569808,70.20467834651512,-249.18006317725826,0.05
SPOT,2026-03-11,0.120548,44,520.0,0.980651,530.260009765625,41.10482958275736,27.71999996735144,0.4692907158915856,0.5942051602830396,0.004488077681180965,71.39041240067593,-152.65963700180936,0.05
SPOT,2026-03-11,0.120548,44,525.0,0.99008,530.260009765625,35.73987553918471,27.3249995790693,0.4306972869280978,0.5721075862216921,0.004948763546008374,72.24476830118991,-142.44042426834167,0.05
SPOT,2026-03-11,0.120548,44,530.0,0.99951,530.260009765625,36.32491002600764,32.87998772118283,0.4728104615815261,0.5484650705352422,0.00454918508606367,72.90515657807398,-155.69869858698863,0.05
SPOT,2026-03-11,0.120548,44,540.0,1.018368,530.260009765625,34.17500809201499,40.66999309777134,0.5058493331370041,0.5073792697318646,0.004282977558362355,73.43524423482828,-165.8197237352193,0.05
SPOT,2026-03-11,0.120548,44,545.0,1.027798,530.260009765625,36.74999992240916,48.214938583456046,0.5698345058042886,0.4963316098648177,0.0038025433977085655,73.4447042388692,-184.9096295540616,0.05
SPOT,2026-03-11,0.120548,44,550.0,1.037227,530.260009765625,28.374999682978796,44.80989199931628,0.4832272002786623,0.4609500051000892,0.004462751445198911,73.09566718627069,-157.30767149349185,0.05
SPOT,2026-03-11,0.120548,44,555.0,1.046656,530.260009765625,45.909999997407596,67.31484596903556,0.7490602487569106,0.49117425517918095,0.002892132861362509,73.42983520716284,-238.8659837068056,0.05
SPOT,2026-03-11,0.120548,44,560.0,1.056086,530.260009765625,25.070000000375757,51.4447996272944,0.4890528257047018,0.420357606552635,0.004342245797581234,71.97931993369957,-155.898450281692,0.05
SPOT,2026-03-11,0.120548,44,565.0,1.065515,530.260009765625,32.15000000007598,63.4947532822851,0.6114559517841996,0.4347192506599766,0.0034963041670331273,72.46227209945701,-193.6935862229865,0.05
SPOT,2026-03-11,0.120548,44,570.0,1.074944,530.260009765625,31.350000001379556,67.6647069388793,0.6242008469113078,0.42180041669738516,0.0034045903123440355,72.0322159980694,-196.10817345237703,0.05
SPOT,2026-03-11,0.120548,44,575.0,1.084374,530.260009765625,18.724999998106938,60.00966059089717,0.46761693844145824,0.35174460327865165,0.004310160763679361,68.31581696601393,-140.89132881042048,0.05
SPOT,2026-03-11,0.120548,44,590.0,1.112662,530.260009765625,25.550004687815715,81.74452624647773,0.629696727063897,0.3626422661808487,0.003235156679021114,69.0501008858885,-188.6829982540664,0.05
SPOT,2026-03-11,0.120548,44,600.0,1.13152,530.260009765625,22.99999975354882,89.13442862279197,0.6319070923297744,0.33504836939700566,0.0031316860782630135,67.07628702619972,-183.53862903847252,0.05
SPOT,2026-03-11,0.120548,44,610.0,1.150379,530.260009765625,15.250000098396924,91.32433627822115,0.5479133417024727,0.2710604810089216,0.003284222076785491,60.99327522193476,-145.03714570137288,0.05
SPOT,2026-03-11,0.120548,44,650.0,1.225814,530.260009765625,8.599999906020471,124.43396532816928,0.5481247199809762,0.17283055246764717,0.0025342419540492346,47.08309768598372,-111.19435372283263,0.05
SPOT,2026-03-11,0.120548,44,655.0,1.235243,530.260009765625,9.860008472502727,130.66392754994206,0.5879921341706971,0.18319374395876908,0.002450776205939423,48.84417005092135,-123.48669202853738,0.05
SPOT,2026-03-11,0.178082,65,270.0,0.509184,530.260009765625,263.39344782408745,0.7400000000629348,0.7650029460592644,0.9886876653088598,0.00017334567574447382,6.640096073331842,-27.305619286876503,0.05
SPOT,2026-03-11,0.178082,65,280.0,0.528043,530.260009765625,253.02209362541817,0.279999947378883,0.6394575516113982,0.9943670605214637,0.00011235353932355392,3.597466195012059,-20.171440661784853,0.05
SPOT,2026-03-11,0.178082,65,290.0,0.546902,530.260009765625,245.3707361526059,2.53999662055179,0.8535797140829149,0.9699598226755195,0.00035662807085417984,15.242557874943827,-49.978157985865074,0.05
SPOT,2026-03-11,0.178082,65,300.0,0.56576,530.260009765625,234.89938559913014,1.9800002130612597,0.7746966506507654,0.9733801232167577,0.00035533273543384867,13.783678687570202,-44.04327336533455,0.05
SPOT,2026-03-11,0.178082,65,310.0,0.584619,530.260009765625,223.83803109896058,0.8299998588769313,0.6353973550415708,0.9849671704341422,0.00026685282353269824,8.490151660987936,-30.06896633796061,0.05
SPOT,2026-03-11,0.178082,65,320.0,0.603478,530.260009765625,214.13667693773095,1.0399998436324722,0.6244515737467937,0.9813336838104261,0.0003267694356267055,10.217353882945005,-33.225024974088555,0.05
SPOT,2026-03-11,0.178082,65,330.0,0.622336,530.260009765625,204.58532582618295,1.4000028780696994,0.6221594026329536,0.9756727280578261,0.00041030567584872136,12.78225380911304,-37.96719736928998,0.05
SPOT,2026-03-11,0.178082,65,340.0,0.641195,530.260009765625,196.49396865585084,3.2199998537227543,0.693779342525157,0.9549406397879473,0.0006112067005049288,21.23282176988588,-56.85345853560663,0.05
SPOT,2026-03-11,0.178082,65,350.0,0.660054,530.260009765625,185.48261469861393,2.1200000424710765,0.6015322971058998,0.9639561815180494,0.0005880535226518355,17.71226287897077,-46.197792548906456,0.05
SPOT,2026-03-11,0.178082,65,360.0,0.678912,530.260009765625,180.90126051187008,7.450000001712397,0.7669561414961563,0.9171073103226854,0.0008897689983119149,34.17008368558543,-88.85127101314846,0.05
SPOT,2026-03-11,0.178082,65,370.0,0.697771,530.260009765625,170.19990641953177,6.660000055359319,0.7028720971344607,0.9179752971408242,0.0009632293177184115,33.90035442440523,-82.72889049478951,0.05
SPOT,2026-03-11,0.178082,65,380.0,0.71663,530.260009765625,164.18856089531636,10.560008677129133,0.7634746084416032,0.8893175520569704,0.0011055347944766334,42.263480241408224,-105.96512034309107,0.05
SPOT,2026-03-11,0.178082,65,390.0,0.735488,530.260009765625,148.26719363916789,4.549995566965833,0.5625268013177371,0.9265249284767418,0.001107059117802226,31.18259652253735,-66.40145690446293,0.05
SPOT,2026-03-11,0.178082,65,400.0,0.754347,530.260009765625,139.33585170136212,5.530007775145293,0.5557927815637715,0.9126344437115863,0.0012771430286810034,35.54272180165064,-72.6941286996614,0.05
SPOT,2026-03-11,0.178082,65,410.0,0.773206,530.260009765625,130.2444899730852,6.350000192853543,0.5410168463669791,0.8996831407406134,0.001453001609960391,39.36181602862784,-77.13202147345532,0.05
SPOT,2026-03-11,0.178082,65,420.0,0.792064,530.260009765625,121.63313452654802,7.649998892301596,0.5347872674093241,0.8820374184268858,0.0016515288084543004,44.224757030501635,-83.7080747939292,0.05
SPOT,2026-03-11,0.178082,65,430.0,0.810923,530.260009765625,114.17178149818568,10.100000009924429,0.5475797024383983,0.8556664379606815,0.0018543567867908973,50.84390313875064,-95.1469080225958,0.05
SPOT,2026-03-11,0.178082,65,440.0,0.829782,530.260009765625,105.09042037819444,10.929993035918415,0.5235688916479775,0.8402033583488541,0.002075051305058476,54.400252658769276,-96.99126946449091,0.05
SPOT,2026-03-11,0.178082,65,450.0,0.84864,530.260009765625,96.24907317757669,11.99999998128584,0.5023000337439459,0.8218016853790505,0.0023198132578066055,58.346455292060796,-99.26221066257897,0.05
SPOT,2026-03-11,0.178082,65,460.0,0.867499,530.260009765625,91.13771905121644,16.800000000910813,0.5372747687176539,0.7821742164206603,0.0024487930204347462,65.878965043166,-115.55946545261176,0.05
SPOT,2026-03-11,0.178082,65,470.0,0.886358,530.260009765625,82.77636092753602,18.349996023215624,0.5160316171990621,0.7592028089688396,0.002697070542651717,69.68942166982976,-116.96000264906937,0.05
SPOT,2026-03-11,0.178082,65,480.0,0.905216,530.260009765625,76.56501075395744,22.049999995622215,0.5216792038376353,0.72669880352209,0.0028496243291315343,74.43708842455604,-124.46781191983693,0.05
SPOT,2026-03-11,0.178082,65,490.0,0.924075,530.260009765625,68.9236553864834,24.31999877413341,0.5039942732581745,0.6982840090889656,0.0030909218213056745,78.0031004816642,-125.4465547183518,0.05
SPOT,2026-03-11,0.178082,65,500.0,0.942934,530.260009765625,60.562302471361136,25.870000004996314,0.47458118922620574,0.6693045500738259,0.003413054632498723,81.10581701179557,-122.78886987839935,0.05
SPOT,2026-03-11,0.178082,65,510.0,0.961792,530.260009765625,55.59094563580862,30.80999731542903,0.4831617465093229,0.6318214978369714,0.0034866134266906233,84.35184454688077,-128.40107758642276,0.05
SPOT,2026-03-11,0.178082,65,520.0,0.980651,530.260009765625,51.7695874604683,36.899993286073936,0.5001124489617229,0.5949486012300177,0.00346341868863654,86.73031116144259,-134.96878960242012,0.05
SPOT,2026-03-11,0.178082,65,530.0,0.99951,530.260009765625,40.91824003015981,35.9600000017507,0.43264279250728654,0.5567535504136205,0.004079030508034726,88.36589281801595,-120.05580530925212,0.05
SPOT,2026-03-11,0.178082,65,540.0,1.018368,530.260009765625,43.65000000517213,48.60311412274814,0.5148442409705424,0.5262464342971209,0.003455364295641865,89.07748436058581,-140.5335326266386,0.05
SPOT,2026-03-11,0.178082,65,550.0,1.037227,530.260009765625,37.69999146571996,52.56445972928117,0.4951732346371075,0.4889013191991238,0.003599031718069391,89.23620225825465,-135.14180522918602,0.05
SPOT,2026-03-11,0.178082,65,560.0,1.056086,530.260009765625,35.499999578069975,60.27582198761638,0.5139118300817517,0.4593266157122864,0.0034510984800155205,88.80638886411235,-138.54242408313618,0.05
SPOT,2026-03-11,0.178082,65,570.0,1.074944,530.260009765625,32.650000000073106,67.33717655560474,0.5220302675040155,0.42956279874003744,0.0033618221903346014,87.87567357273126,-138.55590565064597,0.05
SPOT,2026-03-11,0.178082,65,580.0,1.093803,530.260009765625,34.60000000203806,79.19853070355487,0.5822019881009913,0.4184534763463603,0.002998028004315952,87.39923122088256,-152.2310899455388,0.05
SPOT,2026-03-11,0.178082,65,590.0,1.112662,530.260009765625,23.77001410311064,78.27989895061262,0.4911061492279348,0.35624032770050684,0.003391910711289227,83.40998182354782,-123.26843441476836,0.05
SPOT,2026-03-11,0.178082,65,600.0,1.13152,530.260009765625,20.299999206321303,84.72123819980857,0.4810956235976489,0.3215932634844349,0.00332874092826009,80.18804866692584,-115.8268911349367,0.05
SPOT,2026-03-11,0.178082,65,610.0,1.150379,530.260009765625,18.000000000182496,92.33259313965493,0.4820943883650876,0.29352521996827563,0.003190994349499521,77.0293715382371,-111.14708915897748,0.05
SPOT,2026-03-11,0.178082,65,620.0,1.169238,530.260009765625,26.169999300054855,110.41394658551258,0.6147395211387032,0.33045086022668435,0.002634111447227426,81.08182649831298,-147.3999297461394,0.05
SPOT,2026-03-11,0.178082,65,630.0,1.188096,530.260009765625,18.50000004623044,112.65530147767322,0.5450087270374077,0.2756973881900892,0.0027394182699662095,74.75840854562205,-120.7811384702291,0.05
SPOT,2026-03-11,0.178082,65,640.0,1.206955,530.260009765625,18.250000524003937,122.31665610143193,0.568218298661894,0.2651911381062102,0.002576996004008553,73.32080149097287,-123.09321039482361,0.05
SPOT,2026-03-11,0.178082,65,650.0,1.225814,530.260009765625,10.910000058842499,124.88800978225572,0.48531883844455875,0.19814398687416002,0.002563498848504217,62.29576441889247,-89.59371800352832,0.05
SPOT,2026-03-11,0.178082,65,660.0,1.244672,530.260009765625,10.620003162267096,134.50936703166553,0.5034259933268215,0.18885574135504624,0.002399965403401813,60.497699448827575,-89.98753043726259,0.05
SPOT,2026-03-11,0.178082,65,670.0,1.263531,530.260009765625,12.450000065148288,146.2507180805319,0.5555047170971081,0.19971949350169627,0.0022503263006779435,62.593824849667776,-102.299395427598,0.05
SPOT,2026-03-11,0.178082,65,680.0,1.28239,530.260009765625,7.000003044552642,150.71207520592145,0.4800794589565805,0.13952291085009338,0.002067091181199511,49.69022938949821,-70.3273964733413,0.05
SPOT,2026-03-11,0.178082,65,690.0,1.301248,530.260009765625,11.27999997734787,164.90342628470194,0.5791508530049015,0.17910102768571223,0.00201839605417132,58.53240002024402,-99.3627181821862,0.05
SPOT,2026-03-11,0.178082,65,700.0,1.320107,530.260009765625,6.9399964058277845,170.47477685916704,0.5174109296092068,0.13094422078386597,0.0018362929030637022,47.57467139838943,-72.23790943270443,0.05
SPOT,2026-03-11,0.178082,65,710.0,1.338966,530.260009765625,1.4999998160973647,174.94613441542185,0.37890017123898573,0.045521442552012896,0.001128363897100795,21.40780926954165,-23.906288870877155,0.05
SPOT,2026-03-11,0.178082,65,720.0,1.357824,530.260009765625,0.5799996303812947,183.93748837569092,0.3367180357168018,0.02174512126490193,0.0006897624099383279,11.629583071950929,-11.542143693736023,0.05
SPOT,2026-03-11,0.178082,65,730.0,1.376683,530.260009765625,1.7000000189796154,194.96884291027447,0.41749521706324755,0.046884823434549174,0.0010486122219239978,21.921217083476066,-26.854066567687976,0.05
SPOT,2026-03-11,0.178082,65,740.0,1.395542,530.260009765625,4.599998788027982,207.78019582530806,0.5312858578965223,0.09098456250395698,0.001377024767809861,36.63264274966397,-56.82671870337896,0.05
SPOT,2026-03-11,0.178082,65,750.0,1.4144,530.260009765625,3.999999791065001,217.0915509743303,0.5299696512393113,0.08096549652908525,0.0012650222038999826,33.569694728943645,-51.89806582725302,0.05
SPOT,2026-03-11,0.178082,65,760.0,1.433259,530.260009765625,2.0499994731487234,225.05290480239933,0.475672519945391,0.04962912454733839,0.0009632129755673665,22.941860257542263,-31.853136687723378,0.05
SPOT,2026-03-11,0.178082,65,770.0,1.452118,530.260009765625,2.229998642935488,235.14425811817114,0.4972526857342294,0.0515184675866089,0.0009492464533284752,23.63493236281338,-34.25190739346227,0.05
SPOT,2026-03-11,0.178082,65,780.0,1.470976,530.260009765625,1.4999986261433733,244.32561224736423,0.4758215142953099,0.03776404752313212,0.0007723006040514473,18.400460518062694,-25.50852497460553,0.05
SPOT,2026-03-11,0.178082,65,790.0,1.489835,530.260009765625,1.6999991989603451,254.43696696616644,0.4992583118741824,0.04052544338972279,0.00077956827763875,19.48846823186414,-28.307678901321943,0.05
SPOT,2026-03-11,0.178082,65,800.0,1.508694,530.260009765625,0.9000000013175207,263.54832191450885,0.46199125689387505,0.024635812838184293,0.0005584312429140257,12.918191191328843,-17.36473359179019,0.05
SPOT,2026-03-11,0.178082,65,810.0,1.527552,530.260009765625,0.7950000052090562,273.35467606438556,0.4650551885648495,0.021937162178502893,0.0005031372042923869,11.716264553944074,-15.840170082171971,0.05
SPOT,2026-03-11,0.178082,65,820.0,1.546411,530.260009765625,0.9600000004317248,283.4310302055934,0.4898355889869595,0.024851923097339197,0.0005305606514414887,13.013185377515917,-18.508031997324277,0.05
SPOT,2026-03-11,0.178082,65,830.0,1.56527,530.260009765625,1.7299995747995567,294.11238392594646,0.5505059121461865,0.038014644088977284,0.000671138769082143,18.500035323150808,-29.5159843709556,0.05
SPOT,2026-03-11,0.178082,65,840.0,1.584129,530.260009765625,0.7999999978485377,303.0937384949807,0.4989160279842099,0.020802797158433334,0.00044840129321636755,11.201922294956558,-16.20322749958392,0.05
SPOT,2026-03-11,0.178082,65,850.0,1.602987,530.260009765625,1.0299992764408685,313.2350919195583,0.528852449224735,0.024831007918168304,0.0004910708868789564,13.003999703208306,-19.915897937061448,0.05
SPOT,2026-03-11,0.178082,65,860.0,1.621846,530.260009765625,0.5499999976161272,322.66644678671867,0.4944103174825061,0.014976854145386255,0.00034185120927365917,8.462971704147503,-12.11747282130379,0.05
SPOT,2026-03-11,0.178082,65,870.0,1.640705,530.260009765625,2.0600041623110954,334.0878050973988,0.6147823097211755,0.04054256159898147,0.0006332963577887382,19.495150656231736,-34.62286565744795,0.05
SPOT,2026-03-11,0.178082,65,880.0,1.659563,530.260009765625,4.350004311665359,346.28915939273827,0.7199235374115941,0.06861987414998304,0.0008207763288041903,29.58757956406409,-61.407896651037376,0.05
SPOT,2026-03-11,0.178082,65,890.0,1.678422,530.260009765625,2.4049999084528295,354.25550913551103,0.6546254599330222,0.04416965784303227,0.0006374415103561933,20.894475634930302,-39.454592000999085,0.05
SPOT,2026-03-11,0.178082,65,900.0,1.697281,530.260009765625,3.3799965037558586,365.1418598767991,0.7083611991130249,0.05586058799002342,0.0007104572456172284,25.199443811340387,-51.43020509332558,0.05
SPOT,2026-03-11,0.178082,65,910.0,1.716139,530.260009765625,2.5600039466593074,374.23322146568785,0.6843245546027781,0.04504196729496486,0.0006194587683519531,21.226225380821578,-41.84968934058661,0.05
SPOT,2026-03-11,0.178082,65,920.0,1.734998,530.260009765625,1.9499999966366168,383.5345716616504,0.6638600330694459,0.03632798965946066,0.0005362801651989537,17.826517131714738,-34.0927714861263,0.05
SPOT,2026-03-11,0.178082,65,930.0,1.753857,530.260009765625,0.22000015714157684,391.7159259681406,0.5047792287914854,0.006402701010264351,0.00015944436308872249,4.030035659305738,-5.870382319607345,0.05
SPOT,2026-03-11,0.178082,65,940.0,1.772715,530.260009765625,1.134999734455656,402.54227969143983,0.6299471236581359,0.02344931721349996,0.00039290517762165207,12.393389311280133,-22.485120859631593,0.05
SPOT,2026-03-11,0.178082,65,950.0,1.791574,530.260009765625,10.674997847068056,421.9936319500374,0.9765679784008708,0.11756636392832204,0.0009022578853899829,44.11958403055763,-123.55488055174744,0.05
SPOT,2026-03-11,0.271233,99,270.0,0.509184,530.260009765625,266.6369364909249,2.739999983490236,0.7775987421247952,0.9714546184126638,0.00030404188983523025,18.030553290523734,-38.270266709699825,0.05
SPOT,2026-03-11,0.271233,99,280.0,0.528043,530.260009765625,256.2316350587993,2.1999975609272724,0.7109591855479681,0.974196570058536,0.0003056679915091745,16.57351837182289,-34.73865460694055,0.05
SPOT,2026-03-11,0.271233,99,290.0,0.546902,530.260009765625,246.80633848859787,2.6400000002884667,0.7015046656925784,0.9693706852494536,0.00035732033799776053,19.11649999728714,-38.081641799794795,0.05
SPOT,2026-03-11,0.271233,99,300.0,0.56576,530.260009765625,235.90103946856942,1.5999999898226065,0.6082673284436999,0.9772075202637294,0.00032191942374577403,14.933505037288318,-30.858603876688743,0.05
SPOT,2026-03-11,0.271233,99,310.0,0.584619,530.260009765625,226.57574107818652,2.1400006090023,0.6099620484351627,0.9707093617581628,0.000395994773755252,18.42096382104162,-35.120622756888714,0.05
SPOT,2026-03-11,0.271233,99,320.0,0.603478,530.260009765625,217.27044146128492,2.700000001663284,0.6067579919051276,0.9640038139367562,0.0004718772122514522,21.835572924747034,-39.118604237100925,0.05
SPOT,2026-03-11,0.271233,99,330.0,0.622336,530.260009765625,207.45514245010548,2.750000000046498,0.5781953566249785,0.9616874113194233,0.0005210795088244316,22.977283134934623,-39.61514765314804,0.05
SPOT,2026-03-11,0.271233,99,340.0,0.641195,530.260009765625,198.5898434211657,3.7499999806693154,0.5865393893510185,0.9507338000173526,0.0006292567294904916,28.14784381292467,-45.712081105638134,0.05
SPOT,2026-03-11,0.271233,99,350.0,0.660054,530.260009765625,188.72454419124495,3.749999760311141,0.5557121163367049,0.9481308203236779,0.0006919705280997156,29.326318350716257,-45.74399755520855,0.05
SPOT,2026-03-11,0.271233,99,360.0,0.678912,530.260009765625,179.50924398694684,4.399998565575629,0.5460441820737681,0.9396282378139096,0.0007937938833860729,33.05640444090636,-49.211365989780106,0.05
SPOT,2026-03-11,0.271233,99,370.0,0.697771,530.260009765625,170.46394012066293,5.219993708854361,0.5386214332226837,0.9294189500006909,0.0009084255955545943,37.31582730940509,-53.169867368940416,0.05
SPOT,2026-03-11,0.271233,99,380.0,0.71663,530.260009765625,161.65863764664346,6.2799902443974815,0.5341796603543594,0.9170547956401989,0.0010356343438474276,42.190422342795806,-57.776911550175264,0.05
SPOT,2026-03-11,0.271233,99,390.0,0.735488,530.260009765625,152.87334843533688,7.360000042653496,0.5268741491329805,0.9042656036962349,0.0011682323778769352,46.9414186276694,-61.92335070526511,0.05
SPOT,2026-03-11,0.271233,99,400.0,0.754347,530.260009765625,144.39804858455494,8.74999920143415,0.5228580557373971,0.8889956075390043,0.0013107685713695935,52.267280538363934,-66.72809192406947,0.05
SPOT,2026-03-11,0.271233,99,410.0,0.773206,530.260009765625,135.78275310013095,10.000002726572802,0.5131777106121762,0.8742596898790314,0.001458547808365284,57.083229446984014,-70.39138248374577,0.05
SPOT,2026-03-11,0.271233,99,420.0,0.792064,530.260009765625,128.20744065761704,12.289989293621488,0.5178500452184011,0.853022636969989,0.0016083321134325165,63.518441432890185,-76.84195460510408,0.05
SPOT,2026-03-11,0.271233,99,430.0,0.810923,530.260009765625,119.0521521316395,12.99999977720654,0.4948825234536132,0.8400481596522589,0.0017799811619023471,67.17962949804995,-77.60645313670015,0.05
SPOT,2026-03-11,0.271233,99,440.0,0.829782,530.260009765625,111.75685397787566,15.57000063300535,0.4970405961664966,0.8166435394406755,0.001933893247955074,73.30682999252066,-83.23206890212862,0.05
SPOT,2026-03-11,0.271233,99,450.0,0.84864,530.260009765625,106.17156152005174,19.850007184744015,0.5168028193733354,0.786615007856579,0.002038334802371983,80.33789995232547,-92.08422589639628,0.05
SPOT,2026-03-11,0.271233,99,460.0,0.867499,530.260009765625,97.04625300380883,20.589997678063696,0.4889538786819362,0.7699760289085288,0.002248888575097819,83.86020405043506,-91.14982376454127,0.05
SPOT,2026-03-11,0.271233,99,470.0,0.886358,530.260009765625,89.9909563047911,23.399999988608556,0.4840059842807657,0.744863256266577,0.002403059978911083,88.70241072220232,-94.39225260494909,0.05
SPOT,2026-03-11,0.271233,99,480.0,0.905216,530.260009765625,85.43565764607348,28.710000339453586,0.503000715782947,0.7132438029074544,0.0024512087962667113,94.03055308261348,-101.82816738061523,0.05
SPOT,2026-03-11,0.271233,99,490.0,0.924075,530.260009765625,78.15035829991535,31.29000000285805,0.4893497404660394,0.6881005597727043,0.002617536821989775,97.68598122706368,-102.45706473210018,0.05
SPOT,2026-03-11,0.271233,99,500.0,0.942934,530.260009765625,73.99505666996708,36.99999738247237,0.5045766455863588,0.6578502335407272,0.0026358626776812784,101.4308365026236,-108.0881206444918,0.05
SPOT,2026-03-11,0.271233,99,520.0,0.980651,530.260009765625,61.41448455071259,44.15002328234311,0.48416659748094326,0.6015446153964719,0.0028865166433471377,106.5832530560809,-108.0067082921928,0.05
SPOT,2026-03-11,0.271233,99,540.0,1.018368,530.260009765625,50.8000000089107,53.26613675966644,0.47229946721038685,0.5414641011200553,0.0030421340678229995,109.57611193583952,-107.2186149440746,0.05
SPOT,2026-03-11,0.271233,99,560.0,1.056086,530.260009765625,42.000000002320974,64.19673477220186,0.4666478560199875,0.48116908759015126,0.003092264099894224,110.04895790289149,-105.32516678873189,0.05
SPOT,2026-03-11,0.271233,99,580.0,1.093803,530.260009765625,34.95001838904864,76.87735117805482,0.4668589721193126,0.42410071195873145,0.00303814296748947,108.17178528936708,-102.59190115956908,0.05
SPOT,2026-03-11,0.271233,99,590.0,1.112662,530.260009765625,33.10000000742838,84.89263180599715,0.47904738543350694,0.40175978691465414,0.0029236837535055334,106.81418957410597,-103.3236567120068,0.05
SPOT,2026-03-11,0.271233,99,600.0,1.13152,530.260009765625,28.709997264194044,90.36792807232541,0.46511421110171186,0.36956815214570726,0.002938404381630529,104.22964370567492,-97.73014005091996,0.05
SPOT,2026-03-11,0.271233,99,610.0,1.150379,530.260009765625,28.999981439510066,100.52321125720403,0.4940637252032735,0.35826902022955087,0.0027374088891451757,103.14370389920083,-101.98939542212199,0.05
SPOT,2026-03-11,0.271233,99,620.0,1.169238,530.260009765625,23.1899989683333,104.57852779558982,0.4611938983145859,0.3176092905739596,0.0027989648560362303,98.44668108680857,-90.9587407250963,0.05
SPOT,2026-03-11,0.271233,99,630.0,1.188096,530.260009765625,21.849976771140632,113.10380460795977,0.4706327726984422,0.29968972033426833,0.0026739285596288176,95.97365778863846,-90.11806003948116,0.05
SPOT,2026-03-11,0.271233,99,640.0,1.206955,530.260009765625,20.400000003479647,121.51912684986138,0.47744472839512103,0.28176348482029673,0.0025608208055342093,93.24431723104345,-88.51826316746092,0.05
SPOT,2026-03-11,0.271233,99,650.0,1.225814,530.260009765625,24.13000000021475,135.1144258561592,0.5384921854784712,0.2954884181311971,0.0023219553449620066,95.35716912295135,-101.2864613254522,0.05
SPOT,2026-03-11,0.271233,99,660.0,1.244672,530.260009765625,16.49999319758406,137.34971806309113,0.4750672853222881,0.24005825751464066,0.002369875774213273,85.86195783282649,-80.73373390415395,0.05
SPOT,2026-03-11,0.271233,99,670.0,1.263531,530.260009765625,20.280001482158497,150.9950253572281,0.5377297646254374,0.25888247921921925,0.002179434874686349,89.37746929834967,-94.44691192053502,0.05
SPOT,2026-03-11,0.271233,99,680.0,1.28239,530.260009765625,17.79999994534272,158.38032282997494,0.5283909391595112,0.23669653971722016,0.0021143225175943832,85.20138958243538,-88.37629014549076,0.05
SPOT,2026-03-11,0.271233,99,690.0,1.301248,530.260009765625,19.249999973616042,169.69562186781081,0.5637598258051246,0.24075735421897249,0.002000204842649282,85.998065058753,-94.79455224846409,0.05
SPOT,2026-03-11,0.271233,99,700.0,1.320107,530.260009765625,17.209993477790846,177.5209143815482,0.5573851269154082,0.2221879488892478,0.0019345184105968695,82.23341465927035,-89.52544036839448,0.05
SPOT,2026-03-11,0.271233,99,720.0,1.357824,530.260009765625,12.999998426480062,193.0415173493626,0.5366213054035878,0.18240394195198167,0.0017854376473390532,73.06891869013234,-76.46776054815531,0.05
SPOT,2026-03-11,0.271233,99,740.0,1.395542,530.260009765625,9.09000258416279,208.86211952617066,0.5090975638971463,0.14156893854534752,0.0015951541797728044,61.93323511214289,-61.422511039637406,0.05
SPOT,2026-03-11,0.271233,99,760.0,1.433259,530.260009765625,9.200006286830956,228.70272124796406,0.5390677170682641,0.13709998249946143,0.0014739485111184816,60.59624572501058,-63.39159898128422,0.05
SPOT,2026-03-11,0.271233,99,780.0,1.470976,530.260009765625,3.709999996801095,242.94331297705935,0.4541383567917057,0.07267954815563858,0.0011019119582905607,38.16411198328901,-33.691464477436405,0.05
SPOT,2026-03-11,0.271233,99,800.0,1.508694,530.260009765625,3.15000016654146,262.11391116592483,0.4613090704261767,0.06237194613469099,0.0009638331757730207,33.90891908409951,-30.332074292484275,0.05
SPOT,2026-03-11,0.271233,99,820.0,1.546411,530.260009765625,2.29999979832834,280.9945088168371,0.45489029501385275,0.048014232512983764,0.0007948431727776157,27.57453520409607,-24.28091443903019,0.05
SPOT,2026-03-11,0.271233,99,840.0,1.584129,530.260009765625,3.1299999671794794,301.5551070048134,0.5032472712816305,0.05792249407383746,0.0008337712135024414,31.999884189995374,-31.065597377825,0.05
SPOT,2026-03-11,0.271233,99,860.0,1.621846,530.260009765625,1.6000047172070389,319.75570977396615,0.46477207498357337,0.034325695598697976,0.0005924783160510587,21.000641819322283,-18.822939746989967,0.05
SPOT,2026-03-11,0.271233,99,880.0,1.659563,530.260009765625,0.2499999038859726,338.13630297977033,0.37580868316403665,0.007739129091670848,0.00020513525663840473,5.879321379546287,-4.265755767101598,0.05
SPOT,2026-03-11,0.271233,99,900.0,1.697281,530.260009765625,0.49999775740790664,358.1168988524174,0.42411043613961924,0.013098253902558582,0.00028768149515629707,9.304884092120389,-7.597016217406858,0.05
SPOT,2026-03-11,0.271233,99,920.0,1.734998,530.260009765625,0.49999904274114915,377.8474981568759,0.4392868873198577,0.012715941972253404,0.00027071810279413885,9.069547479962464,-7.656625944205564,0.05
SPOT,2026-03-11,0.271233,99,940.0,1.772715,530.260009765625,0.8999999901101514,397.97809712337005,0.4905277785562535,0.01968858976221515,0.0003526959109083904,13.194231876912614,-12.407963676854425,0.05
SPOT,2026-03-11,0.350685,128,270.0,0.509184,530.260009765625,266.8329941333987,1.8800019849942373,0.6406736954352293,0.9780426521966779,0.00026046116920347255,16.45412283643463,-27.61938757814601,0.05
SPOT,2026-03-11,0.350685,128,280.0,0.528043,530.260009765625,257.8968063154418,2.7700000047121307,0.6570132821682206,0.970005744929361,0.0003297510676359034,21.362654458896447,-32.83454324849119,0.05
SPOT,2026-03-11,0.350685,128,290.0,0.546902,530.260009765625,246.72062016380357,1.4199996907487957,0.5539400607411192,0.9801649183833723,0.00027640545479603045,15.097472247080473,-25.57502555759248,0.05
SPOT,2026-03-11,0.350685,128,300.0,0.56576,530.260009765625,239.0344307197737,3.559996084393731,0.6284866589334851,0.9611002540981134,0.0004268521093367867,26.452599172381635,-37.23369391939806,0.05
SPOT,2026-03-11,0.350685,128,310.0,0.584619,530.260009765625,229.60825316243415,3.960004364729002,0.6126163714398081,0.9563099422549108,0.000481140895144207,29.06402287241033,-39.26040566920578,0.05
SPOT,2026-03-11,0.350685,128,320.0,0.603478,530.260009765625,221.2020711980993,5.380008238069024,0.6263566902876117,0.9445697251784919,0.0005690782591688921,35.147025062645966,-45.37124127679836,0.05
SPOT,2026-03-11,0.350685,128,330.0,0.622336,530.260009765625,210.445876667795,4.449999545439539,0.5692449118832738,0.9481839156863562,0.0005936048384023225,33.31896066233665,-41.65919905801914,0.05
SPOT,2026-03-11,0.350685,128,340.0,0.641195,530.260009765625,200.41968924081567,4.249997956135019,0.5347556188761546,0.9470724563624224,0.0006426275105128698,33.88515887487265,-40.92430222839483,0.05
SPOT,2026-03-11,0.350685,128,350.0,0.660054,530.260009765625,191.3435010447228,4.999995597717032,0.527483024669315,0.9384956932363647,0.0007332467230254195,38.13761012682283,-43.99752035096443,0.05
SPOT,2026-03-11,0.350685,128,360.0,0.678912,530.260009765625,183.66732266449384,7.15000305516287,0.5493982139224967,0.9202683541108907,0.0008595557537585544,46.56462943358562,-51.69079258168597,0.05
SPOT,2026-03-11,0.350685,128,370.0,0.697771,530.260009765625,172.98113370963716,6.289999937981065,0.5019894861093493,0.9219306278380434,0.0009258382064971046,45.8273322279511,-48.593958541675136,0.05
SPOT,2026-03-11,0.350685,128,380.0,0.71663,530.260009765625,168.41494978409992,11.550001850118633,0.5707507982764461,0.8862237115848552,0.0010748039230581126,60.488195218274235,-64.29892597089182,0.05
SPOT,2026-03-11,0.350685,128,390.0,0.735488,530.260009765625,156.33876175749822,9.299999661191748,0.5025696749586978,0.8925121238636361,0.0011718749793166294,58.07275339021616,-57.45852437493542,0.05
SPOT,2026-03-11,0.350685,128,400.0,0.754347,530.260009765625,147.96257692003041,10.750000661398815,0.4969366359180407,0.8779231079087042,0.0012975149838733218,63.5782037261381,-60.92486263501199,0.05
SPOT,2026-03-11,0.350685,128,410.0,0.773206,530.260009765625,139.47639042108148,12.09000000012469,0.4873684285907001,0.8635162616893703,0.001429365907424437,68.69034029539513,-63.652183919143354,0.05
SPOT,2026-03-11,0.350685,128,420.0,0.792064,530.260009765625,131.2602044202241,13.69999983694214,0.479708011130508,0.8471673886645572,0.0015672205302880843,74.13135520756695,-66.60072359680962,0.05
SPOT,2026-03-11,0.350685,128,430.0,0.810923,530.260009765625,124.98401890432996,17.250000158722855,0.4940994229933169,0.8218669688848028,0.0016801701824890676,81.85825379555126,-73.20827218409009,0.05
SPOT,2026-03-11,0.350685,128,440.0,0.829782,530.260009765625,117.6078329082319,19.70000000029961,0.4909415444623448,0.8016377751999162,0.001807052417314275,87.47730423676204,-76.60537888965568,0.05
SPOT,2026-03-11,0.350685,128,450.0,0.84864,530.260009765625,109.43164287942744,21.349995809170025,0.4766842648829676,0.7836717480727969,0.0019590170738174677,92.07969955503026,-77.88764370532496,0.05
SPOT,2026-03-11,0.350685,128,460.0,0.867499,530.260009765625,102.87546121186296,24.61999997928035,0.47780825357711065,0.7598423979202652,0.0020727056137173215,97.65312083918236,-81.52812216762175,0.05
SPOT,2026-03-11,0.350685,128,470.0,0.886358,530.260009765625,94.44926296496118,26.019987570053388,0.4578394521371079,0.7405928918238407,0.0022535225198207663,101.73490216429217,-81.32327472849214,0.05
SPOT,2026-03-11,0.350685,128,480.0,0.905216,530.260009765625,108.32308894150083,49.71999938426791,0.6418896993309688,0.6908151266758541,0.001748291186397347,110.65448742443819,-114.16978326883579,0.05
SPOT,2026-03-11,0.350685,128,490.0,0.924075,530.260009765625,84.92688190300322,36.149978183445114,0.48114229383629353,0.6847895572583976,0.0023519148438395803,111.58093174700024,-90.45440946197198,0.05
SPOT,2026-03-11,0.350685,128,500.0,0.942934,530.260009765625,77.45071786350906,38.49999998162576,0.46431377885818076,0.66091129809579,0.0025105080715760453,114.93916824492814,-89.7410706545264,0.05
SPOT,2026-03-11,0.350685,128,510.0,0.961792,530.260009765625,70.97453207127711,41.85000002706869,0.45451808381651665,0.6347494337838924,0.0026341864846373456,118.05721677165005,-89.78658107292907,0.05
SPOT,2026-03-11,0.350685,128,520.0,0.980651,530.260009765625,59.928346232909234,40.630000026375626,0.40497008160999876,0.6081485273527417,0.003021189687463984,120.64123914908991,-82.7855254740697,0.05
SPOT,2026-03-11,0.350685,128,530.0,0.99951,530.260009765625,61.47216058842258,52.00000021956379,0.45737212007476946,0.580031313716786,0.0027216657667991726,122.74373511364904,-92.3474978630866,0.05
SPOT,2026-03-11,0.350685,128,540.0,1.018368,530.260009765625,58.25000000426701,58.604025473083084,0.46773138038597967,0.5541219757068943,0.002691193338767436,124.11842708908617,-94.5513595728409,0.05
SPOT,2026-03-11,0.350685,128,550.0,1.037227,530.260009765625,69.14000064546948,79.32021195196046,0.5890233980620555,0.5477139662028616,0.002141455321137186,124.37595280950259,-115.5177688312052,0.05
SPOT,2026-03-11,0.350685,128,560.0,1.056086,530.260009765625,49.249999998294214,69.25639714245995,0.46147556617941976,0.5004464341805483,0.002753047182427459,125.27292617721972,-93.23081313638671,0.05
SPOT,2026-03-11,0.350685,128,570.0,1.074944,530.260009765625,54.50000000880692,84.3325829906475,0.5332784467333069,0.493848456347838,0.0023820834526614835,125.25811154577555,-105.60695778394701,0.05
SPOT,2026-03-11,0.350685,128,580.0,1.093803,530.260009765625,44.85000000082434,84.50876882033981,0.48427845222079297,0.45695428053258696,0.0026081317856858927,124.5430605152995,-95.86661582899097,0.05
SPOT,2026-03-11,0.350685,128,590.0,1.112662,530.260009765625,45.39999975612932,94.88495441331952,0.5153516128131878,0.44442541499460714,0.002441279954684724,124.0555163835809,-100.66639818283961,0.05
SPOT,2026-03-11,0.350685,128,600.0,1.13152,530.260009765625,45.61998956044519,104.93113005531029,0.5425202581634788,0.4327458853670025,0.0023084275794172703,123.48865777255222,-104.7127476681268,0.05
SPOT,2026-03-11,0.350685,128,610.0,1.150379,530.260009765625,41.990000001380196,111.12732633392011,0.5371615250673022,0.4105115640759929,0.0023053889937021134,122.10795831679306,-102.30380519712382,0.05
SPOT,2026-03-11,0.350685,128,620.0,1.169238,530.260009765625,32.05999492999558,111.02350710021028,0.4773388196439833,0.3632625478167223,0.0025036469322945545,117.84053215646706,-88.2281768139213,0.05
SPOT,2026-03-11,0.350685,128,630.0,1.188096,530.260009765625,29.23999999116006,118.02969799904963,0.4745602319108098,0.34076187443733097,0.002460935936423986,115.15598274076599,-85.48935491766127,0.05
SPOT,2026-03-11,0.350685,128,640.0,1.206955,530.260009765625,20.990000000112587,119.605883845677,0.4205705953307382,0.2876295710492923,0.0025819497153988526,107.07338714710664,-70.78208754530938,0.05
SPOT,2026-03-11,0.350685,128,650.0,1.225814,530.260009765625,27.999998670138353,136.44206835337752,0.5037635323474884,0.31754917439457125,0.002253368059753438,111.93185877186369,-87.41497766724622,0.05
SPOT,2026-03-11,0.350685,128,660.0,1.244672,530.260009765625,14.339999826875754,132.60825534778985,0.39082509161334394,0.22536134847529138,0.0024460171876167776,94.26203229032004,-57.783740328229044,0.05
SPOT,2026-03-11,0.350685,128,670.0,1.263531,530.260009765625,20.000000445831603,148.0944418044205,0.46557430265634253,0.25883178081477964,0.002213541014865313,101.6181843790577,-73.31728052782343,0.05
SPOT,2026-03-11,0.350685,128,680.0,1.28239,530.260009765625,24.60000000962063,162.52062720588435,0.5271617052939717,0.2794469215754096,0.002031590970069499,105.60269076055467,-85.55178304313621,0.05
SPOT,2026-03-11,0.350685,128,690.0,1.301248,530.260009765625,16.749999420036758,164.49681245397528,0.46540911188492046,0.22542405707925495,0.0020543548946843153,94.27688162925287,-67.698627964715,0.05
SPOT,2026-03-11,0.350685,128,700.0,1.320107,530.260009765625,13.750000022595458,171.32299889420892,0.4477674333700538,0.19804475568802665,0.0019793751144233,87.39276208844474,-60.35640899626851,0.05
SPOT,2026-03-11,0.350685,128,710.0,1.338966,530.260009765625,16.31001322255844,183.7091979318467,0.4913414514461767,0.21259285146327733,0.0018814260167647732,91.15183287196078,-68.67697356051644,0.05
SPOT,2026-03-11,0.350685,128,720.0,1.357824,530.260009765625,15.250000017103574,192.47537056406668,0.49414915649370267,0.20071694437345267,0.0018081192726373471,88.10082795580566,-66.63042361745238,0.05
SPOT,2026-03-11,0.350685,128,730.0,1.376683,530.260009765625,14.230002793008452,201.2815591776464,0.49648972588306195,0.189256747141331,0.0017363985922063693,85.0069720863721,-64.48148759869818,0.05
SPOT,2026-03-11,0.350685,128,740.0,1.395542,530.260009765625,9.92000010279682,206.79774232510965,0.455527035573636,0.1501911859293889,0.0016313943923891032,73.27705028790488,-51.07813728163529,0.05
SPOT,2026-03-11,0.350685,128,750.0,1.4144,530.260009765625,11.829981089577672,218.53390914956526,0.49371951682464355,0.16362444330428094,0.0015924816176698766,77.52639316599743,-58.32029730442142,0.05
SPOT,2026-03-11,0.350685,128,760.0,1.433259,530.260009765625,5.625000210415607,222.155114108078,0.4132184915025915,0.10080685333068806,0.001360481333700231,55.432847929273464,-35.05021322455328,0.05
SPOT,2026-03-11,0.350685,128,770.0,1.452118,530.260009765625,10.600000650689225,236.95630038602656,0.5023302490865899,0.14771328920881233,0.0014630417021606913,72.46710176231696,-55.288206487241816,0.05
SPOT,2026-03-11,0.350685,128,780.0,1.470976,530.260009765625,9.499992747727461,245.6824783207395,0.49863377921338503,0.13567848092787,0.0013914256799423788,68.41267409433921,-51.75973475096995,0.05
SPOT,2026-03-11,0.350685,128,800.0,1.508694,530.260009765625,7.200000000329794,263.03485724869154,0.48506402724793063,0.10991103412284514,0.0012337903241002915,59.011313890155236,-43.366012444294974,0.05
SPOT,2026-03-11,0.350685,128,820.0,1.546411,530.260009765625,5.199999992344537,280.6872289160559,0.46888113614771637,0.08565164479338977,0.0010629397323239822,49.14351972419606,-34.86440287147625,0.05
SPOT,2026-03-11,0.350685,128,840.0,1.584129,530.260009765625,1.299997142141775,296.4395977412029,0.37657277031339,0.03054847680958638,0.0005841191395809306,21.689283542085423,-12.39013372107047,0.05
SPOT,2026-03-11,0.350685,128,860.0,1.621846,530.260009765625,1.069999994667448,315.86197226907825,0.3810766852002485,0.02545263017710759,0.0004958130384443276,18.630528645166457,-10.7438878480035,0.05
SPOT,2026-03-11,0.350685,128,880.0,1.659563,530.260009765625,2.369995213899017,336.8143391636595,0.45097785660573997,0.04479423654578505,0.0006668725234506438,29.65465653103456,-20.13694862765337,0.05
SPOT,2026-03-11,0.350685,128,900.0,1.697281,530.260009765625,1.3600000000622412,355.45671562517236,0.426317144143628,0.028728893039240644,0.0004903242385040559,20.61156729605331,-13.222120970337494,0.05
SPOT,2026-03-11,0.446575,163,270.0,0.509184,530.260009765625,269.42196760092224,3.200000000350542,0.6319930557631789,0.9687095156927218,0.0003146121858355127,24.96665369574335,-29.87869132575139,0.05
SPOT,2026-03-11,0.446575,163,280.0,0.528043,530.260009765625,261.3727760800328,4.929995226314929,0.6622718322876059,0.9567923708767416,0.00039087960969900885,32.50512129204652,-36.40136704511234,0.05
SPOT,2026-03-11,0.446575,163,290.0,0.546902,530.260009765625,250.9235912433092,4.259997136445179,0.6116243393149832,0.9586738554689506,0.000408272600275444,31.355049112415635,-34.34289417068798,0.05
SPOT,2026-03-11,0.446575,163,300.0,0.56576,530.260009765625,241.93440716484406,5.049999804833874,0.6065223309397699,0.9518470652164661,0.0004656586298437323,35.46393662646431,-37.22251352467529,0.05
SPOT,2026-03-11,0.446575,163,310.0,0.584619,530.260009765625,234.41522773864148,7.310007125485072,0.6342056667532247,0.9371361467631324,0.0005497267471614925,43.77735088126628,-44.210815194770525,0.05
SPOT,2026-03-11,0.446575,163,320.0,0.603478,530.260009765625,225.47603433200283,8.15000046570026,0.6227561126910305,0.9299352922414036,0.000608873007474395,47.61208621511316,-46.579462621888354,0.05
SPOT,2026-03-11,0.446575,163,330.0,0.622336,530.260009765625,225.74684612571332,18.19999900626459,0.7646681384934358,0.8901503051371149,0.0006932735414696331,66.56563993748188,-69.30317559850677,0.05
SPOT,2026-03-11,0.446575,163,340.0,0.641195,530.260009765625,210.66766246763115,12.900002095036257,0.649050062592432,0.9019918185030988,0.0007519116917456192,61.27982620472666,-57.91300182233087,0.05
SPOT,2026-03-11,0.446575,163,350.0,0.660054,530.260009765625,199.3484736066327,11.359999980891587,0.5934786661449312,0.903557257414481,0.0008126596925269032,60.56006356857961,-54.2293989099447,0.05
SPOT,2026-03-11,0.446575,163,360.0,0.678912,530.260009765625,197.85930129862612,19.650014419738852,0.6838583969218576,0.8696561308485485,0.0008745697209154164,75.09881981006468,-70.66511750414003,0.05
SPOT,2026-03-11,0.446575,163,370.0,0.697771,530.260009765625,178.93010008859682,10.499999956563386,0.5224584434977817,0.8978225197681127,0.0009629495569701973,63.17245880030535,-51.81089746286767,0.05
SPOT,2026-03-11,0.446575,163,380.0,0.71663,530.260009765625,176.65089386222826,17.999980477048666,0.5988158397120056,0.8618185228098258,0.0010396452751141616,78.17195164970634,-66.42749453952436,0.05
SPOT,2026-03-11,0.446575,163,390.0,0.735488,530.260009765625,175.57172663839378,26.70000000006803,0.6703641424772008,0.8313780001809938,0.0010597330454118062,89.20305823274279,-80.2160826985486,0.05
SPOT,2026-03-11,0.446575,163,400.0,0.754347,530.260009765625,155.34252297581025,16.249983084338282,0.5173040613320632,0.8538078145594112,0.0012502486575068563,81.21098458987977,-61.906481579107236,0.05
SPOT,2026-03-11,0.446575,163,410.0,0.773206,530.260009765625,146.21335550545103,16.9000023608329,0.49636174422650803,0.8434158781109569,0.0013638885077054913,85.00601608716909,-62.29226892147324,0.05
SPOT,2026-03-11,0.446575,163,420.0,0.792064,530.260009765625,139.08416640871775,19.550000010953454,0.497431960966048,0.8250152677696561,0.0014623363778967946,91.33841287171688,-65.7895007927351,0.05
SPOT,2026-03-11,0.446575,163,430.0,0.810923,530.260009765625,137.96497953080882,28.209999879898362,0.5562777982624643,0.7909502935074842,0.0014581735791257273,101.85291030823689,-77.50889486322401,0.05
SPOT,2026-03-11,0.446575,163,440.0,0.829782,530.260009765625,124.44579236125549,24.469999457198867,0.4886650222768653,0.7890268902022888,0.0016688867444618813,102.40251199026402,-70.72414978096948,0.05
SPOT,2026-03-11,0.446575,163,450.0,0.84864,530.260009765625,117.14660615060353,26.949999993400695,0.4817943196398575,0.7703737173677574,0.0017769581235843894,107.50071664659677,-72.55694623690461,0.05
SPOT,2026-03-11,0.446575,163,460.0,0.867499,530.260009765625,113.0374188300674,32.6199994197184,0.5015747687924387,0.7448199650881037,0.0018073488591364764,113.82827694218066,-78.01912387619204,0.05
SPOT,2026-03-11,0.446575,163,470.0,0.886358,530.260009765625,107.29823266539933,36.660000001904166,0.5038466697698456,0.7233928889316559,0.0018742544174151483,118.5767182062722,-80.70623527950312,0.05
SPOT,2026-03-11,0.446575,163,480.0,0.905216,530.260009765625,95.2090459169616,34.35000000032028,0.45199223037515507,0.710427625660176,0.0021357192529279224,121.2125598629222,-75.41654016226173,0.05
SPOT,2026-03-11,0.446575,163,490.0,0.924075,530.260009765625,95.90985918879045,44.83000001900291,0.5030067392690425,0.6806099113278872,0.0020047192714637272,126.61928592232567,-84.55927028699551,0.05
SPOT,2026-03-11,0.446575,163,500.0,0.942934,530.260009765625,81.30067249262913,40.00000006969543,0.43112304357424913,0.6647663012226661,0.0023853757420519233,129.13100345854053,-75.89133650089659,0.05
SPOT,2026-03-11,0.446575,163,510.0,0.961792,530.260009765625,84.67148570444328,53.15000002836342,0.4963300506598201,0.6370606747367646,0.0021330912915697425,132.93902959483592,-86.53195950531445,0.05
SPOT,2026-03-11,0.446575,163,520.0,0.980651,530.260009765625,78.09229951047834,56.350000581252345,0.48355875738850906,0.6145258840899708,0.0022316150573927058,135.50054028018164,-85.7493610170991,0.05
SPOT,2026-03-11,0.446575,163,530.0,0.99951,530.260009765625,70.26311317419788,58.30000099182564,0.4604633450559372,0.5901820840372025,0.002382260491623286,137.73896120633378,-83.14558802073174,0.05
SPOT,2026-03-11,0.446575,163,540.0,1.018368,530.260009765625,81.13000006012521,78.94607462460681,0.5707505551507194,0.5798564715864525,0.001932896093905572,138.52473943354516,-99.83877250589565,0.05
SPOT,2026-03-11,0.446575,163,550.0,1.037227,530.260009765625,76.00000067230124,83.59526198363665,0.5633744501002996,0.5598011214298444,0.0019758797978174235,139.7752117750283,-99.20829823435574,0.05
SPOT,2026-03-11,0.446575,163,560.0,1.056086,530.260009765625,63.10000163767285,80.47444969586212,0.4996404340478723,0.528056603681004,0.002247710988282362,141.01669651087346,-89.73199024748536,0.05
SPOT,2026-03-11,0.446575,163,570.0,1.074944,530.260009765625,54.04999994700813,81.20363475205124,0.46231513361311755,0.4971389474724196,0.0024351434053444523,141.3628013276304,-83.65075028259278,0.05
SPOT,2026-03-11,0.446575,163,580.0,1.093803,530.260009765625,55.26000023591476,92.19282178781168,0.4961887551009974,0.48513540097293256,0.002267385136635996,141.2682951733802,-88.58082125777453,0.05
SPOT,2026-03-11,0.446575,163,590.0,1.112662,530.260009765625,49.630000236168456,96.34200853491927,0.48026314363894873,0.45914548545246653,0.002331896632206003,140.62451751936646,-85.308149905746,0.05
SPOT,2026-03-11,0.446575,163,600.0,1.13152,530.260009765625,46.080000000324446,102.57119504592907,0.4777026564671817,0.4374249961147377,0.0023277132807213684,139.6238572732972,-83.97142750016693,0.05
SPOT,2026-03-11,0.446575,163,610.0,1.150379,530.260009765625,42.82998814672348,109.10036993918186,0.47595371686748544,0.4163580151044908,0.0023132435764452223,138.24791128016216,-82.56874022582852,0.05
SPOT,2026-03-11,0.446575,163,620.0,1.169238,530.260009765625,44.65001236546547,120.69958090477769,0.5098372261829704,0.4117610174642878,0.0021539820813063623,137.89423813619482,-87.3986905905292,0.05
SPOT,2026-03-11,0.446575,163,630.0,1.188096,530.260009765625,41.350000012667124,127.17875529883315,0.5056070093022659,0.39162844364730576,0.002144024513864776,136.11792608774806,-85.3712506243849,0.05
SPOT,2026-03-11,0.446575,163,640.0,1.206955,530.260009765625,15.650000079764013,111.2579421127839,0.32207107844815214,0.25379312126389236,0.002806634119012609,113.50369998300857,-46.87587100107382,0.05
SPOT,2026-03-11,0.446575,163,650.0,1.225814,530.260009765625,23.44999304271954,128.83712182259325,0.40458050275707536,0.29622096265617903,0.0024112709239989187,122.49643508069713,-62.16979365816022,0.05
SPOT,2026-03-11,0.446575,163,660.0,1.244672,530.260009765625,30.04999981342067,145.21631534014818,0.4742154704829103,0.32212834206549984,0.0021340194640377726,127.07104022556959,-74.50604715361146,0.05
SPOT,2026-03-11,0.446575,163,680.0,1.28239,530.260009765625,27.949983135117066,162.6746721555523,0.48977744949229335,0.2987290787820815,0.001999513096752339,122.96896828840626,-73.95525442317916,0.05
SPOT,2026-03-11,0.446575,163,700.0,1.320107,530.260009765625,24.700000026839604,178.98306254098236,0.49278527045715353,0.2706470064991021,0.001895781678141702,117.30554206875195,-70.66260223615316,0.05
SPOT,2026-03-11,0.446575,163,720.0,1.357824,530.260009765625,21.600010213043404,195.44144622089385,0.49355067317984774,0.2435867480472506,0.001791890391471683,111.04926289371173,-66.74349124613711,0.05
SPOT,2026-03-11,0.446575,163,740.0,1.395542,530.260009765625,19.89999934329707,213.2998088448552,0.5039944780836842,0.2251673152168004,0.0016800239920065137,106.31970255718488,-64.96982495982607,0.05
SPOT,2026-03-11,0.446575,163,760.0,1.433259,530.260009765625,17.600000002797188,230.558182998063,0.5062236877616763,0.2035864025784891,0.0015774019859012781,100.26684218439264,-61.347347350777234,0.05
SPOT,2026-03-11,0.523288,191,270.0,0.509184,530.260009765625,270.5327730426771,3.2999965640475466,0.5903267535632186,0.96822536705441,0.0003151260847267813,27.371277847550047,-27.582845378672417,0.05
SPOT,2026-03-11,0.523288,191,280.0,0.528043,530.260009765625,261.9910270464755,4.499999948845812,0.6022889385989552,0.9593834204823852,0.0003776647676345635,33.46798859212068,-31.596924031488417,0.05
SPOT,2026-03-11,0.523288,191,290.0,0.546902,530.260009765625,254.34927749462625,6.599999777996345,0.6297098960181338,0.9463032155780176,0.0004518864561050797,41.868567011193164,-37.56361093397186,0.05
SPOT,2026-03-11,0.523288,191,300.0,0.56576,530.260009765625,246.5575285751766,8.550000239546591,0.6435616224302143,0.9347912034039763,0.0005149092248867162,48.75723445535463,-42.4381122941703,0.05
SPOT,2026-03-11,0.523288,191,310.0,0.584619,530.260009765625,232.61577292001732,4.349993965387114,0.5189322572798812,0.9542335215465654,0.0004827003572707647,36.85585933198165,-31.943355991237556,0.05
SPOT,2026-03-11,0.523288,191,320.0,0.603478,530.260009765625,226.4740318349016,7.9500022612712655,0.5747533782024239,0.9313001034689757,0.0006002884907224048,50.76446377398822,-41.24645057971456,0.05
SPOT,2026-03-11,0.523288,191,330.0,0.622336,530.260009765625,218.28228019295273,9.500000000322188,0.5761565373607256,0.9205984749249337,0.0006688761017108647,56.70278982058936,-44.70951042918469,0.05
SPOT,2026-03-11,0.523288,191,340.0,0.641195,530.260009765625,208.97052306178915,9.929992250158477,0.5562011569750389,0.9147771952945296,0.000730794233781881,59.80606846005226,-45.58882236597649,0.05
SPOT,2026-03-11,0.523288,191,350.0,0.660054,530.260009765625,198.39878143090579,9.100000000274918,0.5158150560284245,0.9146649518073724,0.0007887897070254591,59.865071165093916,-43.83566836947479,0.05
SPOT,2026-03-11,0.523288,191,360.0,0.678912,530.260009765625,190.79704796703322,11.240015917402161,0.5232329307162253,0.8999963478282773,0.0008744407314781391,67.31993717254903,-47.978198667052794,0.05
SPOT,2026-03-11,0.523288,191,370.0,0.697771,530.260009765625,182.91528267080753,13.10000000217633,0.5229441023028399,0.8867840186908466,0.0009569294809345755,73.629772340589,-51.156256033568425,0.05
SPOT,2026-03-11,0.523288,191,380.0,0.71663,530.260009765625,174.57353021046697,14.499996922835578,0.5144331564727654,0.8752865563507433,0.0010415348620453015,78.83535308342542,-53.228489128448295,0.05
SPOT,2026-03-11,0.523288,191,390.0,0.735488,530.260009765625,167.131799457544,16.800015550912462,0.5153222609491115,0.8600884858493003,0.0011255248596462146,85.33992347668453,-56.46738214010323,0.05
SPOT,2026-03-11,0.523288,191,400.0,0.754347,530.260009765625,158.09003610885298,17.500001583221263,0.4961160579165046,0.8503292258130764,0.0012234124013758183,89.30472067619867,-56.97407235005272,0.05
SPOT,2026-03-11,0.523288,191,410.0,0.773206,530.260009765625,150.64828516106735,19.80000001643549,0.49371036214361724,0.834479658234303,0.0013134486143372647,95.4121281585315,-59.60176330279457,0.05
SPOT,2026-03-11,0.523288,191,420.0,0.792064,530.260009765625,143.4065529097498,22.30001714611774,0.49140501325378894,0.8178279943112504,0.0014025831652649267,101.41132532030484,-62.12903507653162,0.05
SPOT,2026-03-11,0.523288,191,430.0,0.810923,530.260009765625,144.10476481180643,32.73997842917424,0.5594819313212177,0.7837297527417628,0.0013661671925817027,112.4626133037042,-73.69444885086375,0.05
SPOT,2026-03-11,0.523288,191,440.0,0.829782,530.260009765625,131.37306298468872,29.750025983056332,0.5031760135895409,0.7783129487091676,0.001540811514145054,114.074270205619,-68.9117697890054,0.05
SPOT,2026-03-11,0.523288,191,450.0,0.84864,530.260009765625,124.98128671615649,33.09999909552397,0.5022565329009278,0.7597169161768089,0.0016146470615312526,119.3222556702167,-71.15663416059424,0.05
SPOT,2026-03-11,0.523288,191,460.0,0.867499,530.260009765625,118.13953824864467,36.000000009011956,0.4959823637064965,0.7416656823024234,0.0016992841398528176,124.0082251359784,-72.52552507471465,0.05
SPOT,2026-03-11,0.523288,191,470.0,0.886358,530.260009765625,109.59778885873789,37.20000000010498,0.4751475356149189,0.7253978670419624,0.0018294563507857764,127.89948240082533,-71.81923433043066,0.05
SPOT,2026-03-11,0.523288,191,480.0,0.905216,530.260009765625,102.55603944413718,39.89999996650414,0.4652764744973797,0.7060534402473059,0.0019300799278886567,132.13097574197164,-72.3333210251054,0.05
SPOT,2026-03-11,0.523288,191,490.0,0.924075,530.260009765625,99.41429090793713,46.50000081130389,0.48288831995461257,0.6828231299055673,0.0019234677375073183,136.66265726010184,-76.18892399710289,0.05
SPOT,2026-03-11,0.523288,191,500.0,0.942934,530.260009765625,103.17254057293866,59.99999985730528,0.5470243593399456,0.6600010876262946,0.0017462297615616024,140.5485293601916,-85.80193571294961,0.05
SPOT,2026-03-11,0.523288,191,520.0,0.980651,530.260009765625,82.8390435795078,59.1500016258741,0.4726715706634601,0.6196746231411898,0.0021005876074255345,146.0893425919032,-78.26675324552659,0.05
SPOT,2026-03-11,0.523288,191,540.0,1.018368,530.260009765625,86.05000000064982,81.8444568090157,0.5543453750169133,0.5872045118927575,0.001831159531837876,149.35675324077874,-90.37667462593922,0.05
SPOT,2026-03-11,0.523288,191,550.0,1.037227,530.260009765625,79.47000017655623,85.00620636592203,0.5378011621800878,0.566638055990064,0.0019068365692498004,150.88756929044925,-88.58600854074017,0.05
SPOT,2026-03-11,0.523288,191,560.0,1.056086,530.260009765625,64.30000277047958,79.57795834084521,0.46396013790282475,0.5331448368916318,0.002233921634945061,152.49895116856032,-78.52499054666322,0.05
SPOT,2026-03-11,0.523288,191,580.0,1.093803,530.260009765625,57.649999890787456,92.4114542231527,0.4689151746469351,0.4929841686996619,0.002217632039978175,153.00373359431936,-78.74088728029422,0.05
SPOT,2026-03-11,0.523288,191,590.0,1.112662,530.260009765625,55.260001360040064,99.76320507340517,0.4756702239672413,0.4752156910425551,0.002182256562337276,152.7319962632164,-79.2533386690333,0.05
SPOT,2026-03-11,0.523288,191,600.0,1.13152,530.260009765625,51.42000127078026,105.66495436514526,0.4717724628652787,0.4543184259380955,0.00219007328249528,152.02306650746732,-78.00290014009961,0.05
SPOT,2026-03-11,0.523288,191,610.0,1.150379,530.260009765625,47.73000009678461,111.7167025721493,0.46768960586294017,0.43345556379359285,0.0021927788018212065,150.8935916365489,-76.53646151182943,0.05
SPOT,2026-03-11,0.523288,191,620.0,1.169238,530.260009765625,44.14999809824076,117.87844995460534,0.46316390595990586,0.41252957363123627,0.0021913232133719397,149.33424166482789,-74.81804921730915,0.05
SPOT,2026-03-11,0.523288,191,630.0,1.188096,530.260009765625,49.76999908034156,133.240200317706,0.5193036709275624,0.4202225921758909,0.0019625840677677817,149.95740462130112,-83.06072101672596,0.05
SPOT,2026-03-11,0.523288,191,640.0,1.206955,530.260009765625,21.599998838050197,114.81194945641448,0.3401752666319326,0.2963146524874787,0.002649648898945625,132.620089800374,-49.88257058192235,0.05
SPOT,2026-03-11,0.523288,191,650.0,1.225814,530.260009765625,34.99999588924055,137.9536958886046,0.45342305686678447,0.353095294072572,0.0021364275011491528,142.53122378994573,-69.36249094706913,0.05
SPOT,2026-03-11,0.523288,191,660.0,1.244672,530.260009765625,33.15002641295493,145.84547579331888,0.45643717025748565,0.33777091908193557,0.002087509182566816,140.193427135805,-68.43961052361747,0.05
SPOT,2026-03-11,0.523288,191,670.0,1.263531,530.260009765625,29.999999820383664,152.43719858174745,0.4491020920748561,0.3166710024241749,0.0020667726873318014,136.5702314970127,-65.50035260890463,0.05
SPOT,2026-03-11,0.523288,191,680.0,1.28239,530.260009765625,20.25000005348717,152.4289481958508,0.38897757275948286,0.25775930552635246,0.002164241765983267,123.86499504555903,-51.85801020783189,0.05
SPOT,2026-03-11,0.523288,191,690.0,1.301248,530.260009765625,27.899984404807213,169.82068192817064,0.4625662851284877,0.2940990883581537,0.001941853965696605,132.1626674363957,-64.81582138725567,0.05
SPOT,2026-03-11,0.523288,191,700.0,1.320107,530.260009765625,24.350000006795383,176.01244691115863,0.4488847198756452,0.2701659135326173,0.001920888535654549,126.8689193157322,-60.36052561331988,0.05
SPOT,2026-03-11,0.523288,191,720.0,1.357824,530.260009765625,21.3000035256142,192.4459491919771,0.4500096025251676,0.24305591196902987,0.0018133701843547842,120.06778684348124,-57.00624818782574,0.05
SPOT,2026-03-11,0.523288,191,740.0,1.395542,530.260009765625,22.0500141907269,212.67945861908947,0.4806104077324982,0.2389960060879247,0.0016824296626107528,118.97298054397166,-59.869008975370875,0.05
SPOT,2026-03-11,0.523288,191,760.0,1.433259,530.260009765625,21.179999795211202,231.2929429855734,0.496342967639109,0.2265911207033126,0.0015815559068543018,115.50071568780623,-59.725333844291434,0.05
SPOT,2026-03-11,0.523288,191,780.0,1.470976,530.260009765625,19.99998476634721,249.59642671870915,0.5079079079064924,0.21317071530835802,0.0014923198473221204,111.52317971424856,-58.77451668337514,0.05
SPOT,2026-03-11,0.523288,191,800.0,1.508694,530.260009765625,12.400000001034414,261.47994071539597,0.45383670290477796,0.1565342466465081,0.0013777283229686,91.99865027734226,-43.424467168842774,0.05
SPOT,2026-03-11,0.523288,191,820.0,1.546411,530.260009765625,6.010007776198158,274.5734472525594,0.390937875723895,0.0955064638702317,0.0011315337846497188,65.08689111655113,-26.544227447924946,0.05
SPOT,2026-03-11,0.523288,191,840.0,1.584129,530.260009765625,3.75999991768316,291.8069381560441,0.36774633673607304,0.06707439382736806,0.000921005469105766,49.834352305171315,-19.10117114696227,0.05
SPOT,2026-03-11,0.523288,191,860.0,1.621846,530.260009765625,5.089997521480953,312.6204345218416,0.4078047575959992,0.08030719072757858,0.0009531451578964341,57.191249868022865,-24.15962000671044,0.05
SPOT,2026-03-11,0.523288,191,880.0,1.659563,530.260009765625,4.0499976369092465,331.06393339926944,0.40309913422242566,0.0665937002190895,0.00083556838936909,49.557811657669355,-20.650793964383535,0.05
SPOT,2026-03-11,0.523288,191,900.0,1.697281,530.260009765625,2.499999642294096,348.9974341666541,0.38091576920969195,0.045785046827166755,0.0006578106845083177,36.86787692454558,-14.507479692822717,0.05
SPOT,2026-03-11,0.523288,191,920.0,1.734998,530.260009765625,3.8299999741779835,369.8109332605376,0.42618917469658535,0.06078378013282716,0.000736113602402561,46.15996927625346,-20.217444978975685,0.05
SPOT,2026-03-11,0.523288,191,940.0,1.772715,530.260009765625,6.450007579916715,391.9144396282759,0.4890343682782605,0.08573127297314043,0.0008348769151058995,60.07310610716567,-30.020916793006194,0.05
SPOT,2026-03-11,0.772603,282,270.0,0.509184,530.260009765625,276.89124823855,6.399991030312833,0.5717502213019773,0.952656027241134,0.0003704975485718194,46.01778121595399,-28.44050687232366,0.05
SPOT,2026-03-11,0.772603,282,280.0,0.528043,530.260009765625,267.0701922988417,6.200000000137379,0.5426309420916159,0.9513735923568852,0.0003988208384589127,47.01282964655182,-28.37978878876789,0.05
SPOT,2026-03-11,0.772603,282,290.0,0.546902,530.260009765625,259.3991313644458,8.15000397527433,0.5562109415693888,0.9403651821107071,0.0004573113609699432,55.25677235145668,-31.85213001185951,0.05
SPOT,2026-03-11,0.772603,282,300.0,0.56576,530.260009765625,249.32805423200372,7.699991752365179,0.5238432634420704,0.9395667851223688,0.0004906513267782085,55.83523337499255,-31.373148350492734,0.05
SPOT,2026-03-11,0.772603,282,310.0,0.584619,530.260009765625,244.20700275709893,12.20000518699328,0.5706396638180389,0.9189458184111426,0.0005645184833524329,69.98002866804222,-37.99707163141302,0.05
SPOT,2026-03-11,0.772603,282,320.0,0.603478,530.260009765625,233.1359324156313,10.749999755058468,0.5250768875031765,0.9205454796025639,0.00060433077291589,68.93370264035235,-36.17401499405167,0.05
SPOT,2026-03-11,0.772603,282,330.0,0.622336,530.260009765625,229.16486738868898,16.399999637649103,0.5743125332235512,0.8976801636859607,0.0006666778793879051,83.17605806377875,-43.2563204024288,0.05
SPOT,2026-03-11,0.772603,282,340.0,0.641195,530.260009765625,219.99380279954383,16.84999995803679,0.5541403770575248,0.8916357992400938,0.0007202407432877973,86.70247121824626,-43.733422463755865,0.05
SPOT,2026-03-11,0.772603,282,350.0,0.660054,530.260009765625,213.1227385540867,19.60000062211259,0.5592352923405026,0.8789003532299422,0.0007724065161869768,93.83708212980271,-46.60733285899443,0.05
SPOT,2026-03-11,0.772603,282,360.0,0.678912,530.260009765625,207.40167302408165,23.500000001640387,0.5732552200769508,0.8637163530280939,0.0008178945915731885,101.85429552354488,-50.31651657238819,0.05
SPOT,2026-03-11,0.772603,282,370.0,0.697771,530.260009765625,200.33059207062266,26.049983957714232,0.5714099925967158,0.8518813373792413,0.0008681113038997696,107.75991422664363,-52.41852926270501,0.05
SPOT,2026-03-11,0.772603,282,380.0,0.71663,530.260009765625,186.65954320477732,22.000000001401816,0.5082708879244672,0.8544369432022603,0.0009646229153384691,106.50912208895575,-48.35520002165609,0.05
SPOT,2026-03-11,0.772603,282,390.0,0.735488,530.260009765625,178.18849790350816,23.15001960966555,0.4944165965339897,0.8444976103002354,0.0010362612191918035,111.30028618469841,-49.0932914948377,0.05
SPOT,2026-03-11,0.772603,282,400.0,0.754347,530.260009765625,172.81741317353186,27.399999789222136,0.5066124410972567,0.8270219935177923,0.0010836509217029779,119.2612207065014,-52.387053619707565,0.05
SPOT,2026-03-11,0.772603,282,410.0,0.773206,530.260009765625,172.2963478395822,36.499999364805376,0.5538609288483582,0.802643404960206,0.0010758376023864455,129.44385671951804,-59.06331222593185,0.05
SPOT,2026-03-11,0.772603,282,420.0,0.792064,530.260009765625,156.44526875082647,30.26998518558247,0.4799937436053783,0.8037352155491315,0.0012372371607348187,129.00974807937922,-53.56201492849553,0.05
SPOT,2026-03-11,0.772603,282,430.0,0.810923,530.260009765625,149.93421832715597,33.379999671444864,0.4786075802025209,0.7882493169743521,0.001298265829322565,134.982415032019,-55.211215533857,0.05
SPOT,2026-03-11,0.772603,282,440.0,0.829782,530.260009765625,143.49315374706407,36.56000000088585,0.4764323088129471,0.7725292271332442,0.0013589583866102635,140.6505251646152,-56.67410489482584,0.05
SPOT,2026-03-11,0.772603,282,450.0,0.84864,530.260009765625,145.5620971995532,48.25000836290786,0.5307717335938967,0.7478865004730069,0.0012902724270130676,148.77268384020635,-63.653415947115,0.05
SPOT,2026-03-11,0.772603,282,460.0,0.867499,530.260009765625,154.89104046994038,67.20001654282794,0.6267888201197095,0.7269400672835254,0.0011381826767484695,154.97698498155412,-74.39283900597857,0.05
SPOT,2026-03-11,0.772603,282,470.0,0.886358,530.260009765625,139.2199873900895,61.15002837250995,0.5590151781384981,0.7155968695271208,0.0013017130016829772,158.0785113014976,-69.20031725615307,0.05
SPOT,2026-03-11,0.772603,282,480.0,0.905216,530.260009765625,119.05893067077966,50.610036562732944,0.4652141346534534,0.7062470375024629,0.0015881563701227533,160.5018923531015,-61.09399494014076,0.05
SPOT,2026-03-11,0.772603,282,490.0,0.924075,530.260009765625,118.28784032093665,59.46001112242283,0.4922225628672688,0.6872675345771478,0.0015436321975853117,165.0590498572425,-64.88641051162514,0.05
SPOT,2026-03-11,0.772603,282,500.0,0.942934,530.260009765625,108.01676529841262,58.81000100943169,0.4605708227246282,0.6711112523570604,0.00168474759775035,168.5641684443501,-62.635321001375026,0.05
SPOT,2026-03-11,0.772603,282,520.0,0.980651,530.260009765625,100.09465790568481,70.13002343576966,0.4698091019937653,0.6358308877113156,0.001715237893816696,175.05712192019666,-65.07796605868248,0.05
SPOT,2026-03-11,0.772603,282,540.0,1.018368,530.260009765625,95.55000366341389,84.82749901256454,0.49329408833925587,0.6040759731175136,0.00167576455278904,179.57790692603916,-68.56713014109114,0.05
SPOT,2026-03-11,0.772603,282,550.0,1.037227,530.260009765625,89.80000331017291,88.69856356885634,0.48410601702671235,0.5861474918723054,0.001726697974933488,181.58955112059442,-67.9417288018391,0.05
SPOT,2026-03-11,0.772603,282,560.0,1.056086,530.260009765625,104.40000253814219,112.9196277063586,0.5858560836231332,0.5896033625410986,0.0014239985363312193,181.23183250863946,-79.12519780316251,0.05
SPOT,2026-03-11,0.772603,282,580.0,1.093803,530.260009765625,73.40002302708385,101.16177801436595,0.45686677275632326,0.5293803830228955,0.0018684161883841472,185.4373404072916,-65.19322384414068,0.05
SPOT,2026-03-11,0.772603,282,590.0,1.112662,530.260009765625,70.85001144711538,108.2328313439304,0.4619626714349402,0.5140617804288995,0.0018516815075565497,185.82629511848944,-65.64241589767505,0.05
SPOT,2026-03-11,0.772603,282,600.0,1.13152,530.260009765625,65.59999537244869,112.60388017879654,0.45171835359912577,0.49386368670480413,0.0018946280078291843,185.9198175365923,-64.16476365675044,0.05
SPOT,2026-03-11,0.772603,282,610.0,1.150379,530.260009765625,63.200008612398534,119.82495832827931,0.45601719291671283,0.47897987148359655,0.0018743834846726684,185.68364838730253,-64.33768902147024,0.05
SPOT,2026-03-11,0.772603,282,620.0,1.169238,530.260009765625,73.9999925071802,140.24600713259383,0.5306742202400149,0.4923598481220001,0.0016126325702129822,185.9077146825632,-73.20074135857016,0.05
SPOT,2026-03-11,0.772603,282,630.0,1.188096,530.260009765625,70.10001704819157,145.9670965831382,0.5256060475896721,0.47669660329997887,0.001625702032367254,185.6245000825301,-72.27435914674476,0.05
SPOT,2026-03-11,0.772603,282,640.0,1.206955,530.260009765625,54.180033451697,139.66817789617642,0.45463949125465347,0.4308445903397621,0.0018543196479886368,183.14107197996506,-62.59883006992965,0.05
SPOT,2026-03-11,0.772603,282,650.0,1.225814,530.260009765625,58.21003394744321,153.31924330145546,0.49127288158418064,0.43402428296254747,0.0017184093785552973,183.39328115840306,-66.90368712966401,0.05
SPOT,2026-03-11,0.772603,282,660.0,1.244672,530.260009765625,39.84996483276575,144.58023909631095,0.4034059299542488,0.3703123278974684,0.0020086586884003935,176.02826984785335,-53.781194607370864,0.05
SPOT,2026-03-11,0.772603,282,670.0,1.263531,530.260009765625,23.199999676948124,137.55133885002613,0.31753333282245716,0.28770111027929657,0.0023042459661370357,158.94693306081794,-39.13075680303929,0.05
SPOT,2026-03-11,0.772603,282,680.0,1.28239,530.260009765625,24.79999962473906,148.77240370735,0.33959450696300025,0.28958503419382026,0.002161188449529011,159.43633016388043,-41.47757527441558,0.05
SPOT,2026-03-11,0.772603,282,690.0,1.301248,530.260009765625,20.300000000558413,153.8934689927022,0.3221037790774125,0.2571786961350567,0.0021484134834843945,150.3307016149621,-37.14056788919309,0.05
SPOT,2026-03-11,0.772603,282,700.0,1.320107,530.260009765625,38.49999741886106,181.71453132053784,0.446098513945957,0.3395553369709062,0.0017613764100480151,170.69348561530413,-56.356585287464384,0.05
SPOT,2026-03-11,0.772603,282,720.0,1.357824,530.260009765625,42.499996980874755,204.95666070161718,0.49264803571069943,0.34433446933040246,0.0016034212887884405,171.60043949384163,-61.71461687210989,0.05
SPOT,2026-03-11,0.772603,282,740.0,1.395542,530.260009765625,36.34999991029423,218.04879345010244,0.4780133426450588,0.3116427152559238,0.0015871225020612902,164.81034291812045,-57.42959262595251,0.05
SPOT,2026-03-11,0.772603,282,760.0,1.433259,530.260009765625,19.019993714520638,219.96091707339463,0.38413538787112483,0.21686497580863384,0.0016401656311028521,136.86929169055566,-38.824208783863,0.05
SPOT,2026-03-11,0.772603,282,780.0,1.470976,530.260009765625,20.849972695813463,241.03302587375322,0.4155846667677242,0.22121485616957082,0.0015334606261976577,138.4414501463094,-42.056547077102636,0.05
SPOT,2026-03-11,0.772603,282,800.0,1.508694,530.260009765625,28.77000007160234,268.1951830686079,0.48823999304917814,0.2566590211176505,0.0014158696019645884,150.1725665994358,-52.81646439851037,0.05
SPOT,2026-03-11,0.772603,282,820.0,1.546411,530.260009765625,10.400005322815502,269.0673181388869,0.36248044297985965,0.13836720349074672,0.0013069554822979477,102.91516379194903,-27.29077763891446,0.05
SPOT,2026-03-11,0.772603,282,840.0,1.584129,530.260009765625,8.150000074674736,286.0594427098117,0.3536295268293165,0.11500931754217131,0.0011777157871774263,90.47383749312438,-23.347221565796414,0.05
SPOT,2026-03-11,0.772603,282,860.0,1.621846,530.260009765625,6.950018358030832,304.10159081223355,0.3532450855610608,0.10067070750988039,0.0010711457972322372,82.19751942401858,-21.112525695869923,0.05
SPOT,2026-03-11,0.772603,282,880.0,1.659563,530.260009765625,7.1100150963854105,323.50371736965394,0.36813181580335297,0.09951918867232112,0.0010192330305268758,81.50998952256919,-21.70210023791092,0.05
SPOT,2026-03-11,0.772603,282,900.0,1.697281,530.260009765625,11.54999985557125,347.1858319479056,0.4297116114630134,0.13360743163503952,0.0010763665656847948,100.47806968909089,-30.90713272587292,0.05
SPOT,2026-03-11,0.772603,282,920.0,1.734998,530.260009765625,8.500000287361438,363.37796219876157,0.40966333218058243,0.10695461159156877,0.0009651025742013212,85.88840981372556,-25.18133701383688,0.05
SPOT,2026-03-11,0.772603,282,940.0,1.772715,530.260009765625,7.55000517606463,381.6700969065305,0.4101209755896754,0.09667074815787274,0.0008956214593227866,79.79404245330359,-23.364080706783053,0.05
SPOT,2026-03-11,0.849315,310,270.0,0.509184,530.260009765625,278.8857220474784,7.399999953901386,0.5679174356999117,0.9487035282316635,0.0003792757657915542,51.43833191236983,-28.406505243687633,0.05
SPOT,2026-03-11,0.849315,310,280.0,0.528043,530.260009765625,268.30149486204436,6.4000056452098875,0.5240767668049449,0.9506895042378855,0.0003982708680206118,49.844819548622944,-27.169132083931103,0.05
SPOT,2026-03-11,0.849315,310,290.0,0.546902,530.260009765625,269.5172560216996,17.199999681607665,0.66576402769275,0.9130182435244618,0.0004866090048068092,77.36544849838833,-41.05373775099555,0.05
SPOT,2026-03-11,0.849315,310,300.0,0.56576,530.260009765625,251.73302347471002,9.000000011360612,0.5237613917301294,0.9343947568769916,0.0004989590676623044,62.40867782090423,-31.43026137853135,0.05
SPOT,2026-03-11,0.849315,310,310.0,0.584619,530.260009765625,245.49879147156915,12.350000884962185,0.5491912606006423,0.9188779387397645,0.0005598021619357588,73.4183752453597,-35.82447564727283,0.05
SPOT,2026-03-11,0.849315,310,320.0,0.603478,530.260009765625,234.6545576907205,11.089999980856078,0.5083037927256502,0.9196932044266032,0.0006002362299200361,72.86049815077827,-34.45411890594884,0.05
SPOT,2026-03-11,0.849315,310,330.0,0.622336,530.260009765625,226.19032499296884,12.21000015984697,0.5001933226392438,0.9117276953073865,0.0006548399044375872,78.22032328971919,-35.89655355304353,0.05
SPOT,2026-03-11,0.849315,310,340.0,0.641195,530.260009765625,219.64609129367483,15.249999337295492,0.5136929699126771,0.897095357402254,0.0007138444845040347,87.56968972412687,-39.28486235170901,0.05
SPOT,2026-03-11,0.849315,310,350.0,0.660054,530.260009765625,211.3618411625887,16.54998208295183,0.5047207238958719,0.8881982188108126,0.0007712946885200308,92.96469702511162,-40.60367767094908,0.05
SPOT,2026-03-11,0.849315,310,360.0,0.678912,530.260009765625,203.75762687328904,18.530000670394713,0.5019549083807949,0.8770272563509731,0.000829661366855916,99.45168674490846,-42.453284252446736,0.05
SPOT,2026-03-11,0.849315,310,370.0,0.697771,530.260009765625,195.69339336678286,20.050000040631062,0.4934738475499076,0.866944732589726,0.0008914140937061505,105.04858770416735,-43.71859891017621,0.05
SPOT,2026-03-11,0.849315,310,380.0,0.71663,530.260009765625,188.35916044963693,22.30000000022767,0.49087302908444486,0.8546534026148237,0.0009516837670303014,111.55997607240386,-45.48025988646251,0.05
SPOT,2026-03-11,0.849315,310,390.0,0.735488,530.260009765625,180.974923056644,24.499995483977216,0.48657047991008207,0.8423191893176684,0.0010135326730197625,117.76875684800811,-47.01837614475744,0.05
SPOT,2026-03-11,0.849315,310,400.0,0.754347,530.260009765625,173.89069459195673,26.999999896032477,0.48362551959161537,0.8291019563678774,0.0010743487988633775,124.07980214298603,-48.614829643632596,0.05
SPOT,2026-03-11,0.849315,310,410.0,0.773206,530.260009765625,168.75645421477708,31.44999239559536,0.49441372071961714,0.8120620258846281,0.001115632059175052,131.7219285779778,-51.432171750860775,0.05
SPOT,2026-03-11,0.849315,310,420.0,0.792064,530.260009765625,160.37222819122604,32.649999248786855,0.47916852242861024,0.8009031105339859,0.0011923518852723616,136.4392437889996,-51.70403582753246,0.05
SPOT,2026-03-11,0.849315,310,430.0,0.810923,530.260009765625,154.5379960669511,36.4000000012544,0.48172092360522556,0.7851537433340698,0.0012406989895214283,142.72778276907806,-53.56659171086852,0.05
SPOT,2026-03-11,0.849315,310,440.0,0.829782,530.260009765625,148.3537631901546,39.80000000120043,0.4804405039160589,0.7699610239964136,0.0012934475517522724,148.40038145550042,-54.96984888994548,0.05
SPOT,2026-03-11,0.849315,310,450.0,0.84864,530.260009765625,141.1395355648645,42.17000525265286,0.47132383099397557,0.7557783507605798,0.0013625321520632572,153.36022555840015,-55.53428161222081,0.05
SPOT,2026-03-11,0.849315,310,460.0,0.867499,530.260009765625,138.2552749084432,48.869977472974085,0.4888755765990292,0.7372909278652671,0.0013649756225567627,159.3565125371806,-58.49875685163948,0.05
SPOT,2026-03-11,0.849315,310,470.0,0.886358,530.260009765625,125.55104075613599,45.74997619740935,0.4441835805647667,0.7267828724138257,0.001532280513938312,162.5351736738724,-55.49380587904405,0.05
SPOT,2026-03-11,0.849315,310,480.0,0.905216,530.260009765625,125.16680845786587,54.94997677588174,0.47425539726350013,0.7066191172196877,0.001484987202909554,168.18279803064786,-59.43267820264704,0.05
SPOT,2026-03-11,0.849315,310,490.0,0.924075,530.260009765625,119.02262227312693,58.39002346788533,0.4682442730283427,0.6904600210562792,0.0015407904587203646,172.29101722040528,-59.84876635739917,0.05
SPOT,2026-03-11,0.849315,310,500.0,0.942934,530.260009765625,115.4483559000704,64.39998997157136,0.4760716626438521,0.6736764363931909,0.001549619117017181,176.1748366143709,-61.464934109451406,0.05
SPOT,2026-03-11,0.849315,310,520.0,0.980651,530.260009765625,104.63993983424228,72.76003965922826,0.4679646617691251,0.6403544511353862,0.0016354006541485775,182.76111802441227,-62.095554504892576,0.05
SPOT,2026-03-11,0.849315,310,540.0,1.018368,530.260009765625,107.6800029876014,94.96856856607235,0.5306448795870348,0.615671884547427,0.0014733179016052837,186.70116332972506,-69.26396360343944,0.05
SPOT,2026-03-11,0.849315,310,550.0,1.037227,530.260009765625,91.6000032074096,88.47280166262317,0.46672862721663366,0.5904940825196522,0.0017039356818886475,189.91716442989656,-63.25886452057941,0.05
SPOT,2026-03-11,0.849315,310,560.0,1.056086,530.260009765625,105.67001183085182,112.12704316280787,0.5612493551739883,0.5929804384509443,0.0014148703664494337,189.63525764654742,-73.09613057300002,0.05
SPOT,2026-03-11,0.849315,310,580.0,1.093803,530.260009765625,88.03995672155645,113.66545380699756,0.507174988971752,0.5527963488931413,0.001595524353501355,193.24481330149533,-67.95310116121946,0.05
SPOT,2026-03-11,0.849315,310,590.0,1.112662,530.260009765625,59.99999629871752,95.2097262609011,0.3809533206726033,0.4969765947522428,0.0021429031345671424,194.94894264168897,-53.897716976736575,0.05
SPOT,2026-03-11,0.849315,310,600.0,1.13152,530.260009765625,69.79000000003097,114.58396283895718,0.4484536206194047,0.5041571630123914,0.0018203112827724574,194.94395645739087,-61.344175445058106,0.05
SPOT,2026-03-11,0.849315,310,610.0,1.150379,530.260009765625,74.93999908918434,129.31819480485296,0.49140214675233956,0.5043330928958996,0.0016612083603411998,194.94304160332166,-66.02007977000514,0.05
SPOT,2026-03-11,0.849315,310,620.0,1.169238,530.260009765625,65.65001624915155,129.6124448415627,0.4595896996414931,0.4772287806047367,0.0017734063191000636,194.63687298931566,-62.0321729011513,0.05
SPOT,2026-03-11,0.849315,310,630.0,1.188096,530.260009765625,71.55000779471763,145.09666926387138,0.5051450453256531,0.48155961738633213,0.0016143823257299486,194.74623586524356,-67.10446109769562,0.05
SPOT,2026-03-11,0.849315,310,640.0,1.206955,530.260009765625,59.59998670889195,142.73088105478814,0.45825350723665326,0.44682509510583035,0.0017656315632812477,193.22017082684877,-60.99327889838242,0.05
SPOT,2026-03-11,0.849315,310,650.0,1.225814,530.260009765625,55.49998101415488,148.21510823679364,0.45101844043611755,0.42863375209591636,0.0017810181534908206,191.82677495819206,-59.5230060530178,0.05
SPOT,2026-03-11,0.849315,310,660.0,1.244672,530.260009765625,53.549953666453376,155.8493137658346,0.4543477115999753,0.4160765028550155,0.0017568892666503114,190.62476221335106,-59.34203954545859,0.05
SPOT,2026-03-11,0.849315,310,670.0,1.263531,530.260009765625,58.279961766525275,170.163554742649,0.4922260978752576,0.42261157557725765,0.0016272217359054723,191.2748867229156,-63.71800807340483,0.05
SPOT,2026-03-11,0.849315,310,680.0,1.28239,530.260009765625,58.27003741676364,179.73786326963,0.5049126407749995,0.41659752653221943,0.0015813901467472977,190.67855516355027,-64.8103690080083,0.05
SPOT,2026-03-11,0.849315,310,690.0,1.301248,530.260009765625,24.84999962895303,155.90205835856182,0.3324371674986214,0.28511688244508737,0.0020902223470700204,165.93906557905512,-38.79256893710265,0.05
SPOT,2026-03-11,0.849315,310,700.0,1.320107,530.260009765625,56.87000434164773,197.50629594799898,0.5218710718796759,0.40181231176284216,0.0015166908402407637,189.01961236157743,-65.88234933949181,0.05
SPOT,2026-03-11,0.849315,310,720.0,1.357824,530.260009765625,43.17999974751058,202.98475710734692,0.47065036555167655,0.3481050964872276,0.001607257565514054,180.64687759969212,-57.12330161704318,0.05
SPOT,2026-03-11,0.849315,310,740.0,1.395542,530.260009765625,22.74000002141034,201.71322313473172,0.3703982897845379,0.2478477930385674,0.001747556145502242,154.5776465188601,-39.14093544221462,0.05
SPOT,2026-03-11,0.849315,310,760.0,1.433259,530.260009765625,24.35000003728028,222.49168890408674,0.39943791450402694,0.2487577615842395,0.0016236759592942276,154.8799594732088,-41.798296465084384,0.05
SPOT,2026-03-11,0.849315,310,780.0,1.470976,530.260009765625,32.04997214033189,249.3601267606233,0.46582838584266795,0.27913958492554775,0.0014765429906616646,164.25501034939893,-50.84324210769598,0.05
SPOT,2026-03-11,0.849315,310,800.0,1.508694,530.260009765625,32.55000000014499,269.0286203739215,0.4866104662678438,0.27488297681299273,0.00140289061486832,163.02410924760852,-52.36236250178764,0.05
SPOT,2026-03-11,0.849315,310,820.0,1.546411,530.260009765625,29.770000039527346,285.4170861667889,0.4861679956141586,0.2564994691263003,0.00135573026854828,157.4005474797187,-50.36196517245007,0.05
SPOT,2026-03-11,0.849315,310,840.0,1.584129,530.260009765625,20.349993206790785,295.1655450875374,0.43835199049123036,0.20280213593761548,0.0013178751103646736,137.95702462727485,-39.960867286345675,0.05
SPOT,2026-03-11,0.849315,310,860.0,1.621846,530.260009765625,19.250000001602245,313.2340176358338,0.4449577297318863,0.1919734057214364,0.0012559277126907031,133.4535034546741,-39.08555921166992,0.05
SPOT,2026-03-11,0.849315,310,880.0,1.659563,530.260009765625,13.300000003661182,326.45248339137777,0.41075904438046795,0.14993911112146446,0.0011612447473505544,113.90885272359219,-30.855526684732528,0.05
SPOT,2026-03-11,0.849315,310,900.0,1.697281,530.260009765625,17.51002664955446,349.83097579075616,0.4591105751761477,0.17401569546377293,0.0011448401556264209,125.51878618871832,-37.6637507165118,0.05
SPOT,2026-03-11,0.849315,310,920.0,1.734998,530.260009765625,12.269994940355112,363.7594098350419,0.4268370417024973,0.13651529480551866,0.001048893802564314,106.91538421088184,-29.871959206313058,0.05
SPOT,2026-03-11,0.849315,310,940.0,1.772715,530.260009765625,9.520000200902764,380.17788084907454,0.41130502360013466,0.11336534039069451,0.0009559065970495797,93.89145151961493,-25.264460757573058,0.05
SPOT,2026-03-11,1.021918,373,300.0,0.56576,530.260009765625,259.40372436444767,14.199980285503727,0.5524672101276039,0.9178269496638822,0.000512262931522864,81.31921092167187,-33.34547666045036,0.05
SPOT,2026-03-11,1.021918,373,320.0,0.603478,530.260009765625,240.28998639553794,14.089993362372695,0.5053292457480891,0.9105430827744054,0.0005968092136893539,86.6570042241033,-33.552287898428204,0.05
SPOT,2026-03-11,1.021918,373,350.0,0.660054,530.260009765625,217.6943665035691,20.00000003907195,0.4996778294048952,0.8802339908419407,0.0007458188456067063,107.08216709089659,-38.632421157545295,0.05
SPOT,2026-03-11,1.021918,373,360.0,0.678912,530.260009765625,213.49248647184157,25.299995530233844,0.5240586430667591,0.8626573879427328,0.000782048060162046,117.76250884845601,-42.392424448026425,0.05
SPOT,2026-03-11,1.021918,373,370.0,0.697771,530.260009765625,203.14061076458938,24.449995345871002,0.49416174061505913,0.858238452227015,0.0008474180954531488,120.32630206247747,-41.690125625817,0.05
SPOT,2026-03-11,1.021918,373,380.0,0.71663,530.260009765625,195.53873968310347,26.34999978727444,0.4872227092290986,0.8476726196688031,0.0009019365977889063,126.2691480603392,-42.798261066411385,0.05
SPOT,2026-03-11,1.021918,373,390.0,0.735488,530.260009765625,188.9868975312906,29.30003315835097,0.4875468132241093,0.834833711639519,0.000950450587433655,133.1495134633533,-44.446755420207985,0.05
SPOT,2026-03-11,1.021918,373,400.0,0.754347,530.260009765625,182.4349880273165,32.24999917726626,0.4865821564848203,0.8219773799302182,0.0009990615623778247,139.68254766026106,-45.92598589511985,0.05
SPOT,2026-03-11,1.021918,373,420.0,0.792064,530.260009765625,176.23120146809535,45.04996366382386,0.5263401747103548,0.7881990487092443,0.0010266138980646426,155.26278713421223,-52.070117875914164,0.05
SPOT,2026-03-11,1.021918,373,480.0,0.905216,530.260009765625,137.1400192282281,62.97003456129278,0.4859464969962175,0.7096450296141721,0.0013148483391770855,183.5937261729565,-55.60943435290203,0.05
SPOT,2026-03-11,1.021918,373,490.0,0.924075,530.260009765625,128.68808681458793,64.01997767054195,0.4670359113553913,0.695512098955593,0.0013981128174692752,187.62305846742643,-54.879364749606985,0.05
SPOT,2026-03-11,1.021918,373,500.0,0.942934,530.260009765625,126.88624137594698,71.72000775479034,0.4827838400549876,0.6805062894506252,0.0013809346479825518,191.56650213034413,-56.94875876287343,0.05
SPOT,2026-03-11,1.021918,373,520.0,0.980651,530.260009765625,113.73248247063484,77.56999989525701,0.46211453843695494,0.6497991927053138,0.001495594877550495,198.58997414306089,-56.4430165295663,0.05
SPOT,2026-03-11,1.021918,373,540.0,1.018368,530.260009765625,110.73001759816333,93.57128606856423,0.48943052931212633,0.623188997335629,0.001447539507213263,203.57066712311328,-59.73450108997628,0.05
SPOT,2026-03-11,1.021918,373,550.0,1.037227,530.260009765625,108.20001242148172,100.54315641477194,0.49657477383471343,0.6102492039335989,0.0014411461540061446,205.62996370515464,-60.72984277654473,0.05
SPOT,2026-03-11,1.021918,373,580.0,1.093803,530.260009765625,107.0500163835166,127.89878694547491,0.544242857263547,0.581210806806916,0.0013390462245953115,209.40257876792782,-65.81791650808998,0.05
SPOT,2026-03-11,1.021918,373,600.0,1.13152,530.260009765625,66.49999844938512,106.3525200571222,0.38541446831285847,0.5035158997476303,0.0019309379875128165,213.84054801795008,-50.34950692848418,0.05
SPOT,2026-03-11,1.021918,373,650.0,1.225814,530.260009765625,60.23999998902505,147.601899211209,0.4265132983342684,0.4450668101089943,0.0017283718133659504,211.81829606551068,-52.99088743550965,0.05
SPOT,2026-03-11,1.021918,373,670.0,1.263531,530.260009765625,68.58434972239999,174.9499999903627,0.49064006592733483,0.45200690968110646,0.0015058867860461415,212.29953883907814,-59.519145955501955,0.05
SPOT,2026-03-11,1.021918,373,700.0,1.320107,530.260009765625,60.24999997358617,195.1212768102169,0.4854562145805002,0.41433584047465444,0.0014975931515631247,208.89960981133825,-57.591069236668275,0.05
SPOT,2026-03-11,1.021918,373,720.0,1.357824,530.260009765625,32.999993949650616,186.87502183206016,0.370516680299029,0.31101912134343734,0.001778835533923497,189.3813808768171,-40.92804854432137,0.05
SPOT,2026-03-11,1.021918,373,740.0,1.395542,530.260009765625,49.69999967136317,222.5787785995514,0.47508394331704895,0.3641314103725089,0.0014747908360535978,201.32351356361613,-53.96631088572068,0.05
SPOT,2026-03-11,1.268493,463,270.0,0.509184,530.260009765625,292.2029058373813,15.349999879762919,0.5850058573312389,0.9264830248170799,0.0003990334946451185,83.25981539401829,-29.152652173433978,0.05
SPOT,2026-03-11,1.268493,463,280.0,0.528043,530.260009765625,281.86745644767575,14.399998779242765,0.5501379972723583,0.9254594709863249,0.0004288304484392035,84.14399619202895,-28.68971199722243,0.05
SPOT,2026-03-11,1.268493,463,290.0,0.546902,530.260009765625,277.5820095127919,19.500000133544347,0.5831068350853031,0.9105030763456712,0.0004643764226459164,96.57932623251648,-32.45908511389983,0.05
SPOT,2026-03-11,1.268493,463,300.0,0.56576,530.260009765625,270.84656109131043,22.150000001248316,0.5856511448494863,0.9013850041351602,0.0004966753660241572,103.74746519268459,-34.30569877162995,0.05
SPOT,2026-03-11,1.268493,463,310.0,0.584619,530.260009765625,259.31111283608334,20.000000035206654,0.5417562260855506,0.901263107118158,0.0005374033654300357,103.84131291064224,-33.10424197510475,0.05
SPOT,2026-03-11,1.268493,463,320.0,0.603478,530.260009765625,254.62565727181124,24.699992760119983,0.5620956206445226,0.8877198523419434,0.0005684303802981311,113.96024135202735,-36.05390712075575,0.05
SPOT,2026-03-11,1.268493,463,330.0,0.622336,530.260009765625,258.64018549604293,38.09996927353711,0.6471808568700816,0.8647984372734915,0.0005623187006549636,129.79981306400657,-43.10810193965092,0.05
SPOT,2026-03-11,1.268493,463,340.0,0.641195,530.260009765625,234.10475128747026,22.94998335414988,0.5026915803295398,0.8810143239974408,0.0006623423203256772,118.7544776963069,-35.18372173243877,0.05
SPOT,2026-03-11,1.268493,463,350.0,0.660054,530.260009765625,234.51931840130396,32.74999875716901,0.5580083584495651,0.8590763553269747,0.0006708802210148321,133.52161293942618,-40.41871106981136,0.05
SPOT,2026-03-11,1.268493,463,360.0,0.678912,530.260009765625,241.8838712776699,49.49999992272035,0.6524526089969483,0.8366381458877763,0.0006329468418794137,147.29299291818546,-47.96785274683492,0.05
SPOT,2026-03-11,1.268493,463,370.0,0.697771,530.260009765625,218.42843421058188,35.4300111448178,0.5320243075264137,0.8427970906874103,0.000756965297262625,143.63931407672194,-41.545857114240846,0.05
SPOT,2026-03-11,1.268493,463,380.0,0.71663,530.260009765625,221.16297468474235,47.54999990816373,0.5899158221973341,0.8235964589914107,0.0007353875258321714,154.72916465478332,-46.75645159444704,0.05
SPOT,2026-03-11,1.268493,463,390.0,0.735488,530.260009765625,208.5775264355328,44.34999994813961,0.5459833758609194,0.8186442538057621,0.0008085276284905513,157.44909254562515,-45.16036864143574,0.05
SPOT,2026-03-11,1.268493,463,400.0,0.754347,530.260009765625,201.05207806487314,46.209999866665385,0.5348300359854382,0.809068467513484,0.0008521377846251518,162.55169015575055,-45.66626019416414,0.05
SPOT,2026-03-11,1.268493,463,410.0,0.773206,530.260009765625,219.5066299072889,74.04999999826651,0.6755177741372584,0.7886782578556166,0.0007170094374254076,172.75376855546918,-55.933662323272344,0.05
SPOT,2026-03-11,1.268493,463,420.0,0.792064,530.260009765625,180.0711814547388,43.999999834901814,0.4774611478112218,0.7939817045729027,0.0009993488235877832,170.18489883679814,-44.076098070801955,0.05
SPOT,2026-03-11,1.268493,463,430.0,0.810923,530.260009765625,200.4457333284507,73.75999999779918,0.6225419776329075,0.7703333305640561,0.0008160491499559703,181.19693001354156,-54.86482667050936,0.05
SPOT,2026-03-11,1.268493,463,440.0,0.829782,530.260009765625,169.15028481917986,51.849999777713776,0.4787611704975096,0.7683050274480947,0.0010663491305062305,182.0892121244389,-46.275078040806775,0.05
SPOT,2026-03-11,1.268493,463,450.0,0.84864,530.260009765625,165.30483667235333,57.389999920072626,0.48671009076348554,0.7546461878575049,0.0010823492547364466,187.8899930502609,-47.788593327600026,0.05
SPOT,2026-03-11,1.268493,463,460.0,0.867499,530.260009765625,168.67938846202648,70.14999999893126,0.5307462707923536,0.7398142437293346,0.0010237037428419732,193.788106838689,-51.721865275240695,0.05
SPOT,2026-03-11,1.268493,463,470.0,0.886358,530.260009765625,153.6439263373882,64.49998616347835,0.47902343919056095,0.7293721246271573,0.00115711693461096,197.69691467388043,-48.983974862362764,0.05
SPOT,2026-03-11,1.268493,463,480.0,0.905216,530.260009765625,174.50849186713242,94.74999998240804,0.6064281457966367,0.7190974679368795,0.0009309117599797038,201.35097825424447,-58.469908269589325,0.05
SPOT,2026-03-11,1.268493,463,490.0,0.924075,530.260009765625,145.31299973619988,74.93995614066097,0.4853048446029223,0.7032583094539162,0.001193683518094949,206.6187365670273,-50.90432166483295,0.05
SPOT,2026-03-11,1.268493,463,500.0,0.942934,530.260009765625,139.48759530510648,78.49999999875297,0.4793701621041721,0.690144086677075,0.0012320509539258974,210.65197979945486,-51.126650376756,0.05
SPOT,2026-03-11,1.268493,463,520.0,0.980651,530.260009765625,150.61669872635605,108.3999999983734,0.5713091266830851,0.6738828102931218,0.0010563418953184384,215.24919904307131,-58.808227094137884,0.05
SPOT,2026-03-11,1.268493,463,540.0,1.018368,530.260009765625,130.0000120505945,106.5542099009827,0.5132027295878224,0.643281108834257,0.001216752043455502,222.71882125158737,-55.60873081474664,0.05
SPOT,2026-03-11,1.268493,463,550.0,1.037227,530.260009765625,124.37003363109338,110.309679770667,0.5053096038310524,0.6299718481376476,0.0012511708637436116,225.49662817400485,-55.397709324775406,0.05
SPOT,2026-03-11,1.268493,463,560.0,1.056086,530.260009765625,96.2000056638685,91.52510009262755,0.3989572507930223,0.5965298960442507,0.0016251104812758613,231.24648035553932,-47.37077869832348,0.05
SPOT,2026-03-11,1.268493,463,580.0,1.093803,530.260009765625,89.12500966074529,103.22100066787516,0.40108514861356626,0.5666246663866258,0.0016422047203291162,234.92528092931047,-47.70720957714501,0.05
SPOT,2026-03-11,1.268493,463,590.0,1.112662,530.260009765625,65.7999999991639,89.28143929547923,0.31780193298804693,0.5230892013609912,0.0020984199909565206,237.8563920337277,-40.37433997909581,0.05
SPOT,2026-03-11,1.268493,463,600.0,1.13152,530.260009765625,109.39999999980196,142.2668875853027,0.5168335049118661,0.5744582176847121,0.0012699106055846967,234.09367938762128,-57.45005131958976,0.05
SPOT,2026-03-11,1.268493,463,610.0,1.150379,530.260009765625,77.19999998655081,119.45233586123697,0.394384440254161,0.5197361271820289,0.001691708284469169,237.96392625825086,-46.9121869786447,0.05
SPOT,2026-03-11,1.268493,463,620.0,1.169238,530.260009765625,73.39998785348882,125.03777201736045,0.3918202669295938,0.5040175553817734,0.001704779475521428,238.24345675504128,-46.48809865487622,0.05
SPOT,2026-03-11,1.268493,463,630.0,1.188096,530.260009765625,46.59999996156867,107.6232324146257,0.2916912549221132,0.4335652324368892,0.002258268590986349,234.94428247452072,-36.17795031409025,0.05
SPOT,2026-03-11,1.268493,463,640.0,1.206955,530.260009765625,105.999999992363,176.40868073460547,0.5541465421604843,0.5447063384626407,0.0011978821742164758,236.7579698459636,-60.85615445738872,0.05
SPOT,2026-03-11,1.268493,463,650.0,1.225814,530.260009765625,89.15005378472875,168.94418281615668,0.49513615282995466,0.5109523051613925,0.0013486174879157363,238.16574756562528,-55.57148431502251,0.05
SPOT,2026-03-11,1.268493,463,660.0,1.244672,530.260009765625,62.64999997282814,151.8295772934415,0.3952129202394069,0.44960117864997157,0.0016767250630894842,236.35177468678248,-45.60676698682083,0.05
SPOT,2026-03-11,1.268493,463,670.0,1.263531,530.260009765625,51.14999977586808,149.71502538566688,0.35720616183967785,0.4119200812470932,0.0018243054073096723,232.4247458947391,-41.08900326611112,0.05
SPOT,2026-03-11,1.268493,463,680.0,1.28239,530.260009765625,39.74999984766802,147.70047374665228,0.31788506251287135,0.3674745047385862,0.0019843509598359258,224.9854764631023,-35.9460921428835,0.05
SPOT,2026-03-11,1.268493,463,690.0,1.301248,530.260009765625,77.14999999386157,194.48592218203123,0.48880564838781526,0.46500203162604287,0.0013613363555581841,237.33814088008444,-54.199459460777504,0.05
SPOT,2026-03-11,1.268493,463,700.0,1.320107,530.260009765625,74.5499999628502,201.27137044020526,0.4880266365698982,0.4542083181721586,0.0013597530232806675,236.6842925578203,-53.84463088975243,0.05
SPOT,2026-03-11,1.268493,463,720.0,1.357824,530.260009765625,40.800053182961165,186.29232023868713,0.36081028804573395,0.34699037641037933,0.0017134905437590612,220.50909251506937,-38.520564864670106,0.05
SPOT,2026-03-11,1.268493,463,740.0,1.395542,530.260009765625,57.57999971520252,221.84316334929935,0.4531422740775203,0.39220502146906167,0.001420006554459372,229.50428913506948,-48.51230176021647,0.05
SPOT,2026-03-11,1.268493,463,760.0,1.433259,530.260009765625,42.44999996633561,225.4840601788033,0.4026547674358285,0.3346486838890315,0.0015143671202887607,217.4852933766013,-41.26796073423551,0.05
SPOT,2026-03-11,1.268493,463,780.0,1.470976,530.260009765625,31.7999999888261,233.6049567796647,0.36772790427316904,0.2837954060986967,0.0015427727862889218,202.34591151744112,-35.263648802474385,0.05
SPOT,2026-03-11,1.268493,463,800.0,1.508694,530.260009765625,47.95000005819671,268.5258534274061,0.459274592913388,0.33951734177997767,0.001335137358371884,218.70778713449465,-46.19713577233124,0.05
SPOT,2026-03-11,1.268493,463,820.0,1.546411,530.260009765625,44.64999981969295,283.9967497672731,0.458748940751313,0.3218117754665376,0.0013083534662013242,214.07504368337308,-45.009679925497174,0.05
SPOT,2026-03-11,1.268493,463,840.0,1.584129,530.260009765625,43.0199933004735,301.13763982642456,0.4651106883367277,0.3102308886705692,0.0012704926648383114,210.76299400069243,-44.71374625342015,0.05
SPOT,2026-03-11,1.268493,463,860.0,1.621846,530.260009765625,12.1499989714615,289.0385420757834,0.30679072270624025,0.14843635074536543,0.0012636812832373624,138.27563230730692,-20.049282104609148,0.05
SPOT,2026-03-11,1.268493,463,880.0,1.659563,530.260009765625,12.449993283479628,308.10943296617245,0.31998038009417956,0.14699558709271882,0.0012037037520086205,137.3753594298609,-20.60142313385852,0.05
SPOT,2026-03-11,1.268493,463,900.0,1.697281,530.260009765625,37.799996203383984,352.23033246444766,0.4782969205061278,0.2759311773540598,0.0011700685068224683,199.6065334685575,-43.05749629593217,0.05
SPOT,2026-03-11,1.268493,463,920.0,1.734998,530.260009765625,10.870021369487205,344.0712542089217,0.3287199516883196,0.12884677276198792,0.0010709334628635832,125.56090315061063,-19.14167019388269,0.05
SPOT,2026-03-11,1.268493,463,940.0,1.772715,530.260009765625,10.049974126061151,362.0221035438665,0.3317636387198545,0.11987354428723695,0.0010088657647565331,119.37903059639989,-18.286995754801257,0.05
SPOT,2026-03-11,1.769863,646,280.0,0.528043,530.260009765625,294.4233911728711,20.450007795165845,0.5377614318537014,0.9152788465295992,0.00040918136597064495,109.50221491783174,-26.181388898444034,0.05
SPOT,2026-03-11,1.769863,646,290.0,0.546902,530.260009765625,287.4702880246936,22.64999844655688,0.5359803848577973,0.9077418941576091,0.0004374563350568139,116.6812333022073,-27.361156712151384,0.05
SPOT,2026-03-11,1.769863,646,300.0,0.56576,530.260009765625,286.1171855793051,30.449989800736944,0.5772759676356695,0.8926751816609265,0.00045363605812141994,130.31921354092808,-30.61473792777732,0.05
SPOT,2026-03-11,1.769863,646,310.0,0.584619,530.260009765625,270.0891018383261,23.57499985932651,0.5025546118737988,0.897875506246437,0.0005026731485155602,125.71478421979576,-28.14934648841613,0.05
SPOT,2026-03-11,1.769863,646,320.0,0.603478,530.260009765625,268.5610085213981,31.20000034196704,0.5395190313806587,0.8821525409509245,0.0005189205272314412,139.32370790293788,-31.195943338919484,0.05
SPOT,2026-03-11,1.769863,646,330.0,0.622336,530.260009765625,261.2079143804081,33.00000000054564,0.5313027403200041,0.8748464728139815,0.0005497052427400071,145.3414000634055,-31.94973719040201,0.05
SPOT,2026-03-11,1.769863,646,340.0,0.641195,530.260009765625,261.51481655517176,42.45999597487787,0.5725005303773271,0.8600439987462827,0.0005510009637190765,156.98048130438292,-35.115974717679684,0.05
SPOT,2026-03-11,1.769863,646,350.0,0.660054,530.260009765625,251.10172325294315,41.19999647221778,0.5431514338756973,0.8551287135872365,0.0005944948351066467,160.68910089798476,-34.773798014505466,0.05
SPOT,2026-03-11,1.769863,646,360.0,0.678912,530.260009765625,243.49862767167593,42.749994690519145,0.5318204922215463,0.8475992836761894,0.0006280805851551594,166.2255739265284,-35.27176511476493,0.05
SPOT,2026-03-11,1.769863,646,370.0,0.697771,530.260009765625,231.11553585031683,39.51999666872865,0.4924301834692446,0.844220284413042,0.0006882342860921062,168.6546710552776,-34.289487624758806,0.05
SPOT,2026-03-11,1.769863,646,380.0,0.71663,530.260009765625,235.04243971508674,52.59999433306706,0.5469231207581438,0.8272516993427896,0.0006626428180539786,180.35292202945462,-38.04713536858227,0.05
SPOT,2026-03-11,1.769863,646,390.0,0.735488,530.260009765625,225.41434601470553,52.124994432254425,0.5235854145354987,0.820265646138888,0.0007097652820312169,184.93524909058678,-37.83204086311153,0.05
SPOT,2026-03-11,1.769863,646,400.0,0.754347,530.260009765625,213.83625145620906,49.69999367332656,0.49057835666983424,0.8142996022953766,0.0007731225423848138,188.744421707052,-37.056214577164596,0.05
SPOT,2026-03-11,1.769863,646,410.0,0.773206,530.260009765625,216.93316341482915,61.94999943151515,0.5337518292707498,0.8000754721030972,0.0007433653670467906,197.45089410049127,-40.13917061876198,0.05
SPOT,2026-03-11,1.769863,646,420.0,0.792064,530.260009765625,201.83006809816632,55.999997914420874,0.4837271867846706,0.7943241232093576,0.0008342577867894141,200.82518239277707,-38.41251400009912,0.05
SPOT,2026-03-11,1.769863,646,430.0,0.810923,530.260009765625,208.67692638585453,71.99995000167769,0.5414791129907361,0.7805246975280615,0.000774093135847986,208.5894455683401,-42.1685584691139,0.05
SPOT,2026-03-11,1.769863,646,440.0,0.829782,530.260009765625,200.32385483492916,72.79997225032088,0.5244428904236716,0.771297117863593,0.0008181572385963184,213.5267962360511,-42.06916224101579,0.05
SPOT,2026-03-11,1.769863,646,450.0,0.84864,530.260009765625,195.84578905614558,77.47500027110584,0.5253821478056563,0.7614247040963407,0.0008360584154192857,218.58952119361734,-42.83940955408093,0.05
SPOT,2026-03-11,1.769863,646,460.0,0.867499,530.260009765625,192.0876950937039,82.87000010823277,0.5289829169242085,0.7516199415177426,0.0008486332026592838,223.397892148217,-43.70829116473213,0.05
SPOT,2026-03-11,1.769863,646,470.0,0.886358,530.260009765625,177.6146019882315,77.55000080232884,0.48498504906522616,0.7410962680516784,0.0009460180104933005,228.3206329472372,-42.05062905458892,0.05
SPOT,2026-03-11,1.769863,646,480.0,0.905216,530.260009765625,174.06150665245562,83.14999926612154,0.48914402682131974,0.7305199567710836,0.0009572997065518232,233.0247682874126,-42.866188123135174,0.05
SPOT,2026-03-11,1.769863,646,490.0,0.924075,530.260009765625,179.5584129918541,97.79999940508861,0.5308429556651534,0.7224796644285761,0.0008950329311999193,236.44083142208171,-45.635562824881916,0.05
SPOT,2026-03-11,1.769863,646,500.0,0.942934,530.260009765625,162.60531934991727,89.99999956272035,0.477572065498584,0.7086482841429002,0.001018260900407934,242.00001236068658,-43.30823678502017,0.05
SPOT,2026-03-11,1.769863,646,520.0,0.980651,530.260009765625,153.86913215772194,99.56999996966215,0.4758303331682637,0.6869319511874026,0.0010555095254059805,249.93765186947743,-44.11722735936663,0.05
SPOT,2026-03-11,1.769863,646,540.0,1.018368,530.260009765625,292.99999970470833,257.00705511578565,1.101671363021247,0.7825314127661851,0.0003784648981312067,207.4889967186257,-70.67419872094906,0.05
SPOT,2026-03-11,1.769863,646,550.0,1.037227,530.260009765625,65.95999921864939,39.120148429295284,0.18802009604097575,0.6303289891536633,0.002845821360803799,266.274335502337,-27.557641968671696,0.05
SPOT,2026-03-11,1.769863,646,560.0,1.056086,530.260009765625,92.64995352493787,74.96319653515235,0.30384852924149075,0.6125749893183157,0.0017866023133586149,270.14842196492685,-34.79812533648335,0.05
SPOT,2026-03-11,1.769863,646,580.0,1.093803,530.260009765625,94.5299634631975,95.14939407254906,0.3396633595018726,0.5883699879376498,0.0016239394757894673,274.49595202222383,-37.21290861534249,0.05
SPOT,2026-03-11,1.769863,646,590.0,1.112662,530.260009765625,74.8000021907211,84.57252659964126,0.2818780477959216,0.5551964789094024,0.0019870398800681025,278.7309808464835,-33.17603340885925,0.05
SPOT,2026-03-11,1.769863,646,600.0,1.13152,530.260009765625,98.88000023856284,117.80561844705153,0.3813946552072353,0.5732209010405175,0.001457734978244186,276.67542255926315,-40.06473674312426,0.05
SPOT,2026-03-11,1.769863,646,610.0,1.150379,530.260009765625,137.00000010566524,165.07871211372242,0.5324435643717735,0.6107704248297016,0.0010209197766595066,270.5095509109352,-50.0332484871382,0.05
SPOT,2026-03-11,1.769863,646,620.0,1.169238,530.260009765625,78.14999998709311,115.38180579471896,0.3310044880418341,0.5263420679610707,0.0017047839804743086,280.8152200174662,-36.30681216473104,0.05
SPOT,2026-03-11,1.769863,646,630.0,1.188096,530.260009765625,94.97499998066127,141.35989958785564,0.40228682416809486,0.5441530424554164,0.0013971556686966846,279.70357050105116,-41.46645054394254,0.05
SPOT,2026-03-11,1.769863,646,640.0,1.206955,530.260009765625,81.76999992520172,137.3079933319646,0.3660399000135064,0.5155290357521676,0.0015438096404102658,281.21571156826525,-38.65998659182029,0.05
SPOT,2026-03-11,1.769863,646,650.0,1.225814,530.260009765625,75.22499990731765,139.91608711364916,0.3532343782841901,0.496014432919532,0.001600909293304715,281.41490414605465,-37.47238108303694,0.05
SPOT,2026-03-11,1.769863,646,660.0,1.244672,530.260009765625,58.59995464911708,132.44413565501713,0.3040693849242472,0.45222457104884817,0.0018465008421821318,279.40849765845746,-33.06156865462265,0.05
SPOT,2026-03-11,1.769863,646,670.0,1.263531,530.260009765625,66.74997082491689,149.74724563038546,0.34287486089498803,0.46385752181517204,0.001642587713218839,280.27323017875926,-36.10936711755521,0.05
SPOT,2026-03-11,1.769863,646,680.0,1.28239,530.260009765625,63.15003680859982,155.300405413637,0.3393792584902443,0.4486226206730318,0.0016525117521074498,279.0919163198826,-35.495400182223946,0.05
SPOT,2026-03-11,1.769863,646,690.0,1.301248,530.260009765625,61.10000000107783,162.40346240568357,0.34107058122195977,0.4370585854934256,0.0016374069226289603,277.9190316889543,-35.31164476131519,0.05
SPOT,2026-03-11,1.769863,646,700.0,1.320107,530.260009765625,87.99999756868405,198.45655377285834,0.44593530593253167,0.4910948140081378,0.001267859967742561,281.3588316305506,-44.06603213488975,0.05
SPOT,2026-03-11,1.769863,646,720.0,1.357824,530.260009765625,94.14999908396689,222.91274288727834,0.48482312301931074,0.494195737273769,0.0011663316754713326,281.3991619584739,-46.93730961576285,0.05
SPOT,2026-03-11,1.769863,646,740.0,1.395542,530.260009765625,46.88999241753717,193.95892381998578,0.3298848800066165,0.3675520126362313,0.0016189396981576107,265.77277288676765,-32.16910911440239,0.05
SPOT,2026-03-11,1.769863,646,760.0,1.433259,530.260009765625,61.03999386910823,226.41511287069386,0.397237765415533,0.40151317477239185,0.0013800368737276107,272.8089570821139,-38.208688872885865,0.05
SPOT,2026-03-11,1.769863,646,780.0,1.470976,530.260009765625,64.8099932972226,248.4912998979454,0.4253790668994399,0.4041453386052107,0.0012908974840465648,273.2657944855605,-40.31374309765354,0.05
SPOT,2026-03-11,1.769863,646,800.0,1.508694,530.260009765625,46.04999701993563,248.03749121979558,0.368551885836515,0.3397633656695533,0.00140894674753822,258.4107765323385,-33.611056134153365,0.05
SPOT,2026-03-11,1.769863,646,820.0,1.546411,530.260009765625,52.949993668576866,273.2436754675739,0.40780575969815913,0.3560079438663501,0.0012954091857835684,262.8922189630311,-37.07870039996149,0.05
SPOT,2026-03-11,1.769863,646,840.0,1.584129,530.260009765625,31.449988829324823,270.04985822745897,0.3337171266307081,0.26931396897288384,0.0014027231385134364,232.95276037564204,-27.53006570261454,0.05
SPOT,2026-03-11,1.769863,646,860.0,1.621846,530.260009765625,29.999999953829345,286.90605695110065,0.33854353493112527,0.2572027860941859,0.0013506057970257938,227.5414590559029,-27.081548718399304,0.05
SPOT,2026-03-11,1.769863,646,880.0,1.659563,530.260009765625,38.10999973813193,313.3222443345403,0.38401486213048036,0.28675877967966956,0.0012569096750539698,240.1980661071473,-31.75574430310355,0.05
SPOT,2026-03-11,1.769863,646,900.0,1.697281,530.260009765625,18.139991480381752,311.6584236759272,0.3021717863742166,0.1854301678328245,0.0012540369570839464,188.5739299837642,-20.107087854790276,0.05
SPOT,2026-03-11,1.769863,646,920.0,1.734998,530.260009765625,55.97499926331726,367.79961905799996,0.4767178869420323,0.34010607233433987,0.0010896810443944036,258.5105359628273,-41.03377484127522,0.05
SPOT,2026-03-11,1.769863,646,940.0,1.772715,530.260009765625,36.624999969445895,366.7558073632656,0.40831728241676113,0.2678163342603695,0.0011432347724310385,232.3007394070464,-32.065903623906834,0.05
SPOT,2026-03-11,1.865753,681,270.0,0.509184,530.260009765625,301.5285280952885,17.22000006584136,0.5170888279977047,0.9251838679342392,0.0003772525417201668,102.33620968806983,-23.63408437526899,0.05
SPOT,2026-03-11,1.865753,681,280.0,0.528043,530.260009765625,295.99920114765735,20.799987256587173,0.5296666550941114,0.915174446763967,0.0004049921634138755,112.53335092629268,-25.437544126236357,0.05
SPOT,2026-03-11,1.865753,681,290.0,0.546902,530.260009765625,286.7898884032681,20.69998865057488,0.5083206526954616,0.9116021159007104,0.00043521380943583986,116.057288766406,-25.63959678812469,0.05
SPOT,2026-03-11,1.865753,681,300.0,0.56576,530.260009765625,283.4405796232603,26.45999400894408,0.534909983483342,0.8984135794184688,0.00045820627254791475,128.58009198195347,-28.07951438217551,0.05
SPOT,2026-03-11,1.865753,681,310.0,0.584619,530.260009765625,277.9212729179741,30.050001442034784,0.5410729521742547,0.8891599230776501,0.0004824331954653605,136.93832334561168,-29.534454350564392,0.05
SPOT,2026-03-11,1.865753,681,320.0,0.603478,530.260009765625,271.46195734234027,32.70000000477796,0.5390902910913106,0.8811466190094319,0.000508860034301861,143.9102910860916,-30.579443210748472,0.05
SPOT,2026-03-11,1.865753,681,330.0,0.622336,530.260009765625,265.10264355727975,35.45000035809437,0.537030207313409,0.8729607416650654,0.0005352340659646387,150.79066638299506,-31.591135373381498,0.05
SPOT,2026-03-11,1.865753,681,340.0,0.641195,530.260009765625,274.54332156379246,53.999992502984014,0.6317191680425642,0.8541950336658377,0.000499993745883663,165.69928148548672,-36.97188808110626,0.05
SPOT,2026-03-11,1.865753,681,350.0,0.660054,530.260009765625,249.08401188758566,37.64999696515423,0.510652493738126,0.8595039138256688,0.0006032282147930035,161.5991611715368,-32.4484896057436,0.05
SPOT,2026-03-11,1.865753,681,360.0,0.678912,530.260009765625,244.55469112797056,42.22999034391603,0.5183807021459993,0.8491307897030596,0.0006233884207987333,169.5272648539768,-33.835987698962654,0.05
SPOT,2026-03-11,1.865753,681,370.0,0.697771,530.260009765625,238.91537434977965,45.699987704102114,0.5184229134072187,0.8398871048266261,0.0006482808287231181,176.31098243552677,-34.81726379705734,0.05
SPOT,2026-03-11,1.865753,681,380.0,0.71663,530.260009765625,241.95606903229475,57.84999652499414,0.5647654068707358,0.8260226699888524,0.0006278276965891371,186.0118261649525,-37.955517873883345,0.05
SPOT,2026-03-11,1.865753,681,390.0,0.735488,530.260009765625,223.94674774992873,48.94998938100508,0.4968139466188318,0.8236834302073162,0.0007197703602035816,187.59434217768805,-35.61734905950118,0.05
SPOT,2026-03-11,1.865753,681,400.0,0.754347,530.260009765625,223.95744162690306,58.06999739635637,0.5245117136948184,0.81108629868376,0.0007117879963100884,195.85643704341265,-37.836623325710015,0.05
SPOT,2026-03-11,1.865753,681,410.0,0.773206,530.260009765625,220.97813010163873,64.20000000946902,0.5349664035835057,0.8009502858685272,0.0007204626960212374,202.19481107179067,-39.17428960771189,0.05
SPOT,2026-03-11,1.865753,681,420.0,0.792064,530.260009765625,205.52881414092514,57.85999818713236,0.48402257553524436,0.7951051085635849,0.0008102076288770352,205.72825616214314,-37.48967991859585,0.05
SPOT,2026-03-11,1.865753,681,430.0,0.810923,530.260009765625,202.0995018201378,63.540000004722,0.4918162512035268,0.784281825059937,0.0008218396597700136,212.04203759084996,-38.63603719736639,0.05
SPOT,2026-03-11,1.865753,681,440.0,0.829782,530.260009765625,210.05019225707727,80.60000458003839,0.5507553112835821,0.7728250888850074,0.0007559293161086109,218.4096790771648,-42.223787175357245,0.05
SPOT,2026-03-11,1.865753,681,450.0,0.84864,530.260009765625,191.79083832853482,71.44996478987298,0.48907130419434325,0.7640336432004593,0.000869480157211121,223.08165377228968,-39.90556063526357,0.05
SPOT,2026-03-11,1.865753,681,460.0,0.867499,530.260009765625,195.83155816846568,84.59999876818074,0.5272732756860813,0.7539568028746879,0.0008250367158036594,228.2133438822068,-42.44531929561128,0.05
SPOT,2026-03-11,1.865753,681,470.0,0.886358,530.260009765625,180.15224640187145,78.03000113996353,0.47880664040823145,0.7434758393515613,0.0009288135913549648,233.30321582470071,-40.64036126269745,0.05
SPOT,2026-03-11,1.865753,681,480.0,0.905216,530.260009765625,178.16292988294683,85.14999875941584,0.4893362936714815,0.7332766152481572,0.0009271975617832359,238.01904456176632,-41.74617222470275,0.05
SPOT,2026-03-11,1.865753,681,490.0,0.924075,530.260009765625,168.60361611814741,84.69999913299341,0.4678042329310034,0.7220895958746101,0.0009898777215291386,242.9280676552791,-41.16951058845316,0.05
SPOT,2026-03-11,1.865753,681,500.0,0.942934,530.260009765625,169.394302414957,94.5999995681799,0.48846960855121013,0.7127683487056509,0.0009631550352801849,246.8117014529146,-42.736580258290076,0.05
SPOT,2026-03-11,1.865753,681,520.0,0.980651,530.260009765625,157.54567453733185,100.96999996730864,0.47388064423654536,0.6907402614057662,0.0010267922560897598,255.26046336056885,-42.85297423395303,0.05
SPOT,2026-03-11,1.865753,681,540.0,1.018368,530.260009765625,162.50000003672608,124.14295374345681,0.5228090503776386,0.678032565325058,0.0009468064482345169,259.67868457078174,-46.234397092415705,0.05
SPOT,2026-03-11,1.865753,681,550.0,1.037227,530.260009765625,151.92000005275497,122.6722678978627,0.4963313128402646,0.6637299802503119,0.0010149159010640627,264.2613993070728,-45.15113602398278,0.05
SPOT,2026-03-11,1.865753,681,560.0,1.056086,530.260009765625,147.42000006521064,127.28158204869527,0.4929267774701943,0.6532670475312548,0.001033893716846934,267.3562281772382,-45.266449177660434,0.05
SPOT,2026-03-11,1.865753,681,570.0,1.074944,530.260009765625,144.00000000220513,132.97089612406677,0.4932499845631493,0.6435889162045165,0.0010435399782880656,270.02760868596295,-45.557127098834464,0.05
SPOT,2026-03-11,1.865753,681,580.0,1.093803,530.260009765625,138.05000022372425,136.13021048396286,0.48396161628757267,0.6315700631020676,0.0010756375776715748,273.09194017466376,-45.26125726138599,0.05
SPOT,2026-03-11,1.865753,681,590.0,1.112662,530.260009765625,77.20000259948173,84.38952699809727,0.2792427041419593,0.5617486989431714,0.0019488033549079841,285.48405183834177,-32.397489653458344,0.05
SPOT,2026-03-11,1.865753,681,600.0,1.13152,530.260009765625,107.4499590889545,123.74879762594708,0.3982715353888647,0.585644079920189,0.0013509844303761388,282.26797701006655,-40.28173574397815,0.05
SPOT,2026-03-11,1.865753,681,610.0,1.150379,530.260009765625,104.20000300560105,129.60815568097053,0.398562559021449,0.5738683225804433,0.0013582084989805585,283.98469884380825,-40.337400428585994,0.05
SPOT,2026-03-11,1.865753,681,620.0,1.169238,530.260009765625,64.49996972468244,99.01743653842885,0.27173723018068413,0.5062555198405035,0.0020267096146469724,288.9167165034554,-31.236958857665964,0.05
SPOT,2026-03-11,1.865753,681,630.0,1.188096,530.260009765625,84.6499999738983,128.27678092602162,0.3526676799120663,0.5305801501862892,0.0015572201331880572,288.1029261157887,-37.06360845123378,0.05
SPOT,2026-03-11,1.865753,681,640.0,1.206955,530.260009765625,111.21999999178894,163.95609508228932,0.45584287259978484,0.5631851737880839,0.0011931244907110528,285.3204678579445,-44.22562975218496,0.05
SPOT,2026-03-11,1.865753,681,650.0,1.225814,530.260009765625,91.99999985462799,153.84540908350527,0.3990122510316254,0.5279435670928971,0.0013770215178463862,288.2431235538211,-40.219377027348564,0.05
SPOT,2026-03-11,1.865753,681,660.0,1.244672,530.260009765625,110.9999998848904,181.95472325214462,0.47493144040044266,0.5520223461819738,0.0011498723102813077,286.4920237113044,-45.54934095828651,0.05
SPOT,2026-03-11,1.865753,681,670.0,1.263531,530.260009765625,49.770000001518866,129.83403750715001,0.27160557925884166,0.423265259125373,0.001990310982222934,283.5904649707997,-29.375260851741736,0.05
SPOT,2026-03-11,1.865753,681,680.0,1.28239,530.260009765625,115.8499995888067,205.02335123281478,0.5104679786007738,0.5500171835399014,0.001070518728725556,286.6782682225408,-48.00752714815224,0.05
SPOT,2026-03-11,1.865753,681,690.0,1.301248,530.260009765625,96.21999946821592,194.50266525060107,0.4512139899355529,0.5128735115478601,0.0012200715975423078,288.80178430090393,-43.7087415103765,0.05
SPOT,2026-03-11,1.865753,681,700.0,1.320107,530.260009765625,68.4000000005502,175.7919799213123,0.36343184278243634,0.45093508052325254,0.0015040762954632375,286.76413980659555,-36.46516860144043,0.05
SPOT,2026-03-11,1.865753,681,710.0,1.338966,530.260009765625,77.20006769270975,193.70136175184876,0.40245898655510065,0.4655654236136653,0.001363485773819289,287.8751907083732,-39.53210449752114,0.05
SPOT,2026-03-11,1.865753,681,720.0,1.357824,530.260009765625,74.47500000085572,200.0856081983717,0.4011599156104124,0.4546174075185779,0.0013641254257800452,287.08059221784544,-39.19244925954657,0.05
SPOT,2026-03-11,1.865753,681,730.0,1.376683,530.260009765625,69.50000000536826,204.21992234126128,0.3917212105889193,0.43818301286137423,0.0013891881366952926,285.47636112433844,-38.11090781955771,0.05
SPOT,2026-03-11,1.865753,681,740.0,1.395542,530.260009765625,70.15000000912337,213.97923648339327,0.4017124070543283,0.43524885918632733,0.0013530304593886277,285.13781497380654,-38.72853828784727,0.05
SPOT,2026-03-11,1.865753,681,750.0,1.4144,530.260009765625,37.499994907172436,190.4385455198193,0.29085956000164614,0.3302524250188425,0.001719573131560583,262.38318034614315,-27.33295034762378,0.05
SPOT,2026-03-11,1.865753,681,760.0,1.433259,530.260009765625,39.32999440566732,201.3778591566911,0.30474723077251625,0.33269526831063323,0.0016460339073709437,263.15434400257135,-28.34571743611126,0.05
SPOT,2026-03-11,1.865753,681,770.0,1.452118,530.260009765625,38.04999720979046,209.20717609919132,0.3066110545542974,0.3232864566314264,0.0016171542060391141,260.1185005883381,-28.04225288685258,0.05
SPOT,2026-03-11,1.865753,681,780.0,1.470976,530.260009765625,51.83998596434239,232.10647899212017,0.3649515453143949,0.3677591688030869,0.001425546216585869,272.928260444014,-33.851527843718586,0.05
SPOT,2026-03-11,1.865753,681,790.0,1.489835,530.260009765625,79.10000002527073,268.4758071914254,0.46900642950217203,0.43787027203717904,0.0011601271899382454,285.44103031297703,-43.53082789077891,0.05
SPOT,2026-03-11,1.865753,681,800.0,1.508694,530.260009765625,77.19999665876699,275.6851179632986,0.46904823714163946,0.4301731511777345,0.0011562594598045301,284.5147624992198,-43.30852103422838,0.05
SPOT,2026-03-11,1.865753,681,810.0,1.527552,530.260009765625,47.14999280913449,254.74442825204312,0.3669472797958116,0.34144052535820546,0.0013808559081181894,265.81778417935294,-32.83498555502326,0.05
SPOT,2026-03-11,1.865753,681,820.0,1.546411,530.260009765625,37.50000001494618,254.20374959623177,0.33585603910348566,0.30239145068528317,0.0014344311277806252,252.7346927123638,-28.889810248688768,0.05
SPOT,2026-03-11,1.865753,681,840.0,1.584129,530.260009765625,49.99999378064874,284.9223716386882,0.3957947631331494,0.3416145508228029,0.0012804601464354913,265.8692484489239,-34.75753875110366,0.05
SPOT,2026-03-11,1.865753,681,860.0,1.621846,530.260009765625,49.62499680470398,302.7660029394974,0.40588515419924054,0.3347816905901563,0.0012389263930449364,263.80357093297977,-35.0893788638607,0.05
SPOT,2026-03-11,1.865753,681,880.0,1.659563,530.260009765625,35.239998817060254,306.59963322860756,0.36006628221206755,0.27613499766664873,0.001282037785250091,242.16717647207764,-28.92673401026017,0.05
SPOT,2026-03-11,1.865753,681,900.0,1.697281,530.260009765625,61.99998683069856,351.5782495189998,0.4740152839927678,0.36344948653286907,0.0010932375176174963,271.855967685033,-41.07014409182052,0.05
SPOT,2026-03-11,1.865753,681,920.0,1.734998,530.260009765625,45.930000000259255,353.7268909653144,0.42349217996808874,0.3078186853966497,0.0011466142979028211,254.73859352873035,-34.775216660948175,0.05
SPOT,2026-03-11,1.865753,681,940.0,1.772715,530.260009765625,40.59999916616893,366.615518407978,0.41196949326318194,0.28424985389230745,0.0011363520187838505,245.5895840479083,-32.620139625153854,0.05
DIS,2026-03-11,0.005479,2,70.0,0.69088,101.31999969482422,31.999999999068592,0.6608248489472288,3.40040281959831,0.9447616132478813,0.004376810139917811,0.8371736806142762,-262.95006896329744,0.05
DIS,2026-03-11,0.005479,2,75.0,0.740229,101.31999969482422,26.370544820169556,0.029999994669836383,1.6967728256885592,0.9930500029044582,0.0015216262646014862,0.14523095293546398,-26.198448071617392,0.05
DIS,2026-03-11,0.005479,2,80.0,0.789578,101.31999969482422,21.37191453368466,0.030000032806569266,1.367951412199856,0.9914952564737134,0.002254428213504466,0.17347407235400883,-25.60831855840886,0.05
DIS,2026-03-11,0.005479,2,85.0,0.838926,101.31999969482422,16.353284153125458,0.009999976868996896,0.9224539630062158,0.9954765549952916,0.0019114315647699239,0.09918156238622226,-12.573921311589213,0.05
DIS,2026-03-11,0.005479,2,89.0,0.878405,101.31999969482422,12.384379916797528,0.04000000023837913,0.8422058692059637,0.9827915604537097,0.006744328630984221,0.3195100170959033,-28.914358599151825,0.05
DIS,2026-03-11,0.005479,2,90.0,0.888275,101.31999969482422,11.384653851637651,0.04000000000282,0.7795650133630905,0.9815408200353891,0.007735655599510059,0.3392164906886638,-28.53352245056313,0.05
DIS,2026-03-11,0.005479,2,91.0,0.898144,101.31999969482422,10.384927785569332,0.03999999885883199,0.717038349677035,0.9800900646577541,0.00896889381750087,0.3617501810298688,-28.115113556416325,0.05
DIS,2026-03-11,0.005479,2,92.0,0.908014,101.31999969482422,9.39520170761412,0.04999998582795229,0.6785556161395205,0.9745117453871222,0.01167178478239245,0.44550256731438553,-32.051833453217874,0.05
DIS,2026-03-11,0.005479,2,93.0,0.917884,101.31999969482422,8.395475690852948,0.05000003399109687,0.6142658441377165,0.9721371720670761,0.01388926498362745,0.47991367117576406,-31.405078205159043,0.05
DIS,2026-03-11,0.005479,2,94.0,0.927754,101.31999969482422,7.4057495903048505,0.059999998367331386,0.5679287055498469,0.9649522283247389,0.018161003611889312,0.5801778655681699,-34.585004850952224,0.05
DIS,2026-03-11,0.005479,2,95.0,0.937623,101.31999969482422,6.466023540512225,0.12000001349903755,0.5782966763787667,0.9372852975669788,0.028431181454004372,0.9248538190403459,-53.22912606010763,0.05
DIS,2026-03-11,0.005479,2,96.0,0.947493,101.31999969482422,5.506297432925081,0.15999997083621054,0.5408222712956705,0.9152984176033709,0.03826226218216807,1.1639992536213097,-61.80498760982328,0.05
DIS,2026-03-11,0.005479,2,97.0,0.957363,101.31999969482422,4.556571083456362,0.2099996862918232,0.4983747977466246,0.886280972047985,0.051516642859635454,1.4442125586502055,-69.94009252781305,0.05
DIS,2026-03-11,0.005479,2,98.0,0.967233,101.31999969482422,3.6868453765910374,0.3400000443508304,0.4869226466609887,0.8289328628981899,0.06957109545183948,1.9055322638471226,-88.68105330740828,0.05
DIS,2026-03-11,0.005479,2,99.0,0.977102,101.31999969482422,2.7971194823903147,0.4500002150744251,0.4396955531726331,0.7692514599905359,0.09224518424481787,2.2815146767882797,-95.29660394217842,0.05
DIS,2026-03-11,0.005479,2,100.0,0.986972,101.31999969482422,2.027393202218434,0.679999999826876,0.4168462588980636,0.673391321268344,0.11535471760390999,2.704822430779288,-106.19395966507889,0.05
DIS,2026-03-11,0.005479,2,101.0,0.996842,101.31999969482422,1.3276671331976502,0.9799999957304095,0.38349679986255725,0.5538036353752886,0.13743925746576574,2.9648316302501123,-106.49074996451479,0.05
DIS,2026-03-11,0.005479,2,102.0,1.006711,101.31999969482422,0.890000135555141,1.542059063012232,0.3956744090561761,0.4190285629416094,0.13165517208081123,2.930241253554118,-107.8755084074655,0.05
DIS,2026-03-11,0.005479,2,103.0,1.016581,101.31999969482422,0.5299994317176235,2.1817844240990496,0.3898620219730219,0.29255885306600427,0.11754879442717316,2.5778438154543,-93.16216362649165,0.05
DIS,2026-03-11,0.005479,2,104.0,1.026451,101.31999969482422,0.21999993933853546,2.8715109966442753,0.3484992846910437,0.16145437431279352,0.09364048598661581,1.8356633658875028,-59.18205036835113,0.05
DIS,2026-03-11,0.005479,2,105.0,1.036321,101.31999969482422,0.13000000155550318,3.781237123785573,0.3695261626605715,0.10017040165185864,0.06340214082064811,1.3178822398449381,-44.938980235380285,0.05
DIS,2026-03-11,0.005479,2,106.0,1.04619,101.31999969482422,0.06999992745517147,4.7209631146095745,0.3817975760705431,0.05775328803632726,0.04037314900633626,0.8670682472799036,-30.49689381274016,0.05
DIS,2026-03-11,0.005479,2,107.0,1.05606,101.31999969482422,0.03000000000178238,5.680689252080498,0.38004030238611036,0.02773977974834236,0.022366830703664544,0.47814717735819895,-16.720541529261837,0.05
DIS,2026-03-11,0.005479,2,108.0,1.06593,101.31999969482422,0.02000000002653546,6.670415317029594,0.4075491094212207,0.018209433061081227,0.014626137855172647,0.3353027394985217,-12.56077436191528,0.05
DIS,2026-03-11,0.005479,2,109.0,1.075799,101.31999969482422,0.020000000588965783,7.6701413825163485,0.45730392688390015,0.016447074626924903,0.011949329050324111,0.30738023765948813,-12.908985692476966,0.05
DIS,2026-03-11,0.005479,2,110.0,1.085669,101.31999969482422,0.009999958971964928,8.659867405823661,0.46226037350932214,0.008726467769289207,0.006823773217151602,0.17743477562282023,-7.528130528468937,0.05
DIS,2026-03-11,0.005479,2,111.0,1.095539,101.31999969482422,0.02000000002673863,9.669593511802773,0.5533885309105903,0.01389188977679581,0.008541066386065598,0.2658702490291537,-13.494947433626633,0.05
DIS,2026-03-11,0.005479,2,112.0,1.105409,101.31999969482422,0.01000000180335725,10.659319578503727,0.5500818293995944,0.007465332699279585,0.004999214414199925,0.15468797493643718,-7.801877162073269,0.05
DIS,2026-03-11,0.005479,2,113.0,1.115278,101.31999969482422,0.019999997662693225,11.669045639287376,0.6455997701707864,0.012117373917073414,0.006505231252100615,0.23624008906198343,-13.977521548519125,0.05
DIS,2026-03-11,0.005479,2,114.0,1.125148,101.31999969482422,0.00999999950771635,12.658771706056726,0.6347453078784226,0.006564555076738896,0.0038675640474085987,0.13809072331237865,-8.03104106586458,0.05
DIS,2026-03-11,0.005479,2,115.0,1.135018,101.31999969482422,0.03000000055144514,13.678497772024784,0.7749904141858577,0.014844599166186492,0.0064573121837785625,0.28149818875981614,-19.980656547454718,0.05
DIS,2026-03-11,0.005479,2,116.0,1.144887,101.31999969482422,0.010000014622040032,14.658223851019699,0.7166559352620337,0.005886254560102986,0.003110120505822596,0.12537628855295666,-8.228283861380474,0.05
DIS,2026-03-11,0.005479,2,117.0,1.154757,101.31999969482422,0.03000002755468878,15.677949928876686,0.8645701450316391,0.013481233904517139,0.005327193075573775,0.25907539131027096,-20.505778367708366,0.05
DIS,2026-03-11,0.005479,2,118.0,1.164627,101.31999969482422,0.049999999856592314,16.69767596610292,0.9752259737943171,0.019168534600007562,0.006385258285635676,0.3502766759735908,-31.265508554668386,0.05
DIS,2026-03-11,0.005479,2,119.0,1.174497,101.31999969482422,0.009999997592159748,17.657402028762803,0.8349884708549806,0.005130849386580987,0.002362685979900127,0.1109721433019632,-8.480759880227069,0.05
DIS,2026-03-11,0.005479,2,120.0,1.184366,101.31999969482422,0.010000010294639927,18.65712810638962,0.8733351273516267,0.004927940315992701,0.0021792119627564613,0.10705523123122657,-8.555892272640417,0.05
DIS,2026-03-11,0.005479,2,121.0,1.194236,101.31999969482422,0.0900000893727193,19.736854250392014,1.2120735476625344,0.02677245866110976,0.006808421823618093,0.4641976304593046,-51.47218154572085,0.05
DIS,2026-03-11,0.005479,2,122.0,1.204106,101.31999969482422,0.00999999938033036,20.65658022532395,0.9485155450667607,0.004575527476199697,0.0018780087726896196,0.10020042424798511,-8.69523109911731,0.05
DIS,2026-03-11,0.005479,2,123.0,1.213976,101.31999969482422,1.4799999962246293,23.12630628709259,2.4519958924571537,0.1645243308167499,0.013472984639094101,1.8582795336897577,-416.5395380151548,0.05
DIS,2026-03-11,0.005479,2,125.0,1.233715,101.31999969482422,0.14999999914962725,23.79575841986623,1.514288373470305,0.03474455148233785,0.006762811522533676,0.5760542202459646,-79.7670048962076,0.05
DIS,2026-03-11,0.005479,2,130.0,1.283064,101.31999969482422,0.019999985264488984,28.664388730602724,1.3250860104434474,0.006400210679145098,0.00181155883790495,0.13502805249783728,-16.35821870157523,0.05
DIS,2026-03-11,0.005479,2,135.0,1.332412,101.31999969482422,0.11999999943625284,33.76301906939614,1.886822570723514,0.023683750034686604,0.003946663456840973,0.4188790578469028,-72.233461420683,0.05
DIS,2026-03-11,0.005479,2,140.0,1.381761,101.31999969482422,0.05999999867931072,38.70164939326081,1.8931113760471285,0.012693353539556779,0.0023094975605842403,0.2459354669600886,-42.54577429155284,0.05
DIS,2026-03-11,0.005479,2,145.0,1.431109,101.31999969482422,0.14000000011832503,43.780279719321456,2.3208713880509904,0.022806334108621203,0.0031082022426318972,0.40577738105660976,-86.0438735053855,0.05
DIS,2026-03-11,0.005479,2,150.0,1.480458,101.31999969482422,0.14999999139834452,48.788910035223125,2.5263558248328577,0.022585273679718458,0.0028320471495878767,0.4024597833503651,-92.88595838249195,0.05
DIS,2026-03-11,0.024658,9,55.0,0.542835,101.31999969482422,46.41776609842637,0.029999966838616388,1.5259104797908964,0.9962604974109744,0.00045941327383248754,0.17744860905255508,-8.21679528447363,0.05
DIS,2026-03-11,0.024658,9,60.0,0.592183,101.31999969482422,41.44392671702747,0.05000000027939677,1.4072428367982774,0.9935604872918806,0.0008084883973321484,0.2879936041878233,-11.179296735165263,0.05
DIS,2026-03-11,0.024658,9,65.0,0.641532,101.31999969482422,36.43008734730685,0.030000045398452357,1.1390113807074604,0.9950340341159343,0.0007930859485815651,0.22865901242114248,-8.500588276999,0.05
DIS,2026-03-11,0.024658,9,70.0,0.69088,101.31999969482422,31.476247931357264,0.07000004428854822,1.075767721858951,0.9887208450182357,0.001729330525759549,0.47090849115176686,-13.70752941568483,0.05
DIS,2026-03-11,0.024658,9,75.0,0.740229,101.31999969482422,26.542408472231102,0.13000000000205603,0.9856852171017583,0.978757550647705,0.003249161361514195,0.810680128893079,-19.83473908412065,0.05
DIS,2026-03-11,0.024658,9,80.0,0.789578,101.31999969482422,21.458569160512496,0.04000010312313407,0.6718025735176619,0.9893893169699005,0.002625836852757664,0.4465287300452917,-10.022228348192016,0.05
DIS,2026-03-11,0.024658,9,85.0,0.838926,101.31999969482422,16.474729635398035,0.0499999928483561,0.5355841198886258,0.9840258323145057,0.004690940429107934,0.6359567980781733,-11.06811904332305,0.05
DIS,2026-03-11,0.024658,9,89.0,0.878405,101.31999969482422,12.61965811070796,0.19000000003002526,0.5267117754022169,0.9477898312059414,0.012738410315844068,1.6983541866021465,-22.309867550656037,0.05
DIS,2026-03-11,0.024658,9,90.0,0.888275,101.31999969482422,11.580890227870725,0.15000000016071624,0.4666492069328207,0.9525670758705501,0.013318378623204554,1.5731925960589388,-19.13316657019685,0.05
DIS,2026-03-11,0.024658,9,92.0,0.908014,101.31999969482422,9.763354683398873,0.3300002216247435,0.4787119930716574,0.9094974002157368,0.021409820213340296,2.594342635257957,-29.303188902379382,0.05
DIS,2026-03-11,0.024658,9,93.0,0.917884,101.31999969482422,8.654586662829246,0.22000008402305582,0.39503129414605037,0.9239585746131428,0.02276086141796802,2.2759368137662372,-22.479110719633624,0.05
DIS,2026-03-11,0.024658,9,94.0,0.927754,101.31999969482422,7.71581869628065,0.28000000044238504,0.38078602812475126,0.9039929493815576,0.028116005559778584,2.7100333158443766,-25.11934456548896,0.05
DIS,2026-03-11,0.024658,9,95.0,0.937623,101.31999969482422,6.8670508134383255,0.4300000005680005,0.3884442699284531,0.8657721079626856,0.03499358092923751,3.4407816274249763,-31.1449515087031,0.05
DIS,2026-03-11,0.024658,9,96.0,0.947493,101.31999969482422,6.008282978027125,0.57000004812474,0.3813895615906834,0.8292310237498463,0.04182433358493267,4.037735227324067,-35.12723547595454,0.05
DIS,2026-03-11,0.024658,9,97.0,0.957363,101.31999969482422,5.099514946092796,0.6599998991583362,0.35514527340747737,0.7971041709504956,0.04997632511652997,4.492730437976783,-36.137808004211976,0.05
DIS,2026-03-11,0.024658,9,98.0,0.967233,101.31999969482422,4.410747163991871,0.970000000025351,0.36727628043391847,0.7349641234840284,0.05605779541691711,5.211573899263977,-42.31623138453254,0.05
DIS,2026-03-11,0.024658,9,99.0,0.977102,101.31999969482422,3.6419792806057103,1.1999999996071296,0.3524393036978555,0.6802881660341409,0.06375182534107399,5.687441768944134,-43.910600661223924,0.05
DIS,2026-03-11,0.024658,9,100.0,0.986972,101.31999969482422,2.8632113982743377,1.4200000002436894,0.3271985072099803,0.6197858235213087,0.07315423010586687,6.058857833877303,-43.19633951949828,0.05
DIS,2026-03-11,0.024658,9,101.0,0.996842,101.31999969482422,2.1844435148278976,1.739999999765189,0.30859013509394856,0.5457583410388517,0.0807213950557106,6.3053718290395775,-42.11159366926876,0.05
DIS,2026-03-11,0.024658,9,102.0,1.006711,101.31999969482422,1.6899999976748674,2.2443243655800984,0.307149088021585,0.464537045656614,0.08131495570610109,6.322075303951772,-41.644632297690436,0.05
DIS,2026-03-11,0.024658,9,103.0,1.016581,101.31999969482422,1.2200000056819604,2.773092256555117,0.2965091203156825,0.380775567302876,0.08076206232304249,6.0615746979675,-38.313506030033324,0.05
DIS,2026-03-11,0.024658,9,104.0,1.026451,101.31999969482422,0.9299999007362594,3.481860034577366,0.30274378172114996,0.3087247729920256,0.07311280186693542,5.602845717432583,-35.91320780172596,0.05
DIS,2026-03-11,0.024658,9,105.0,1.036321,101.31999969482422,0.649998786409185,4.2006268032182135,0.29841443377262356,0.23835116132287004,0.0652314929329313,4.927392386835145,-30.99153305802232,0.05
DIS,2026-03-11,0.024658,9,106.0,1.04619,101.31999969482422,0.5100000078091469,5.059395907586108,0.3113607093702492,0.19108425931193274,0.054971516843901475,4.332529548786332,-28.296838848387665,0.05
DIS,2026-03-11,0.024658,9,107.0,1.05606,101.31999969482422,0.2999999798043227,5.848163762549234,0.29536515923962725,0.13002671121362236,0.045023109048892514,3.3661599744110804,-20.804822404523712,0.05
DIS,2026-03-11,0.024658,9,108.0,1.06593,101.31999969482422,0.20999999822493187,6.756931663937763,0.29976868719146066,0.0956649295265733,0.035621152139023955,2.7029264791714827,-16.90426317695728,0.05
DIS,2026-03-11,0.024658,9,109.0,1.075799,101.31999969482422,0.19999997342468134,7.745699522105454,0.32773753352647306,0.08533842030006805,0.02993167691326425,2.4831172923152884,-16.924597712084896,0.05
DIS,2026-03-11,0.024658,9,110.0,1.085669,101.31999969482422,0.09000000438487366,8.634467436033589,0.30208666488328856,0.046179159689766824,0.02013622268920452,1.5397477019181403,-9.661393373868256,0.05
DIS,2026-03-11,0.024658,9,111.0,1.095539,101.31999969482422,0.11000000003523436,9.65323531465188,0.3418346081583059,0.0494613880350252,0.0188005273143215,1.626769662531106,-11.521263174730409,0.05
DIS,2026-03-11,0.024658,9,112.0,1.105409,101.31999969482422,0.04000000019800121,10.582003197782583,0.3097527026962768,0.022178969190077755,0.010723182873793669,0.8407731257517237,-5.391335770926247,0.05
DIS,2026-03-11,0.024658,9,113.0,1.115278,101.31999969482422,0.15999972555173336,11.700770806104245,0.425274260424421,0.056831608848586734,0.016871450580311004,1.8161910313608196,-15.942044701214133,0.05
DIS,2026-03-11,0.024658,9,114.0,1.125148,101.31999969482422,0.07000015209541477,12.609539115615874,0.3884450725214599,0.029888881710707724,0.01097591091599386,1.0792205213540043,-8.64872435527791,0.05
DIS,2026-03-11,0.024658,9,115.0,1.135018,101.31999969482422,0.029999983624627413,13.56830683011303,0.36296582281597756,0.014929840795347519,0.006531519595021281,0.6000949500891539,-4.490917597631872,0.05
DIS,2026-03-11,0.024658,9,116.0,1.144887,101.31999969482422,0.1399997267069084,14.677074456163226,0.49181936466679654,0.044807085386762494,0.012071747275493516,1.5028504436602215,-15.207925868240125,0.05
DIS,2026-03-11,0.024658,9,117.0,1.154757,101.31999969482422,0.060000000033686884,15.595842612457943,0.44769269887098667,0.02306968943237635,0.007669628807724719,0.8691492545678758,-8.004193160600025,0.05
DIS,2026-03-11,0.024658,9,118.0,1.164627,101.31999969482422,0.21000000288452103,16.744610498276728,0.5854649093492005,0.05498321510145775,0.011939670360883625,1.7694292874047748,-21.27458087965655,0.05
DIS,2026-03-11,0.024658,9,120.0,1.184366,101.31999969482422,0.019999998427312038,18.552146259755375,0.443166761684232,0.008679517718966372,0.003339515032857848,0.37461967905217786,-3.4094666234043745,0.05
DIS,2026-03-11,0.024658,9,125.0,1.233715,101.31999969482422,0.010000000008052845,23.535985676175798,0.49661971651333725,0.0041638765382841815,0.0015542607636068295,0.19538348238645173,-1.9881731271714607,0.05
DIS,2026-03-11,0.024658,9,130.0,1.283064,101.31999969482422,0.019999999915599642,28.539825090923017,0.6225472056969986,0.0064193892522243865,0.0018225012236276483,0.2871971469838051,-3.6570611918972085,0.05
DIS,2026-03-11,0.024658,9,135.0,1.332412,101.31999969482422,0.010000018417688328,33.5236645242648,0.6561142601841747,0.0032435373013916784,0.0009402649723586292,0.15615997802584788,-2.093568302624821,0.05
DIS,2026-03-11,0.024658,9,140.0,1.381761,101.31999969482422,0.030000054773617335,38.53750397546041,0.8184526740644739,0.00729946087642968,0.0015528482531346872,0.321708543466189,-5.374683202021634,0.05
DIS,2026-03-11,0.024658,9,145.0,1.431109,101.31999969482422,0.010000002521466878,43.51134333804792,0.800153800335263,0.002716079129273216,0.0006570472726263269,0.13307917312790601,-2.172514614211129,0.05
DIS,2026-03-11,0.024658,9,150.0,1.480458,101.31999969482422,0.009999983909530413,48.505182734275664,0.8673776259415139,0.0025274920957739136,0.0005679733185278075,0.12470278548177528,-2.205638064451414,0.05
DIS,2026-03-11,0.024658,9,155.0,1.529807,101.31999969482422,0.02000000010476427,53.50902216531058,0.995920612648316,0.0042385651877627165,0.0007874609280425153,0.19851518829670062,-4.029498087903668,0.05
DIS,2026-03-11,0.024658,9,160.0,1.579155,101.31999969482422,0.029999998392752025,58.51286157843825,1.1063933846028107,0.005608511523103647,0.0009097915513793008,0.2547953362627335,-5.743296840542438,0.05
DIS,2026-03-11,0.024658,9,165.0,1.628504,101.31999969482422,0.010000000000249504,63.48670099488541,1.0531531548393651,0.00212686988255249,0.0004001095530638058,0.10666218067291189,-2.288110189924161,0.05
DIS,2026-03-11,0.024658,9,170.0,1.677852,101.31999969482422,0.25000000042094195,68.7205404101458,1.610278678405545,0.02772327723030272,0.0024872042200427083,1.0138004811684624,-33.23144468471259,0.05
DIS,2026-03-11,0.024658,9,175.0,1.727201,101.31999969482422,0.01000000113881544,73.47437982570335,1.1657751810917687,0.0019438430898166142,0.0003331080669158738,0.09829693128957993,-2.333021111746935,0.05
DIS,2026-03-11,0.024658,9,180.0,1.77655,101.31999969482422,0.09999999960131434,78.55821923900551,1.5474600702438936,0.012597341922472726,0.001323165358028021,0.5182908934394295,-16.322294732035893,0.05
DIS,2026-03-11,0.043836,16,70.0,0.69088,101.31999969482422,31.523256354054183,0.05000001553446509,0.7730970172721642,0.9913213436267849,0.001435621822400935,0.49944943571533285,-7.850085068855255,0.05
DIS,2026-03-11,0.043836,16,75.0,0.740229,101.31999969482422,26.584203277961095,0.10000003632026733,0.7111743428354445,0.9825411520924688,0.0028588722753808402,0.9149309329876114,-11.070109635974344,0.05
DIS,2026-03-11,0.043836,16,80.0,0.789578,101.31999969482422,21.595150094609025,0.09999994984708849,0.5781347594413163,0.978845151431219,0.004140222391382899,1.077135226055693,-10.982078264438448,0.05
DIS,2026-03-11,0.043836,16,85.0,0.838926,101.31999969482422,16.676096981804506,0.16999993392145996,0.49563990369745614,0.9612595800536511,0.007985352910085777,1.7810571539142257,-14.10495159472157,0.05
DIS,2026-03-11,0.043836,16,89.0,0.878405,101.31999969482422,12.914854570393487,0.40000000001356284,0.4731008529524283,0.9162873766384538,0.015328443322388731,3.2633921254170057,-21.6064335853416,0.05
DIS,2026-03-11,0.043836,16,90.0,0.888275,101.31999969482422,12.067043474961352,0.5499995239571973,0.48344551681623404,0.8930180380794605,0.017971792302144095,3.909816777412436,-25.480581515527426,0.05
DIS,2026-03-11,0.043836,16,91.0,0.898144,101.31999969482422,11.009233319851901,0.48999998822353064,0.43598500539413526,0.8937081358179656,0.01983530017654998,3.8915965357333033,-23.32979416978591,0.05
DIS,2026-03-11,0.043836,16,92.0,0.908014,101.31999969482422,10.101422724824559,0.580000012571972,0.42545704059456974,0.8754244926134465,0.02275419653137076,4.356469697560897,-25.071207683478246,0.05
DIS,2026-03-11,0.043836,16,93.0,0.917884,101.31999969482422,9.183611857736253,0.6599997648594353,0.40950824693401083,0.8571946853526566,0.0259685657955871,4.78550853315378,-26.236255222728033,0.05
DIS,2026-03-11,0.043836,16,94.0,0.927754,101.31999969482422,7.995801519954682,0.4700000464536487,0.3353101942155958,0.8717044239576539,0.02946957357787889,4.446702624056924,-21.02326524057706,0.05
DIS,2026-03-11,0.043836,16,95.0,0.937623,101.31999969482422,7.17799118310414,0.6500003289788765,0.33888572375177456,0.8350005367425398,0.034530000877403565,5.265836141198345,-24.225856663863663,0.05
DIS,2026-03-11,0.043836,16,96.0,0.947493,101.31999969482422,6.2801791414034085,0.7499989066539285,0.32142472235785885,0.8072150249734851,0.040154941527136105,5.80812230649283,-25.069375047800413,0.05
DIS,2026-03-11,0.043836,16,97.0,0.957363,101.31999969482422,5.672369615928488,1.1400000005547923,0.34476564366695905,0.7486017820877248,0.04357846621826503,6.761038359236979,-30.0964673780078,0.05
DIS,2026-03-11,0.043836,16,98.0,0.967233,101.31999969482422,4.8545589374705,1.3199999414725738,0.328548018699716,0.7090428888834318,0.049189707532758996,7.27261455413535,-30.603412455599525,0.05
DIS,2026-03-11,0.043836,16,99.0,0.977102,101.31999969482422,4.126748137653074,1.5899997610309242,0.319422584997566,0.6600416116713831,0.05407207119757846,7.772417180423045,-31.455565869627236,0.05
DIS,2026-03-11,0.043836,16,100.0,0.986972,101.31999969482422,3.298937757267403,1.760000000021023,0.2921274978694395,0.6105768070382531,0.061887701600192066,8.135687729294299,-30.036991658186185,0.05
DIS,2026-03-11,0.043836,16,101.0,0.996842,101.31999969482422,2.961125142638714,2.419998004768118,0.3178063662582739,0.545281982285468,0.05879346501253281,8.408317971582333,-33.09431719511351,0.05
DIS,2026-03-11,0.043836,16,102.0,1.006711,101.31999969482422,2.2999991316442845,2.7566826131494793,0.2973572725251243,0.4836053833699643,0.06319108814446961,8.455744978102047,-31.01456057405333,0.05
DIS,2026-03-11,0.043836,16,103.0,1.016581,101.31999969482422,1.9000016172903713,3.3544957181713357,0.30060867775563416,0.42269772026466595,0.06138228614351297,8.303516453627621,-30.5176310064905,0.05
DIS,2026-03-11,0.043836,16,104.0,1.026451,101.31999969482422,1.720000025659374,4.172304745916122,0.3241163032050428,0.3750564162137915,0.05515359772708824,8.044373039444226,-31.5536934434284,0.05
DIS,2026-03-11,0.043836,16,105.0,1.036321,101.31999969482422,1.19999979274467,4.650115132377209,0.29800664903266855,0.30661316155815055,0.05553841826184879,7.447953194085209,-26.809925542617353,0.05
DIS,2026-03-11,0.043836,16,106.0,1.04619,101.31999969482422,0.9500000461604756,5.3979260051687845,0.29938917006313864,0.2565340973873656,0.050718764258554115,6.833170035714016,-24.586746845230884,0.05
DIS,2026-03-11,0.043836,16,107.0,1.05606,101.31999969482422,0.7200006462780095,6.165737224662095,0.296768651135697,0.20853518541342714,0.04559107104929283,6.0885698893920495,-21.63035439500881,0.05
DIS,2026-03-11,0.043836,16,108.0,1.06593,101.31999969482422,0.519999554671724,6.963546752431597,0.2913278366400917,0.1634615864310378,0.039923682321771924,5.23395582516298,-18.19431251286014,0.05
DIS,2026-03-11,0.043836,16,109.0,1.075799,101.31999969482422,0.3699994116377532,7.811357228773389,0.28724051808243595,0.12540245648436738,0.03385935532346663,4.376650469696072,-14.956171439527905,0.05
DIS,2026-03-11,0.043836,16,110.0,1.085669,101.31999969482422,0.30000035908720335,8.73916879559863,0.29515843344444465,0.10316246499347659,0.028671866053792405,3.8082779096500254,-13.328763209556142,0.05
DIS,2026-03-11,0.043836,16,111.0,1.095539,101.31999969482422,0.21999996220232365,9.656979018089515,0.29545708981379476,0.07946315952570465,0.023599195035896775,3.1376831332039736,-10.96573272503492,0.05
DIS,2026-03-11,0.043836,16,112.0,1.105409,101.31999969482422,0.19999999850071237,10.634789673763692,0.31082840777249177,0.07028071199757392,0.020425832747137277,2.8570507378904564,-10.475391276640257,0.05
DIS,2026-03-11,0.043836,16,113.0,1.115278,101.31999969482422,0.499999746525555,11.93260004116432,0.4176197927210648,0.1191955920184416,0.022473343745022,4.223439194653357,-20.697095110646053,0.05
DIS,2026-03-11,0.043836,16,114.0,1.125148,101.31999969482422,0.6400004288743535,13.070411342888889,0.4740025421829936,0.1321148188319194,0.021274299150206392,4.537884214498421,-25.171779856198494,0.05
DIS,2026-03-11,0.043836,16,115.0,1.135018,101.31999969482422,0.06000016322879942,13.488221696619107,0.29968082785836625,0.025457996631020094,0.009334406984638062,1.2588186541114896,-4.428907483054889,0.05
DIS,2026-03-11,0.043836,16,116.0,1.144887,101.31999969482422,0.19999995584857544,14.626032108614652,0.3936341138951353,0.057747576119909126,0.01384376743733996,2.452248637050368,-11.292873676418449,0.05
DIS,2026-03-11,0.043836,16,117.0,1.154757,101.31999969482422,0.8800000012023368,16.3038427733442,0.5988199213357137,0.1428704126933682,0.017764302467694292,4.7869829083822015,-33.37626169443275,0.05
DIS,2026-03-11,0.043836,16,118.0,1.164627,101.31999969482422,0.550000606285618,16.971653997803273,0.5457036070574718,0.10427365080421164,0.015628956154224202,3.8379938550969857,-24.390081160120502,0.05
DIS,2026-03-11,0.043836,16,119.0,1.174497,101.31999969482422,0.04999999785085385,17.469464008744268,0.3572147560984361,0.018586789114028102,0.006003751702428587,0.9650939461182614,-4.02391743846832,0.05
DIS,2026-03-11,0.043836,16,120.0,1.184366,101.31999969482422,0.18999999897811648,18.60727462924733,0.4656396272560191,0.04801597273533548,0.010108857770588552,2.118212355243096,-11.484002611374972,0.05
DIS,2026-03-11,0.043836,16,121.0,1.194236,101.31999969482422,0.6799999981455258,20.095085247790507,0.6446154072901354,0.10906697874266502,0.013667025955927845,3.9645342912680257,-29.66834452248034,0.05
DIS,2026-03-11,0.043836,16,122.0,1.204106,101.31999969482422,0.1899999998178714,20.60289586883863,0.5018438807903439,0.04510054629616939,0.008919705958067351,2.0143579583309505,-11.749480101702543,0.05
DIS,2026-03-11,0.043836,16,125.0,1.233715,101.31999969482422,0.040000059407576005,23.44632778655567,0.43575301454795773,0.012791780357225415,0.003571171727454474,0.7002749847605066,-3.543385390561617,0.05
DIS,2026-03-11,0.043836,16,130.0,1.283064,101.31999969482422,0.30000027473804547,28.69538109876504,0.6923041988125401,0.05133991756007181,0.007172166485941439,2.234419977337908,-17.889397109742283,0.05
DIS,2026-03-11,0.043836,16,145.0,1.431109,101.31999969482422,0.06000000087625068,43.4225401155399,0.7273971069113467,0.011814180229777716,0.0019969407284309583,0.6536634802600481,-5.480213681153966,0.05
DIS,2026-03-11,0.043836,16,150.0,1.480458,101.31999969482422,0.20000000007968888,48.55159321162225,0.9294188925439228,0.0282138577509122,0.00327949551110446,1.3716269665080594,-14.673801587659277,0.05
DIS,2026-03-11,0.060274,22,75.0,0.740229,101.31999969482422,26.61568678693483,0.06999994219228256,0.5766497466085043,0.9866802072900253,0.0023832641455052263,0.850363206555604,-7.735510997744932,0.05
DIS,2026-03-11,0.060274,22,80.0,0.789578,101.31999969482422,21.840732656005926,0.2800000012688173,0.595715632626017,0.9562871519646051,0.006248732843823412,2.3033033024052094,-15.134821590176482,0.05
DIS,2026-03-11,0.060274,22,85.0,0.838926,101.31999969482422,16.775778487175046,0.20000002244339044,0.43804517021952794,0.9568206589612643,0.008414084011139864,2.280583176146699,-12.295610715751927,0.05
DIS,2026-03-11,0.060274,22,89.0,0.878405,101.31999969482422,13.137815034527478,0.5499999218001648,0.4418795386711935,0.8992160652981502,0.01605771604519897,4.3904379308802275,-19.992090342343573,0.05
DIS,2026-03-11,0.060274,22,90.0,0.888275,101.31999969482422,12.020824275232854,0.430000000506638,0.3867137852929518,0.9077593080451183,0.017192217089564345,4.113786192616891,-17.194556247578994,0.05
DIS,2026-03-11,0.060274,22,91.0,0.898144,101.31999969482422,11.183833984523474,0.5900005477983399,0.39498431243802834,0.8824561859260167,0.02006473254624709,4.903807327827482,-19.979020927126488,0.05
DIS,2026-03-11,0.060274,22,92.0,0.908014,101.31999969482422,10.126841989684237,0.5299993909601994,0.35496082048285954,0.8820788535153604,0.022377825679314067,4.91494295946616,-18.434620443380492,0.05
DIS,2026-03-11,0.060274,22,93.0,0.917884,101.31999969482422,9.229851760729844,0.6300000000068877,0.3460345070883712,0.8613814957989594,0.02568442650305118,5.499325911547214,-19.68815546242376,0.05
DIS,2026-03-11,0.060274,22,94.0,0.927754,101.31999969482422,8.202860401589163,0.5999994788673035,0.31196774303063773,0.8546836718742251,0.029414027353870578,5.677855804391271,-18.61348829178741,0.05
DIS,2026-03-11,0.060274,22,95.0,0.937623,101.31999969482422,7.345870088900639,0.740000004179862,0.3056470241537953,0.825362864660002,0.03386014642779879,6.403673483900815,-20.050387177203515,0.05
DIS,2026-03-11,0.060274,22,96.0,0.947493,101.31999969482422,6.5388792427122695,0.9299999959925884,0.30231615347085583,0.7894185656275743,0.03838659356622483,7.180606099004489,-21.68013283464601,0.05
DIS,2026-03-11,0.060274,22,97.0,0.957363,101.31999969482422,6.101887796214072,1.4899993874954731,0.3399537972218655,0.7257176971329342,0.0394075916822645,8.289340264892216,-26.74792180103407,0.05
DIS,2026-03-11,0.060274,22,98.0,0.967233,101.31999969482422,5.184897567746077,1.5699999970285745,0.3122048692202091,0.6957814806898114,0.04505245399925001,8.703186699160788,-25.80580458766717,0.05
DIS,2026-03-11,0.060274,22,99.0,0.977102,101.31999969482422,4.407906762700989,1.7900000299845686,0.2975444846037755,0.6535343874479596,0.04985838480353871,9.179315254877334,-25.74740846513005,0.05
DIS,2026-03-11,0.060274,22,100.0,0.986972,101.31999969482422,3.650917614218862,2.030001719503531,0.28095605880251956,0.6057644038479089,0.055065638239140874,9.572805947949345,-25.197195403763544,0.05
DIS,2026-03-11,0.060274,22,101.0,0.996842,101.31999969482422,3.263923522981372,2.63999846626713,0.2973899439962243,0.548197619281777,0.053535112482174595,9.851110137556637,-26.916511559759424,0.05
DIS,2026-03-11,0.060274,22,102.0,1.006711,101.31999969482422,2.9999999978768557,3.37306577916371,0.32024870381922094,0.4970343950893761,0.05007841761545804,9.923346454150943,-28.730423429276136,0.05
DIS,2026-03-11,0.060274,22,103.0,1.016581,101.31999969482422,2.2399996529921395,3.610056272280076,0.28765075445322263,0.4384571220453803,0.05509033706867003,9.805305357004764,-25.506582234331187,0.05
DIS,2026-03-11,0.060274,22,104.0,1.026451,101.31999969482422,2.000000001572488,4.367047458861521,0.30267941733499637,0.3921901090937221,0.05103995460188115,9.559019436832203,-25.88822663668562,0.05
DIS,2026-03-11,0.060274,22,105.0,1.036321,101.31999969482422,1.4199999947454067,4.784038290035525,0.2761128606606002,0.3270962852122102,0.052540189702930166,8.976322511087957,-22.146172086685166,0.05
DIS,2026-03-11,0.060274,22,106.0,1.04619,101.31999969482422,1.2700008734835357,5.6310300067747505,0.2913300745991086,0.28998274912328925,0.04723397945355831,8.514517302933305,-21.98271757666918,0.05
DIS,2026-03-11,0.060274,22,107.0,1.05606,101.31999969482422,0.939998614931163,6.2980185862234634,0.2803001497652353,0.23748324487600347,0.04432972808009721,7.6884460830463865,-19.033396884558872,0.05
DIS,2026-03-11,0.060274,22,108.0,1.06593,101.31999969482422,0.6700000639669206,7.0250108732603,0.26958075856473684,0.1877908229508496,0.04017683745047993,6.701697409290563,-15.904820235113759,0.05
DIS,2026-03-11,0.060274,22,109.0,1.075799,101.31999969482422,0.460000212655606,7.8120018599500725,0.25967802861379596,0.14300797212604305,0.03495749355759713,5.616886752782567,-12.801079710384169,0.05
DIS,2026-03-11,0.060274,22,110.0,1.085669,101.31999969482422,0.4000000000124313,8.74899248530798,0.2707358539604854,0.1234189257424021,0.03029600052683515,5.0751776586873385,-12.003464900028327,0.05
DIS,2026-03-11,0.060274,22,111.0,1.095539,101.31999969482422,0.29999997398136635,9.645983297278022,0.27025370909778507,0.09737660139024501,0.02560300546824928,4.281370261318384,-10.076616919206245,0.05
DIS,2026-03-11,0.060274,22,112.0,1.105409,101.31999969482422,0.319999990525643,10.662974151823377,0.29492143777089086,0.09573270119202915,0.02316989586929865,4.228152086043911,-10.813187151898875,0.05
DIS,2026-03-11,0.060274,22,113.0,1.115278,101.31999969482422,0.2999997803262957,11.639964779625117,0.3094949413442738,0.0871939141999708,0.020601567869386838,3.9452452375205267,-10.555751806989006,0.05
DIS,2026-03-11,0.060274,22,114.0,1.125148,101.31999969482422,0.38000025960707795,12.716956096906983,0.34825757594969986,0.09660825986093641,0.019753157995261294,4.256545559849376,-12.767385545598744,0.05
DIS,2026-03-11,0.060274,22,115.0,1.135018,101.31999969482422,0.11999969138584099,13.45394636668685,0.2863965156499941,0.04242598233194589,0.012687604073236682,2.2483686630977187,-5.550580203046411,0.05
DIS,2026-03-11,0.060274,22,116.0,1.144887,101.31999969482422,0.41000003800648877,14.740937551308576,0.39356699201934053,0.0932770480353774,0.017033001587173642,4.147916740810572,-13.994230997297045,0.05
DIS,2026-03-11,0.060274,22,119.0,1.174497,101.31999969482422,0.930000012929117,18.251910040234478,0.5584611993174564,0.13950040441923328,0.01598347241408257,5.5231179308087155,-26.24709946006009,0.05
DIS,2026-03-11,0.060274,22,120.0,1.184366,101.31999969482422,0.15999999679178156,18.47890086209823,0.3829136018619936,0.04263761953552437,0.00952783287918861,2.257434201164775,-7.378611844646699,0.05
DIS,2026-03-11,0.060274,22,121.0,1.194236,101.31999969482422,0.1400000216924573,19.455891725,0.38869362368916144,0.03746996799202695,0.008450649518480069,2.032439760946379,-6.736201881155924,0.05
DIS,2026-03-11,0.060274,22,125.0,1.233715,101.31999969482422,0.009999998973173607,23.31385505428507,0.31523683487875437,0.004192356237892613,0.0015756833231661813,0.307344943805943,-0.8244555963476611,0.05
DIS,2026-03-11,0.060274,22,130.0,1.283064,101.31999969482422,0.05000005098117022,28.338809296298507,0.4422847961858789,0.013434649228713999,0.0031304185808768187,0.8566917786595928,-3.2087221639267978,0.05
DIS,2026-03-11,0.060274,22,135.0,1.332412,101.31999969482422,0.13999962598967786,33.413763061312466,0.578018503440705,0.026792055674499504,0.00430727604020078,1.5405103569897094,-7.515362077906121,0.05
DIS,2026-03-11,0.060274,22,140.0,1.381761,101.31999969482422,0.2199999509697781,38.478717576297996,0.686208736645276,0.034588139566683655,0.004483054296149523,1.9034892036560227,-10.999670935273864,0.05
DIS,2026-03-11,0.060274,22,155.0,1.529807,101.31999969482422,0.0500000004040736,53.26358019574862,0.7014033755444415,0.009008172532489261,0.001394244871227557,0.6050999028498225,-3.5638848736231807,0.05
DIS,2026-03-11,0.082192,30,75.0,0.740229,101.31999969482422,26.767586388630264,0.1399999761213735,0.5509611465209097,0.9777473364412405,0.003311266141280565,1.5393373672399222,-8.77425541321057,0.05
DIS,2026-03-11,0.082192,30,85.0,0.838926,101.31999969482422,16.89859784143117,0.22999986656431304,0.38787517284758277,0.9527359939728707,0.008751226896153508,2.864043936671033,-10.739554155481777,0.05
DIS,2026-03-11,0.082192,30,89.0,0.878405,101.31999969482422,13.360001105535531,0.6749985057254975,0.4041287742330293,0.8873203779077461,0.016296454250965403,5.556888021286399,-17.488496561936543,0.05
DIS,2026-03-11,0.082192,30,90.0,0.888275,101.31999969482422,12.519104795423189,0.8300010393773647,0.40545290530943107,0.8670806601702518,0.01823944216892742,6.239800699568602,-19.15717608142152,0.05
DIS,2026-03-11,0.082192,30,92.0,0.908014,101.31999969482422,11.027305815796453,1.3299997472790324,0.42283338617972016,0.8134092258156516,0.021848634678596435,7.7949318773392315,-23.619773599255474,0.05
DIS,2026-03-11,0.082192,30,93.0,0.917884,101.31999969482422,9.591407287053329,0.8900000623001176,0.3370367565350658,0.8358667948154472,0.02526913979190584,7.185987784133849,-18.488411398290626,0.05
DIS,2026-03-11,0.082192,30,94.0,0.927754,101.31999969482422,8.715506884876447,1.0099985038874308,0.32639008210849163,0.8138303507098932,0.028264982930098062,7.784028743324115,-19.14258703243397,0.05
DIS,2026-03-11,0.082192,30,95.0,0.937623,101.31999969482422,7.899610838560818,1.190001301336011,0.3207230150216144,0.7855678828414517,0.03131545335242794,8.474373069897812,-20.118759102383176,0.05
DIS,2026-03-11,0.082192,30,96.0,0.947493,101.31999969482422,7.303710693472453,1.5900000000118553,0.33584400585004753,0.7424765094402447,0.03308537702904853,9.375456850425733,-22.550737278192294,0.05
DIS,2026-03-11,0.082192,30,97.0,0.957363,101.31999969482422,6.317811640875306,1.5999997911789023,0.3057735530437806,0.7216542670717093,0.037790614738238866,9.749955335987945,-21.47612070830776,0.05
DIS,2026-03-11,0.082192,30,98.0,0.967233,101.31999969482422,5.571915157286327,1.8500021513541327,0.29822096742996956,0.6845614555778772,0.04103259929090212,10.324902368452374,-21.920598667698393,0.05
DIS,2026-03-11,0.082192,30,99.0,0.977102,101.31999969482422,4.706014171969201,1.9800000098012163,0.2762828420513665,0.6494859545493541,0.046178336218229254,10.76492345735178,-21.147823981418846,0.05
DIS,2026-03-11,0.082192,30,100.0,0.986972,101.31999969482422,4.030113812224613,2.299998493820823,0.2688650651754606,0.6033327928869728,0.04935854784471379,11.19735635992776,-21.169327409602463,0.05
DIS,2026-03-11,0.082192,30,101.0,0.996842,101.31999969482422,3.384214524309087,2.649998049669506,0.2601300460740391,0.5536191383073953,0.05231952211927512,11.483467253259185,-20.807525919555776,0.05
DIS,2026-03-11,0.082192,30,102.0,1.006711,101.31999969482422,3.3200001379797257,3.5816825071043468,0.29735685611639606,0.5049338759946844,0.046183784665425505,11.587406048463128,-23.35269568596898,0.05
DIS,2026-03-11,0.082192,30,103.0,1.016581,101.31999969482422,2.8399999887367287,4.097581201625559,0.2944415472098037,0.45861427332271276,0.04639341086138913,11.525881341884498,-22.826338108389695,0.05
DIS,2026-03-11,0.082192,30,104.0,1.026451,101.31999969482422,2.220000000107845,4.473480056760877,0.2750748086832322,0.4053560394977821,0.048516947713306356,11.260639115323514,-20.785769104221227,0.05
DIS,2026-03-11,0.082192,30,105.0,1.036321,101.31999969482422,1.7999992098218698,5.049378110239104,0.26870180166445673,0.35522197887055873,0.04770894988954846,10.816560551322274,-19.39033286909422,0.05
DIS,2026-03-11,0.082192,30,106.0,1.04619,101.31999969482422,1.5399999346032338,5.7852776787846665,0.2729746337611598,0.31371305422979834,0.04472245143090445,10.300697725414683,-18.617564564777986,0.05
DIS,2026-03-11,0.082192,30,107.0,1.05606,101.31999969482422,1.1800000068916496,6.421176594837291,0.26309790968336055,0.2640385257382487,0.042779828454298285,9.49675395354716,-16.47829052691212,0.05
DIS,2026-03-11,0.082192,30,108.0,1.06593,101.31999969482422,0.9999999908535635,7.2370754225634215,0.2677111017648713,0.22966099333276918,0.039015405769714954,8.812949049478627,-15.466018746497841,0.05
DIS,2026-03-11,0.082192,30,109.0,1.075799,101.31999969482422,0.8900000000561974,8.122974275530254,0.27751887068446485,0.20414891122217815,0.03515874578774837,8.232744616284572,-14.888565478115169,0.05
DIS,2026-03-11,0.082192,30,110.0,1.085669,101.31999969482422,0.7099999548289659,8.938873074067217,0.2757636463137744,0.1715200415024577,0.031771688359104835,7.3925804055029145,-13.234933843652389,0.05
DIS,2026-03-11,0.082192,30,111.0,1.095539,101.31999969482422,0.45999888490024077,9.684770847902712,0.2581502205760414,0.12706599760129111,0.027767718258845307,6.048273820389783,-10.119009324428264,0.05
DIS,2026-03-11,0.082192,30,112.0,1.105409,101.31999969482422,0.4500000009125671,10.67067080767923,0.27466276022060415,0.11877793938433118,0.024892695071679214,5.768865973493998,-10.218226003100371,0.05
DIS,2026-03-11,0.082192,30,113.0,1.115278,101.31999969482422,0.37999999789009564,11.596569648420967,0.2793276914810859,0.10185255841296148,0.02192106391668925,5.166475453921741,-9.27608466776715,0.05
DIS,2026-03-11,0.082192,30,114.0,1.125148,101.31999969482422,0.21999974716668635,12.432468241461763,0.2599340319558388,0.0681254984678638,0.017414652412229177,3.8194137201915814,-6.373630402154508,0.05
DIS,2026-03-11,0.082192,30,115.0,1.135018,101.31999969482422,0.2599999561612769,13.468367294220556,0.28551212418331046,0.07268011751842512,0.01666340677996568,4.014274820279456,-7.327452606642117,0.05
DIS,2026-03-11,0.082192,30,120.0,1.184366,101.31999969482422,0.08999999855034879,18.27786155543066,0.29516702188148225,0.028150121736635808,0.0075271816957418695,1.8746447621940512,-3.50421949491118,0.05
DIS,2026-03-11,0.082192,30,130.0,1.283064,101.31999969482422,0.15999976858678533,28.306849763109128,0.4485922893403296,0.03275108189424916,0.005614664641111627,2.125173420923713,-5.957380153616297,0.05
DIS,2026-03-11,0.10137,37,60.0,0.592183,101.31999969482422,41.76333989566352,0.14000000005421498,0.8037871878966036,0.985921121275249,0.0013829959868925212,1.1568078273132578,-7.492819773192593,0.05
DIS,2026-03-11,0.10137,37,65.0,0.641532,101.31999969482422,36.708618152556284,0.05999990688155776,0.6163115074368362,0.9914864512035054,0.0011644351214277566,0.7468180260103678,-5.457702659822424,0.05
DIS,2026-03-11,0.10137,37,70.0,0.69088,101.31999969482422,31.763896379377712,0.0899997836375519,0.554812096808354,0.9864619836633047,0.0019370579913892845,1.1183758066937741,-6.469738813203689,0.05
DIS,2026-03-11,0.10137,37,75.0,0.740229,101.31999969482422,26.829175075012103,0.13000012920652182,0.4914601019271343,0.9789718886821038,0.0031865126515316943,1.629682990601303,-7.568517164841078,0.05
DIS,2026-03-11,0.10137,37,80.0,0.789578,101.31999969482422,21.904453309853736,0.18000001398273469,0.42477692212611273,0.9679874528946025,0.005239637847596597,2.3161218491857385,-8.661301962636836,0.05
DIS,2026-03-11,0.10137,37,85.0,0.838926,101.31999969482422,17.119731503531384,0.3699998575949479,0.3894543821741797,0.9356566073753458,0.010013094068728108,4.058112760373757,-11.67951162442682,0.05
DIS,2026-03-11,0.10137,37,90.0,0.888275,101.31999969482422,12.515010002443844,0.7400000064419885,0.35376367557419147,0.8755800584802346,0.017979752006590567,6.619057502761067,-15.359633610345883,0.05
DIS,2026-03-11,0.10137,37,95.0,0.937623,101.31999969482422,8.340288349348342,1.5400000032810652,0.32731538989777537,0.7638603750092828,0.0291814900460339,9.939696154577696,-19.499954469050667,0.05
DIS,2026-03-11,0.10137,37,100.0,0.986972,101.31999969482422,4.735566462883739,2.909999766751042,0.29433506294113915,0.5951747527525869,0.040814943822176104,12.5014510068216,-20.927831149896708,0.05
DIS,2026-03-11,0.10137,37,105.0,1.036321,101.31999969482422,2.200000013425729,5.349154967227591,0.2721040405507027,0.3782862428508542,0.04331712822277768,12.265743165868297,-18.268678784478478,0.05
DIS,2026-03-11,0.10137,37,110.0,1.085669,101.31999969482422,0.860000023897193,8.983876627633634,0.26398243960725226,0.19061340560228418,0.03192930710426374,8.771295681495502,-12.343537128528792,0.05
DIS,2026-03-11,0.10137,37,115.0,1.135018,101.31999969482422,0.32999955621504995,13.428597809886085,0.2702731534566595,0.0853667660126135,0.017905347560016955,5.035990284676853,-7.129467191034936,0.05
DIS,2026-03-11,0.10137,37,120.0,1.184366,101.31999969482422,0.15000012375141303,18.22332002735702,0.2888856566457749,0.04105460395518827,0.009444401189866287,2.839223793487955,-4.246118102367804,0.05
DIS,2026-03-11,0.10137,37,125.0,1.233715,101.31999969482422,0.08000017534382042,23.128041728884,0.3121776888371415,0.022087184458206597,0.005229225426162003,1.6987851051916467,-2.723675085049389,0.05
DIS,2026-03-11,0.10137,37,130.0,1.283064,101.31999969482422,0.09999973372975779,28.122762937204527,0.373541924496858,0.023093410934763435,0.00453744371221874,1.7638019636119207,-3.361743971545983,0.05
DIS,2026-03-11,0.10137,37,135.0,1.332412,101.31999969482422,0.030000002478343668,33.02748485588768,0.3595747484756915,0.008079290345524705,0.0019061555712572742,0.7132581574663545,-1.3044487689372557,0.05
DIS,2026-03-11,0.10137,37,140.0,1.381761,101.31999969482422,0.03999999561656287,38.01220649896047,0.4131694685870171,0.009291077043578105,0.001875192960287208,0.8062568264277008,-1.6881639632683116,0.05
DIS,2026-03-11,0.10137,37,145.0,1.431109,101.31999969482422,0.2299999960599881,43.17692814933848,0.5769505713882721,0.033482229772535635,0.004003102322736207,2.4034468260000628,-6.9977771532834145,0.05
DIS,2026-03-11,0.10137,37,150.0,1.480458,101.31999969482422,0.1500000046777865,48.07164980789085,0.5814374859375774,0.022778017133744888,0.0028814877853333334,1.7434882705380894,-5.108045385919617,0.05
DIS,2026-03-11,0.10137,37,155.0,1.529807,101.31999969482422,0.19999999927991352,53.09637145242753,0.6490768553287295,0.026842176111857612,0.002962351179027893,2.000929947932051,-6.532015182632571,0.05
DIS,2026-03-11,0.10137,37,160.0,1.579155,101.31999969482422,0.7500000000737268,58.62109310315594,0.8690379801793808,0.06750836667447298,0.004657432385904362,4.2119628803608915,-18.358954623199438,0.05
DIS,2026-03-11,0.10137,37,165.0,1.628504,101.31999969482422,0.019999989747277347,62.86581474276406,0.5504099436590506,0.0038353639259191517,0.0006425724849461066,0.36805067241890876,-1.017635950082077,0.05
DIS,2026-03-11,0.10137,37,170.0,1.677852,101.31999969482422,0.14000000000593582,67.96053640295729,0.725901588551263,0.017789850985438244,0.0018716031132487844,1.413808944698209,-5.145210519759824,0.05
DIS,2026-03-11,0.10137,37,175.0,1.727201,101.31999969482422,0.06000000001136785,72.85525805289731,0.68373509783652,0.008696108439768799,0.0010693266127819172,0.760847238280767,-2.6069944275220593,0.05
DIS,2026-03-11,0.120548,44,70.0,0.69088,101.31999969482422,31.830648817716224,0.09000029695995693,0.5099183426305836,0.9864907897002789,0.001929140748153286,1.217347927459512,-5.980723449624619,0.05
DIS,2026-03-11,0.120548,44,80.0,0.789578,101.31999969482422,22.120741209861805,0.31999999968667225,0.43751471819739407,0.9526317660058263,0.006417549378141307,3.474657946358469,-10.025428487524337,0.05
DIS,2026-03-11,0.120548,44,89.0,0.878405,101.31999969482422,13.8548245199881,0.9999998893359816,0.3820219333990068,0.8619702909863337,0.016403097699729377,7.754688219150424,-15.961480482609925,0.05
DIS,2026-03-11,0.120548,44,90.0,0.888275,101.31999969482422,11.890833744928102,0.02999984533410327,0.16599678601750903,0.9857024180800485,0.0062230656324303475,1.2783631183029571,-5.279191766860906,0.05
DIS,2026-03-11,0.120548,44,95.0,0.937623,101.31999969482422,8.190880484261314,1.3000002399578818,0.2797831052465635,0.7804297574624275,0.03005003242576169,10.404389511645073,-15.61803275272221,0.05
DIS,2026-03-11,0.120548,44,96.0,0.947493,101.31999969482422,7.906889402106032,2.0099998888607047,0.31843364805396224,0.7249587194914002,0.029789122002765588,11.738884430962917,-18.78173235318426,0.05
DIS,2026-03-11,0.120548,44,97.0,0.957363,101.31999969482422,8.302898792977047,3.4000000107898387,0.4025944187596919,0.6644844579243723,0.025739150839928802,12.823664184200693,-24.36475268271396,0.05
DIS,2026-03-11,0.120548,44,98.0,0.967233,101.31999969482422,7.008908052599601,3.100000001470505,0.3492660384390771,0.6499095716595147,0.030149436977821353,13.031239785825319,-21.819835864069915,0.05
DIS,2026-03-11,0.120548,44,99.0,0.977102,101.31999969482422,4.950000009479169,2.035082689408185,0.23786822445567854,0.6534871116212511,0.04410223988848399,12.982168739384802,-15.87143593659423,0.05
DIS,2026-03-11,0.120548,44,100.0,0.986972,101.31999969482422,4.890926377128977,2.9699997881161124,0.2773986001234467,0.597505083998817,0.03965464696721819,13.612833247550476,-18.444982877601984,0.05
DIS,2026-03-11,0.120548,44,101.0,0.996842,101.31999969482422,4.436935781614146,3.5099999236594073,0.2833101308484566,0.5567036798063716,0.03962380548750385,13.892117865643202,-18.922946675588612,0.05
DIS,2026-03-11,0.120548,44,102.0,1.006711,101.31999969482422,3.800000407535215,3.867055280638567,0.27316306143949215,0.5161309816236491,0.041481819038980676,14.022644874744355,-18.312458618566176,0.05
DIS,2026-03-11,0.120548,44,103.0,1.016581,101.31999969482422,3.519999882622969,4.581045486784447,0.28566090478467926,0.4778913138032551,0.03963844326674365,14.012562704775094,-18.84769159110306,0.05
DIS,2026-03-11,0.120548,44,105.0,1.036321,101.31999969482422,2.7600000001903595,5.809027066468062,0.28835120904671274,0.40280581104001184,0.03815597659800218,13.6155290821431,-18.18681661343676,0.05
DIS,2026-03-11,0.120548,44,106.0,1.04619,101.31999969482422,2.1599991766859006,6.203016974021722,0.26898282332796697,0.3548446209492213,0.03933838527675129,13.094570218779996,-16.298827893610884,0.05
DIS,2026-03-11,0.120548,44,107.0,1.05606,101.31999969482422,1.8899999800352099,6.9270085084291395,0.27146411388570574,0.3200222579721108,0.03744863022765672,12.580518332180159,-15.691881963670886,0.05
DIS,2026-03-11,0.120548,44,108.0,1.06593,101.31999969482422,1.6000000000251404,7.630999259477193,0.26970132009650194,0.2841188514618007,0.035730579361789166,11.92540953011039,-14.699675903205216,0.05
DIS,2026-03-11,0.120548,44,109.0,1.075799,101.31999969482422,0.7600000101265074,7.784990000636654,0.21209642779601623,0.19119241208375354,0.03651016254766401,9.582907413389467,-9.36083822269433,0.05
DIS,2026-03-11,0.120548,44,110.0,1.085669,101.31999969482422,3.3610192765443365,11.37999999811261,0.4538405381983464,0.34288530729181943,0.023024182210952013,12.931165521300839,-25.910719619243192,0.05
DIS,2026-03-11,0.120548,44,112.0,1.105409,101.31999969482422,0.7000000002894318,10.706962183973928,0.25592253474911997,0.15491685452265752,0.026458434973734936,8.379591587489632,-9.64471908399657,0.05
DIS,2026-03-11,0.120548,44,130.0,1.283064,101.31999969482422,0.09999997955477102,27.998795322285318,0.34142520706931584,0.023157961029121724,0.004562997642102885,1.9279510249458083,-2.84256417939859,0.05
DIS,2026-03-11,0.120548,44,150.0,1.480458,101.31999969482422,0.04999999924799636,47.82860996314082,0.45965954601847187,0.009619353992641716,0.001593308487774073,0.9063299364101557,-1.7741881312667886,0.05
DIS,2026-03-11,0.178082,65,60.0,0.592183,101.31999969482422,42.001874818916654,0.15000000000365787,0.616767458088027,0.9852736286407751,0.0014135078094315602,1.5937878636303708,-5.651254128443025,0.05
DIS,2026-03-11,0.178082,65,65.0,0.641532,101.31999969482422,36.99619774575992,0.09999999983953956,0.502486807065088,0.9874995652187053,0.0015061562591540528,1.3835840488945386,-5.1048624860253735,0.05
DIS,2026-03-11,0.178082,65,70.0,0.69088,101.31999969482422,32.21052067178937,0.26999999886157866,0.5053261112793331,0.9701137342195919,0.003139290443442213,2.900107453736552,-7.418743267544599,0.05
DIS,2026-03-11,0.178082,65,75.0,0.740229,101.31999969482422,27.394843196076636,0.40999959614144643,0.4637826762393889,0.953546368583925,0.004903723701228142,4.15768292726873,-8.874888190136065,0.05
DIS,2026-03-11,0.178082,65,80.0,0.789578,101.31999969482422,22.999166524029363,0.9699999970867736,0.4766924958543202,0.9064655731233386,0.008198042793835202,7.144294491354407,-13.004161821515426,0.05
DIS,2026-03-11,0.178082,65,85.0,0.838926,101.31999969482422,18.23348776762859,1.1599983136785994,0.4090263590383043,0.8760389335658991,0.011702193214172159,8.75043035443011,-13.575509480158775,0.05
DIS,2026-03-11,0.178082,65,90.0,0.888275,101.31999969482422,14.007809653051723,1.8899972720943339,0.38364537588990016,0.8072294704995648,0.016690591874115455,11.70610883327925,-15.998364780244689,0.05
DIS,2026-03-11,0.178082,65,95.0,0.937623,101.31999969482422,10.212135446598872,3.05000013863409,0.3626549924107842,0.7107417181343562,0.022049100455477814,14.618250117731314,-17.974658497118654,0.05
DIS,2026-03-11,0.178082,65,100.0,0.986972,101.31999969482422,6.906456718163206,4.699998483191038,0.3402710644452305,0.5890611304794252,0.026734605722679647,16.630666517398332,-18.527407983517687,0.05
DIS,2026-03-11,0.178082,65,105.0,1.036321,101.31999969482422,4.319999965754221,7.069218803774646,0.3234427540718406,0.4491140000018601,0.02861244838370967,16.91855627713493,-17.4234216694574,0.05
DIS,2026-03-11,0.178082,65,110.0,1.085669,101.31999969482422,2.4099997662408157,10.114895677253841,0.30602535276730464,0.3074953310493077,0.02686675565595513,15.030848055953987,-14.352152209714841,0.05
DIS,2026-03-11,0.178082,65,115.0,1.135018,101.31999969482422,1.4100000001751098,14.070572984180728,0.31000720478314603,0.20196589635551065,0.021245658628262706,12.04073055889327,-11.432969434000132,0.05
DIS,2026-03-11,0.178082,65,120.0,1.184366,101.31999969482422,0.799998711399752,18.416248768397978,0.3141509487159572,0.12653873242877556,0.015456848181294676,8.877080713729656,-8.4309784712672,0.05
DIS,2026-03-11,0.178082,65,125.0,1.233715,101.31999969482422,0.5000008898777164,23.071928019868537,0.32730862923946996,0.08271050702458638,0.010893440441826562,6.518285377427026,-6.384197797716932,0.05
DIS,2026-03-11,0.178082,65,130.0,1.283064,101.31999969482422,0.34000042133426245,27.867604624317707,0.3446097796527378,0.05705224186699318,0.0077711184734014435,4.895780970037206,-5.008979792892426,0.05
DIS,2026-03-11,0.178082,65,135.0,1.332412,101.31999969482422,0.22999972898641774,32.71328100496244,0.3591063152956889,0.039265336504243235,0.005528403449877248,3.6293898795784263,-3.84678698957287,0.05
DIS,2026-03-11,0.178082,65,140.0,1.381761,101.31999969482422,0.2100000021430506,37.64895835111169,0.39022844093055886,0.03383472615799207,0.004504054326441519,3.2131676865432865,-3.681386238403779,0.05
DIS,2026-03-11,0.178082,65,145.0,1.431109,101.31999969482422,0.1699993607734056,42.56463478273463,0.41099302314947217,0.026885776397524968,0.003534523579249985,2.6556827007937263,-3.192207048085667,0.05
DIS,2026-03-11,0.178082,65,150.0,1.480458,101.31999969482422,0.10000000702589573,47.45031250197974,0.41068357456651167,0.01675699493992627,0.0023715794081284386,1.7805568974804376,-2.133003220776821,0.05
DIS,2026-03-11,0.178082,65,155.0,1.529807,101.31999969482422,0.28999962907788834,52.59598919702434,0.515970888459873,0.03571235172742395,0.0035608781725398717,3.358869774974493,-5.032371430585618,0.05
DIS,2026-03-11,0.178082,65,160.0,1.579155,101.31999969482422,0.14999999927366803,57.411666640212715,0.49470317498382066,0.02059969849165374,0.0023471176915764976,2.1227087809576863,-3.0452460132777706,0.05
DIS,2026-03-11,0.178082,65,165.0,1.628504,101.31999969482422,0.14999990656128648,62.367343620492946,0.5226353108147711,0.019677358139374716,0.0021370244766186815,2.0418277262364666,-3.0883617540989237,0.05
DIS,2026-03-11,0.178082,65,170.0,1.677852,101.31999969482422,0.06999980736387035,67.24302059428811,0.4980314066061415,0.010308312367680497,0.0012852121389478892,1.1701523295120886,-1.6849680958736524,0.05
DIS,2026-03-11,0.178082,65,175.0,1.727201,101.31999969482422,0.07999998952980714,72.20869784944666,0.5305115822701152,0.0110281602667585,0.001279581534276666,1.241005441872724,-1.9003627572620834,0.05
DIS,2026-03-11,0.178082,65,180.0,1.77655,101.31999969482422,0.14000000003684576,77.22437493294629,0.5945999520656824,0.016613939009354536,0.0016260515952124111,1.7675432260601225,-3.0279978138708104,0.05
DIS,2026-03-11,0.271233,99,55.0,0.542835,101.31999969482422,47.22085527996681,0.16000013773692956,0.5816676816605805,0.9865519055296911,0.001123047983975907,1.8188879120623873,-4.587161169202753,0.05
DIS,2026-03-11,0.271233,99,60.0,0.592183,101.31999969482422,42.228205639322304,0.10000000187372393,0.4746590135951195,0.9892172693110529,0.0011363558636537712,1.50185767890617,-4.214093954001231,0.05
DIS,2026-03-11,0.271233,99,65.0,0.641532,101.31999969482422,37.49555613209769,0.2999999994304119,0.49080716717124956,0.9724103286844322,0.0024505109742289366,3.3488850258064127,-6.081426247283078,0.05
DIS,2026-03-11,0.271233,99,70.0,0.69088,101.31999969482422,32.80290560947419,0.539998981588198,0.47538105295450017,0.9527563313470478,0.003929273666069767,5.200999782719036,-7.744329970959509,0.05
DIS,2026-03-11,0.271233,99,75.0,0.740229,101.31999969482422,27.94025733566862,0.6100002125639463,0.4157416616550778,0.940635786286223,0.005384934915657211,6.233567920927803,-8.145607447555797,0.05
DIS,2026-03-11,0.271233,99,80.0,0.789578,101.31999969482422,23.427607612768142,1.0299999944447649,0.39855329934239286,0.904451862596779,0.008070883567768335,8.95653816016698,-9.991002587756427,0.05
DIS,2026-03-11,0.271233,99,85.0,0.838926,101.31999969482422,19.024958166275113,1.560000052733045,0.3727701882317038,0.8580501441063464,0.011422116393661386,11.85551554050404,-11.542476064496883,0.05
DIS,2026-03-11,0.271233,99,90.0,0.888275,101.31999969482422,15.032308610627851,2.500000001867079,0.3589321237775653,0.7880857443602357,0.01529775609728436,15.288777163555553,-13.356918549009103,0.05
DIS,2026-03-11,0.271233,99,95.0,0.937623,101.31999969482422,11.29965879763067,3.6999996936512076,0.33811888534916434,0.7022272091642902,0.019421797782606484,18.28485607969191,-14.389450253145236,0.05
DIS,2026-03-11,0.271233,99,100.0,0.986972,101.31999969482422,8.21700959970564,5.550000000507481,0.32776849999767843,0.5954623604385104,0.02240265503304795,20.445578103173546,-14.959383092843709,0.05
DIS,2026-03-11,0.271233,99,105.0,1.036321,101.31999969482422,5.600000000657587,7.86563990624073,0.3137843512763724,0.4786202260300225,0.02405958836836705,21.02094150327207,-14.304061319753878,0.05
DIS,2026-03-11,0.271233,99,110.0,1.085669,101.31999969482422,3.3999994685502344,10.598288878914687,0.29223529683175853,0.35388037412185236,0.024115522492837542,19.62284780518191,-12.19391150585073,0.05
DIS,2026-03-11,0.271233,99,115.0,1.135018,101.31999969482422,2.3400000075923444,14.4709389227381,0.3026624703280049,0.26153503357628083,0.020371581759208765,17.16785408734706,-10.78654138397018,0.05
DIS,2026-03-11,0.271233,99,120.0,1.184366,101.31999969482422,1.2999999283752697,18.36358834830233,0.29019309244205144,0.1699661153757709,0.016523555502935314,13.351291067309452,-7.9383470367567215,0.05
DIS,2026-03-11,0.271233,99,125.0,1.233715,101.31999969482422,0.9100000000841533,22.906237924792507,0.3039639536056604,0.12263275649583583,0.012663600612067569,10.717956241539945,-6.581431325962245,0.05
DIS,2026-03-11,0.271233,99,130.0,1.283064,101.31999969482422,0.5499999390028885,27.47888736849255,0.3050835127772686,0.08017046644888559,0.009249666668719372,7.857375535940292,-4.7976427835733535,0.05
DIS,2026-03-11,0.271233,99,135.0,1.332412,101.31999969482422,0.3999987812120507,32.26153571548301,0.3187991755734969,0.05892701146737181,0.006981824909196199,6.197532782986248,-3.920723516088967,0.05
DIS,2026-03-11,0.271233,99,140.0,1.381761,101.31999969482422,0.2800001123291169,37.07418655138137,0.3284229162529725,0.042200324996653105,0.0051931859952572415,4.748976495770678,-3.0749410782262356,0.05
DIS,2026-03-11,0.271233,99,145.0,1.431109,101.31999969482422,0.18999999782993848,41.91683594166352,0.33523453137544995,0.029504876043975073,0.003793718737551241,3.5411682918332477,-2.328352968790645,0.05
DIS,2026-03-11,0.271233,99,150.0,1.480458,101.31999969482422,0.18000006178965133,46.83948551040453,0.3588020871186336,0.026577845620989117,0.0032491623961605678,3.2460788778313514,-2.2726911142185005,0.05
DIS,2026-03-11,0.271233,99,155.0,1.529807,101.31999969482422,0.10999999925559623,51.70213495265176,0.3577197894956043,0.017169266587767358,0.0022525048556794464,2.243579133220988,-1.5609695001026953,0.05
DIS,2026-03-11,0.271233,99,160.0,1.579155,101.31999969482422,0.30999982356616407,56.83478428174362,0.44460499117196706,0.03602251849802036,0.0033722828282099094,4.174755203263654,-3.588619910753905,0.05
DIS,2026-03-11,0.271233,99,165.0,1.628504,101.31999969482422,0.07000004859752673,61.52743401155631,0.380145361549037,0.010846548593164598,0.0014261896043776833,1.5095922305242178,-1.109330111347539,0.05
DIS,2026-03-11,0.271233,99,170.0,1.677852,101.31999969482422,0.07999983341936323,66.47008330115945,0.40696969227437363,0.01155160766566629,0.001407161263369508,1.5945517877879045,-1.2507881363897233,0.05
DIS,2026-03-11,0.271233,99,175.0,1.727201,101.31999969482422,0.04999983900124405,71.37273281152262,0.40390702981443194,0.007583782732124563,0.0009812212370344793,1.1035221148928844,-0.8575756331376754,0.05
DIS,2026-03-11,0.271233,99,180.0,1.77655,101.31999969482422,0.06999997604892827,76.32538245335161,0.4387184755450296,0.00960187570119553,0.0011111396324865663,1.3573356386384046,-1.1428865432423312,0.05
DIS,2026-03-11,0.350685,128,55.0,0.542835,101.31999969482422,47.63597758473016,0.3599999971175336,0.5882610851781391,0.9760527462549762,0.0015971311921709685,3.382347122268291,-5.399765817761356,0.05
DIS,2026-03-11,0.350685,128,60.0,0.592183,101.31999969482422,42.6328845450175,0.26999987624228794,0.49048500005681633,0.9777542847605751,0.0018002405506873291,3.178803885734848,-5.044673819065413,0.05
DIS,2026-03-11,0.350685,128,65.0,0.641532,101.31999969482422,37.80979174998902,0.36000000005122246,0.4498911125823866,0.9689219616015188,0.002595467366919306,4.203687773396397,-5.7145090778558005,0.05
DIS,2026-03-11,0.350685,128,70.0,0.69088,101.31999969482422,32.96669867956484,0.4299998484644618,0.4018053504011835,0.959660818839789,0.0035990234164812347,5.206044219313423,-6.1957793921873865,0.05
DIS,2026-03-11,0.350685,128,75.0,0.740229,101.31999969482422,28.723605852803047,1.099999940540087,0.42927700716661743,0.916103181643519,0.005982547134394644,9.24551742162657,-8.863564574434463,0.05
DIS,2026-03-11,0.350685,128,80.0,0.789578,101.31999969482422,23.980512994572635,1.2700000011470962,0.37741441265277065,0.8938531821064275,0.008093166803415285,10.99624575206751,-9.246428680793805,0.05
DIS,2026-03-11,0.350685,128,85.0,0.838926,101.31999969482422,19.677417846590856,1.8799977720027243,0.35572840463201744,0.846680391464561,0.011084039429854878,14.194629833358784,-10.504798888033289,0.05
DIS,2026-03-11,0.350685,128,90.0,0.888275,101.31999969482422,15.694327378206836,2.810000222456125,0.33887751328105226,0.7817394836694809,0.014496071734665791,17.684816009128912,-11.720263586721439,0.05
DIS,2026-03-11,0.350685,128,95.0,0.937623,101.31999969482422,12.271234243473856,4.300000006560566,0.3326441459481398,0.6965366685686478,0.01751068294939204,20.969613912975454,-12.860515104598573,0.05
DIS,2026-03-11,0.350685,128,100.0,0.986972,101.31999969482422,9.25814132499707,6.200000006921201,0.3242394013816148,0.6008782506447296,0.01984731160956052,23.16727437072632,-13.291244714093352,0.05
DIS,2026-03-11,0.350685,128,105.0,1.036321,101.31999969482422,5.850000001409171,7.704951602170709,0.2792180859316051,0.48921135833467166,0.023804219307783155,23.92792028579233,-11.711643395588528,0.05
DIS,2026-03-11,0.350685,128,110.0,1.085669,101.31999969482422,4.00000000141015,10.768044521009102,0.27771058031944335,0.37791564165639663,0.02281217299285472,22.806915165344964,-10.745022200186668,0.05
DIS,2026-03-11,0.350685,128,115.0,1.135018,101.31999969482422,2.590001572764006,14.27113901120039,0.27381968817909996,0.27698067027216194,0.020381300200341415,20.09111419880434,-9.117395157409423,0.05
DIS,2026-03-11,0.350685,128,120.0,1.184366,101.31999969482422,1.9199996204984942,18.51422997777229,0.28887180022072334,0.21153533285164705,0.016699084100782403,17.36621864753332,-8.128227691524412,0.05
DIS,2026-03-11,0.350685,128,125.0,1.233715,101.31999969482422,1.1100016795248155,22.617324955636022,0.27916668107668136,0.13968590764115874,0.01326781413471709,13.334306305734323,-5.959610921528118,0.05
DIS,2026-03-11,0.350685,128,130.0,1.283064,101.31999969482422,0.6999991435239146,27.12041533847254,0.28060477638259324,0.09486717332359584,0.010028539391804736,10.130717587349777,-4.498705056533673,0.05
DIS,2026-03-11,0.350685,128,135.0,1.332412,101.31999969482422,0.5099999711519692,31.84350908493802,0.29171218657594805,0.07031473589110349,0.0076977278012489905,8.083968031172635,-3.6929803764678457,0.05
DIS,2026-03-11,0.350685,128,140.0,1.381761,101.31999969482422,0.3700000048141856,36.616602037437644,0.3011190228650705,0.051987071645761856,0.0058882879502973745,6.3831448099856845,-2.985341151251719,0.05
DIS,2026-03-11,0.350685,128,145.0,1.431109,101.31999969482422,0.31000055364373935,41.469695505104625,0.31733817529026953,0.042701803511253196,0.004772073240468246,5.45176196615808,-2.667503288633097,0.05
DIS,2026-03-11,0.350685,128,150.0,1.480458,101.31999969482422,0.36999999793419036,46.442787868232486,0.3530712791507993,0.04569402791342328,0.0045297918407910765,5.757687649029891,-3.111419781790909,0.05
DIS,2026-03-11,0.350685,128,155.0,1.529807,101.31999969482422,0.3099999494278536,51.295880738563554,0.36569200635139915,0.03803742516541121,0.003769784175611607,4.9629445060940345,-2.7648610113249488,0.05
DIS,2026-03-11,0.350685,128,160.0,1.579155,101.31999969482422,0.18000000512375447,56.0789737130969,0.3562811922363131,0.024025850173900458,0.0026443176938778365,3.391673145318282,-1.8356138369824344,0.05
DIS,2026-03-11,0.350685,128,165.0,1.628504,101.31999969482422,0.14999999601677905,60.96206662282732,0.3668737324874206,0.019925638911686364,0.0021926292164130166,2.895938133288256,-1.6082554963264974,0.05
DIS,2026-03-11,0.350685,128,170.0,1.677852,101.31999969482422,0.24000037616532177,65.96515992181328,0.413445651963117,0.027449377487722314,0.002547510094337179,3.7917684387898514,-2.3622417834071507,0.05
DIS,2026-03-11,0.446575,163,60.0,0.592183,101.31999969482422,43.00488010939466,0.3600008956934033,0.4611437606567587,0.9729932869679893,0.0019967279985185797,4.221242910498495,-4.958415241688645,0.05
DIS,2026-03-11,0.446575,163,65.0,0.641532,101.31999969482422,38.37528583471012,0.6199999944357728,0.4492529281414366,0.9557215685709961,0.0030758130006564672,6.334844287532542,-6.109334599035403,0.05
DIS,2026-03-11,0.446575,163,70.0,0.69088,101.31999969482422,33.74569247348647,0.8800000066390368,0.4227995175586462,0.9368794302340616,0.004329272079463165,8.391400767517379,-7.03126640711074,0.05
DIS,2026-03-11,0.446575,163,75.0,0.740229,101.31999969482422,29.516099093438633,1.540000000018125,0.4243176924021024,0.899959800271293,0.006110359477501971,11.886199109983398,-8.73028239476931,0.05
DIS,2026-03-11,0.446575,163,80.0,0.789578,101.31999969482422,24.856505903928593,1.7700001839349824,0.3771645807249818,0.8753340495067401,0.008045866545446687,13.911976199750121,-9.066442767563082,0.05
DIS,2026-03-11,0.446575,163,85.0,0.838926,101.31999969482422,20.8969124473467,2.7000001007800023,0.36929765314848556,0.8226589019640138,0.010396212111981959,17.60097714804108,-10.400351224915681,0.05
DIS,2026-03-11,0.446575,163,90.0,0.888275,101.31999969482422,17.15731896716523,3.8499999940254384,0.3571795482911447,0.760913459064706,0.012827735613558643,21.004951523315437,-11.397003741431904,0.05
DIS,2026-03-11,0.446575,163,95.0,0.937623,101.31999969482422,14.017723362381233,5.599997762668366,0.35652872524614976,0.6855136283088665,0.014705458964353277,24.035779406600867,-12.366550752398485,0.05
DIS,2026-03-11,0.446575,163,100.0,0.986972,101.31999969482422,10.478132261527016,6.950000035241047,0.32465827026019045,0.6071274365202718,0.01749019015777088,26.03191402652579,-12.014343319188054,0.05
DIS,2026-03-11,0.446575,163,105.0,1.036321,101.31999969482422,7.450000013253408,8.811461160394359,0.29883024827521054,0.513166127439654,0.019706357810672367,26.99703187309973,-11.25986325608025,0.05
DIS,2026-03-11,0.446575,163,110.0,1.085669,101.31999969482422,5.349996511839478,11.601051032407355,0.2912397097866148,0.4167191443659791,0.019788547115652387,26.42102113433248,-10.458999483811091,0.05
DIS,2026-03-11,0.446575,163,115.0,1.135018,101.31999969482422,3.700005511937558,14.840653405932343,0.2841374877659345,0.32474812704688505,0.018702096677813453,24.361494846438127,-9.21028136763099,0.05
DIS,2026-03-11,0.446575,163,120.0,1.184366,101.31999969482422,2.570000036957225,18.600241304378926,0.28273002440595785,0.24732730018864463,0.016505215640366017,21.39332224765808,-7.896592306458392,0.05
DIS,2026-03-11,0.446575,163,125.0,1.233715,101.31999969482422,1.8800000010448557,22.79983464189347,0.2888330993392583,0.1905276074366456,0.01389967339447269,18.40503533917931,-6.823157461128279,0.05
DIS,2026-03-11,0.446575,163,130.0,1.283064,101.31999969482422,1.3200002199714032,27.12942823424693,0.29097006770791467,0.1423537554126621,0.01142610906118713,15.241642812305122,-5.620576909273878,0.05
DIS,2026-03-11,0.446575,163,135.0,1.332412,101.31999969482422,0.9099989147957359,31.609020302498166,0.2922121563801861,0.10425077489430967,0.009142935217774649,12.248108398398152,-4.48984874465239,0.05
DIS,2026-03-11,0.446575,163,140.0,1.381761,101.31999969482422,0.7499998105551073,36.33861457168446,0.3060839414397508,0.0854315714202522,0.0075370090267988365,10.576078851602098,-4.019732801298773,0.05
DIS,2026-03-11,0.446575,163,145.0,1.431109,101.31999969482422,0.5500000752387484,41.02820820979501,0.31058386851037934,0.06479992235696833,0.0060150353342830745,8.564503230038328,-3.278993392538697,0.05
DIS,2026-03-11,0.446575,163,150.0,1.480458,101.31999969482422,0.7000001426577906,46.06780165064097,0.35130799904327226,0.07231692074390453,0.005787626091292358,9.321238147876915,-3.997732713641239,0.05
DIS,2026-03-11,0.446575,163,155.0,1.529807,101.31999969482422,0.3900000550361291,50.647394936446204,0.3342553703892453,0.045356071811045215,0.0042148392853115545,6.458691078519116,-2.6273936269589813,0.05
DIS,2026-03-11,0.523288,191,55.0,0.542835,101.31999969482422,47.94037857033395,0.20000047100880636,0.44131289020642556,0.9844326209664258,0.0012087509553722147,2.86559166700586,-3.7984602414036175,0.05
DIS,2026-03-11,0.523288,191,60.0,0.592183,101.31999969482422,43.21950342418318,0.35000001535795633,0.42638507462707503,0.9736711273783661,0.001953032897228239,4.473448223867847,-4.59416949259543,0.05
DIS,2026-03-11,0.523288,191,65.0,0.641532,101.31999969482422,38.84862873011766,0.8500000117923534,0.44888540503392677,0.94629651616783,0.0033179586346010767,8.000871857997984,-6.283151282892208,0.05
DIS,2026-03-11,0.523288,191,70.0,0.69088,101.31999969482422,34.21775402784357,1.090000000018179,0.4157438393836899,0.9288055126301898,0.004464048246871595,9.969779761792132,-6.954857760979349,0.05
DIS,2026-03-11,0.523288,191,75.0,0.740229,101.31999969482422,29.866878286706637,1.6099989493811648,0.4008880556473742,0.8983949705711414,0.006042645432028849,13.013109697472371,-8.042563969987913,0.05
DIS,2026-03-11,0.523288,191,80.0,0.789578,101.31999969482422,25.776004554336502,2.389999907510955,0.3914002326796592,0.8573331196839555,0.007858652656894288,16.523423565358534,-9.233910645282666,0.05
DIS,2026-03-11,0.523288,191,85.0,0.838926,101.31999969482422,21.49512995905682,2.980000002731174,0.3599166770537393,0.8173340425731876,0.01003909577845525,19.410084703390147,-9.740975062178535,0.05
DIS,2026-03-11,0.523288,191,90.0,0.888275,101.31999969482422,17.59425526463857,3.9499999988128423,0.3391059388035078,0.7618544989830687,0.012454920163842894,22.688574275140077,-10.33127680831289,0.05
DIS,2026-03-11,0.523288,191,95.0,0.937623,101.31999969482422,14.373380423469321,5.599999848143497,0.3348680004920628,0.6897041633635633,0.014380100137246547,25.868212606548344,-11.052307785107324,0.05
DIS,2026-03-11,0.523288,191,100.0,0.986972,101.31999969482422,11.602505944559141,7.700000059733242,0.33297153420773307,0.6116042906563515,0.01570307003525876,28.088111291301576,-11.454590959294089,0.05
DIS,2026-03-11,0.523288,191,105.0,1.036321,101.31999969482422,8.250000028424147,9.218368834098172,0.2975720580845637,0.5252921622821423,0.0182548610635448,29.181092215047006,-10.54567026444723,0.05
DIS,2026-03-11,0.523288,191,110.0,1.085669,101.31999969482422,5.660000109809445,11.49924360598338,0.2748705656115673,0.4276423244683802,0.019475721659315118,28.757601257216162,-9.436277927743832,0.05
DIS,2026-03-11,0.523288,191,115.0,1.135018,101.31999969482422,4.3999999516830535,15.11011813835691,0.2843101255682342,0.3498427333334085,0.01777219033802596,27.143393666314996,-8.926011939879222,0.05
DIS,2026-03-11,0.523288,191,120.0,1.184366,101.31999969482422,3.0500045459830503,18.630997423156828,0.27763356187338045,0.27032799851024114,0.0162588177718734,24.248885944794267,-7.649680807863467,0.05
DIS,2026-03-11,0.523288,191,125.0,1.233715,101.31999969482422,2.2999999771579667,22.751867544831654,0.28374114875478446,0.21384057188915506,0.014005942165103051,21.34840896103954,-6.756167277956227,0.05
DIS,2026-03-11,0.523288,191,130.0,1.283064,101.31999969482422,1.599999493886834,26.922741752060432,0.2819777275486184,0.1606757978659777,0.011805355580082699,17.88235619779868,-5.55200861435249,0.05
DIS,2026-03-11,0.523288,191,135.0,1.332412,101.31999969482422,1.1300000004406598,31.323616949114168,0.2828309093989874,0.12049032933265974,0.009677725418940398,14.70384880259585,-4.5275337680667995,0.05
DIS,2026-03-11,0.523288,191,140.0,1.381761,101.31999969482422,0.9399999623967012,36.00449160157014,0.2956991467874321,0.09984690200958651,0.008088565790902063,12.848500807193657,-4.089036749019519,0.05
DIS,2026-03-11,0.523288,191,145.0,1.431109,101.31999969482422,0.6999998665597476,40.63536619623309,0.2994903572637984,0.07701506940216611,0.006580289715403765,10.586654047574592,-3.3846591142918117,0.05
DIS,2026-03-11,0.523288,191,150.0,1.480458,101.31999969482422,0.5000020131512031,45.30624303332448,0.30050175531523576,0.05752813864759564,0.0052329069031470865,8.447357688709646,-2.6919157782512784,0.05
DIS,2026-03-11,0.523288,191,155.0,1.529807,101.31999969482422,0.5600000000219554,50.237115710695136,0.32818589422375,0.05915915910492976,0.00489786324312618,8.634902294195834,-2.979439547285942,0.05
DIS,2026-03-11,0.523288,191,160.0,1.579155,101.31999969482422,0.4700000121170902,55.01799041329019,0.3366674598295708,0.049796662041631676,0.004166109448428142,7.534643000746015,-2.6525505919955727,0.05
DIS,2026-03-11,0.523288,191,165.0,1.628504,101.31999969482422,0.40999998725658093,59.828865078929596,0.3466594724215696,0.04317755480487466,0.0036083014633208855,6.719496755860722,-2.4239513096844125,0.05
DIS,2026-03-11,0.523288,191,170.0,1.677852,101.31999969482422,0.2799999991422304,64.56973978131518,0.3418574321821531,0.031213413037532074,0.0028062594885335636,5.153517027971518,-1.827491955589644,0.05
DIS,2026-03-11,0.523288,191,175.0,1.727201,101.31999969482422,0.31999967200708834,69.48061414467993,0.3656617058431245,0.0332614208222557,0.002764864015135786,5.431053982610732,-2.050051822180152,0.05
DIS,2026-03-11,0.523288,191,180.0,1.77655,101.31999969482422,0.26999996392452497,74.30148912709727,0.37142933287865515,0.028253918187567707,0.002377927330814578,4.744665928370972,-1.8135151275732377,0.05
DIS,2026-03-11,0.772603,282,55.0,0.542835,101.31999969482422,48.884142683313534,0.4799999909201631,0.4305017993594891,0.971664787619877,0.001692506925095096,5.778991142459274,-4.088301844413973,0.05
DIS,2026-03-11,0.772603,282,60.0,0.592183,101.31999969482422,44.443610465098544,0.850000227471611,0.4290103805747629,0.9535614712901745,0.002544435706328563,8.657766838159029,-5.012301634351348,0.05
DIS,2026-03-11,0.772603,282,65.0,0.641532,101.31999969482422,39.9230777829499,1.1400000000894153,0.40567133113578263,0.9371782609789154,0.0034177386017114966,10.99663383499207,-5.638598199183394,0.05
DIS,2026-03-11,0.772603,282,70.0,0.69088,101.31999969482422,35.81254530976401,1.839999981669962,0.4065517964343368,0.9068466482444146,0.004601028317573328,14.836019452839682,-6.706893623619735,0.05
DIS,2026-03-11,0.772603,282,75.0,0.740229,101.31999969482422,31.66201277695886,2.499999903631249,0.391918220553572,0.8764761906913814,0.005848989128803237,18.18121373170407,-7.46852021320764,0.05
DIS,2026-03-11,0.772603,282,80.0,0.789578,101.31999969482422,27.611480421270628,3.260000002709461,0.3746399091530627,0.8412024100141331,0.007256560182061108,21.562119288506775,-8.108760744308032,0.05
DIS,2026-03-11,0.772603,282,85.0,0.838926,101.31999969482422,23.61094794490012,4.069999981105397,0.35288823250300894,0.8011837547979356,0.008876389419896893,24.843920285507245,-8.552010836430886,0.05
DIS,2026-03-11,0.772603,282,90.0,0.888275,101.31999969482422,20.33041818358656,5.600002674558269,0.3510031379054449,0.7464866150996773,0.010240895232744213,28.50988895091143,-9.241380761478304,0.05
DIS,2026-03-11,0.772603,282,95.0,0.937623,101.31999969482422,17.129888270455716,7.210005216193878,0.3417849780586705,0.6890593183468965,0.011605573351034761,31.460540180298988,-9.593056878562377,0.05
DIS,2026-03-11,0.772603,282,100.0,0.986972,101.31999969482422,15.489350527718024,10.379999928222617,0.3705027720075444,0.626167204810808,0.011480740166863375,33.73711590339903,-10.487037121216982,0.05
DIS,2026-03-11,0.772603,282,105.0,1.036321,101.31999969482422,10.000000000645905,9.701181855916943,0.27833661715216934,0.5534563127008365,0.015949390502155308,35.20959579862172,-8.646085774231585,0.05
DIS,2026-03-11,0.772603,282,110.0,1.085669,101.31999969482422,8.200000319986664,12.711714630024133,0.2843446861343444,0.4803217436358988,0.01573486010354708,35.485800450086124,-8.553314466792855,0.05
DIS,2026-03-11,0.772603,282,115.0,1.135018,101.31999969482422,7.6000058346823565,16.92225259948627,0.3153257856001226,0.42897502334016696,0.01398044145202259,34.96447205177884,-8.928289759508607,0.05
DIS,2026-03-11,0.772603,282,120.0,1.184366,101.31999969482422,4.849999994779832,18.982779214350188,0.27543956220815796,0.33786752532464437,0.014901052141788072,32.55291298370408,-7.271834461385269,0.05
DIS,2026-03-11,0.772603,282,125.0,1.233715,101.31999969482422,3.9499999576782834,22.893311632015084,0.2820335346699098,0.28520338551829194,0.013521164213443893,30.245546852145416,-6.767809050321617,0.05
DIS,2026-03-11,0.772603,282,130.0,1.283064,101.31999969482422,3.000000076138239,26.753844205241478,0.27994308171979626,0.2318015798560254,0.01223262171302107,27.1603829038226,-5.944921815952809,0.05
DIS,2026-03-11,0.772603,282,135.0,1.332412,101.31999969482422,2.4099986004767686,30.974375184346457,0.28452530007020604,0.19268790033024574,0.010801875554634174,24.376236966893934,-5.3441578392926905,0.05
DIS,2026-03-11,0.772603,282,140.0,1.381761,101.31999969482422,2.3400000079870935,35.714909046623234,0.30664993808352325,0.17837237000336914,0.009553584719104091,23.23570446277503,-5.397818780081051,0.05
DIS,2026-03-11,0.772603,282,145.0,1.431109,101.31999969482422,1.4499993784380933,39.63544087184064,0.28679725399217154,0.12659485951292754,0.008131124302459214,18.495760473986884,-4.001727920363157,0.05
DIS,2026-03-11,0.772603,282,150.0,1.480458,101.31999969482422,1.1499999920452897,44.14597394021429,0.2897098902452198,0.1035226480931265,0.006975609335417014,16.028470243924954,-3.472116513553785,0.05
DIS,2026-03-11,0.772603,282,155.0,1.529807,101.31999969482422,1.119999864301846,48.926506267237286,0.30668063594868117,0.09696392519546077,0.006282167397926551,15.280672338395044,-3.4680109228965894,0.05
DIS,2026-03-11,0.772603,282,160.0,1.579155,101.31999969482422,1.0099997209641716,53.62703857866606,0.31698850426627895,0.08662441547874711,0.0055907624120132855,14.055980718628984,-3.271829143569025,0.05
DIS,2026-03-11,0.772603,282,165.0,1.628504,101.31999969482422,0.7500018105867943,58.177573123055126,0.3133237904433043,0.06775269359433535,0.004692242408733917,11.660587055368001,-2.670170971328364,0.05
DIS,2026-03-11,0.772603,282,170.0,1.677852,101.31999969482422,0.5200000906320206,62.7581038578668,0.3064823250643506,0.05019578764707014,0.0037903841789713555,9.213725466269274,-2.0557795521627615,0.05
DIS,2026-03-11,0.772603,282,175.0,1.727201,101.31999969482422,0.4299999956356211,67.47863621763685,0.3101468693937591,0.04211291117973091,0.003252851319947268,8.001625448346319,-1.7978951871265163,0.05
DIS,2026-03-11,0.772603,282,180.0,1.77655,101.31999969482422,0.4500015647505533,72.30917024151819,0.32611951701267633,0.0421119426341088,0.003093475926574422,8.001476510298653,-1.8795708381927798,0.05
DIS,2026-03-11,0.849315,310,55.0,0.542835,101.31999969482422,49.28671881945513,0.6799999467147657,0.4427119941329249,0.9645037253137752,0.001890933894854613,7.298890088913974,-4.324141139282498,0.05
DIS,2026-03-11,0.849315,310,60.0,0.592183,101.31999969482422,44.764602492875966,0.9500000585068591,0.42228421198563093,0.9505288644057226,0.002593521984243754,9.54891367850939,-4.951035786540665,0.05
DIS,2026-03-11,0.849315,310,65.0,0.641532,101.31999969482422,40.21248315176529,1.1899971557674434,0.39372796442964997,0.9359717118782608,0.003408720311966919,11.701642319899321,-5.443349312522467,0.05
DIS,2026-03-11,0.849315,310,70.0,0.69088,101.31999969482422,35.930369088685005,1.699999531058424,0.38135114965425077,0.911290438811847,0.0045117025216465595,15.001155253146742,-6.18791493936563,0.05
DIS,2026-03-11,0.849315,310,75.0,0.740229,101.31999969482422,31.658250922819853,2.2199978035645387,0.36176007455431247,0.8842101333837225,0.00577422102235917,18.212653580794814,-6.7752749838073125,0.05
DIS,2026-03-11,0.849315,310,80.0,0.789578,101.31999969482422,28.016136681167147,3.3700000002830848,0.3654712313149391,0.8403600125063422,0.0071193491482106465,22.68572575321912,-7.7374372109440195,0.05
DIS,2026-03-11,0.849315,310,85.0,0.838926,101.31999969482422,24.29402542482245,4.440005182309648,0.35429071641061,0.797076998356048,0.008536615689297497,26.369669814406077,-8.323328147801842,0.05
DIS,2026-03-11,0.849315,310,90.0,0.888275,101.31999969482422,20.86190576427434,5.800001960132789,0.3454961290863057,0.7468662978898496,0.009915331858085295,29.86823978312896,-8.815637185028727,0.05
DIS,2026-03-11,0.849315,310,95.0,0.937623,101.31999969482422,17.869782530032253,7.599995164261969,0.34233822979570133,0.690227272103856,0.011033080012935693,32.9314882076568,-9.240142857000528,0.05
DIS,2026-03-11,0.849315,310,100.0,0.986972,101.31999969482422,15.077670471259104,9.599999543860065,0.33645464497539845,0.6309169202139173,0.012008501727972807,35.22690938901154,-9.419880151713802,0.05
DIS,2026-03-11,0.849315,310,105.0,1.036321,101.31999969482422,10.550000049303634,9.864445560275868,0.2755823071814078,0.5610840170434765,0.015321387909392538,36.81362880651168,-8.28752006804097,0.05
DIS,2026-03-11,0.849315,310,110.0,1.085669,101.31999969482422,8.299999979389028,12.406561928732515,0.2696924801412009,0.4858077618976128,0.01583203371349476,37.227573706486105,-7.956745323661473,0.05
DIS,2026-03-11,0.849315,310,115.0,1.135018,101.31999969482422,6.749991914866726,15.648670302581479,0.2737515703384597,0.41779474555441704,0.015274635494771451,36.45748144278846,-7.654543531078425,0.05
DIS,2026-03-11,0.849315,310,120.0,1.184366,101.31999969482422,5.399999934040149,19.09079476012616,0.2753338129537618,0.3547160321138108,0.014476752132730466,34.7528060559513,-7.160132142079011,0.05
DIS,2026-03-11,0.849315,310,125.0,1.233715,101.31999969482422,4.15000117030899,22.63291243476627,0.27222158392369805,0.29374318754963386,0.013547349067695943,32.1540784330082,-6.433598842279983,0.05
DIS,2026-03-11,0.849315,310,130.0,1.283064,101.31999969482422,3.2500000008102496,26.52502770363877,0.2728824961930522,0.24305250960661395,0.012284537689148781,29.227635675960332,-5.764181777810108,0.05
DIS,2026-03-11,0.849315,310,135.0,1.332412,101.31999969482422,2.6499999931984064,30.717144134398183,0.2780029377520315,0.20431150176490065,0.01092350925799895,26.477120708344447,-5.235867596049393,0.05
DIS,2026-03-11,0.849315,310,140.0,1.381761,101.31999969482422,2.000001623749858,34.859262203320895,0.2756941087443503,0.163910207840614,0.009601453011267797,23.07935331536269,-4.476235539032523,0.05
DIS,2026-03-11,0.849315,310,145.0,1.431109,101.31999969482422,1.7200000051298332,39.37137702307214,0.28464126711487914,0.14154303699939152,0.008436890754412906,20.938206502740204,-4.139694660069966,0.05
DIS,2026-03-11,0.849315,310,150.0,1.480458,101.31999969482422,1.3000000570241887,43.74349351333777,0.28281509467752664,0.11273634380904118,0.007246798119264897,17.869316342617168,-3.481291705971434,0.05
DIS,2026-03-11,0.849315,310,155.0,1.529807,101.31999969482422,1.4200000251994176,48.65560991988423,0.3080100579897594,0.1138701122730047,0.006701682227928849,17.99732331477746,-3.7692936603153653,0.05
DIS,2026-03-11,0.849315,310,160.0,1.579155,101.31999969482422,0.9999990228636202,53.0277253559197,0.2996330419897273,0.08648452395371226,0.005634350314708392,14.719489160939796,-2.984602483865598,0.05
DIS,2026-03-11,0.849315,310,165.0,1.628504,101.31999969482422,0.5000000007954304,57.31984277222277,0.2742591344936945,0.05102303658777398,0.004092850314084443,9.786922557280912,-1.813669496276612,0.05
DIS,2026-03-11,0.849315,310,170.0,1.677852,101.31999969482422,0.7300002123645415,62.34195942216316,0.31008545223632544,0.06432270783403869,0.004343651777693834,11.743446728745988,-2.4331286266733083,0.05
DIS,2026-03-11,0.849315,310,175.0,1.727201,101.31999969482422,0.5600000465745927,66.96407569474444,0.30829628072322895,0.05134369131337903,0.0036591783623831794,9.835830899727242,-2.017280976978357,0.05
DIS,2026-03-11,0.849315,310,180.0,1.77655,101.31999969482422,0.6200000095949685,71.81619209613609,0.3275982945434856,0.0534970225407823,0.003557750193036666,10.161931710549775,-2.1998489739921148,0.05
DIS,2026-03-11,1.021918,373,55.0,0.542835,101.31999969482422,49.85968240519166,0.7999980862589666,0.42268857302018714,0.9610527267082547,0.0019477315153045187,8.63686090951089,-4.161910561453222,0.05
DIS,2026-03-11,1.021918,373,60.0,0.592183,101.31999969482422,45.44874655819626,1.1400000007082554,0.4073974698511986,0.9454426126081832,0.002648942456600467,11.321322935062707,-4.773852662997799,0.05
DIS,2026-03-11,1.021918,373,65.0,0.641532,101.31999969482422,41.197808796064464,1.6400000000211392,0.39700438245986513,0.924219742970739,0.0035087621416630198,14.613544161704848,-5.4608113116324235,0.05
DIS,2026-03-11,1.021918,373,70.0,0.69088,101.31999969482422,36.746871110115364,1.9400000755167213,0.36762366686961,0.9063067163799963,0.004443155232646618,17.135677352959718,-5.836191776111831,0.05
DIS,2026-03-11,1.021918,373,75.0,0.740229,101.31999969482422,33.255933294332856,3.2000000211789086,0.3823911459322492,0.8651160944821077,0.0055402521288535995,22.225097973647035,-6.8780831311912625,0.05
DIS,2026-03-11,1.021918,373,80.0,0.789578,101.31999969482422,29.344995378252065,4.039999866542786,0.36654648861122685,0.8316649509613842,0.006697853861250908,25.75556360929021,-7.365030760991395,0.05
DIS,2026-03-11,1.021918,373,85.0,0.838926,101.31999969482422,26.254059119318335,5.700001369053737,0.37344806605863673,0.7850418933141186,0.007638061347015427,29.924002607141645,-8.132009919570258,0.05
DIS,2026-03-11,1.021918,373,90.0,0.888275,101.31999969482422,23.20311998551366,7.399999996693765,0.37188544206440793,0.7385973049655168,0.008539343087943553,33.3150114865968,-8.643399970641383,0.05
DIS,2026-03-11,1.021918,373,95.0,0.937623,101.31999969482422,19.152182225236587,8.09999999786136,0.33532846363338664,0.6950529688870958,0.010197805158610794,35.87430169222738,-8.449361901741009,0.05
DIS,2026-03-11,1.021918,373,100.0,0.986972,101.31999969482422,16.701242768953605,10.399998303023068,0.3380436125162312,0.640112899842206,0.010804018760303112,38.31460836679261,-8.744858579766479,0.05
DIS,2026-03-11,1.021918,373,105.0,1.036321,101.31999969482422,11.90000056824725,10.349693863761402,0.274819214080632,0.5770724325188671,0.013907616442676171,40.096468618764824,-7.719919680084253,0.05
DIS,2026-03-11,1.021918,373,110.0,1.085669,101.31999969482422,9.96000073531222,13.160631792271047,0.2777405022124009,0.5118124816479774,0.014017715852885314,40.84348540309826,-7.645136764941209,0.05
DIS,2026-03-11,1.021918,373,115.0,1.135018,101.31999969482422,8.04999636185822,16.001565180261736,0.27404188210072744,0.4466184000115605,0.014085707153850158,40.49504851151997,-7.289732324802642,0.05
DIS,2026-03-11,1.021918,373,120.0,1.184366,101.31999969482422,6.419999997096248,19.12250657694446,0.2703590106250333,0.3838029831575313,0.01379125208030653,39.115678881561564,-6.797576240015952,0.05
DIS,2026-03-11,1.021918,373,125.0,1.233715,101.31999969482422,5.449998808545395,22.903443149838267,0.27749365724503566,0.33493958323913464,0.012817069583728134,37.31196572946204,-6.4901878272311695,0.05
DIS,2026-03-11,1.021918,373,130.0,1.283064,101.31999969482422,4.099999987678608,26.304382090416183,0.26848959304258874,0.27613246951534887,0.012158127880582752,34.24526179602729,-5.692534790971512,0.05
DIS,2026-03-11,1.021918,373,135.0,1.332412,101.31999969482422,3.450000000492306,30.405319864674567,0.2742389016775547,0.2381418464282551,0.011020616718514061,31.70598766886265,-5.288190076597183,0.05
DIS,2026-03-11,1.021918,373,140.0,1.381761,101.31999969482422,2.5999999559702083,34.30625758159714,0.2686851614295767,0.1930853686151927,0.009958482062102559,28.07004797396997,-4.538293748102248,0.05
DIS,2026-03-11,1.021918,373,155.0,1.529807,101.31999969482422,1.490000000049351,47.449070910010335,0.2798396478698332,0.11884399567827308,0.006931691407454559,20.349549194605093,-3.3138008096987868,0.05
DIS,2026-03-11,1.021918,373,160.0,1.579155,101.31999969482422,1.2899988906970865,52.00000756210275,0.28568371900797035,0.10370532578853375,0.006158652836719731,18.457698234074662,-3.040855570360434,0.05
DIS,2026-03-11,1.268493,463,55.0,0.542835,101.31999969482422,50.700034219967456,1.0000001156630987,0.4053315261312174,0.9559479097820971,0.0020144175112548676,10.63257263335107,-4.006584883907496,0.05
DIS,2026-03-11,1.268493,463,60.0,0.592183,101.31999969482422,46.53730996332232,1.530000003610681,0.40139824405462826,0.9364050223051147,0.0027215019617598825,14.225338392589327,-4.667674464378943,0.05
DIS,2026-03-11,1.268493,463,65.0,0.641532,101.31999969482422,42.51458581517786,2.2000000000589353,0.3961834218332163,0.9130943613850461,0.0034994853664308866,18.0542298269387,-5.319409636414367,0.05
DIS,2026-03-11,1.268493,463,70.0,0.69088,101.31999969482422,37.82186072645681,2.199999055930597,0.3508414327156223,0.9021527176911324,0.004314278742155599,19.710496454490393,-5.40498958069883,0.05
DIS,2026-03-11,1.268493,463,75.0,0.740229,101.31999969482422,33.97913753344338,3.0500000075098797,0.34540702003049506,0.8709209675184637,0.005340642679504631,24.021668431516098,-5.983644187014239,0.05
DIS,2026-03-11,1.268493,463,80.0,0.789578,101.31999969482422,30.986412763436505,4.749999382095723,0.3626981182991983,0.8258440221866193,0.006209024288955438,29.32561626407431,-6.826917293577344,0.05
DIS,2026-03-11,1.268493,463,85.0,0.838926,101.31999969482422,27.143689641369193,5.600000404621127,0.3422737178796899,0.7918563272843695,0.007340275150615131,32.71631479252356,-7.068232408538943,0.05
DIS,2026-03-11,1.268493,463,90.0,0.888275,101.31999969482422,23.610965054923497,6.759999962768148,0.32740798686586753,0.7510060294381454,0.008487168603002526,36.185167346973664,-7.293885397935767,0.05
DIS,2026-03-11,1.268493,463,95.0,0.937623,101.31999969482422,21.138240941557378,8.979999993994738,0.3352173367118859,0.7010275803322475,0.0090751590799803,39.61495838875163,-7.7289014486763365,0.05
DIS,2026-03-11,1.268493,463,100.0,0.986972,101.31999969482422,19.19551366044339,11.72999685747348,0.3483917708543688,0.6521943912764854,0.00929528044280763,42.170511777482794,-8.135308734417658,0.05
DIS,2026-03-11,1.268493,463,105.0,1.036321,101.31999969482422,13.849990456899093,11.07719779852188,0.2776209265655188,0.5968036464629899,0.01222012369037334,44.17802405469771,-7.165283064726723,0.05
DIS,2026-03-11,1.268493,463,110.0,1.085669,101.31999969482422,11.200004241613371,13.119935727828874,0.265061727168017,0.5344199920087805,0.013140241582524439,45.35538517670119,-6.886055592031848,0.05
DIS,2026-03-11,1.268493,463,115.0,1.135018,101.31999969482422,10.35999624081412,16.972651871622347,0.28653833252883526,0.4862201118696562,0.012193514957964282,45.497772080192604,-7.083908704806307,0.05
DIS,2026-03-11,1.268493,463,120.0,1.184366,101.31999969482422,7.579999983093309,18.88537975849424,0.2596231094178861,0.4146637631438498,0.013156400987036222,44.47940149464414,-6.273496975188417,0.05
DIS,2026-03-11,1.268493,463,125.0,1.233715,101.31999969482422,6.6999999649316635,22.698103884925317,0.2699184053872344,0.3706056155989568,0.012264650489467833,43.10882267361813,-6.128978980011271,0.05
DIS,2026-03-11,1.268493,463,130.0,1.283064,101.31999969482422,6.419996830224989,27.11082489481136,0.29058820899711435,0.34305319253655286,0.011087293749303897,41.95483605951968,-6.222444283551188,0.05
DIS,2026-03-11,1.268493,463,135.0,1.332412,101.31999969482422,4.449992662028414,29.833544871207508,0.26593537450132976,0.2753648893599099,0.011002409739122204,38.10152962800107,-5.1664284397147,0.05
DIS,2026-03-11,1.268493,463,140.0,1.381761,101.31999969482422,4.139999428879143,34.21627578265094,0.27947441922201566,0.2519323203900033,0.010004840292950101,36.41084089248637,-5.080307511116137,0.05
DIS,2026-03-11,1.268493,463,145.0,1.431109,101.31999969482422,3.2900001850834393,38.05900068344795,0.2750198142790715,0.21255253243972932,0.009248400725143002,33.121432347017354,-4.5027914549067205,0.05
DIS,2026-03-11,1.268493,463,150.0,1.480458,101.31999969482422,2.8699999746385423,42.33172461759577,0.28012548104279744,0.18812829601330683,0.008437509620773602,30.778353442471886,-4.208000049973719,0.05
DIS,2026-03-11,1.268493,463,155.0,1.529807,101.31999969482422,2.99999981258933,47.15444860013926,0.30147290283530964,0.1852493045138796,0.007765551385267135,30.48590322814321,-4.411146758304909,0.05
DIS,2026-03-11,1.268493,463,160.0,1.579155,101.31999969482422,1.9600000004236353,50.80717293256629,0.2799753716695692,0.13782824559760104,0.0068928283980673275,25.130190604159758,-3.3735419677214034,0.05
DIS,2026-03-11,1.268493,463,165.0,1.628504,101.31999969482422,1.6299953133876368,55.16989239012301,0.2805297269842646,0.11805939498143708,0.006177321796329356,22.566156771435605,-3.011863853567613,0.05
DIS,2026-03-11,1.268493,463,170.0,1.677852,101.31999969482422,1.7100017119166928,59.94262293324478,0.29768362124396014,0.11766298462709152,0.00580751918306553,22.51251832391726,-3.15214313264799,0.05
DIS,2026-03-11,1.769863,646,55.0,0.542835,101.31999969482422,52.37798382168001,1.4000000244828783,0.38407324095358236,0.947851508122283,0.0020600202472639507,14.375254833176346,-3.7426843444756246,0.05
DIS,2026-03-11,1.769863,646,60.0,0.592183,101.31999969482422,48.971438701935234,2.5700018045223842,0.408331307830877,0.9190947184404565,0.0027241227884978207,20.210142334678633,-4.538938330723658,0.05
DIS,2026-03-11,1.769863,646,65.0,0.641532,101.31999969482422,45.07488999904353,3.2500000014149606,0.39529070190425875,0.8989018363787085,0.003320104644394655,23.845058061784503,-4.962933795029588,0.05
DIS,2026-03-11,1.769863,646,70.0,0.69088,101.31999969482422,41.85834162576574,4.609998527921455,0.40303548461094263,0.8692393761233628,0.003909734359129467,28.629947304549663,-5.570473819014785,0.05
DIS,2026-03-11,1.769863,646,75.0,0.740229,101.31999969482422,37.321796174093535,4.649999976033527,0.36114003551311974,0.8532529660323094,0.004720002908533424,30.970478534469994,-5.616248293201459,0.05
DIS,2026-03-11,1.769863,646,80.0,0.789578,101.31999969482422,34.09524912357459,5.999999825298858,0.35946415283453514,0.8207412972485275,0.005401532595121463,35.27788999425428,-6.035632251835036,0.05
DIS,2026-03-11,1.769863,646,85.0,0.838926,101.31999969482422,30.91870118540772,7.399998786916271,0.3539050262984183,0.7871001001477713,0.006090208765827762,39.16056272930801,-6.356822699876437,0.05
DIS,2026-03-11,1.769863,646,90.0,0.888275,101.31999969482422,28.742155499440315,9.80000000073315,0.36761277838555095,0.7478453612181769,0.006442255894187725,43.028735542008896,-6.820159672217151,0.05
DIS,2026-03-11,1.769863,646,95.0,0.937623,101.31999969482422,26.165605700331277,11.79999710140838,0.3662100686893595,0.7113850353659116,0.006918941827883271,46.036253529313804,-7.058377208166368,0.05
DIS,2026-03-11,1.769863,646,100.0,0.986972,101.31999969482422,23.089071030797243,13.300009331658643,0.350622723828707,0.6740250936065814,0.007624760987317193,48.573154272191815,-7.071504972906226,0.05
DIS,2026-03-11,1.769863,646,105.0,1.036321,101.31999969482422,16.39999999948853,11.187485200134205,0.2616386063101502,0.627703323494541,0.01072746989141917,50.99518181361277,-6.129250390165602,0.05
DIS,2026-03-11,1.769863,646,110.0,1.085669,101.31999969482422,13.370000266618774,12.734032367048727,0.24451099925766814,0.5722090620715079,0.011905668553818733,52.891051558991066,-5.883826575551839,0.05
DIS,2026-03-11,1.769863,646,115.0,1.135018,101.31999969482422,13.049999999901445,16.990579000115687,0.2740279971498174,0.5309333823895699,0.010768171482839352,53.61260535857899,-6.187629967587666,0.05
DIS,2026-03-11,1.769863,646,120.0,1.184366,101.31999969482422,14.049999995784482,22.567125895782993,0.3236849870849795,0.5111170069454019,0.009140160848259898,53.75345805382679,-6.802223851929167,0.05
DIS,2026-03-11,1.769863,646,125.0,1.233715,101.31999969482422,9.430007004946233,22.523679804729028,0.26512244251392514,0.43320250377279673,0.011006601893385006,53.01878410673587,-5.694164968932114,0.05
DIS,2026-03-11,1.769863,646,130.0,1.283064,101.31999969482422,7.929999355121474,25.600219054688566,0.26107664334477154,0.3862220508090095,0.010872218241984376,51.572263751267,-5.363873715240797,0.05
DIS,2026-03-11,1.769863,646,135.0,1.332412,101.31999969482422,6.899999038838178,29.146765638189535,0.2628961961726403,0.34728046370028687,0.010422654721476748,49.7843299560507,-5.1118155233151406,0.05
DIS,2026-03-11,1.769863,646,140.0,1.381761,101.31999969482422,6.349999796665415,33.173313295801066,0.27181848881912485,0.3196498055435388,0.009755906898352396,48.181093679455216,-5.00171194715797,0.05
DIS,2026-03-11,1.769863,646,145.0,1.431109,101.31999969482422,5.400000041417801,36.79986044033771,0.27003634954387395,0.2837183892999011,0.00930717363094268,45.66359058036388,-4.650872072985496,0.05
DIS,2026-03-11,1.769863,646,150.0,1.480458,101.31999969482422,4.630004385004735,40.60641168370894,0.2695843369201983,0.25209296408005155,0.008783707730371059,43.023183760080485,-4.322233855337746,0.05
DIS,2026-03-11,1.769863,646,155.0,1.529807,101.31999969482422,4.499999758808485,45.05295395729698,0.2822200074056706,0.23918903934345187,0.008156954921806375,41.825955815031044,-4.321487385556251,0.05
DIS,2026-03-11,1.769863,646,160.0,1.579155,101.31999969482422,4.07000000030563,49.19950109857838,0.2863905393843673,0.2187530374049637,0.00764516438205108,39.780982807720775,-4.123284501859661,0.05
DIS,2026-03-11,1.769863,646,165.0,1.628504,101.31999969482422,3.1599999879967715,52.866047986053815,0.2759442121896896,0.18305428157615888,0.007129373010509316,35.74395792487762,-3.555822402508982,0.05
DIS,2026-03-11,1.769863,646,170.0,1.677852,101.31999969482422,3.0499999078868765,57.332594805728206,0.28551976689651354,0.17372593795613162,0.006666900544472287,34.5851903263377,-3.517290456749964,0.05
DIS,2026-03-11,1.769863,646,175.0,1.727201,101.31999969482422,2.350006157783554,61.20914795540915,0.2759304207586868,0.14363256864889257,0.006089043939203182,30.52661885930904,-2.9897679150157073,0.05
DIS,2026-03-11,1.865753,681,55.0,0.542835,101.31999969482422,53.178771935795886,1.9600000020449357,0.4115002672185498,0.9374798483976458,0.002160056683513169,17.024716025756224,-3.9677729541773683,0.05
DIS,2026-03-11,1.865753,681,60.0,0.592183,101.31999969482422,49.71411490974146,3.05000004517899,0.42270064822242837,0.9127215685761084,0.002713144083718802,21.96596963154491,-4.62642056511449,0.05
DIS,2026-03-11,1.865753,681,65.0,0.641532,101.31999969482422,45.03945783161209,2.9300000362380985,0.37427711184037327,0.9042875968630282,0.0032810072201054103,23.520419463552038,-4.688290096396498,0.05
DIS,2026-03-11,1.865753,681,70.0,0.69088,101.31999969482422,41.65480072315263,4.099999996967121,0.3777412375304655,0.8760522403111934,0.003914485203668876,28.32133112529113,-5.222315015264954,0.05
DIS,2026-03-11,1.865753,681,75.0,0.740229,101.31999969482422,37.940143658881986,4.940000001884961,0.36378024339652043,0.8511868849988128,0.004606672273091808,32.09748711109599,-5.5442520839543885,0.05
DIS,2026-03-11,1.865753,681,80.0,0.789578,101.31999969482422,33.955486487855474,5.509999900046921,0.33958567609853224,0.8270014106406911,0.005444945137343881,35.41501894673449,-5.7147576146318455,0.05
DIS,2026-03-11,1.865753,681,85.0,0.838926,101.31999969482422,31.590827673936623,7.6999981553165355,0.3556244624454986,0.7871261691459628,0.005902540129158077,40.20454788823377,-6.239660971514487,0.05
DIS,2026-03-11,1.865753,681,90.0,0.888275,101.31999969482422,29.38617245036656,10.050000000934958,0.36755725247275106,0.7494682237333977,0.0062540865293847885,44.02845939194209,-6.664345802397788,0.05
DIS,2026-03-11,1.865753,681,95.0,0.937623,101.31999969482422,26.93151275768755,12.149997377444436,0.3682722073893836,0.7139645279163582,0.006672659626998077,47.066567182198035,-6.915491730046915,0.05
DIS,2026-03-11,1.865753,681,100.0,0.986972,101.31999969482422,23.7768583078334,13.549999996778766,0.3509765377036574,0.6778328000469593,0.007382979760879007,49.631153667137184,-6.913244694120092,0.05
DIS,2026-03-11,1.865753,681,105.0,1.036321,101.31999969482422,17.329999999062224,11.657798757196062,0.2683162216134397,0.6332384373225791,0.010138488005793148,52.103239762541925,-6.088000389499464,0.05
DIS,2026-03-11,1.865753,681,110.0,1.085669,101.31999969482422,15.090000447944043,13.972456275266367,0.2659836351122332,0.5840185019202131,0.010596351912740854,53.982860946544434,-6.052062456935215,0.05
DIS,2026-03-11,1.865753,681,115.0,1.135018,101.31999969482422,12.999997234843491,16.437110131354288,0.26241747883766603,0.534326570009117,0.010944183352751172,55.007350380492326,-5.925279535681231,0.05
DIS,2026-03-11,1.865753,681,120.0,1.184366,101.31999969482422,11.579999967482053,19.57176993318133,0.26722227895102535,0.4898302841807256,0.010783853025626781,55.19391885189746,-5.855050951434093,0.05
DIS,2026-03-11,1.865753,681,125.0,1.233715,101.31999969482422,9.949988125442367,22.496415160330116,0.26469948236484425,0.4434985221078007,0.010780766347854107,54.657194087767785,-5.626446044620747,0.05
DIS,2026-03-11,1.865753,681,130.0,1.283064,101.31999969482422,8.319999386903465,25.421083490979697,0.25877748276972096,0.39569831911769293,0.010756473144095462,53.313965710180824,-5.285895266299056,0.05
DIS,2026-03-11,1.865753,681,135.0,1.332412,101.31999969482422,7.2499983145810845,28.905739487845807,0.26019650137534245,0.3566937563585818,0.01035593876476411,51.61019898888666,-5.04326947559708,0.05
DIS,2026-03-11,1.865753,681,140.0,1.381761,101.31999969482422,6.469999261932234,32.680397504385425,0.26462701319507137,0.32427677233072627,0.009818516877520401,49.76507616338119,-4.848472625551495,0.05
DIS,2026-03-11,1.865753,681,145.0,1.431109,101.31999969482422,5.870000008443,36.635055320084675,0.2705142573528101,0.297062275347332,0.009245680373800257,47.904205544340705,-4.6842157669912226,0.05
DIS,2026-03-11,1.865753,681,150.0,1.480458,101.31999969482422,4.9999998139487865,40.31971219477896,0.26855544571133405,0.2637394993343343,0.008791412711750693,45.22069563311792,-4.3406244160732985,0.05
DIS,2026-03-11,1.865753,681,155.0,1.529807,101.31999969482422,4.870005489833861,44.74437493985249,0.2811577845813614,0.25076312233033854,0.008179958302845888,44.049989530405185,-4.345899528723411,0.05
DIS,2026-03-11,1.865753,681,160.0,1.579155,101.31999969482422,4.000000000092079,48.429026519299214,0.2750929238548924,0.2177614408204528,0.0077316451726085885,40.73764705151866,-3.906426908149049,0.05
DIS,2026-03-11,1.865753,681,165.0,1.628504,101.31999969482422,3.4600008530808104,52.44368444147641,0.27476021064351086,0.1940229797455138,0.00722848025355436,38.04043256189078,-3.6109328523323545,0.05
DIS,2026-03-11,1.865753,681,170.0,1.677852,101.31999969482422,3.1499999746131166,56.68834063219717,0.27890844091030903,0.1779866091736682,0.006750033496537505,36.05887666103772,-3.439371534147929,0.05
