ticker,valuation_date,maturity_years,maturity_days,strike,moneyness,spot_price,call_price,put_price,implied_vol,delta_call,gamma,vega,theta_call,risk_free_rate
DIS,2026-03-11,0.005479,2,70.0,0.69088,101.31999969482422,31.999999999068592,0.6608248489472288,3.40040281959831,0.9447616132478813,0.004376810139917811,0.8371736806142762,-262.95006896329744,0.05
DIS,2026-03-11,0.005479,2,75.0,0.740229,101.31999969482422,26.370544820169556,0.029999994669836383,1.6967728256885592,0.9930500029044582,0.0015216262646014862,0.14523095293546398,-26.198448071617392,0.05
DIS,2026-03-11,0.005479,2,80.0,0.789578,101.31999969482422,21.37191453368466,0.030000032806569266,1.367951412199856,0.9914952564737134,0.002254428213504466,0.17347407235400883,-25.60831855840886,0.05
DIS,2026-03-11,0.005479,2,85.0,0.838926,101.31999969482422,16.353284153125458,0.009999976868996896,0.9224539630062158,0.9954765549952916,0.0019114315647699239,0.09918156238622226,-12.573921311589213,0.05
DIS,2026-03-11,0.005479,2,89.0,0.878405,101.31999969482422,12.384379916797528,0.04000000023837913,0.8422058692059637,0.9827915604537097,0.006744328630984221,0.3195100170959033,-28.914358599151825,0.05
DIS,2026-03-11,0.005479,2,90.0,0.888275,101.31999969482422,11.384653851637651,0.04000000000282,0.7795650133630905,0.9815408200353891,0.007735655599510059,0.3392164906886638,-28.53352245056313,0.05
DIS,2026-03-11,0.005479,2,91.0,0.898144,101.31999969482422,10.384927785569332,0.03999999885883199,0.717038349677035,0.9800900646577541,0.00896889381750087,0.3617501810298688,-28.115113556416325,0.05
DIS,2026-03-11,0.005479,2,92.0,0.908014,101.31999969482422,9.39520170761412,0.04999998582795229,0.6785556161395205,0.9745117453871222,0.01167178478239245,0.44550256731438553,-32.051833453217874,0.05
DIS,2026-03-11,0.005479,2,93.0,0.917884,101.31999969482422,8.395475690852948,0.05000003399109687,0.6142658441377165,0.9721371720670761,0.01388926498362745,0.47991367117576406,-31.405078205159043,0.05
DIS,2026-03-11,0.005479,2,94.0,0.927754,101.31999969482422,7.4057495903048505,0.059999998367331386,0.5679287055498469,0.9649522283247389,0.018161003611889312,0.5801778655681699,-34.585004850952224,0.05
DIS,2026-03-11,0.005479,2,95.0,0.937623,101.31999969482422,6.466023540512225,0.12000001349903755,0.5782966763787667,0.9372852975669788,0.028431181454004372,0.9248538190403459,-53.22912606010763,0.05
DIS,2026-03-11,0.005479,2,96.0,0.947493,101.31999969482422,5.506297432925081,0.15999997083621054,0.5408222712956705,0.9152984176033709,0.03826226218216807,1.1639992536213097,-61.80498760982328,0.05
DIS,2026-03-11,0.005479,2,97.0,0.957363,101.31999969482422,4.556571083456362,0.2099996862918232,0.4983747977466246,0.886280972047985,0.051516642859635454,1.4442125586502055,-69.94009252781305,0.05
DIS,2026-03-11,0.005479,2,98.0,0.967233,101.31999969482422,3.6868453765910374,0.3400000443508304,0.4869226466609887,0.8289328628981899,0.06957109545183948,1.9055322638471226,-88.68105330740828,0.05
DIS,2026-03-11,0.005479,2,99.0,0.977102,101.31999969482422,2.7971194823903147,0.4500002150744251,0.4396955531726331,0.7692514599905359,0.09224518424481787,2.2815146767882797,-95.29660394217842,0.05
DIS,2026-03-11,0.005479,2,100.0,0.986972,101.31999969482422,2.027393202218434,0.679999999826876,0.4168462588980636,0.673391321268344,0.11535471760390999,2.704822430779288,-106.19395966507889,0.05
DIS,2026-03-11,0.005479,2,101.0,0.996842,101.31999969482422,1.3276671331976502,0.9799999957304095,0.38349679986255725,0.5538036353752886,0.13743925746576574,2.9648316302501123,-106.49074996451479,0.05
DIS,2026-03-11,0.005479,2,102.0,1.006711,101.31999969482422,0.890000135555141,1.542059063012232,0.3956744090561761,0.4190285629416094,0.13165517208081123,2.930241253554118,-107.8755084074655,0.05
DIS,2026-03-11,0.005479,2,103.0,1.016581,101.31999969482422,0.5299994317176235,2.1817844240990496,0.3898620219730219,0.29255885306600427,0.11754879442717316,2.5778438154543,-93.16216362649165,0.05
DIS,2026-03-11,0.005479,2,104.0,1.026451,101.31999969482422,0.21999993933853546,2.8715109966442753,0.3484992846910437,0.16145437431279352,0.09364048598661581,1.8356633658875028,-59.18205036835113,0.05
DIS,2026-03-11,0.005479,2,105.0,1.036321,101.31999969482422,0.13000000155550318,3.781237123785573,0.3695261626605715,0.10017040165185864,0.06340214082064811,1.3178822398449381,-44.938980235380285,0.05
DIS,2026-03-11,0.005479,2,106.0,1.04619,101.31999969482422,0.06999992745517147,4.7209631146095745,0.3817975760705431,0.05775328803632726,0.04037314900633626,0.8670682472799036,-30.49689381274016,0.05
DIS,2026-03-11,0.005479,2,107.0,1.05606,101.31999969482422,0.03000000000178238,5.680689252080498,0.38004030238611036,0.02773977974834236,0.022366830703664544,0.47814717735819895,-16.720541529261837,0.05
DIS,2026-03-11,0.005479,2,108.0,1.06593,101.31999969482422,0.02000000002653546,6.670415317029594,0.4075491094212207,0.018209433061081227,0.014626137855172647,0.3353027394985217,-12.56077436191528,0.05
DIS,2026-03-11,0.005479,2,109.0,1.075799,101.31999969482422,0.020000000588965783,7.6701413825163485,0.45730392688390015,0.016447074626924903,0.011949329050324111,0.30738023765948813,-12.908985692476966,0.05
DIS,2026-03-11,0.005479,2,110.0,1.085669,101.31999969482422,0.009999958971964928,8.659867405823661,0.46226037350932214,0.008726467769289207,0.006823773217151602,0.17743477562282023,-7.528130528468937,0.05
DIS,2026-03-11,0.005479,2,111.0,1.095539,101.31999969482422,0.02000000002673863,9.669593511802773,0.5533885309105903,0.01389188977679581,0.008541066386065598,0.2658702490291537,-13.494947433626633,0.05
DIS,2026-03-11,0.005479,2,112.0,1.105409,101.31999969482422,0.01000000180335725,10.659319578503727,0.5500818293995944,0.007465332699279585,0.004999214414199925,0.15468797493643718,-7.801877162073269,0.05
DIS,2026-03-11,0.005479,2,113.0,1.115278,101.31999969482422,0.019999997662693225,11.669045639287376,0.6455997701707864,0.012117373917073414,0.006505231252100615,0.23624008906198343,-13.977521548519125,0.05
DIS,2026-03-11,0.005479,2,114.0,1.125148,101.31999969482422,0.00999999950771635,12.658771706056726,0.6347453078784226,0.006564555076738896,0.0038675640474085987,0.13809072331237865,-8.03104106586458,0.05
DIS,2026-03-11,0.005479,2,115.0,1.135018,101.31999969482422,0.03000000055144514,13.678497772024784,0.7749904141858577,0.014844599166186492,0.0064573121837785625,0.28149818875981614,-19.980656547454718,0.05
DIS,2026-03-11,0.005479,2,116.0,1.144887,101.31999969482422,0.010000014622040032,14.658223851019699,0.7166559352620337,0.005886254560102986,0.003110120505822596,0.12537628855295666,-8.228283861380474,0.05
DIS,2026-03-11,0.005479,2,117.0,1.154757,101.31999969482422,0.03000002755468878,15.677949928876686,0.8645701450316391,0.013481233904517139,0.005327193075573775,0.25907539131027096,-20.505778367708366,0.05
DIS,2026-03-11,0.005479,2,118.0,1.164627,101.31999969482422,0.049999999856592314,16.69767596610292,0.9752259737943171,0.019168534600007562,0.006385258285635676,0.3502766759735908,-31.265508554668386,0.05
DIS,2026-03-11,0.005479,2,119.0,1.174497,101.31999969482422,0.009999997592159748,17.657402028762803,0.8349884708549806,0.005130849386580987,0.002362685979900127,0.1109721433019632,-8.480759880227069,0.05
DIS,2026-03-11,0.005479,2,120.0,1.184366,101.31999969482422,0.010000010294639927,18.65712810638962,0.8733351273516267,0.004927940315992701,0.0021792119627564613,0.10705523123122657,-8.555892272640417,0.05
DIS,2026-03-11,0.005479,2,121.0,1.194236,101.31999969482422,0.0900000893727193,19.736854250392014,1.2120735476625344,0.02677245866110976,0.006808421823618093,0.4641976304593046,-51.47218154572085,0.05
DIS,2026-03-11,0.005479,2,122.0,1.204106,101.31999969482422,0.00999999938033036,20.65658022532395,0.9485155450667607,0.004575527476199697,0.0018780087726896196,0.10020042424798511,-8.69523109911731,0.05
DIS,2026-03-11,0.005479,2,123.0,1.213976,101.31999969482422,1.4799999962246293,23.12630628709259,2.4519958924571537,0.1645243308167499,0.013472984639094101,1.8582795336897577,-416.5395380151548,0.05
DIS,2026-03-11,0.005479,2,125.0,1.233715,101.31999969482422,0.14999999914962725,23.79575841986623,1.514288373470305,0.03474455148233785,0.006762811522533676,0.5760542202459646,-79.7670048962076,0.05
DIS,2026-03-11,0.005479,2,130.0,1.283064,101.31999969482422,0.019999985264488984,28.664388730602724,1.3250860104434474,0.006400210679145098,0.00181155883790495,0.13502805249783728,-16.35821870157523,0.05
DIS,2026-03-11,0.005479,2,135.0,1.332412,101.31999969482422,0.11999999943625284,33.76301906939614,1.886822570723514,0.023683750034686604,0.003946663456840973,0.4188790578469028,-72.233461420683,0.05
DIS,2026-03-11,0.005479,2,140.0,1.381761,101.31999969482422,0.05999999867931072,38.70164939326081,1.8931113760471285,0.012693353539556779,0.0023094975605842403,0.2459354669600886,-42.54577429155284,0.05
DIS,2026-03-11,0.005479,2,145.0,1.431109,101.31999969482422,0.14000000011832503,43.780279719321456,2.3208713880509904,0.022806334108621203,0.0031082022426318972,0.40577738105660976,-86.0438735053855,0.05
DIS,2026-03-11,0.005479,2,150.0,1.480458,101.31999969482422,0.14999999139834452,48.788910035223125,2.5263558248328577,0.022585273679718458,0.0028320471495878767,0.4024597833503651,-92.88595838249195,0.05
DIS,2026-03-11,0.024658,9,55.0,0.542835,101.31999969482422,46.41776609842637,0.029999966838616388,1.5259104797908964,0.9962604974109744,0.00045941327383248754,0.17744860905255508,-8.21679528447363,0.05
DIS,2026-03-11,0.024658,9,60.0,0.592183,101.31999969482422,41.44392671702747,0.05000000027939677,1.4072428367982774,0.9935604872918806,0.0008084883973321484,0.2879936041878233,-11.179296735165263,0.05
DIS,2026-03-11,0.024658,9,65.0,0.641532,101.31999969482422,36.43008734730685,0.030000045398452357,1.1390113807074604,0.9950340341159343,0.0007930859485815651,0.22865901242114248,-8.500588276999,0.05
DIS,2026-03-11,0.024658,9,70.0,0.69088,101.31999969482422,31.476247931357264,0.07000004428854822,1.075767721858951,0.9887208450182357,0.001729330525759549,0.47090849115176686,-13.70752941568483,0.05
DIS,2026-03-11,0.024658,9,75.0,0.740229,101.31999969482422,26.542408472231102,0.13000000000205603,0.9856852171017583,0.978757550647705,0.003249161361514195,0.810680128893079,-19.83473908412065,0.05
DIS,2026-03-11,0.024658,9,80.0,0.789578,101.31999969482422,21.458569160512496,0.04000010312313407,0.6718025735176619,0.9893893169699005,0.002625836852757664,0.4465287300452917,-10.022228348192016,0.05
DIS,2026-03-11,0.024658,9,85.0,0.838926,101.31999969482422,16.474729635398035,0.0499999928483561,0.5355841198886258,0.9840258323145057,0.004690940429107934,0.6359567980781733,-11.06811904332305,0.05
DIS,2026-03-11,0.024658,9,89.0,0.878405,101.31999969482422,12.61965811070796,0.19000000003002526,0.5267117754022169,0.9477898312059414,0.012738410315844068,1.6983541866021465,-22.309867550656037,0.05
DIS,2026-03-11,0.024658,9,90.0,0.888275,101.31999969482422,11.580890227870725,0.15000000016071624,0.4666492069328207,0.9525670758705501,0.013318378623204554,1.5731925960589388,-19.13316657019685,0.05
DIS,2026-03-11,0.024658,9,92.0,0.908014,101.31999969482422,9.763354683398873,0.3300002216247435,0.4787119930716574,0.9094974002157368,0.021409820213340296,2.594342635257957,-29.303188902379382,0.05
DIS,2026-03-11,0.024658,9,93.0,0.917884,101.31999969482422,8.654586662829246,0.22000008402305582,0.39503129414605037,0.9239585746131428,0.02276086141796802,2.2759368137662372,-22.479110719633624,0.05
DIS,2026-03-11,0.024658,9,94.0,0.927754,101.31999969482422,7.71581869628065,0.28000000044238504,0.38078602812475126,0.9039929493815576,0.028116005559778584,2.7100333158443766,-25.11934456548896,0.05
DIS,2026-03-11,0.024658,9,95.0,0.937623,101.31999969482422,6.8670508134383255,0.4300000005680005,0.3884442699284531,0.8657721079626856,0.03499358092923751,3.4407816274249763,-31.1449515087031,0.05
DIS,2026-03-11,0.024658,9,96.0,0.947493,101.31999969482422,6.008282978027125,0.57000004812474,0.3813895615906834,0.8292310237498463,0.04182433358493267,4.037735227324067,-35.12723547595454,0.05
DIS,2026-03-11,0.024658,9,97.0,0.957363,101.31999969482422,5.099514946092796,0.6599998991583362,0.35514527340747737,0.7971041709504956,0.04997632511652997,4.492730437976783,-36.137808004211976,0.05
DIS,2026-03-11,0.024658,9,98.0,0.967233,101.31999969482422,4.410747163991871,0.970000000025351,0.36727628043391847,0.7349641234840284,0.05605779541691711,5.211573899263977,-42.31623138453254,0.05
DIS,2026-03-11,0.024658,9,99.0,0.977102,101.31999969482422,3.6419792806057103,1.1999999996071296,0.3524393036978555,0.6802881660341409,0.06375182534107399,5.687441768944134,-43.910600661223924,0.05
DIS,2026-03-11,0.024658,9,100.0,0.986972,101.31999969482422,2.8632113982743377,1.4200000002436894,0.3271985072099803,0.6197858235213087,0.07315423010586687,6.058857833877303,-43.19633951949828,0.05
DIS,2026-03-11,0.024658,9,101.0,0.996842,101.31999969482422,2.1844435148278976,1.739999999765189,0.30859013509394856,0.5457583410388517,0.0807213950557106,6.3053718290395775,-42.11159366926876,0.05
DIS,2026-03-11,0.024658,9,102.0,1.006711,101.31999969482422,1.6899999976748674,2.2443243655800984,0.307149088021585,0.464537045656614,0.08131495570610109,6.322075303951772,-41.644632297690436,0.05
DIS,2026-03-11,0.024658,9,103.0,1.016581,101.31999969482422,1.2200000056819604,2.773092256555117,0.2965091203156825,0.380775567302876,0.08076206232304249,6.0615746979675,-38.313506030033324,0.05
DIS,2026-03-11,0.024658,9,104.0,1.026451,101.31999969482422,0.9299999007362594,3.481860034577366,0.30274378172114996,0.3087247729920256,0.07311280186693542,5.602845717432583,-35.91320780172596,0.05
DIS,2026-03-11,0.024658,9,105.0,1.036321,101.31999969482422,0.649998786409185,4.2006268032182135,0.29841443377262356,0.23835116132287004,0.0652314929329313,4.927392386835145,-30.99153305802232,0.05
DIS,2026-03-11,0.024658,9,106.0,1.04619,101.31999969482422,0.5100000078091469,5.059395907586108,0.3113607093702492,0.19108425931193274,0.054971516843901475,4.332529548786332,-28.296838848387665,0.05
DIS,2026-03-11,0.024658,9,107.0,1.05606,101.31999969482422,0.2999999798043227,5.848163762549234,0.29536515923962725,0.13002671121362236,0.045023109048892514,3.3661599744110804,-20.804822404523712,0.05
DIS,2026-03-11,0.024658,9,108.0,1.06593,101.31999969482422,0.20999999822493187,6.756931663937763,0.29976868719146066,0.0956649295265733,0.035621152139023955,2.7029264791714827,-16.90426317695728,0.05
DIS,2026-03-11,0.024658,9,109.0,1.075799,101.31999969482422,0.19999997342468134,7.745699522105454,0.32773753352647306,0.08533842030006805,0.02993167691326425,2.4831172923152884,-16.924597712084896,0.05
DIS,2026-03-11,0.024658,9,110.0,1.085669,101.31999969482422,0.09000000438487366,8.634467436033589,0.30208666488328856,0.046179159689766824,0.02013622268920452,1.5397477019181403,-9.661393373868256,0.05
DIS,2026-03-11,0.024658,9,111.0,1.095539,101.31999969482422,0.11000000003523436,9.65323531465188,0.3418346081583059,0.0494613880350252,0.0188005273143215,1.626769662531106,-11.521263174730409,0.05
DIS,2026-03-11,0.024658,9,112.0,1.105409,101.31999969482422,0.04000000019800121,10.582003197782583,0.3097527026962768,0.022178969190077755,0.010723182873793669,0.8407731257517237,-5.391335770926247,0.05
DIS,2026-03-11,0.024658,9,113.0,1.115278,101.31999969482422,0.15999972555173336,11.700770806104245,0.425274260424421,0.056831608848586734,0.016871450580311004,1.8161910313608196,-15.942044701214133,0.05
DIS,2026-03-11,0.024658,9,114.0,1.125148,101.31999969482422,0.07000015209541477,12.609539115615874,0.3884450725214599,0.029888881710707724,0.01097591091599386,1.0792205213540043,-8.64872435527791,0.05
DIS,2026-03-11,0.024658,9,115.0,1.135018,101.31999969482422,0.029999983624627413,13.56830683011303,0.36296582281597756,0.014929840795347519,0.006531519595021281,0.6000949500891539,-4.490917597631872,0.05
DIS,2026-03-11,0.024658,9,116.0,1.144887,101.31999969482422,0.1399997267069084,14.677074456163226,0.49181936466679654,0.044807085386762494,0.012071747275493516,1.5028504436602215,-15.207925868240125,0.05
DIS,2026-03-11,0.024658,9,117.0,1.154757,101.31999969482422,0.060000000033686884,15.595842612457943,0.44769269887098667,0.02306968943237635,0.007669628807724719,0.8691492545678758,-8.004193160600025,0.05
DIS,2026-03-11,0.024658,9,118.0,1.164627,101.31999969482422,0.21000000288452103,16.744610498276728,0.5854649093492005,0.05498321510145775,0.011939670360883625,1.7694292874047748,-21.27458087965655,0.05
DIS,2026-03-11,0.024658,9,120.0,1.184366,101.31999969482422,0.019999998427312038,18.552146259755375,0.443166761684232,0.008679517718966372,0.003339515032857848,0.37461967905217786,-3.4094666234043745,0.05
DIS,2026-03-11,0.024658,9,125.0,1.233715,101.31999969482422,0.010000000008052845,23.535985676175798,0.49661971651333725,0.0041638765382841815,0.0015542607636068295,0.19538348238645173,-1.9881731271714607,0.05
DIS,2026-03-11,0.024658,9,130.0,1.283064,101.31999969482422,0.019999999915599642,28.539825090923017,0.6225472056969986,0.0064193892522243865,0.0018225012236276483,0.2871971469838051,-3.6570611918972085,0.05
DIS,2026-03-11,0.024658,9,135.0,1.332412,101.31999969482422,0.010000018417688328,33.5236645242648,0.6561142601841747,0.0032435373013916784,0.0009402649723586292,0.15615997802584788,-2.093568302624821,0.05
DIS,2026-03-11,0.024658,9,140.0,1.381761,101.31999969482422,0.030000054773617335,38.53750397546041,0.8184526740644739,0.00729946087642968,0.0015528482531346872,0.321708543466189,-5.374683202021634,0.05
DIS,2026-03-11,0.024658,9,145.0,1.431109,101.31999969482422,0.010000002521466878,43.51134333804792,0.800153800335263,0.002716079129273216,0.0006570472726263269,0.13307917312790601,-2.172514614211129,0.05
DIS,2026-03-11,0.024658,9,150.0,1.480458,101.31999969482422,0.009999983909530413,48.505182734275664,0.8673776259415139,0.0025274920957739136,0.0005679733185278075,0.12470278548177528,-2.205638064451414,0.05
DIS,2026-03-11,0.024658,9,155.0,1.529807,101.31999969482422,0.02000000010476427,53.50902216531058,0.995920612648316,0.0042385651877627165,0.0007874609280425153,0.19851518829670062,-4.029498087903668,0.05
DIS,2026-03-11,0.024658,9,160.0,1.579155,101.31999969482422,0.029999998392752025,58.51286157843825,1.1063933846028107,0.005608511523103647,0.0009097915513793008,0.2547953362627335,-5.743296840542438,0.05
DIS,2026-03-11,0.024658,9,165.0,1.628504,101.31999969482422,0.010000000000249504,63.48670099488541,1.0531531548393651,0.00212686988255249,0.0004001095530638058,0.10666218067291189,-2.288110189924161,0.05
DIS,2026-03-11,0.024658,9,170.0,1.677852,101.31999969482422,0.25000000042094195,68.7205404101458,1.610278678405545,0.02772327723030272,0.0024872042200427083,1.0138004811684624,-33.23144468471259,0.05
DIS,2026-03-11,0.024658,9,175.0,1.727201,101.31999969482422,0.01000000113881544,73.47437982570335,1.1657751810917687,0.0019438430898166142,0.0003331080669158738,0.09829693128957993,-2.333021111746935,0.05
DIS,2026-03-11,0.024658,9,180.0,1.77655,101.31999969482422,0.09999999960131434,78.55821923900551,1.5474600702438936,0.012597341922472726,0.001323165358028021,0.5182908934394295,-16.322294732035893,0.05
DIS,2026-03-11,0.043836,16,70.0,0.69088,101.31999969482422,31.523256354054183,0.05000001553446509,0.7730970172721642,0.9913213436267849,0.001435621822400935,0.49944943571533285,-7.850085068855255,0.05
DIS,2026-03-11,0.043836,16,75.0,0.740229,101.31999969482422,26.584203277961095,0.10000003632026733,0.7111743428354445,0.9825411520924688,0.0028588722753808402,0.9149309329876114,-11.070109635974344,0.05
DIS,2026-03-11,0.043836,16,80.0,0.789578,101.31999969482422,21.595150094609025,0.09999994984708849,0.5781347594413163,0.978845151431219,0.004140222391382899,1.077135226055693,-10.982078264438448,0.05
DIS,2026-03-11,0.043836,16,85.0,0.838926,101.31999969482422,16.676096981804506,0.16999993392145996,0.49563990369745614,0.9612595800536511,0.007985352910085777,1.7810571539142257,-14.10495159472157,0.05
DIS,2026-03-11,0.043836,16,89.0,0.878405,101.31999969482422,12.914854570393487,0.40000000001356284,0.4731008529524283,0.9162873766384538,0.015328443322388731,3.2633921254170057,-21.6064335853416,0.05
DIS,2026-03-11,0.043836,16,90.0,0.888275,101.31999969482422,12.067043474961352,0.5499995239571973,0.48344551681623404,0.8930180380794605,0.017971792302144095,3.909816777412436,-25.480581515527426,0.05
DIS,2026-03-11,0.043836,16,91.0,0.898144,101.31999969482422,11.009233319851901,0.48999998822353064,0.43598500539413526,0.8937081358179656,0.01983530017654998,3.8915965357333033,-23.32979416978591,0.05
DIS,2026-03-11,0.043836,16,92.0,0.908014,101.31999969482422,10.101422724824559,0.580000012571972,0.42545704059456974,0.8754244926134465,0.02275419653137076,4.356469697560897,-25.071207683478246,0.05
DIS,2026-03-11,0.043836,16,93.0,0.917884,101.31999969482422,9.183611857736253,0.6599997648594353,0.40950824693401083,0.8571946853526566,0.0259685657955871,4.78550853315378,-26.236255222728033,0.05
DIS,2026-03-11,0.043836,16,94.0,0.927754,101.31999969482422,7.995801519954682,0.4700000464536487,0.3353101942155958,0.8717044239576539,0.02946957357787889,4.446702624056924,-21.02326524057706,0.05
DIS,2026-03-11,0.043836,16,95.0,0.937623,101.31999969482422,7.17799118310414,0.6500003289788765,0.33888572375177456,0.8350005367425398,0.034530000877403565,5.265836141198345,-24.225856663863663,0.05
DIS,2026-03-11,0.043836,16,96.0,0.947493,101.31999969482422,6.2801791414034085,0.7499989066539285,0.32142472235785885,0.8072150249734851,0.040154941527136105,5.80812230649283,-25.069375047800413,0.05
DIS,2026-03-11,0.043836,16,97.0,0.957363,101.31999969482422,5.672369615928488,1.1400000005547923,0.34476564366695905,0.7486017820877248,0.04357846621826503,6.761038359236979,-30.0964673780078,0.05
DIS,2026-03-11,0.043836,16,98.0,0.967233,101.31999969482422,4.8545589374705,1.3199999414725738,0.328548018699716,0.7090428888834318,0.049189707532758996,7.27261455413535,-30.603412455599525,0.05
DIS,2026-03-11,0.043836,16,99.0,0.977102,101.31999969482422,4.126748137653074,1.5899997610309242,0.319422584997566,0.6600416116713831,0.05407207119757846,7.772417180423045,-31.455565869627236,0.05
DIS,2026-03-11,0.043836,16,100.0,0.986972,101.31999969482422,3.298937757267403,1.760000000021023,0.2921274978694395,0.6105768070382531,0.061887701600192066,8.135687729294299,-30.036991658186185,0.05
DIS,2026-03-11,0.043836,16,101.0,0.996842,101.31999969482422,2.961125142638714,2.419998004768118,0.3178063662582739,0.545281982285468,0.05879346501253281,8.408317971582333,-33.09431719511351,0.05
DIS,2026-03-11,0.043836,16,102.0,1.006711,101.31999969482422,2.2999991316442845,2.7566826131494793,0.2973572725251243,0.4836053833699643,0.06319108814446961,8.455744978102047,-31.01456057405333,0.05
DIS,2026-03-11,0.043836,16,103.0,1.016581,101.31999969482422,1.9000016172903713,3.3544957181713357,0.30060867775563416,0.42269772026466595,0.06138228614351297,8.303516453627621,-30.5176310064905,0.05
DIS,2026-03-11,0.043836,16,104.0,1.026451,101.31999969482422,1.720000025659374,4.172304745916122,0.3241163032050428,0.3750564162137915,0.05515359772708824,8.044373039444226,-31.5536934434284,0.05
DIS,2026-03-11,0.043836,16,105.0,1.036321,101.31999969482422,1.19999979274467,4.650115132377209,0.29800664903266855,0.30661316155815055,0.05553841826184879,7.447953194085209,-26.809925542617353,0.05
DIS,2026-03-11,0.043836,16,106.0,1.04619,101.31999969482422,0.9500000461604756,5.3979260051687845,0.29938917006313864,0.2565340973873656,0.050718764258554115,6.833170035714016,-24.586746845230884,0.05
DIS,2026-03-11,0.043836,16,107.0,1.05606,101.31999969482422,0.7200006462780095,6.165737224662095,0.296768651135697,0.20853518541342714,0.04559107104929283,6.0885698893920495,-21.63035439500881,0.05
DIS,2026-03-11,0.043836,16,108.0,1.06593,101.31999969482422,0.519999554671724,6.963546752431597,0.2913278366400917,0.1634615864310378,0.039923682321771924,5.23395582516298,-18.19431251286014,0.05
DIS,2026-03-11,0.043836,16,109.0,1.075799,101.31999969482422,0.3699994116377532,7.811357228773389,0.28724051808243595,0.12540245648436738,0.03385935532346663,4.376650469696072,-14.956171439527905,0.05
DIS,2026-03-11,0.043836,16,110.0,1.085669,101.31999969482422,0.30000035908720335,8.73916879559863,0.29515843344444465,0.10316246499347659,0.028671866053792405,3.8082779096500254,-13.328763209556142,0.05
DIS,2026-03-11,0.043836,16,111.0,1.095539,101.31999969482422,0.21999996220232365,9.656979018089515,0.29545708981379476,0.07946315952570465,0.023599195035896775,3.1376831332039736,-10.96573272503492,0.05
DIS,2026-03-11,0.043836,16,112.0,1.105409,101.31999969482422,0.19999999850071237,10.634789673763692,0.31082840777249177,0.07028071199757392,0.020425832747137277,2.8570507378904564,-10.475391276640257,0.05
DIS,2026-03-11,0.043836,16,113.0,1.115278,101.31999969482422,0.499999746525555,11.93260004116432,0.4176197927210648,0.1191955920184416,0.022473343745022,4.223439194653357,-20.697095110646053,0.05
DIS,2026-03-11,0.043836,16,114.0,1.125148,101.31999969482422,0.6400004288743535,13.070411342888889,0.4740025421829936,0.1321148188319194,0.021274299150206392,4.537884214498421,-25.171779856198494,0.05
DIS,2026-03-11,0.043836,16,115.0,1.135018,101.31999969482422,0.06000016322879942,13.488221696619107,0.29968082785836625,0.025457996631020094,0.009334406984638062,1.2588186541114896,-4.428907483054889,0.05
DIS,2026-03-11,0.043836,16,116.0,1.144887,101.31999969482422,0.19999995584857544,14.626032108614652,0.3936341138951353,0.057747576119909126,0.01384376743733996,2.452248637050368,-11.292873676418449,0.05
DIS,2026-03-11,0.043836,16,117.0,1.154757,101.31999969482422,0.8800000012023368,16.3038427733442,0.5988199213357137,0.1428704126933682,0.017764302467694292,4.7869829083822015,-33.37626169443275,0.05
DIS,2026-03-11,0.043836,16,118.0,1.164627,101.31999969482422,0.550000606285618,16.971653997803273,0.5457036070574718,0.10427365080421164,0.015628956154224202,3.8379938550969857,-24.390081160120502,0.05
DIS,2026-03-11,0.043836,16,119.0,1.174497,101.31999969482422,0.04999999785085385,17.469464008744268,0.3572147560984361,0.018586789114028102,0.006003751702428587,0.9650939461182614,-4.02391743846832,0.05
DIS,2026-03-11,0.043836,16,120.0,1.184366,101.31999969482422,0.18999999897811648,18.60727462924733,0.4656396272560191,0.04801597273533548,0.010108857770588552,2.118212355243096,-11.484002611374972,0.05
DIS,2026-03-11,0.043836,16,121.0,1.194236,101.31999969482422,0.6799999981455258,20.095085247790507,0.6446154072901354,0.10906697874266502,0.013667025955927845,3.9645342912680257,-29.66834452248034,0.05
DIS,2026-03-11,0.043836,16,122.0,1.204106,101.31999969482422,0.1899999998178714,20.60289586883863,0.5018438807903439,0.04510054629616939,0.008919705958067351,2.0143579583309505,-11.749480101702543,0.05
DIS,2026-03-11,0.043836,16,125.0,1.233715,101.31999969482422,0.040000059407576005,23.44632778655567,0.43575301454795773,0.012791780357225415,0.003571171727454474,0.7002749847605066,-3.543385390561617,0.05
DIS,2026-03-11,0.043836,16,130.0,1.283064,101.31999969482422,0.30000027473804547,28.69538109876504,0.6923041988125401,0.05133991756007181,0.007172166485941439,2.234419977337908,-17.889397109742283,0.05
DIS,2026-03-11,0.043836,16,145.0,1.431109,101.31999969482422,0.06000000087625068,43.4225401155399,0.7273971069113467,0.011814180229777716,0.0019969407284309583,0.6536634802600481,-5.480213681153966,0.05
DIS,2026-03-11,0.043836,16,150.0,1.480458,101.31999969482422,0.20000000007968888,48.55159321162225,0.9294188925439228,0.0282138577509122,0.00327949551110446,1.3716269665080594,-14.673801587659277,0.05
DIS,2026-03-11,0.060274,22,75.0,0.740229,101.31999969482422,26.61568678693483,0.06999994219228256,0.5766497466085043,0.9866802072900253,0.0023832641455052263,0.850363206555604,-7.735510997744932,0.05
DIS,2026-03-11,0.060274,22,80.0,0.789578,101.31999969482422,21.840732656005926,0.2800000012688173,0.595715632626017,0.9562871519646051,0.006248732843823412,2.3033033024052094,-15.134821590176482,0.05
DIS,2026-03-11,0.060274,22,85.0,0.838926,101.31999969482422,16.775778487175046,0.20000002244339044,0.43804517021952794,0.9568206589612643,0.008414084011139864,2.280583176146699,-12.295610715751927,0.05
DIS,2026-03-11,0.060274,22,89.0,0.878405,101.31999969482422,13.137815034527478,0.5499999218001648,0.4418795386711935,0.8992160652981502,0.01605771604519897,4.3904379308802275,-19.992090342343573,0.05
DIS,2026-03-11,0.060274,22,90.0,0.888275,101.31999969482422,12.020824275232854,0.430000000506638,0.3867137852929518,0.9077593080451183,0.017192217089564345,4.113786192616891,-17.194556247578994,0.05
DIS,2026-03-11,0.060274,22,91.0,0.898144,101.31999969482422,11.183833984523474,0.5900005477983399,0.39498431243802834,0.8824561859260167,0.02006473254624709,4.903807327827482,-19.979020927126488,0.05
DIS,2026-03-11,0.060274,22,92.0,0.908014,101.31999969482422,10.126841989684237,0.5299993909601994,0.35496082048285954,0.8820788535153604,0.022377825679314067,4.91494295946616,-18.434620443380492,0.05
DIS,2026-03-11,0.060274,22,93.0,0.917884,101.31999969482422,9.229851760729844,0.6300000000068877,0.3460345070883712,0.8613814957989594,0.02568442650305118,5.499325911547214,-19.68815546242376,0.05
DIS,2026-03-11,0.060274,22,94.0,0.927754,101.31999969482422,8.202860401589163,0.5999994788673035,0.31196774303063773,0.8546836718742251,0.029414027353870578,5.677855804391271,-18.61348829178741,0.05
DIS,2026-03-11,0.060274,22,95.0,0.937623,101.31999969482422,7.345870088900639,0.740000004179862,0.3056470241537953,0.825362864660002,0.03386014642779879,6.403673483900815,-20.050387177203515,0.05
DIS,2026-03-11,0.060274,22,96.0,0.947493,101.31999969482422,6.5388792427122695,0.9299999959925884,0.30231615347085583,0.7894185656275743,0.03838659356622483,7.180606099004489,-21.68013283464601,0.05
DIS,2026-03-11,0.060274,22,97.0,0.957363,101.31999969482422,6.101887796214072,1.4899993874954731,0.3399537972218655,0.7257176971329342,0.0394075916822645,8.289340264892216,-26.74792180103407,0.05
DIS,2026-03-11,0.060274,22,98.0,0.967233,101.31999969482422,5.184897567746077,1.5699999970285745,0.3122048692202091,0.6957814806898114,0.04505245399925001,8.703186699160788,-25.80580458766717,0.05
DIS,2026-03-11,0.060274,22,99.0,0.977102,101.31999969482422,4.407906762700989,1.7900000299845686,0.2975444846037755,0.6535343874479596,0.04985838480353871,9.179315254877334,-25.74740846513005,0.05
DIS,2026-03-11,0.060274,22,100.0,0.986972,101.31999969482422,3.650917614218862,2.030001719503531,0.28095605880251956,0.6057644038479089,0.055065638239140874,9.572805947949345,-25.197195403763544,0.05
DIS,2026-03-11,0.060274,22,101.0,0.996842,101.31999969482422,3.263923522981372,2.63999846626713,0.2973899439962243,0.548197619281777,0.053535112482174595,9.851110137556637,-26.916511559759424,0.05
DIS,2026-03-11,0.060274,22,102.0,1.006711,101.31999969482422,2.9999999978768557,3.37306577916371,0.32024870381922094,0.4970343950893761,0.05007841761545804,9.923346454150943,-28.730423429276136,0.05
DIS,2026-03-11,0.060274,22,103.0,1.016581,101.31999969482422,2.2399996529921395,3.610056272280076,0.28765075445322263,0.4384571220453803,0.05509033706867003,9.805305357004764,-25.506582234331187,0.05
DIS,2026-03-11,0.060274,22,104.0,1.026451,101.31999969482422,2.000000001572488,4.367047458861521,0.30267941733499637,0.3921901090937221,0.05103995460188115,9.559019436832203,-25.88822663668562,0.05
DIS,2026-03-11,0.060274,22,105.0,1.036321,101.31999969482422,1.4199999947454067,4.784038290035525,0.2761128606606002,0.3270962852122102,0.052540189702930166,8.976322511087957,-22.146172086685166,0.05
DIS,2026-03-11,0.060274,22,106.0,1.04619,101.31999969482422,1.2700008734835357,5.6310300067747505,0.2913300745991086,0.28998274912328925,0.04723397945355831,8.514517302933305,-21.98271757666918,0.05
DIS,2026-03-11,0.060274,22,107.0,1.05606,101.31999969482422,0.939998614931163,6.2980185862234634,0.2803001497652353,0.23748324487600347,0.04432972808009721,7.6884460830463865,-19.033396884558872,0.05
DIS,2026-03-11,0.060274,22,108.0,1.06593,101.31999969482422,0.6700000639669206,7.0250108732603,0.26958075856473684,0.1877908229508496,0.04017683745047993,6.701697409290563,-15.904820235113759,0.05
DIS,2026-03-11,0.060274,22,109.0,1.075799,101.31999969482422,0.460000212655606,7.8120018599500725,0.25967802861379596,0.14300797212604305,0.03495749355759713,5.616886752782567,-12.801079710384169,0.05
DIS,2026-03-11,0.060274,22,110.0,1.085669,101.31999969482422,0.4000000000124313,8.74899248530798,0.2707358539604854,0.1234189257424021,0.03029600052683515,5.0751776586873385,-12.003464900028327,0.05
DIS,2026-03-11,0.060274,22,111.0,1.095539,101.31999969482422,0.29999997398136635,9.645983297278022,0.27025370909778507,0.09737660139024501,0.02560300546824928,4.281370261318384,-10.076616919206245,0.05
DIS,2026-03-11,0.060274,22,112.0,1.105409,101.31999969482422,0.319999990525643,10.662974151823377,0.29492143777089086,0.09573270119202915,0.02316989586929865,4.228152086043911,-10.813187151898875,0.05
DIS,2026-03-11,0.060274,22,113.0,1.115278,101.31999969482422,0.2999997803262957,11.639964779625117,0.3094949413442738,0.0871939141999708,0.020601567869386838,3.9452452375205267,-10.555751806989006,0.05
DIS,2026-03-11,0.060274,22,114.0,1.125148,101.31999969482422,0.38000025960707795,12.716956096906983,0.34825757594969986,0.09660825986093641,0.019753157995261294,4.256545559849376,-12.767385545598744,0.05
DIS,2026-03-11,0.060274,22,115.0,1.135018,101.31999969482422,0.11999969138584099,13.45394636668685,0.2863965156499941,0.04242598233194589,0.012687604073236682,2.2483686630977187,-5.550580203046411,0.05
DIS,2026-03-11,0.060274,22,116.0,1.144887,101.31999969482422,0.41000003800648877,14.740937551308576,0.39356699201934053,0.0932770480353774,0.017033001587173642,4.147916740810572,-13.994230997297045,0.05
DIS,2026-03-11,0.060274,22,119.0,1.174497,101.31999969482422,0.930000012929117,18.251910040234478,0.5584611993174564,0.13950040441923328,0.01598347241408257,5.5231179308087155,-26.24709946006009,0.05
DIS,2026-03-11,0.060274,22,120.0,1.184366,101.31999969482422,0.15999999679178156,18.47890086209823,0.3829136018619936,0.04263761953552437,0.00952783287918861,2.257434201164775,-7.378611844646699,0.05
DIS,2026-03-11,0.060274,22,121.0,1.194236,101.31999969482422,0.1400000216924573,19.455891725,0.38869362368916144,0.03746996799202695,0.008450649518480069,2.032439760946379,-6.736201881155924,0.05
DIS,2026-03-11,0.060274,22,125.0,1.233715,101.31999969482422,0.009999998973173607,23.31385505428507,0.31523683487875437,0.004192356237892613,0.0015756833231661813,0.307344943805943,-0.8244555963476611,0.05
DIS,2026-03-11,0.060274,22,130.0,1.283064,101.31999969482422,0.05000005098117022,28.338809296298507,0.4422847961858789,0.013434649228713999,0.0031304185808768187,0.8566917786595928,-3.2087221639267978,0.05
DIS,2026-03-11,0.060274,22,135.0,1.332412,101.31999969482422,0.13999962598967786,33.413763061312466,0.578018503440705,0.026792055674499504,0.00430727604020078,1.5405103569897094,-7.515362077906121,0.05
DIS,2026-03-11,0.060274,22,140.0,1.381761,101.31999969482422,0.2199999509697781,38.478717576297996,0.686208736645276,0.034588139566683655,0.004483054296149523,1.9034892036560227,-10.999670935273864,0.05
DIS,2026-03-11,0.060274,22,155.0,1.529807,101.31999969482422,0.0500000004040736,53.26358019574862,0.7014033755444415,0.009008172532489261,0.001394244871227557,0.6050999028498225,-3.5638848736231807,0.05
DIS,2026-03-11,0.082192,30,75.0,0.740229,101.31999969482422,26.767586388630264,0.1399999761213735,0.5509611465209097,0.9777473364412405,0.003311266141280565,1.5393373672399222,-8.77425541321057,0.05
DIS,2026-03-11,0.082192,30,85.0,0.838926,101.31999969482422,16.89859784143117,0.22999986656431304,0.38787517284758277,0.9527359939728707,0.008751226896153508,2.864043936671033,-10.739554155481777,0.05
DIS,2026-03-11,0.082192,30,89.0,0.878405,101.31999969482422,13.360001105535531,0.6749985057254975,0.4041287742330293,0.8873203779077461,0.016296454250965403,5.556888021286399,-17.488496561936543,0.05
DIS,2026-03-11,0.082192,30,90.0,0.888275,101.31999969482422,12.519104795423189,0.8300010393773647,0.40545290530943107,0.8670806601702518,0.01823944216892742,6.239800699568602,-19.15717608142152,0.05
DIS,2026-03-11,0.082192,30,92.0,0.908014,101.31999969482422,11.027305815796453,1.3299997472790324,0.42283338617972016,0.8134092258156516,0.021848634678596435,7.7949318773392315,-23.619773599255474,0.05
DIS,2026-03-11,0.082192,30,93.0,0.917884,101.31999969482422,9.591407287053329,0.8900000623001176,0.3370367565350658,0.8358667948154472,0.02526913979190584,7.185987784133849,-18.488411398290626,0.05
DIS,2026-03-11,0.082192,30,94.0,0.927754,101.31999969482422,8.715506884876447,1.0099985038874308,0.32639008210849163,0.8138303507098932,0.028264982930098062,7.784028743324115,-19.14258703243397,0.05
DIS,2026-03-11,0.082192,30,95.0,0.937623,101.31999969482422,7.899610838560818,1.190001301336011,0.3207230150216144,0.7855678828414517,0.03131545335242794,8.474373069897812,-20.118759102383176,0.05
DIS,2026-03-11,0.082192,30,96.0,0.947493,101.31999969482422,7.303710693472453,1.5900000000118553,0.33584400585004753,0.7424765094402447,0.03308537702904853,9.375456850425733,-22.550737278192294,0.05
DIS,2026-03-11,0.082192,30,97.0,0.957363,101.31999969482422,6.317811640875306,1.5999997911789023,0.3057735530437806,0.7216542670717093,0.037790614738238866,9.749955335987945,-21.47612070830776,0.05
DIS,2026-03-11,0.082192,30,98.0,0.967233,101.31999969482422,5.571915157286327,1.8500021513541327,0.29822096742996956,0.6845614555778772,0.04103259929090212,10.324902368452374,-21.920598667698393,0.05
DIS,2026-03-11,0.082192,30,99.0,0.977102,101.31999969482422,4.706014171969201,1.9800000098012163,0.2762828420513665,0.6494859545493541,0.046178336218229254,10.76492345735178,-21.147823981418846,0.05
DIS,2026-03-11,0.082192,30,100.0,0.986972,101.31999969482422,4.030113812224613,2.299998493820823,0.2688650651754606,0.6033327928869728,0.04935854784471379,11.19735635992776,-21.169327409602463,0.05
DIS,2026-03-11,0.082192,30,101.0,0.996842,101.31999969482422,3.384214524309087,2.649998049669506,0.2601300460740391,0.5536191383073953,0.05231952211927512,11.483467253259185,-20.807525919555776,0.05
DIS,2026-03-11,0.082192,30,102.0,1.006711,101.31999969482422,3.3200001379797257,3.5816825071043468,0.29735685611639606,0.5049338759946844,0.046183784665425505,11.587406048463128,-23.35269568596898,0.05
DIS,2026-03-11,0.082192,30,103.0,1.016581,101.31999969482422,2.8399999887367287,4.097581201625559,0.2944415472098037,0.45861427332271276,0.04639341086138913,11.525881341884498,-22.826338108389695,0.05
DIS,2026-03-11,0.082192,30,104.0,1.026451,101.31999969482422,2.220000000107845,4.473480056760877,0.2750748086832322,0.4053560394977821,0.048516947713306356,11.260639115323514,-20.785769104221227,0.05
DIS,2026-03-11,0.082192,30,105.0,1.036321,101.31999969482422,1.7999992098218698,5.049378110239104,0.26870180166445673,0.35522197887055873,0.04770894988954846,10.816560551322274,-19.39033286909422,0.05
DIS,2026-03-11,0.082192,30,106.0,1.04619,101.31999969482422,1.5399999346032338,5.7852776787846665,0.2729746337611598,0.31371305422979834,0.04472245143090445,10.300697725414683,-18.617564564777986,0.05
DIS,2026-03-11,0.082192,30,107.0,1.05606,101.31999969482422,1.1800000068916496,6.421176594837291,0.26309790968336055,0.2640385257382487,0.042779828454298285,9.49675395354716,-16.47829052691212,0.05
DIS,2026-03-11,0.082192,30,108.0,1.06593,101.31999969482422,0.9999999908535635,7.2370754225634215,0.2677111017648713,0.22966099333276918,0.039015405769714954,8.812949049478627,-15.466018746497841,0.05
DIS,2026-03-11,0.082192,30,109.0,1.075799,101.31999969482422,0.8900000000561974,8.122974275530254,0.27751887068446485,0.20414891122217815,0.03515874578774837,8.232744616284572,-14.888565478115169,0.05
DIS,2026-03-11,0.082192,30,110.0,1.085669,101.31999969482422,0.7099999548289659,8.938873074067217,0.2757636463137744,0.1715200415024577,0.031771688359104835,7.3925804055029145,-13.234933843652389,0.05
DIS,2026-03-11,0.082192,30,111.0,1.095539,101.31999969482422,0.45999888490024077,9.684770847902712,0.2581502205760414,0.12706599760129111,0.027767718258845307,6.048273820389783,-10.119009324428264,0.05
DIS,2026-03-11,0.082192,30,112.0,1.105409,101.31999969482422,0.4500000009125671,10.67067080767923,0.27466276022060415,0.11877793938433118,0.024892695071679214,5.768865973493998,-10.218226003100371,0.05
DIS,2026-03-11,0.082192,30,113.0,1.115278,101.31999969482422,0.37999999789009564,11.596569648420967,0.2793276914810859,0.10185255841296148,0.02192106391668925,5.166475453921741,-9.27608466776715,0.05
DIS,2026-03-11,0.082192,30,114.0,1.125148,101.31999969482422,0.21999974716668635,12.432468241461763,0.2599340319558388,0.0681254984678638,0.017414652412229177,3.8194137201915814,-6.373630402154508,0.05
DIS,2026-03-11,0.082192,30,115.0,1.135018,101.31999969482422,0.2599999561612769,13.468367294220556,0.28551212418331046,0.07268011751842512,0.01666340677996568,4.014274820279456,-7.327452606642117,0.05
DIS,2026-03-11,0.082192,30,120.0,1.184366,101.31999969482422,0.08999999855034879,18.27786155543066,0.29516702188148225,0.028150121736635808,0.0075271816957418695,1.8746447621940512,-3.50421949491118,0.05
DIS,2026-03-11,0.082192,30,130.0,1.283064,101.31999969482422,0.15999976858678533,28.306849763109128,0.4485922893403296,0.03275108189424916,0.005614664641111627,2.125173420923713,-5.957380153616297,0.05
DIS,2026-03-11,0.10137,37,60.0,0.592183,101.31999969482422,41.76333989566352,0.14000000005421498,0.8037871878966036,0.985921121275249,0.0013829959868925212,1.1568078273132578,-7.492819773192593,0.05
DIS,2026-03-11,0.10137,37,65.0,0.641532,101.31999969482422,36.708618152556284,0.05999990688155776,0.6163115074368362,0.9914864512035054,0.0011644351214277566,0.7468180260103678,-5.457702659822424,0.05
DIS,2026-03-11,0.10137,37,70.0,0.69088,101.31999969482422,31.763896379377712,0.0899997836375519,0.554812096808354,0.9864619836633047,0.0019370579913892845,1.1183758066937741,-6.469738813203689,0.05
DIS,2026-03-11,0.10137,37,75.0,0.740229,101.31999969482422,26.829175075012103,0.13000012920652182,0.4914601019271343,0.9789718886821038,0.0031865126515316943,1.629682990601303,-7.568517164841078,0.05
DIS,2026-03-11,0.10137,37,80.0,0.789578,101.31999969482422,21.904453309853736,0.18000001398273469,0.42477692212611273,0.9679874528946025,0.005239637847596597,2.3161218491857385,-8.661301962636836,0.05
DIS,2026-03-11,0.10137,37,85.0,0.838926,101.31999969482422,17.119731503531384,0.3699998575949479,0.3894543821741797,0.9356566073753458,0.010013094068728108,4.058112760373757,-11.67951162442682,0.05
DIS,2026-03-11,0.10137,37,90.0,0.888275,101.31999969482422,12.515010002443844,0.7400000064419885,0.35376367557419147,0.8755800584802346,0.017979752006590567,6.619057502761067,-15.359633610345883,0.05
DIS,2026-03-11,0.10137,37,95.0,0.937623,101.31999969482422,8.340288349348342,1.5400000032810652,0.32731538989777537,0.7638603750092828,0.0291814900460339,9.939696154577696,-19.499954469050667,0.05
DIS,2026-03-11,0.10137,37,100.0,0.986972,101.31999969482422,4.735566462883739,2.909999766751042,0.29433506294113915,0.5951747527525869,0.040814943822176104,12.5014510068216,-20.927831149896708,0.05
DIS,2026-03-11,0.10137,37,105.0,1.036321,101.31999969482422,2.200000013425729,5.349154967227591,0.2721040405507027,0.3782862428508542,0.04331712822277768,12.265743165868297,-18.268678784478478,0.05
DIS,2026-03-11,0.10137,37,110.0,1.085669,101.31999969482422,0.860000023897193,8.983876627633634,0.26398243960725226,0.19061340560228418,0.03192930710426374,8.771295681495502,-12.343537128528792,0.05
DIS,2026-03-11,0.10137,37,115.0,1.135018,101.31999969482422,0.32999955621504995,13.428597809886085,0.2702731534566595,0.0853667660126135,0.017905347560016955,5.035990284676853,-7.129467191034936,0.05
DIS,2026-03-11,0.10137,37,120.0,1.184366,101.31999969482422,0.15000012375141303,18.22332002735702,0.2888856566457749,0.04105460395518827,0.009444401189866287,2.839223793487955,-4.246118102367804,0.05
DIS,2026-03-11,0.10137,37,125.0,1.233715,101.31999969482422,0.08000017534382042,23.128041728884,0.3121776888371415,0.022087184458206597,0.005229225426162003,1.6987851051916467,-2.723675085049389,0.05
DIS,2026-03-11,0.10137,37,130.0,1.283064,101.31999969482422,0.09999973372975779,28.122762937204527,0.373541924496858,0.023093410934763435,0.00453744371221874,1.7638019636119207,-3.361743971545983,0.05
DIS,2026-03-11,0.10137,37,135.0,1.332412,101.31999969482422,0.030000002478343668,33.02748485588768,0.3595747484756915,0.008079290345524705,0.0019061555712572742,0.7132581574663545,-1.3044487689372557,0.05
DIS,2026-03-11,0.10137,37,140.0,1.381761,101.31999969482422,0.03999999561656287,38.01220649896047,0.4131694685870171,0.009291077043578105,0.001875192960287208,0.8062568264277008,-1.6881639632683116,0.05
DIS,2026-03-11,0.10137,37,145.0,1.431109,101.31999969482422,0.2299999960599881,43.17692814933848,0.5769505713882721,0.033482229772535635,0.004003102322736207,2.4034468260000628,-6.9977771532834145,0.05
DIS,2026-03-11,0.10137,37,150.0,1.480458,101.31999969482422,0.1500000046777865,48.07164980789085,0.5814374859375774,0.022778017133744888,0.0028814877853333334,1.7434882705380894,-5.108045385919617,0.05
DIS,2026-03-11,0.10137,37,155.0,1.529807,101.31999969482422,0.19999999927991352,53.09637145242753,0.6490768553287295,0.026842176111857612,0.002962351179027893,2.000929947932051,-6.532015182632571,0.05
DIS,2026-03-11,0.10137,37,160.0,1.579155,101.31999969482422,0.7500000000737268,58.62109310315594,0.8690379801793808,0.06750836667447298,0.004657432385904362,4.2119628803608915,-18.358954623199438,0.05
DIS,2026-03-11,0.10137,37,165.0,1.628504,101.31999969482422,0.019999989747277347,62.86581474276406,0.5504099436590506,0.0038353639259191517,0.0006425724849461066,0.36805067241890876,-1.017635950082077,0.05
DIS,2026-03-11,0.10137,37,170.0,1.677852,101.31999969482422,0.14000000000593582,67.96053640295729,0.725901588551263,0.017789850985438244,0.0018716031132487844,1.413808944698209,-5.145210519759824,0.05
DIS,2026-03-11,0.10137,37,175.0,1.727201,101.31999969482422,0.06000000001136785,72.85525805289731,0.68373509783652,0.008696108439768799,0.0010693266127819172,0.760847238280767,-2.6069944275220593,0.05
DIS,2026-03-11,0.120548,44,70.0,0.69088,101.31999969482422,31.830648817716224,0.09000029695995693,0.5099183426305836,0.9864907897002789,0.001929140748153286,1.217347927459512,-5.980723449624619,0.05
DIS,2026-03-11,0.120548,44,80.0,0.789578,101.31999969482422,22.120741209861805,0.31999999968667225,0.43751471819739407,0.9526317660058263,0.006417549378141307,3.474657946358469,-10.025428487524337,0.05
DIS,2026-03-11,0.120548,44,89.0,0.878405,101.31999969482422,13.8548245199881,0.9999998893359816,0.3820219333990068,0.8619702909863337,0.016403097699729377,7.754688219150424,-15.961480482609925,0.05
DIS,2026-03-11,0.120548,44,90.0,0.888275,101.31999969482422,11.890833744928102,0.02999984533410327,0.16599678601750903,0.9857024180800485,0.0062230656324303475,1.2783631183029571,-5.279191766860906,0.05
DIS,2026-03-11,0.120548,44,95.0,0.937623,101.31999969482422,8.190880484261314,1.3000002399578818,0.2797831052465635,0.7804297574624275,0.03005003242576169,10.404389511645073,-15.61803275272221,0.05
DIS,2026-03-11,0.120548,44,96.0,0.947493,101.31999969482422,7.906889402106032,2.0099998888607047,0.31843364805396224,0.7249587194914002,0.029789122002765588,11.738884430962917,-18.78173235318426,0.05
DIS,2026-03-11,0.120548,44,97.0,0.957363,101.31999969482422,8.302898792977047,3.4000000107898387,0.4025944187596919,0.6644844579243723,0.025739150839928802,12.823664184200693,-24.36475268271396,0.05
DIS,2026-03-11,0.120548,44,98.0,0.967233,101.31999969482422,7.008908052599601,3.100000001470505,0.3492660384390771,0.6499095716595147,0.030149436977821353,13.031239785825319,-21.819835864069915,0.05
DIS,2026-03-11,0.120548,44,99.0,0.977102,101.31999969482422,4.950000009479169,2.035082689408185,0.23786822445567854,0.6534871116212511,0.04410223988848399,12.982168739384802,-15.87143593659423,0.05
DIS,2026-03-11,0.120548,44,100.0,0.986972,101.31999969482422,4.890926377128977,2.9699997881161124,0.2773986001234467,0.597505083998817,0.03965464696721819,13.612833247550476,-18.444982877601984,0.05
DIS,2026-03-11,0.120548,44,101.0,0.996842,101.31999969482422,4.436935781614146,3.5099999236594073,0.2833101308484566,0.5567036798063716,0.03962380548750385,13.892117865643202,-18.922946675588612,0.05
DIS,2026-03-11,0.120548,44,102.0,1.006711,101.31999969482422,3.800000407535215,3.867055280638567,0.27316306143949215,0.5161309816236491,0.041481819038980676,14.022644874744355,-18.312458618566176,0.05
DIS,2026-03-11,0.120548,44,103.0,1.016581,101.31999969482422,3.519999882622969,4.581045486784447,0.28566090478467926,0.4778913138032551,0.03963844326674365,14.012562704775094,-18.84769159110306,0.05
DIS,2026-03-11,0.120548,44,105.0,1.036321,101.31999969482422,2.7600000001903595,5.809027066468062,0.28835120904671274,0.40280581104001184,0.03815597659800218,13.6155290821431,-18.18681661343676,0.05
DIS,2026-03-11,0.120548,44,106.0,1.04619,101.31999969482422,2.1599991766859006,6.203016974021722,0.26898282332796697,0.3548446209492213,0.03933838527675129,13.094570218779996,-16.298827893610884,0.05
DIS,2026-03-11,0.120548,44,107.0,1.05606,101.31999969482422,1.8899999800352099,6.9270085084291395,0.27146411388570574,0.3200222579721108,0.03744863022765672,12.580518332180159,-15.691881963670886,0.05
DIS,2026-03-11,0.120548,44,108.0,1.06593,101.31999969482422,1.6000000000251404,7.630999259477193,0.26970132009650194,0.2841188514618007,0.035730579361789166,11.92540953011039,-14.699675903205216,0.05
DIS,2026-03-11,0.120548,44,109.0,1.075799,101.31999969482422,0.7600000101265074,7.784990000636654,0.21209642779601623,0.19119241208375354,0.03651016254766401,9.582907413389467,-9.36083822269433,0.05
DIS,2026-03-11,0.120548,44,110.0,1.085669,101.31999969482422,3.3610192765443365,11.37999999811261,0.4538405381983464,0.34288530729181943,0.023024182210952013,12.931165521300839,-25.910719619243192,0.05
DIS,2026-03-11,0.120548,44,112.0,1.105409,101.31999969482422,0.7000000002894318,10.706962183973928,0.25592253474911997,0.15491685452265752,0.026458434973734936,8.379591587489632,-9.64471908399657,0.05
DIS,2026-03-11,0.120548,44,130.0,1.283064,101.31999969482422,0.09999997955477102,27.998795322285318,0.34142520706931584,0.023157961029121724,0.004562997642102885,1.9279510249458083,-2.84256417939859,0.05
DIS,2026-03-11,0.120548,44,150.0,1.480458,101.31999969482422,0.04999999924799636,47.82860996314082,0.45965954601847187,0.009619353992641716,0.001593308487774073,0.9063299364101557,-1.7741881312667886,0.05
DIS,2026-03-11,0.178082,65,60.0,0.592183,101.31999969482422,42.001874818916654,0.15000000000365787,0.616767458088027,0.9852736286407751,0.0014135078094315602,1.5937878636303708,-5.651254128443025,0.05
DIS,2026-03-11,0.178082,65,65.0,0.641532,101.31999969482422,36.99619774575992,0.09999999983953956,0.502486807065088,0.9874995652187053,0.0015061562591540528,1.3835840488945386,-5.1048624860253735,0.05
DIS,2026-03-11,0.178082,65,70.0,0.69088,101.31999969482422,32.21052067178937,0.26999999886157866,0.5053261112793331,0.9701137342195919,0.003139290443442213,2.900107453736552,-7.418743267544599,0.05
DIS,2026-03-11,0.178082,65,75.0,0.740229,101.31999969482422,27.394843196076636,0.40999959614144643,0.4637826762393889,0.953546368583925,0.004903723701228142,4.15768292726873,-8.874888190136065,0.05
DIS,2026-03-11,0.178082,65,80.0,0.789578,101.31999969482422,22.999166524029363,0.9699999970867736,0.4766924958543202,0.9064655731233386,0.008198042793835202,7.144294491354407,-13.004161821515426,0.05
DIS,2026-03-11,0.178082,65,85.0,0.838926,101.31999969482422,18.23348776762859,1.1599983136785994,0.4090263590383043,0.8760389335658991,0.011702193214172159,8.75043035443011,-13.575509480158775,0.05
DIS,2026-03-11,0.178082,65,90.0,0.888275,101.31999969482422,14.007809653051723,1.8899972720943339,0.38364537588990016,0.8072294704995648,0.016690591874115455,11.70610883327925,-15.998364780244689,0.05
DIS,2026-03-11,0.178082,65,95.0,0.937623,101.31999969482422,10.212135446598872,3.05000013863409,0.3626549924107842,0.7107417181343562,0.022049100455477814,14.618250117731314,-17.974658497118654,0.05
DIS,2026-03-11,0.178082,65,100.0,0.986972,101.31999969482422,6.906456718163206,4.699998483191038,0.3402710644452305,0.5890611304794252,0.026734605722679647,16.630666517398332,-18.527407983517687,0.05
DIS,2026-03-11,0.178082,65,105.0,1.036321,101.31999969482422,4.319999965754221,7.069218803774646,0.3234427540718406,0.4491140000018601,0.02861244838370967,16.91855627713493,-17.4234216694574,0.05
DIS,2026-03-11,0.178082,65,110.0,1.085669,101.31999969482422,2.4099997662408157,10.114895677253841,0.30602535276730464,0.3074953310493077,0.02686675565595513,15.030848055953987,-14.352152209714841,0.05
DIS,2026-03-11,0.178082,65,115.0,1.135018,101.31999969482422,1.4100000001751098,14.070572984180728,0.31000720478314603,0.20196589635551065,0.021245658628262706,12.04073055889327,-11.432969434000132,0.05
DIS,2026-03-11,0.178082,65,120.0,1.184366,101.31999969482422,0.799998711399752,18.416248768397978,0.3141509487159572,0.12653873242877556,0.015456848181294676,8.877080713729656,-8.4309784712672,0.05
DIS,2026-03-11,0.178082,65,125.0,1.233715,101.31999969482422,0.5000008898777164,23.071928019868537,0.32730862923946996,0.08271050702458638,0.010893440441826562,6.518285377427026,-6.384197797716932,0.05
DIS,2026-03-11,0.178082,65,130.0,1.283064,101.31999969482422,0.34000042133426245,27.867604624317707,0.3446097796527378,0.05705224186699318,0.0077711184734014435,4.895780970037206,-5.008979792892426,0.05
DIS,2026-03-11,0.178082,65,135.0,1.332412,101.31999969482422,0.22999972898641774,32.71328100496244,0.3591063152956889,0.039265336504243235,0.005528403449877248,3.6293898795784263,-3.84678698957287,0.05
DIS,2026-03-11,0.178082,65,140.0,1.381761,101.31999969482422,0.2100000021430506,37.64895835111169,0.39022844093055886,0.03383472615799207,0.004504054326441519,3.2131676865432865,-3.681386238403779,0.05
DIS,2026-03-11,0.178082,65,145.0,1.431109,101.31999969482422,0.1699993607734056,42.56463478273463,0.41099302314947217,0.026885776397524968,0.003534523579249985,2.6556827007937263,-3.192207048085667,0.05
DIS,2026-03-11,0.178082,65,150.0,1.480458,101.31999969482422,0.10000000702589573,47.45031250197974,0.41068357456651167,0.01675699493992627,0.0023715794081284386,1.7805568974804376,-2.133003220776821,0.05
DIS,2026-03-11,0.178082,65,155.0,1.529807,101.31999969482422,0.28999962907788834,52.59598919702434,0.515970888459873,0.03571235172742395,0.0035608781725398717,3.358869774974493,-5.032371430585618,0.05
DIS,2026-03-11,0.178082,65,160.0,1.579155,101.31999969482422,0.14999999927366803,57.411666640212715,0.49470317498382066,0.02059969849165374,0.0023471176915764976,2.1227087809576863,-3.0452460132777706,0.05
DIS,2026-03-11,0.178082,65,165.0,1.628504,101.31999969482422,0.14999990656128648,62.367343620492946,0.5226353108147711,0.019677358139374716,0.0021370244766186815,2.0418277262364666,-3.0883617540989237,0.05
DIS,2026-03-11,0.178082,65,170.0,1.677852,101.31999969482422,0.06999980736387035,67.24302059428811,0.4980314066061415,0.010308312367680497,0.0012852121389478892,1.1701523295120886,-1.6849680958736524,0.05
DIS,2026-03-11,0.178082,65,175.0,1.727201,101.31999969482422,0.07999998952980714,72.20869784944666,0.5305115822701152,0.0110281602667585,0.001279581534276666,1.241005441872724,-1.9003627572620834,0.05
DIS,2026-03-11,0.178082,65,180.0,1.77655,101.31999969482422,0.14000000003684576,77.22437493294629,0.5945999520656824,0.016613939009354536,0.0016260515952124111,1.7675432260601225,-3.0279978138708104,0.05
DIS,2026-03-11,0.271233,99,55.0,0.542835,101.31999969482422,47.22085527996681,0.16000013773692956,0.5816676816605805,0.9865519055296911,0.001123047983975907,1.8188879120623873,-4.587161169202753,0.05
DIS,2026-03-11,0.271233,99,60.0,0.592183,101.31999969482422,42.228205639322304,0.10000000187372393,0.4746590135951195,0.9892172693110529,0.0011363558636537712,1.50185767890617,-4.214093954001231,0.05
DIS,2026-03-11,0.271233,99,65.0,0.641532,101.31999969482422,37.49555613209769,0.2999999994304119,0.49080716717124956,0.9724103286844322,0.0024505109742289366,3.3488850258064127,-6.081426247283078,0.05
DIS,2026-03-11,0.271233,99,70.0,0.69088,101.31999969482422,32.80290560947419,0.539998981588198,0.47538105295450017,0.9527563313470478,0.003929273666069767,5.200999782719036,-7.744329970959509,0.05
DIS,2026-03-11,0.271233,99,75.0,0.740229,101.31999969482422,27.94025733566862,0.6100002125639463,0.4157416616550778,0.940635786286223,0.005384934915657211,6.233567920927803,-8.145607447555797,0.05
DIS,2026-03-11,0.271233,99,80.0,0.789578,101.31999969482422,23.427607612768142,1.0299999944447649,0.39855329934239286,0.904451862596779,0.008070883567768335,8.95653816016698,-9.991002587756427,0.05
DIS,2026-03-11,0.271233,99,85.0,0.838926,101.31999969482422,19.024958166275113,1.560000052733045,0.3727701882317038,0.8580501441063464,0.011422116393661386,11.85551554050404,-11.542476064496883,0.05
DIS,2026-03-11,0.271233,99,90.0,0.888275,101.31999969482422,15.032308610627851,2.500000001867079,0.3589321237775653,0.7880857443602357,0.01529775609728436,15.288777163555553,-13.356918549009103,0.05
DIS,2026-03-11,0.271233,99,95.0,0.937623,101.31999969482422,11.29965879763067,3.6999996936512076,0.33811888534916434,0.7022272091642902,0.019421797782606484,18.28485607969191,-14.389450253145236,0.05
DIS,2026-03-11,0.271233,99,100.0,0.986972,101.31999969482422,8.21700959970564,5.550000000507481,0.32776849999767843,0.5954623604385104,0.02240265503304795,20.445578103173546,-14.959383092843709,0.05
DIS,2026-03-11,0.271233,99,105.0,1.036321,101.31999969482422,5.600000000657587,7.86563990624073,0.3137843512763724,0.4786202260300225,0.02405958836836705,21.02094150327207,-14.304061319753878,0.05
DIS,2026-03-11,0.271233,99,110.0,1.085669,101.31999969482422,3.3999994685502344,10.598288878914687,0.29223529683175853,0.35388037412185236,0.024115522492837542,19.62284780518191,-12.19391150585073,0.05
DIS,2026-03-11,0.271233,99,115.0,1.135018,101.31999969482422,2.3400000075923444,14.4709389227381,0.3026624703280049,0.26153503357628083,0.020371581759208765,17.16785408734706,-10.78654138397018,0.05
DIS,2026-03-11,0.271233,99,120.0,1.184366,101.31999969482422,1.2999999283752697,18.36358834830233,0.29019309244205144,0.1699661153757709,0.016523555502935314,13.351291067309452,-7.9383470367567215,0.05
DIS,2026-03-11,0.271233,99,125.0,1.233715,101.31999969482422,0.9100000000841533,22.906237924792507,0.3039639536056604,0.12263275649583583,0.012663600612067569,10.717956241539945,-6.581431325962245,0.05
DIS,2026-03-11,0.271233,99,130.0,1.283064,101.31999969482422,0.5499999390028885,27.47888736849255,0.3050835127772686,0.08017046644888559,0.009249666668719372,7.857375535940292,-4.7976427835733535,0.05
DIS,2026-03-11,0.271233,99,135.0,1.332412,101.31999969482422,0.3999987812120507,32.26153571548301,0.3187991755734969,0.05892701146737181,0.006981824909196199,6.197532782986248,-3.920723516088967,0.05
DIS,2026-03-11,0.271233,99,140.0,1.381761,101.31999969482422,0.2800001123291169,37.07418655138137,0.3284229162529725,0.042200324996653105,0.0051931859952572415,4.748976495770678,-3.0749410782262356,0.05
DIS,2026-03-11,0.271233,99,145.0,1.431109,101.31999969482422,0.18999999782993848,41.91683594166352,0.33523453137544995,0.029504876043975073,0.003793718737551241,3.5411682918332477,-2.328352968790645,0.05
DIS,2026-03-11,0.271233,99,150.0,1.480458,101.31999969482422,0.18000006178965133,46.83948551040453,0.3588020871186336,0.026577845620989117,0.0032491623961605678,3.2460788778313514,-2.2726911142185005,0.05
DIS,2026-03-11,0.271233,99,155.0,1.529807,101.31999969482422,0.10999999925559623,51.70213495265176,0.3577197894956043,0.017169266587767358,0.0022525048556794464,2.243579133220988,-1.5609695001026953,0.05
DIS,2026-03-11,0.271233,99,160.0,1.579155,101.31999969482422,0.30999982356616407,56.83478428174362,0.44460499117196706,0.03602251849802036,0.0033722828282099094,4.174755203263654,-3.588619910753905,0.05
DIS,2026-03-11,0.271233,99,165.0,1.628504,101.31999969482422,0.07000004859752673,61.52743401155631,0.380145361549037,0.010846548593164598,0.0014261896043776833,1.5095922305242178,-1.109330111347539,0.05
DIS,2026-03-11,0.271233,99,170.0,1.677852,101.31999969482422,0.07999983341936323,66.47008330115945,0.40696969227437363,0.01155160766566629,0.001407161263369508,1.5945517877879045,-1.2507881363897233,0.05
DIS,2026-03-11,0.271233,99,175.0,1.727201,101.31999969482422,0.04999983900124405,71.37273281152262,0.40390702981443194,0.007583782732124563,0.0009812212370344793,1.1035221148928844,-0.8575756331376754,0.05
DIS,2026-03-11,0.271233,99,180.0,1.77655,101.31999969482422,0.06999997604892827,76.32538245335161,0.4387184755450296,0.00960187570119553,0.0011111396324865663,1.3573356386384046,-1.1428865432423312,0.05
DIS,2026-03-11,0.350685,128,55.0,0.542835,101.31999969482422,47.63597758473016,0.3599999971175336,0.5882610851781391,0.9760527462549762,0.0015971311921709685,3.382347122268291,-5.399765817761356,0.05
DIS,2026-03-11,0.350685,128,60.0,0.592183,101.31999969482422,42.6328845450175,0.26999987624228794,0.49048500005681633,0.9777542847605751,0.0018002405506873291,3.178803885734848,-5.044673819065413,0.05
DIS,2026-03-11,0.350685,128,65.0,0.641532,101.31999969482422,37.80979174998902,0.36000000005122246,0.4498911125823866,0.9689219616015188,0.002595467366919306,4.203687773396397,-5.7145090778558005,0.05
DIS,2026-03-11,0.350685,128,70.0,0.69088,101.31999969482422,32.96669867956484,0.4299998484644618,0.4018053504011835,0.959660818839789,0.0035990234164812347,5.206044219313423,-6.1957793921873865,0.05
DIS,2026-03-11,0.350685,128,75.0,0.740229,101.31999969482422,28.723605852803047,1.099999940540087,0.42927700716661743,0.916103181643519,0.005982547134394644,9.24551742162657,-8.863564574434463,0.05
DIS,2026-03-11,0.350685,128,80.0,0.789578,101.31999969482422,23.980512994572635,1.2700000011470962,0.37741441265277065,0.8938531821064275,0.008093166803415285,10.99624575206751,-9.246428680793805,0.05
DIS,2026-03-11,0.350685,128,85.0,0.838926,101.31999969482422,19.677417846590856,1.8799977720027243,0.35572840463201744,0.846680391464561,0.011084039429854878,14.194629833358784,-10.504798888033289,0.05
DIS,2026-03-11,0.350685,128,90.0,0.888275,101.31999969482422,15.694327378206836,2.810000222456125,0.33887751328105226,0.7817394836694809,0.014496071734665791,17.684816009128912,-11.720263586721439,0.05
DIS,2026-03-11,0.350685,128,95.0,0.937623,101.31999969482422,12.271234243473856,4.300000006560566,0.3326441459481398,0.6965366685686478,0.01751068294939204,20.969613912975454,-12.860515104598573,0.05
DIS,2026-03-11,0.350685,128,100.0,0.986972,101.31999969482422,9.25814132499707,6.200000006921201,0.3242394013816148,0.6008782506447296,0.01984731160956052,23.16727437072632,-13.291244714093352,0.05
DIS,2026-03-11,0.350685,128,105.0,1.036321,101.31999969482422,5.850000001409171,7.704951602170709,0.2792180859316051,0.48921135833467166,0.023804219307783155,23.92792028579233,-11.711643395588528,0.05
DIS,2026-03-11,0.350685,128,110.0,1.085669,101.31999969482422,4.00000000141015,10.768044521009102,0.27771058031944335,0.37791564165639663,0.02281217299285472,22.806915165344964,-10.745022200186668,0.05
DIS,2026-03-11,0.350685,128,115.0,1.135018,101.31999969482422,2.590001572764006,14.27113901120039,0.27381968817909996,0.27698067027216194,0.020381300200341415,20.09111419880434,-9.117395157409423,0.05
DIS,2026-03-11,0.350685,128,120.0,1.184366,101.31999969482422,1.9199996204984942,18.51422997777229,0.28887180022072334,0.21153533285164705,0.016699084100782403,17.36621864753332,-8.128227691524412,0.05
DIS,2026-03-11,0.350685,128,125.0,1.233715,101.31999969482422,1.1100016795248155,22.617324955636022,0.27916668107668136,0.13968590764115874,0.01326781413471709,13.334306305734323,-5.959610921528118,0.05
DIS,2026-03-11,0.350685,128,130.0,1.283064,101.31999969482422,0.6999991435239146,27.12041533847254,0.28060477638259324,0.09486717332359584,0.010028539391804736,10.130717587349777,-4.498705056533673,0.05
DIS,2026-03-11,0.350685,128,135.0,1.332412,101.31999969482422,0.5099999711519692,31.84350908493802,0.29171218657594805,0.07031473589110349,0.0076977278012489905,8.083968031172635,-3.6929803764678457,0.05
DIS,2026-03-11,0.350685,128,140.0,1.381761,101.31999969482422,0.3700000048141856,36.616602037437644,0.3011190228650705,0.051987071645761856,0.0058882879502973745,6.3831448099856845,-2.985341151251719,0.05
DIS,2026-03-11,0.350685,128,145.0,1.431109,101.31999969482422,0.31000055364373935,41.469695505104625,0.31733817529026953,0.042701803511253196,0.004772073240468246,5.45176196615808,-2.667503288633097,0.05
DIS,2026-03-11,0.350685,128,150.0,1.480458,101.31999969482422,0.36999999793419036,46.442787868232486,0.3530712791507993,0.04569402791342328,0.0045297918407910765,5.757687649029891,-3.111419781790909,0.05
DIS,2026-03-11,0.350685,128,155.0,1.529807,101.31999969482422,0.3099999494278536,51.295880738563554,0.36569200635139915,0.03803742516541121,0.003769784175611607,4.9629445060940345,-2.7648610113249488,0.05
DIS,2026-03-11,0.350685,128,160.0,1.579155,101.31999969482422,0.18000000512375447,56.0789737130969,0.3562811922363131,0.024025850173900458,0.0026443176938778365,3.391673145318282,-1.8356138369824344,0.05
DIS,2026-03-11,0.350685,128,165.0,1.628504,101.31999969482422,0.14999999601677905,60.96206662282732,0.3668737324874206,0.019925638911686364,0.0021926292164130166,2.895938133288256,-1.6082554963264974,0.05
DIS,2026-03-11,0.350685,128,170.0,1.677852,101.31999969482422,0.24000037616532177,65.96515992181328,0.413445651963117,0.027449377487722314,0.002547510094337179,3.7917684387898514,-2.3622417834071507,0.05
DIS,2026-03-11,0.446575,163,60.0,0.592183,101.31999969482422,43.00488010939466,0.3600008956934033,0.4611437606567587,0.9729932869679893,0.0019967279985185797,4.221242910498495,-4.958415241688645,0.05
DIS,2026-03-11,0.446575,163,65.0,0.641532,101.31999969482422,38.37528583471012,0.6199999944357728,0.4492529281414366,0.9557215685709961,0.0030758130006564672,6.334844287532542,-6.109334599035403,0.05
DIS,2026-03-11,0.446575,163,70.0,0.69088,101.31999969482422,33.74569247348647,0.8800000066390368,0.4227995175586462,0.9368794302340616,0.004329272079463165,8.391400767517379,-7.03126640711074,0.05
DIS,2026-03-11,0.446575,163,75.0,0.740229,101.31999969482422,29.516099093438633,1.540000000018125,0.4243176924021024,0.899959800271293,0.006110359477501971,11.886199109983398,-8.73028239476931,0.05
DIS,2026-03-11,0.446575,163,80.0,0.789578,101.31999969482422,24.856505903928593,1.7700001839349824,0.3771645807249818,0.8753340495067401,0.008045866545446687,13.911976199750121,-9.066442767563082,0.05
DIS,2026-03-11,0.446575,163,85.0,0.838926,101.31999969482422,20.8969124473467,2.7000001007800023,0.36929765314848556,0.8226589019640138,0.010396212111981959,17.60097714804108,-10.400351224915681,0.05
DIS,2026-03-11,0.446575,163,90.0,0.888275,101.31999969482422,17.15731896716523,3.8499999940254384,0.3571795482911447,0.760913459064706,0.012827735613558643,21.004951523315437,-11.397003741431904,0.05
DIS,2026-03-11,0.446575,163,95.0,0.937623,101.31999969482422,14.017723362381233,5.599997762668366,0.35652872524614976,0.6855136283088665,0.014705458964353277,24.035779406600867,-12.366550752398485,0.05
DIS,2026-03-11,0.446575,163,100.0,0.986972,101.31999969482422,10.478132261527016,6.950000035241047,0.32465827026019045,0.6071274365202718,0.01749019015777088,26.03191402652579,-12.014343319188054,0.05
DIS,2026-03-11,0.446575,163,105.0,1.036321,101.31999969482422,7.450000013253408,8.811461160394359,0.29883024827521054,0.513166127439654,0.019706357810672367,26.99703187309973,-11.25986325608025,0.05
DIS,2026-03-11,0.446575,163,110.0,1.085669,101.31999969482422,5.349996511839478,11.601051032407355,0.2912397097866148,0.4167191443659791,0.019788547115652387,26.42102113433248,-10.458999483811091,0.05
DIS,2026-03-11,0.446575,163,115.0,1.135018,101.31999969482422,3.700005511937558,14.840653405932343,0.2841374877659345,0.32474812704688505,0.018702096677813453,24.361494846438127,-9.21028136763099,0.05
DIS,2026-03-11,0.446575,163,120.0,1.184366,101.31999969482422,2.570000036957225,18.600241304378926,0.28273002440595785,0.24732730018864463,0.016505215640366017,21.39332224765808,-7.896592306458392,0.05
DIS,2026-03-11,0.446575,163,125.0,1.233715,101.31999969482422,1.8800000010448557,22.79983464189347,0.2888330993392583,0.1905276074366456,0.01389967339447269,18.40503533917931,-6.823157461128279,0.05
DIS,2026-03-11,0.446575,163,130.0,1.283064,101.31999969482422,1.3200002199714032,27.12942823424693,0.29097006770791467,0.1423537554126621,0.01142610906118713,15.241642812305122,-5.620576909273878,0.05
DIS,2026-03-11,0.446575,163,135.0,1.332412,101.31999969482422,0.9099989147957359,31.609020302498166,0.2922121563801861,0.10425077489430967,0.009142935217774649,12.248108398398152,-4.48984874465239,0.05
DIS,2026-03-11,0.446575,163,140.0,1.381761,101.31999969482422,0.7499998105551073,36.33861457168446,0.3060839414397508,0.0854315714202522,0.0075370090267988365,10.576078851602098,-4.019732801298773,0.05
DIS,2026-03-11,0.446575,163,145.0,1.431109,101.31999969482422,0.5500000752387484,41.02820820979501,0.31058386851037934,0.06479992235696833,0.0060150353342830745,8.564503230038328,-3.278993392538697,0.05
DIS,2026-03-11,0.446575,163,150.0,1.480458,101.31999969482422,0.7000001426577906,46.06780165064097,0.35130799904327226,0.07231692074390453,0.005787626091292358,9.321238147876915,-3.997732713641239,0.05
DIS,2026-03-11,0.446575,163,155.0,1.529807,101.31999969482422,0.3900000550361291,50.647394936446204,0.3342553703892453,0.045356071811045215,0.0042148392853115545,6.458691078519116,-2.6273936269589813,0.05
DIS,2026-03-11,0.523288,191,55.0,0.542835,101.31999969482422,47.94037857033395,0.20000047100880636,0.44131289020642556,0.9844326209664258,0.0012087509553722147,2.86559166700586,-3.7984602414036175,0.05
DIS,2026-03-11,0.523288,191,60.0,0.592183,101.31999969482422,43.21950342418318,0.35000001535795633,0.42638507462707503,0.9736711273783661,0.001953032897228239,4.473448223867847,-4.59416949259543,0.05
DIS,2026-03-11,0.523288,191,65.0,0.641532,101.31999969482422,38.84862873011766,0.8500000117923534,0.44888540503392677,0.94629651616783,0.0033179586346010767,8.000871857997984,-6.283151282892208,0.05
DIS,2026-03-11,0.523288,191,70.0,0.69088,101.31999969482422,34.21775402784357,1.090000000018179,0.4157438393836899,0.9288055126301898,0.004464048246871595,9.969779761792132,-6.954857760979349,0.05
DIS,2026-03-11,0.523288,191,75.0,0.740229,101.31999969482422,29.866878286706637,1.6099989493811648,0.4008880556473742,0.8983949705711414,0.006042645432028849,13.013109697472371,-8.042563969987913,0.05
DIS,2026-03-11,0.523288,191,80.0,0.789578,101.31999969482422,25.776004554336502,2.389999907510955,0.3914002326796592,0.8573331196839555,0.007858652656894288,16.523423565358534,-9.233910645282666,0.05
DIS,2026-03-11,0.523288,191,85.0,0.838926,101.31999969482422,21.49512995905682,2.980000002731174,0.3599166770537393,0.8173340425731876,0.01003909577845525,19.410084703390147,-9.740975062178535,0.05
DIS,2026-03-11,0.523288,191,90.0,0.888275,101.31999969482422,17.59425526463857,3.9499999988128423,0.3391059388035078,0.7618544989830687,0.012454920163842894,22.688574275140077,-10.33127680831289,0.05
DIS,2026-03-11,0.523288,191,95.0,0.937623,101.31999969482422,14.373380423469321,5.599999848143497,0.3348680004920628,0.6897041633635633,0.014380100137246547,25.868212606548344,-11.052307785107324,0.05
DIS,2026-03-11,0.523288,191,100.0,0.986972,101.31999969482422,11.602505944559141,7.700000059733242,0.33297153420773307,0.6116042906563515,0.01570307003525876,28.088111291301576,-11.454590959294089,0.05
DIS,2026-03-11,0.523288,191,105.0,1.036321,101.31999969482422,8.250000028424147,9.218368834098172,0.2975720580845637,0.5252921622821423,0.0182548610635448,29.181092215047006,-10.54567026444723,0.05
DIS,2026-03-11,0.523288,191,110.0,1.085669,101.31999969482422,5.660000109809445,11.49924360598338,0.2748705656115673,0.4276423244683802,0.019475721659315118,28.757601257216162,-9.436277927743832,0.05
DIS,2026-03-11,0.523288,191,115.0,1.135018,101.31999969482422,4.3999999516830535,15.11011813835691,0.2843101255682342,0.3498427333334085,0.01777219033802596,27.143393666314996,-8.926011939879222,0.05
DIS,2026-03-11,0.523288,191,120.0,1.184366,101.31999969482422,3.0500045459830503,18.630997423156828,0.27763356187338045,0.27032799851024114,0.0162588177718734,24.248885944794267,-7.649680807863467,0.05
DIS,2026-03-11,0.523288,191,125.0,1.233715,101.31999969482422,2.2999999771579667,22.751867544831654,0.28374114875478446,0.21384057188915506,0.014005942165103051,21.34840896103954,-6.756167277956227,0.05
DIS,2026-03-11,0.523288,191,130.0,1.283064,101.31999969482422,1.599999493886834,26.922741752060432,0.2819777275486184,0.1606757978659777,0.011805355580082699,17.88235619779868,-5.55200861435249,0.05
DIS,2026-03-11,0.523288,191,135.0,1.332412,101.31999969482422,1.1300000004406598,31.323616949114168,0.2828309093989874,0.12049032933265974,0.009677725418940398,14.70384880259585,-4.5275337680667995,0.05
DIS,2026-03-11,0.523288,191,140.0,1.381761,101.31999969482422,0.9399999623967012,36.00449160157014,0.2956991467874321,0.09984690200958651,0.008088565790902063,12.848500807193657,-4.089036749019519,0.05
DIS,2026-03-11,0.523288,191,145.0,1.431109,101.31999969482422,0.6999998665597476,40.63536619623309,0.2994903572637984,0.07701506940216611,0.006580289715403765,10.586654047574592,-3.3846591142918117,0.05
DIS,2026-03-11,0.523288,191,150.0,1.480458,101.31999969482422,0.5000020131512031,45.30624303332448,0.30050175531523576,0.05752813864759564,0.0052329069031470865,8.447357688709646,-2.6919157782512784,0.05
DIS,2026-03-11,0.523288,191,155.0,1.529807,101.31999969482422,0.5600000000219554,50.237115710695136,0.32818589422375,0.05915915910492976,0.00489786324312618,8.634902294195834,-2.979439547285942,0.05
DIS,2026-03-11,0.523288,191,160.0,1.579155,101.31999969482422,0.4700000121170902,55.01799041329019,0.3366674598295708,0.049796662041631676,0.004166109448428142,7.534643000746015,-2.6525505919955727,0.05
DIS,2026-03-11,0.523288,191,165.0,1.628504,101.31999969482422,0.40999998725658093,59.828865078929596,0.3466594724215696,0.04317755480487466,0.0036083014633208855,6.719496755860722,-2.4239513096844125,0.05
DIS,2026-03-11,0.523288,191,170.0,1.677852,101.31999969482422,0.2799999991422304,64.56973978131518,0.3418574321821531,0.031213413037532074,0.0028062594885335636,5.153517027971518,-1.827491955589644,0.05
DIS,2026-03-11,0.523288,191,175.0,1.727201,101.31999969482422,0.31999967200708834,69.48061414467993,0.3656617058431245,0.0332614208222557,0.002764864015135786,5.431053982610732,-2.050051822180152,0.05
DIS,2026-03-11,0.523288,191,180.0,1.77655,101.31999969482422,0.26999996392452497,74.30148912709727,0.37142933287865515,0.028253918187567707,0.002377927330814578,4.744665928370972,-1.8135151275732377,0.05
DIS,2026-03-11,0.772603,282,55.0,0.542835,101.31999969482422,48.884142683313534,0.4799999909201631,0.4305017993594891,0.971664787619877,0.001692506925095096,5.778991142459274,-4.088301844413973,0.05
DIS,2026-03-11,0.772603,282,60.0,0.592183,101.31999969482422,44.443610465098544,0.850000227471611,0.4290103805747629,0.9535614712901745,0.002544435706328563,8.657766838159029,-5.012301634351348,0.05
DIS,2026-03-11,0.772603,282,65.0,0.641532,101.31999969482422,39.9230777829499,1.1400000000894153,0.40567133113578263,0.9371782609789154,0.0034177386017114966,10.99663383499207,-5.638598199183394,0.05
DIS,2026-03-11,0.772603,282,70.0,0.69088,101.31999969482422,35.81254530976401,1.839999981669962,0.4065517964343368,0.9068466482444146,0.004601028317573328,14.836019452839682,-6.706893623619735,0.05
DIS,2026-03-11,0.772603,282,75.0,0.740229,101.31999969482422,31.66201277695886,2.499999903631249,0.391918220553572,0.8764761906913814,0.005848989128803237,18.18121373170407,-7.46852021320764,0.05
DIS,2026-03-11,0.772603,282,80.0,0.789578,101.31999969482422,27.611480421270628,3.260000002709461,0.3746399091530627,0.8412024100141331,0.007256560182061108,21.562119288506775,-8.108760744308032,0.05
DIS,2026-03-11,0.772603,282,85.0,0.838926,101.31999969482422,23.61094794490012,4.069999981105397,0.35288823250300894,0.8011837547979356,0.008876389419896893,24.843920285507245,-8.552010836430886,0.05
DIS,2026-03-11,0.772603,282,90.0,0.888275,101.31999969482422,20.33041818358656,5.600002674558269,0.3510031379054449,0.7464866150996773,0.010240895232744213,28.50988895091143,-9.241380761478304,0.05
DIS,2026-03-11,0.772603,282,95.0,0.937623,101.31999969482422,17.129888270455716,7.210005216193878,0.3417849780586705,0.6890593183468965,0.011605573351034761,31.460540180298988,-9.593056878562377,0.05
DIS,2026-03-11,0.772603,282,100.0,0.986972,101.31999969482422,15.489350527718024,10.379999928222617,0.3705027720075444,0.626167204810808,0.011480740166863375,33.73711590339903,-10.487037121216982,0.05
DIS,2026-03-11,0.772603,282,105.0,1.036321,101.31999969482422,10.000000000645905,9.701181855916943,0.27833661715216934,0.5534563127008365,0.015949390502155308,35.20959579862172,-8.646085774231585,0.05
DIS,2026-03-11,0.772603,282,110.0,1.085669,101.31999969482422,8.200000319986664,12.711714630024133,0.2843446861343444,0.4803217436358988,0.01573486010354708,35.485800450086124,-8.553314466792855,0.05
DIS,2026-03-11,0.772603,282,115.0,1.135018,101.31999969482422,7.6000058346823565,16.92225259948627,0.3153257856001226,0.42897502334016696,0.01398044145202259,34.96447205177884,-8.928289759508607,0.05
DIS,2026-03-11,0.772603,282,120.0,1.184366,101.31999969482422,4.849999994779832,18.982779214350188,0.27543956220815796,0.33786752532464437,0.014901052141788072,32.55291298370408,-7.271834461385269,0.05
DIS,2026-03-11,0.772603,282,125.0,1.233715,101.31999969482422,3.9499999576782834,22.893311632015084,0.2820335346699098,0.28520338551829194,0.013521164213443893,30.245546852145416,-6.767809050321617,0.05
DIS,2026-03-11,0.772603,282,130.0,1.283064,101.31999969482422,3.000000076138239,26.753844205241478,0.27994308171979626,0.2318015798560254,0.01223262171302107,27.1603829038226,-5.944921815952809,0.05
DIS,2026-03-11,0.772603,282,135.0,1.332412,101.31999969482422,2.4099986004767686,30.974375184346457,0.28452530007020604,0.19268790033024574,0.010801875554634174,24.376236966893934,-5.3441578392926905,0.05
DIS,2026-03-11,0.772603,282,140.0,1.381761,101.31999969482422,2.3400000079870935,35.714909046623234,0.30664993808352325,0.17837237000336914,0.009553584719104091,23.23570446277503,-5.397818780081051,0.05
DIS,2026-03-11,0.772603,282,145.0,1.431109,101.31999969482422,1.4499993784380933,39.63544087184064,0.28679725399217154,0.12659485951292754,0.008131124302459214,18.495760473986884,-4.001727920363157,0.05
DIS,2026-03-11,0.772603,282,150.0,1.480458,101.31999969482422,1.1499999920452897,44.14597394021429,0.2897098902452198,0.1035226480931265,0.006975609335417014,16.028470243924954,-3.472116513553785,0.05
DIS,2026-03-11,0.772603,282,155.0,1.529807,101.31999969482422,1.119999864301846,48.926506267237286,0.30668063594868117,0.09696392519546077,0.006282167397926551,15.280672338395044,-3.4680109228965894,0.05
DIS,2026-03-11,0.772603,282,160.0,1.579155,101.31999969482422,1.0099997209641716,53.62703857866606,0.31698850426627895,0.08662441547874711,0.0055907624120132855,14.055980718628984,-3.271829143569025,0.05
DIS,2026-03-11,0.772603,282,165.0,1.628504,101.31999969482422,0.7500018105867943,58.177573123055126,0.3133237904433043,0.06775269359433535,0.004692242408733917,11.660587055368001,-2.670170971328364,0.05
DIS,2026-03-11,0.772603,282,170.0,1.677852,101.31999969482422,0.5200000906320206,62.7581038578668,0.3064823250643506,0.05019578764707014,0.0037903841789713555,9.213725466269274,-2.0557795521627615,0.05
DIS,2026-03-11,0.772603,282,175.0,1.727201,101.31999969482422,0.4299999956356211,67.47863621763685,0.3101468693937591,0.04211291117973091,0.003252851319947268,8.001625448346319,-1.7978951871265163,0.05
DIS,2026-03-11,0.772603,282,180.0,1.77655,101.31999969482422,0.4500015647505533,72.30917024151819,0.32611951701267633,0.0421119426341088,0.003093475926574422,8.001476510298653,-1.8795708381927798,0.05
DIS,2026-03-11,0.849315,310,55.0,0.542835,101.31999969482422,49.28671881945513,0.6799999467147657,0.4427119941329249,0.9645037253137752,0.001890933894854613,7.298890088913974,-4.324141139282498,0.05
DIS,2026-03-11,0.849315,310,60.0,0.592183,101.31999969482422,44.764602492875966,0.9500000585068591,0.42228421198563093,0.9505288644057226,0.002593521984243754,9.54891367850939,-4.951035786540665,0.05
DIS,2026-03-11,0.849315,310,65.0,0.641532,101.31999969482422,40.21248315176529,1.1899971557674434,0.39372796442964997,0.9359717118782608,0.003408720311966919,11.701642319899321,-5.443349312522467,0.05
DIS,2026-03-11,0.849315,310,70.0,0.69088,101.31999969482422,35.930369088685005,1.699999531058424,0.38135114965425077,0.911290438811847,0.0045117025216465595,15.001155253146742,-6.18791493936563,0.05
DIS,2026-03-11,0.849315,310,75.0,0.740229,101.31999969482422,31.658250922819853,2.2199978035645387,0.36176007455431247,0.8842101333837225,0.00577422102235917,18.212653580794814,-6.7752749838073125,0.05
DIS,2026-03-11,0.849315,310,80.0,0.789578,101.31999969482422,28.016136681167147,3.3700000002830848,0.3654712313149391,0.8403600125063422,0.0071193491482106465,22.68572575321912,-7.7374372109440195,0.05
DIS,2026-03-11,0.849315,310,85.0,0.838926,101.31999969482422,24.29402542482245,4.440005182309648,0.35429071641061,0.797076998356048,0.008536615689297497,26.369669814406077,-8.323328147801842,0.05
DIS,2026-03-11,0.849315,310,90.0,0.888275,101.31999969482422,20.86190576427434,5.800001960132789,0.3454961290863057,0.7468662978898496,0.009915331858085295,29.86823978312896,-8.815637185028727,0.05
DIS,2026-03-11,0.849315,310,95.0,0.937623,101.31999969482422,17.869782530032253,7.599995164261969,0.34233822979570133,0.690227272103856,0.011033080012935693,32.9314882076568,-9.240142857000528,0.05
DIS,2026-03-11,0.849315,310,100.0,0.986972,101.31999969482422,15.077670471259104,9.599999543860065,0.33645464497539845,0.6309169202139173,0.012008501727972807,35.22690938901154,-9.419880151713802,0.05
DIS,2026-03-11,0.849315,310,105.0,1.036321,101.31999969482422,10.550000049303634,9.864445560275868,0.2755823071814078,0.5610840170434765,0.015321387909392538,36.81362880651168,-8.28752006804097,0.05
DIS,2026-03-11,0.849315,310,110.0,1.085669,101.31999969482422,8.299999979389028,12.406561928732515,0.2696924801412009,0.4858077618976128,0.01583203371349476,37.227573706486105,-7.956745323661473,0.05
DIS,2026-03-11,0.849315,310,115.0,1.135018,101.31999969482422,6.749991914866726,15.648670302581479,0.2737515703384597,0.41779474555441704,0.015274635494771451,36.45748144278846,-7.654543531078425,0.05
DIS,2026-03-11,0.849315,310,120.0,1.184366,101.31999969482422,5.399999934040149,19.09079476012616,0.2753338129537618,0.3547160321138108,0.014476752132730466,34.7528060559513,-7.160132142079011,0.05
DIS,2026-03-11,0.849315,310,125.0,1.233715,101.31999969482422,4.15000117030899,22.63291243476627,0.27222158392369805,0.29374318754963386,0.013547349067695943,32.1540784330082,-6.433598842279983,0.05
DIS,2026-03-11,0.849315,310,130.0,1.283064,101.31999969482422,3.2500000008102496,26.52502770363877,0.2728824961930522,0.24305250960661395,0.012284537689148781,29.227635675960332,-5.764181777810108,0.05
DIS,2026-03-11,0.849315,310,135.0,1.332412,101.31999969482422,2.6499999931984064,30.717144134398183,0.2780029377520315,0.20431150176490065,0.01092350925799895,26.477120708344447,-5.235867596049393,0.05
DIS,2026-03-11,0.849315,310,140.0,1.381761,101.31999969482422,2.000001623749858,34.859262203320895,0.2756941087443503,0.163910207840614,0.009601453011267797,23.07935331536269,-4.476235539032523,0.05
DIS,2026-03-11,0.849315,310,145.0,1.431109,101.31999969482422,1.7200000051298332,39.37137702307214,0.28464126711487914,0.14154303699939152,0.008436890754412906,20.938206502740204,-4.139694660069966,0.05
DIS,2026-03-11,0.849315,310,150.0,1.480458,101.31999969482422,1.3000000570241887,43.74349351333777,0.28281509467752664,0.11273634380904118,0.007246798119264897,17.869316342617168,-3.481291705971434,0.05
DIS,2026-03-11,0.849315,310,155.0,1.529807,101.31999969482422,1.4200000251994176,48.65560991988423,0.3080100579897594,0.1138701122730047,0.006701682227928849,17.99732331477746,-3.7692936603153653,0.05
DIS,2026-03-11,0.849315,310,160.0,1.579155,101.31999969482422,0.9999990228636202,53.0277253559197,0.2996330419897273,0.08648452395371226,0.005634350314708392,14.719489160939796,-2.984602483865598,0.05
DIS,2026-03-11,0.849315,310,165.0,1.628504,101.31999969482422,0.5000000007954304,57.31984277222277,0.2742591344936945,0.05102303658777398,0.004092850314084443,9.786922557280912,-1.813669496276612,0.05
DIS,2026-03-11,0.849315,310,170.0,1.677852,101.31999969482422,0.7300002123645415,62.34195942216316,0.31008545223632544,0.06432270783403869,0.004343651777693834,11.743446728745988,-2.4331286266733083,0.05
DIS,2026-03-11,0.849315,310,175.0,1.727201,101.31999969482422,0.5600000465745927,66.96407569474444,0.30829628072322895,0.05134369131337903,0.0036591783623831794,9.835830899727242,-2.017280976978357,0.05
DIS,2026-03-11,0.849315,310,180.0,1.77655,101.31999969482422,0.6200000095949685,71.81619209613609,0.3275982945434856,0.0534970225407823,0.003557750193036666,10.161931710549775,-2.1998489739921148,0.05
DIS,2026-03-11,1.021918,373,55.0,0.542835,101.31999969482422,49.85968240519166,0.7999980862589666,0.42268857302018714,0.9610527267082547,0.0019477315153045187,8.63686090951089,-4.161910561453222,0.05
DIS,2026-03-11,1.021918,373,60.0,0.592183,101.31999969482422,45.44874655819626,1.1400000007082554,0.4073974698511986,0.9454426126081832,0.002648942456600467,11.321322935062707,-4.773852662997799,0.05
DIS,2026-03-11,1.021918,373,65.0,0.641532,101.31999969482422,41.197808796064464,1.6400000000211392,0.39700438245986513,0.924219742970739,0.0035087621416630198,14.613544161704848,-5.4608113116324235,0.05
DIS,2026-03-11,1.021918,373,70.0,0.69088,101.31999969482422,36.746871110115364,1.9400000755167213,0.36762366686961,0.9063067163799963,0.004443155232646618,17.135677352959718,-5.836191776111831,0.05
DIS,2026-03-11,1.021918,373,75.0,0.740229,101.31999969482422,33.255933294332856,3.2000000211789086,0.3823911459322492,0.8651160944821077,0.0055402521288535995,22.225097973647035,-6.8780831311912625,0.05
DIS,2026-03-11,1.021918,373,80.0,0.789578,101.31999969482422,29.344995378252065,4.039999866542786,0.36654648861122685,0.8316649509613842,0.006697853861250908,25.75556360929021,-7.365030760991395,0.05
DIS,2026-03-11,1.021918,373,85.0,0.838926,101.31999969482422,26.254059119318335,5.700001369053737,0.37344806605863673,0.7850418933141186,0.007638061347015427,29.924002607141645,-8.132009919570258,0.05
DIS,2026-03-11,1.021918,373,90.0,0.888275,101.31999969482422,23.20311998551366,7.399999996693765,0.37188544206440793,0.7385973049655168,0.008539343087943553,33.3150114865968,-8.643399970641383,0.05
DIS,2026-03-11,1.021918,373,95.0,0.937623,101.31999969482422,19.152182225236587,8.09999999786136,0.33532846363338664,0.6950529688870958,0.010197805158610794,35.87430169222738,-8.449361901741009,0.05
DIS,2026-03-11,1.021918,373,100.0,0.986972,101.31999969482422,16.701242768953605,10.399998303023068,0.3380436125162312,0.640112899842206,0.010804018760303112,38.31460836679261,-8.744858579766479,0.05
DIS,2026-03-11,1.021918,373,105.0,1.036321,101.31999969482422,11.90000056824725,10.349693863761402,0.274819214080632,0.5770724325188671,0.013907616442676171,40.096468618764824,-7.719919680084253,0.05
DIS,2026-03-11,1.021918,373,110.0,1.085669,101.31999969482422,9.96000073531222,13.160631792271047,0.2777405022124009,0.5118124816479774,0.014017715852885314,40.84348540309826,-7.645136764941209,0.05
DIS,2026-03-11,1.021918,373,115.0,1.135018,101.31999969482422,8.04999636185822,16.001565180261736,0.27404188210072744,0.4466184000115605,0.014085707153850158,40.49504851151997,-7.289732324802642,0.05
DIS,2026-03-11,1.021918,373,120.0,1.184366,101.31999969482422,6.419999997096248,19.12250657694446,0.2703590106250333,0.3838029831575313,0.01379125208030653,39.115678881561564,-6.797576240015952,0.05
DIS,2026-03-11,1.021918,373,125.0,1.233715,101.31999969482422,5.449998808545395,22.903443149838267,0.27749365724503566,0.33493958323913464,0.012817069583728134,37.31196572946204,-6.4901878272311695,0.05
DIS,2026-03-11,1.021918,373,130.0,1.283064,101.31999969482422,4.099999987678608,26.304382090416183,0.26848959304258874,0.27613246951534887,0.012158127880582752,34.24526179602729,-5.692534790971512,0.05
DIS,2026-03-11,1.021918,373,135.0,1.332412,101.31999969482422,3.450000000492306,30.405319864674567,0.2742389016775547,0.2381418464282551,0.011020616718514061,31.70598766886265,-5.288190076597183,0.05
DIS,2026-03-11,1.021918,373,140.0,1.381761,101.31999969482422,2.5999999559702083,34.30625758159714,0.2686851614295767,0.1930853686151927,0.009958482062102559,28.07004797396997,-4.538293748102248,0.05
DIS,2026-03-11,1.021918,373,155.0,1.529807,101.31999969482422,1.490000000049351,47.449070910010335,0.2798396478698332,0.11884399567827308,0.006931691407454559,20.349549194605093,-3.3138008096987868,0.05
DIS,2026-03-11,1.021918,373,160.0,1.579155,101.31999969482422,1.2899988906970865,52.00000756210275,0.28568371900797035,0.10370532578853375,0.006158652836719731,18.457698234074662,-3.040855570360434,0.05
DIS,2026-03-11,1.268493,463,55.0,0.542835,101.31999969482422,50.700034219967456,1.0000001156630987,0.4053315261312174,0.9559479097820971,0.0020144175112548676,10.63257263335107,-4.006584883907496,0.05
DIS,2026-03-11,1.268493,463,60.0,0.592183,101.31999969482422,46.53730996332232,1.530000003610681,0.40139824405462826,0.9364050223051147,0.0027215019617598825,14.225338392589327,-4.667674464378943,0.05
DIS,2026-03-11,1.268493,463,65.0,0.641532,101.31999969482422,42.51458581517786,2.2000000000589353,0.3961834218332163,0.9130943613850461,0.0034994853664308866,18.0542298269387,-5.319409636414367,0.05
DIS,2026-03-11,1.268493,463,70.0,0.69088,101.31999969482422,37.82186072645681,2.199999055930597,0.3508414327156223,0.9021527176911324,0.004314278742155599,19.710496454490393,-5.40498958069883,0.05
DIS,2026-03-11,1.268493,463,75.0,0.740229,101.31999969482422,33.97913753344338,3.0500000075098797,0.34540702003049506,0.8709209675184637,0.005340642679504631,24.021668431516098,-5.983644187014239,0.05
DIS,2026-03-11,1.268493,463,80.0,0.789578,101.31999969482422,30.986412763436505,4.749999382095723,0.3626981182991983,0.8258440221866193,0.006209024288955438,29.32561626407431,-6.826917293577344,0.05
DIS,2026-03-11,1.268493,463,85.0,0.838926,101.31999969482422,27.143689641369193,5.600000404621127,0.3422737178796899,0.7918563272843695,0.007340275150615131,32.71631479252356,-7.068232408538943,0.05
DIS,2026-03-11,1.268493,463,90.0,0.888275,101.31999969482422,23.610965054923497,6.759999962768148,0.32740798686586753,0.7510060294381454,0.008487168603002526,36.185167346973664,-7.293885397935767,0.05
DIS,2026-03-11,1.268493,463,95.0,0.937623,101.31999969482422,21.138240941557378,8.979999993994738,0.3352173367118859,0.7010275803322475,0.0090751590799803,39.61495838875163,-7.7289014486763365,0.05
DIS,2026-03-11,1.268493,463,100.0,0.986972,101.31999969482422,19.19551366044339,11.72999685747348,0.3483917708543688,0.6521943912764854,0.00929528044280763,42.170511777482794,-8.135308734417658,0.05
DIS,2026-03-11,1.268493,463,105.0,1.036321,101.31999969482422,13.849990456899093,11.07719779852188,0.2776209265655188,0.5968036464629899,0.01222012369037334,44.17802405469771,-7.165283064726723,0.05
DIS,2026-03-11,1.268493,463,110.0,1.085669,101.31999969482422,11.200004241613371,13.119935727828874,0.265061727168017,0.5344199920087805,0.013140241582524439,45.35538517670119,-6.886055592031848,0.05
DIS,2026-03-11,1.268493,463,115.0,1.135018,101.31999969482422,10.35999624081412,16.972651871622347,0.28653833252883526,0.4862201118696562,0.012193514957964282,45.497772080192604,-7.083908704806307,0.05
DIS,2026-03-11,1.268493,463,120.0,1.184366,101.31999969482422,7.579999983093309,18.88537975849424,0.2596231094178861,0.4146637631438498,0.013156400987036222,44.47940149464414,-6.273496975188417,0.05
DIS,2026-03-11,1.268493,463,125.0,1.233715,101.31999969482422,6.6999999649316635,22.698103884925317,0.2699184053872344,0.3706056155989568,0.012264650489467833,43.10882267361813,-6.128978980011271,0.05
DIS,2026-03-11,1.268493,463,130.0,1.283064,101.31999969482422,6.419996830224989,27.11082489481136,0.29058820899711435,0.34305319253655286,0.011087293749303897,41.95483605951968,-6.222444283551188,0.05
DIS,2026-03-11,1.268493,463,135.0,1.332412,101.31999969482422,4.449992662028414,29.833544871207508,0.26593537450132976,0.2753648893599099,0.011002409739122204,38.10152962800107,-5.1664284397147,0.05
DIS,2026-03-11,1.268493,463,140.0,1.381761,101.31999969482422,4.139999428879143,34.21627578265094,0.27947441922201566,0.2519323203900033,0.010004840292950101,36.41084089248637,-5.080307511116137,0.05
DIS,2026-03-11,1.268493,463,145.0,1.431109,101.31999969482422,3.2900001850834393,38.05900068344795,0.2750198142790715,0.21255253243972932,0.009248400725143002,33.121432347017354,-4.5027914549067205,0.05
DIS,2026-03-11,1.268493,463,150.0,1.480458,101.31999969482422,2.8699999746385423,42.33172461759577,0.28012548104279744,0.18812829601330683,0.008437509620773602,30.778353442471886,-4.208000049973719,0.05
DIS,2026-03-11,1.268493,463,155.0,1.529807,101.31999969482422,2.99999981258933,47.15444860013926,0.30147290283530964,0.1852493045138796,0.007765551385267135,30.48590322814321,-4.411146758304909,0.05
DIS,2026-03-11,1.268493,463,160.0,1.579155,101.31999969482422,1.9600000004236353,50.80717293256629,0.2799753716695692,0.13782824559760104,0.0068928283980673275,25.130190604159758,-3.3735419677214034,0.05
DIS,2026-03-11,1.268493,463,165.0,1.628504,101.31999969482422,1.6299953133876368,55.16989239012301,0.2805297269842646,0.11805939498143708,0.006177321796329356,22.566156771435605,-3.011863853567613,0.05
DIS,2026-03-11,1.268493,463,170.0,1.677852,101.31999969482422,1.7100017119166928,59.94262293324478,0.29768362124396014,0.11766298462709152,0.00580751918306553,22.51251832391726,-3.15214313264799,0.05
DIS,2026-03-11,1.769863,646,55.0,0.542835,101.31999969482422,52.37798382168001,1.4000000244828783,0.38407324095358236,0.947851508122283,0.0020600202472639507,14.375254833176346,-3.7426843444756246,0.05
DIS,2026-03-11,1.769863,646,60.0,0.592183,101.31999969482422,48.971438701935234,2.5700018045223842,0.408331307830877,0.9190947184404565,0.0027241227884978207,20.210142334678633,-4.538938330723658,0.05
DIS,2026-03-11,1.769863,646,65.0,0.641532,101.31999969482422,45.07488999904353,3.2500000014149606,0.39529070190425875,0.8989018363787085,0.003320104644394655,23.845058061784503,-4.962933795029588,0.05
DIS,2026-03-11,1.769863,646,70.0,0.69088,101.31999969482422,41.85834162576574,4.609998527921455,0.40303548461094263,0.8692393761233628,0.003909734359129467,28.629947304549663,-5.570473819014785,0.05
DIS,2026-03-11,1.769863,646,75.0,0.740229,101.31999969482422,37.321796174093535,4.649999976033527,0.36114003551311974,0.8532529660323094,0.004720002908533424,30.970478534469994,-5.616248293201459,0.05
DIS,2026-03-11,1.769863,646,80.0,0.789578,101.31999969482422,34.09524912357459,5.999999825298858,0.35946415283453514,0.8207412972485275,0.005401532595121463,35.27788999425428,-6.035632251835036,0.05
DIS,2026-03-11,1.769863,646,85.0,0.838926,101.31999969482422,30.91870118540772,7.399998786916271,0.3539050262984183,0.7871001001477713,0.006090208765827762,39.16056272930801,-6.356822699876437,0.05
DIS,2026-03-11,1.769863,646,90.0,0.888275,101.31999969482422,28.742155499440315,9.80000000073315,0.36761277838555095,0.7478453612181769,0.006442255894187725,43.028735542008896,-6.820159672217151,0.05
DIS,2026-03-11,1.769863,646,95.0,0.937623,101.31999969482422,26.165605700331277,11.79999710140838,0.3662100686893595,0.7113850353659116,0.006918941827883271,46.036253529313804,-7.058377208166368,0.05
DIS,2026-03-11,1.769863,646,100.0,0.986972,101.31999969482422,23.089071030797243,13.300009331658643,0.350622723828707,0.6740250936065814,0.007624760987317193,48.573154272191815,-7.071504972906226,0.05
DIS,2026-03-11,1.769863,646,105.0,1.036321,101.31999969482422,16.39999999948853,11.187485200134205,0.2616386063101502,0.627703323494541,0.01072746989141917,50.99518181361277,-6.129250390165602,0.05
DIS,2026-03-11,1.769863,646,110.0,1.085669,101.31999969482422,13.370000266618774,12.734032367048727,0.24451099925766814,0.5722090620715079,0.011905668553818733,52.891051558991066,-5.883826575551839,0.05
DIS,2026-03-11,1.769863,646,115.0,1.135018,101.31999969482422,13.049999999901445,16.990579000115687,0.2740279971498174,0.5309333823895699,0.010768171482839352,53.61260535857899,-6.187629967587666,0.05
DIS,2026-03-11,1.769863,646,120.0,1.184366,101.31999969482422,14.049999995784482,22.567125895782993,0.3236849870849795,0.5111170069454019,0.009140160848259898,53.75345805382679,-6.802223851929167,0.05
DIS,2026-03-11,1.769863,646,125.0,1.233715,101.31999969482422,9.430007004946233,22.523679804729028,0.26512244251392514,0.43320250377279673,0.011006601893385006,53.01878410673587,-5.694164968932114,0.05
DIS,2026-03-11,1.769863,646,130.0,1.283064,101.31999969482422,7.929999355121474,25.600219054688566,0.26107664334477154,0.3862220508090095,0.010872218241984376,51.572263751267,-5.363873715240797,0.05
DIS,2026-03-11,1.769863,646,135.0,1.332412,101.31999969482422,6.899999038838178,29.146765638189535,0.2628961961726403,0.34728046370028687,0.010422654721476748,49.7843299560507,-5.1118155233151406,0.05
DIS,2026-03-11,1.769863,646,140.0,1.381761,101.31999969482422,6.349999796665415,33.173313295801066,0.27181848881912485,0.3196498055435388,0.009755906898352396,48.181093679455216,-5.00171194715797,0.05
DIS,2026-03-11,1.769863,646,145.0,1.431109,101.31999969482422,5.400000041417801,36.79986044033771,0.27003634954387395,0.2837183892999011,0.00930717363094268,45.66359058036388,-4.650872072985496,0.05
DIS,2026-03-11,1.769863,646,150.0,1.480458,101.31999969482422,4.630004385004735,40.60641168370894,0.2695843369201983,0.25209296408005155,0.008783707730371059,43.023183760080485,-4.322233855337746,0.05
DIS,2026-03-11,1.769863,646,155.0,1.529807,101.31999969482422,4.499999758808485,45.05295395729698,0.2822200074056706,0.23918903934345187,0.008156954921806375,41.825955815031044,-4.321487385556251,0.05
DIS,2026-03-11,1.769863,646,160.0,1.579155,101.31999969482422,4.07000000030563,49.19950109857838,0.2863905393843673,0.2187530374049637,0.00764516438205108,39.780982807720775,-4.123284501859661,0.05
DIS,2026-03-11,1.769863,646,165.0,1.628504,101.31999969482422,3.1599999879967715,52.866047986053815,0.2759442121896896,0.18305428157615888,0.007129373010509316,35.74395792487762,-3.555822402508982,0.05
DIS,2026-03-11,1.769863,646,170.0,1.677852,101.31999969482422,3.0499999078868765,57.332594805728206,0.28551976689651354,0.17372593795613162,0.006666900544472287,34.5851903263377,-3.517290456749964,0.05
DIS,2026-03-11,1.769863,646,175.0,1.727201,101.31999969482422,2.350006157783554,61.20914795540915,0.2759304207586868,0.14363256864889257,0.006089043939203182,30.52661885930904,-2.9897679150157073,0.05
DIS,2026-03-11,1.865753,681,55.0,0.542835,101.31999969482422,53.178771935795886,1.9600000020449357,0.4115002672185498,0.9374798483976458,0.002160056683513169,17.024716025756224,-3.9677729541773683,0.05
DIS,2026-03-11,1.865753,681,60.0,0.592183,101.31999969482422,49.71411490974146,3.05000004517899,0.42270064822242837,0.9127215685761084,0.002713144083718802,21.96596963154491,-4.62642056511449,0.05
DIS,2026-03-11,1.865753,681,65.0,0.641532,101.31999969482422,45.03945783161209,2.9300000362380985,0.37427711184037327,0.9042875968630282,0.0032810072201054103,23.520419463552038,-4.688290096396498,0.05
DIS,2026-03-11,1.865753,681,70.0,0.69088,101.31999969482422,41.65480072315263,4.099999996967121,0.3777412375304655,0.8760522403111934,0.003914485203668876,28.32133112529113,-5.222315015264954,0.05
DIS,2026-03-11,1.865753,681,75.0,0.740229,101.31999969482422,37.940143658881986,4.940000001884961,0.36378024339652043,0.8511868849988128,0.004606672273091808,32.09748711109599,-5.5442520839543885,0.05
DIS,2026-03-11,1.865753,681,80.0,0.789578,101.31999969482422,33.955486487855474,5.509999900046921,0.33958567609853224,0.8270014106406911,0.005444945137343881,35.41501894673449,-5.7147576146318455,0.05
DIS,2026-03-11,1.865753,681,85.0,0.838926,101.31999969482422,31.590827673936623,7.6999981553165355,0.3556244624454986,0.7871261691459628,0.005902540129158077,40.20454788823377,-6.239660971514487,0.05
DIS,2026-03-11,1.865753,681,90.0,0.888275,101.31999969482422,29.38617245036656,10.050000000934958,0.36755725247275106,0.7494682237333977,0.0062540865293847885,44.02845939194209,-6.664345802397788,0.05
DIS,2026-03-11,1.865753,681,95.0,0.937623,101.31999969482422,26.93151275768755,12.149997377444436,0.3682722073893836,0.7139645279163582,0.006672659626998077,47.066567182198035,-6.915491730046915,0.05
DIS,2026-03-11,1.865753,681,100.0,0.986972,101.31999969482422,23.7768583078334,13.549999996778766,0.3509765377036574,0.6778328000469593,0.007382979760879007,49.631153667137184,-6.913244694120092,0.05
DIS,2026-03-11,1.865753,681,105.0,1.036321,101.31999969482422,17.329999999062224,11.657798757196062,0.2683162216134397,0.6332384373225791,0.010138488005793148,52.103239762541925,-6.088000389499464,0.05
DIS,2026-03-11,1.865753,681,110.0,1.085669,101.31999969482422,15.090000447944043,13.972456275266367,0.2659836351122332,0.5840185019202131,0.010596351912740854,53.982860946544434,-6.052062456935215,0.05
DIS,2026-03-11,1.865753,681,115.0,1.135018,101.31999969482422,12.999997234843491,16.437110131354288,0.26241747883766603,0.534326570009117,0.010944183352751172,55.007350380492326,-5.925279535681231,0.05
DIS,2026-03-11,1.865753,681,120.0,1.184366,101.31999969482422,11.579999967482053,19.57176993318133,0.26722227895102535,0.4898302841807256,0.010783853025626781,55.19391885189746,-5.855050951434093,0.05
DIS,2026-03-11,1.865753,681,125.0,1.233715,101.31999969482422,9.949988125442367,22.496415160330116,0.26469948236484425,0.4434985221078007,0.010780766347854107,54.657194087767785,-5.626446044620747,0.05
DIS,2026-03-11,1.865753,681,130.0,1.283064,101.31999969482422,8.319999386903465,25.421083490979697,0.25877748276972096,0.39569831911769293,0.010756473144095462,53.313965710180824,-5.285895266299056,0.05
DIS,2026-03-11,1.865753,681,135.0,1.332412,101.31999969482422,7.2499983145810845,28.905739487845807,0.26019650137534245,0.3566937563585818,0.01035593876476411,51.61019898888666,-5.04326947559708,0.05
DIS,2026-03-11,1.865753,681,140.0,1.381761,101.31999969482422,6.469999261932234,32.680397504385425,0.26462701319507137,0.32427677233072627,0.009818516877520401,49.76507616338119,-4.848472625551495,0.05
DIS,2026-03-11,1.865753,681,145.0,1.431109,101.31999969482422,5.870000008443,36.635055320084675,0.2705142573528101,0.297062275347332,0.009245680373800257,47.904205544340705,-4.6842157669912226,0.05
DIS,2026-03-11,1.865753,681,150.0,1.480458,101.31999969482422,4.9999998139487865,40.31971219477896,0.26855544571133405,0.2637394993343343,0.008791412711750693,45.22069563311792,-4.3406244160732985,0.05
DIS,2026-03-11,1.865753,681,155.0,1.529807,101.31999969482422,4.870005489833861,44.74437493985249,0.2811577845813614,0.25076312233033854,0.008179958302845888,44.049989530405185,-4.345899528723411,0.05
DIS,2026-03-11,1.865753,681,160.0,1.579155,101.31999969482422,4.000000000092079,48.429026519299214,0.2750929238548924,0.2177614408204528,0.0077316451726085885,40.73764705151866,-3.906426908149049,0.05
DIS,2026-03-11,1.865753,681,165.0,1.628504,101.31999969482422,3.4600008530808104,52.44368444147641,0.27476021064351086,0.1940229797455138,0.00722848025355436,38.04043256189078,-3.6109328523323545,0.05
DIS,2026-03-11,1.865753,681,170.0,1.677852,101.31999969482422,3.1499999746131166,56.68834063219717,0.27890844091030903,0.1779866091736682,0.006750033496537505,36.05887666103772,-3.439371534147929,0.05
