ticker,valuation_date,maturity_years,maturity_days,strike,moneyness,spot_price,call_price,put_price,implied_vol,delta_call,gamma,vega,theta_call,risk_free_rate
NFLX,2026-03-11,0.005479,2,50.0,0.515783,96.94000244140625,46.96369919507138,0.009999999881458166,3.1298169688596915,0.9985337076614851,0.0002128117970512722,0.034297133485927264,-12.286825264207446,0.05
NFLX,2026-03-11,0.005479,2,60.0,0.61894,96.94000244140625,36.966438540802706,0.009999994856052297,2.317803581804681,0.9980340810664362,0.00037529801067979546,0.04479154840619056,-12.462542919622432,0.05
NFLX,2026-03-11,0.005479,2,65.0,0.670518,96.94000244140625,31.977808224603933,0.020000003278909162,2.1043882572175905,0.9959224211803953,0.0007981444463420476,0.08648694359715661,-19.836038087204038,0.05
NFLX,2026-03-11,0.005479,2,66.0,0.680833,96.94000244140625,30.97808217505178,0.020000018651089135,2.0310081193179754,0.9957817257181304,0.0008524653477428085,0.08915210001516904,-19.80016334474498,0.05
NFLX,2026-03-11,0.005479,2,67.0,0.691149,96.94000244140625,29.968356091477744,0.010000000001369358,1.8210930975063966,0.9975207627233597,0.0005894306258285905,0.05527236268591351,-12.52143623714349,0.05
NFLX,2026-03-11,0.005479,2,68.0,0.701465,96.94000244140625,28.968630034883873,0.010000008331829235,1.7539258797282484,0.9974301168953809,0.0006321973133264167,0.05709618172472179,-12.524112853514238,0.05
NFLX,2026-03-11,0.005479,2,69.0,0.71178,96.94000244140625,27.968903961536668,0.00999999990895617,1.687600122721806,0.9973338593378219,0.00067923773214516,0.05902480152733467,-12.525068574859315,0.05
NFLX,2026-03-11,0.005479,2,70.0,0.722096,96.94000244140625,26.969177911440966,0.01000001473757095,1.622083765633047,0.9972314039191149,0.0007311431184196402,0.06106872577344023,-12.524218056636938,0.05
NFLX,2026-03-11,0.005479,2,71.0,0.732412,96.94000244140625,25.969451831793194,0.010000000014130705,1.557343966790977,0.9971221019946795,0.0007886068912454443,0.06323948090735138,-12.521391553430243,0.05
NFLX,2026-03-11,0.005479,2,72.0,0.742727,96.94000244140625,24.98972576356489,0.02999999671015985,1.6888456982547426,0.9927341008472444,0.0016617528829756451,0.14451056424035522,-25.832410105045877,0.05
NFLX,2026-03-11,0.005479,2,73.0,0.753043,96.94000244140625,23.969999700801296,0.009999998870881655,1.430071228886077,0.9968797758686005,0.000923681562601985,0.06801788570503531,-12.50930236270894,0.05
NFLX,2026-03-11,0.005479,2,74.0,0.763359,96.94000244140625,22.97027363913905,0.010000002132969144,1.3674769209572801,0.9967448554825975,0.0010034682057303889,0.07065888923231366,-12.499685280307157,0.05
NFLX,2026-03-11,0.005479,2,75.0,0.773674,96.94000244140625,21.97054756996907,0.009999997887319978,1.3055368839983403,0.9965992320610357,0.00109325797413119,0.07349452436201374,-12.487409595751839,0.05
NFLX,2026-03-11,0.005479,2,76.0,0.78399,96.94000244140625,20.970821494605488,0.009999987448054526,1.2442210681172219,0.9964414990694616,0.001194813145804163,0.07654921245075523,-12.472239030605069,0.05
NFLX,2026-03-11,0.005479,2,77.0,0.794306,96.94000244140625,19.971095458899512,0.01000001666641026,1.1834998787921887,0.9962699737774484,0.0013103114588265984,0.07985202620834454,-12.45393469124269,0.05
NFLX,2026-03-11,0.005479,2,78.0,0.804621,96.94000244140625,18.971369376757707,0.009999999448936592,1.123341736365955,0.9960826851299098,0.0014424546535483872,0.08343672475161637,-12.432120344978081,0.05
NFLX,2026-03-11,0.005479,2,79.0,0.814937,96.94000244140625,18.01164331142604,0.049999999041588694,1.2994615118227606,0.9853131745824102,0.003988278305687596,0.2668652716819459,-35.519010794001325,0.05
NFLX,2026-03-11,0.005479,2,80.0,0.825253,96.94000244140625,16.971917260442638,0.010000012982516182,1.004591993637165,0.9956505900598485,0.0017712717245126387,0.09162586472382196,-12.37657584122389,0.05
NFLX,2026-03-11,0.005479,2,81.0,0.835568,96.94000244140625,15.97219118143039,0.009999998894599571,0.9459349888917369,0.9953992371501998,0.0019779030052208585,0.09634062599908855,-12.341882834718906,0.05
NFLX,2026-03-11,0.005479,2,82.0,0.845884,96.94000244140625,15.022465188718584,0.06000007110711181,1.1226673411323524,0.9802470252189558,0.005947097833430359,0.34379484138589284,-39.219644884686275,0.05
NFLX,2026-03-11,0.005479,2,83.0,0.8562,96.94000244140625,13.982739035475078,0.019999982787936688,0.9013909796023991,0.9909665293790687,0.0037700658578276244,0.1749868157537479,-18.497080712961186,0.05
NFLX,2026-03-11,0.005479,2,84.0,0.866515,96.94000244140625,12.993012992815537,0.030000005052713163,0.8866443802560829,0.986790300776381,0.005334693906190265,0.2435578631720113,-23.83868753036889,0.05
NFLX,2026-03-11,0.005479,2,85.0,0.876831,96.94000244140625,12.003286923065417,0.04000000022692518,0.8578385472614234,0.9823978087153681,0.007055600368095883,0.31166118354163547,-28.557659597212556,0.05
NFLX,2026-03-11,0.005479,2,86.0,0.887147,96.94000244140625,10.99356085792374,0.030000000009579253,0.7590142627191696,0.9847770312834688,0.0070418221888945195,0.27521884968479765,-23.285208043489952,0.05
NFLX,2026-03-11,0.005479,2,87.0,0.897462,96.94000244140625,10.023834693637284,0.05999990064744054,0.7757591914104769,0.9724081842811009,0.011401539785022173,0.4554425693146301,-36.45195138985107,0.05
NFLX,2026-03-11,0.005479,2,88.0,0.907778,96.94000244140625,9.034108688751132,0.06999996068562098,0.7262728318981563,0.9665023333019164,0.014301392250643013,0.5348368235443651,-39.67784921061505,0.05
NFLX,2026-03-11,0.005479,2,89.0,0.918094,96.94000244140625,8.054382663095936,0.08999999995475605,0.6879289299376524,0.9562734076983165,0.018762298245914744,0.6646190611473186,-45.952812699742374,0.05
NFLX,2026-03-11,0.005479,2,90.0,0.928409,96.94000244140625,7.084656537479589,0.11999993926272623,0.6530051958741867,0.9413937508964116,0.02495765675070002,0.8391964310612887,-54.21366902172834,0.05
NFLX,2026-03-11,0.005479,2,91.0,0.938725,96.94000244140625,6.134930532524265,0.16999999923173448,0.6258223228420758,0.9183479522897795,0.03361955827140898,1.083393528322096,-66.01306782847819,0.05
NFLX,2026-03-11,0.005479,2,92.0,0.949041,96.94000244140625,5.205204485066162,0.24000001669796234,0.5977079144767378,0.8869507170079465,0.04470716387222086,1.3759710938163812,-79.08541918330998,0.05
NFLX,2026-03-11,0.005479,2,93.0,0.959356,96.94000244140625,4.3254786181366995,0.3600002146928176,0.5814410891900749,0.8393847214496328,0.058462198435355,1.7503465614916016,-96.71948518603085,0.05
NFLX,2026-03-11,0.005479,2,94.0,0.969672,96.94000244140625,3.455752337687656,0.48999999916810566,0.5461336670425179,0.7848861097309607,0.07458107994602016,2.0973494743091496,-108.15233125480934,0.05
NFLX,2026-03-11,0.005479,2,95.0,0.979988,96.94000244140625,2.7060262385892884,0.7399999649940696,0.5384792323605981,0.7033161800537819,0.0895276999366213,2.482387464146317,-125.24883356914633,0.05
NFLX,2026-03-11,0.005479,2,96.0,0.990303,96.94000244140625,1.9863002087375108,1.0200000000666023,0.5098817157810733,0.6119090956121738,0.10471719467265438,2.7493537432241837,-130.78498330513025,0.05
NFLX,2026-03-11,0.005479,2,97.0,1.000619,96.94000244140625,1.450000000042209,1.4834258562956393,0.5122673392595587,0.5039368117180584,0.10852271744067207,2.8625989740619167,-136.18053812055896,0.05
NFLX,2026-03-11,0.005479,2,98.0,1.010935,96.94000244140625,0.9700000003567197,2.0031519215344815,0.49603145861890824,0.3934406264064908,0.10805793500394835,2.7599999126531793,-126.78402566380603,0.05
NFLX,2026-03-11,0.005479,2,99.0,1.02125,96.94000244140625,0.6499994330470464,2.682877419149122,0.4994260584214276,0.2936021532968146,0.09606543270830131,2.470481043575001,-113.9769028634909,0.05
NFLX,2026-03-11,0.005479,2,100.0,1.031566,96.94000244140625,0.4000003260888647,3.4326043771152825,0.4933663610651871,0.20462694932211345,0.08016758624764707,2.0366271380640164,-92.6601297777728,0.05
NFLX,2026-03-11,0.005479,2,101.0,1.041882,96.94000244140625,0.25000000065874595,4.282330116609472,0.4995699199945426,0.139275911314035,0.061870057327666095,1.5915488866391059,-73.2145282934779,0.05
NFLX,2026-03-11,0.005479,2,102.0,1.052197,96.94000244140625,0.13999984608131122,5.172056026956369,0.49568994733173716,0.08677940967470232,0.044431028362432144,1.1340694736296695,-51.70951875291188,0.05
NFLX,2026-03-11,0.005479,2,103.0,1.062513,96.94000244140625,0.09000000026739663,6.121782246066786,0.5125718599654582,0.0579823005003963,0.03152929670564274,0.8321703293925791,-39.198962503554995,0.05
NFLX,2026-03-11,0.005479,2,104.0,1.072829,96.94000244140625,0.05999999769045683,7.091508308414163,0.5326406175771659,0.03951794755762806,0.022324833668268027,0.6123020268823613,-29.94853833574265,0.05
NFLX,2026-03-11,0.005479,2,105.0,1.083144,96.94000244140625,0.03999999536059384,8.071234371008629,0.5515826614843696,0.02686612120848987,0.015682792450135725,0.44542766272320217,-22.547448625964947,0.05
NFLX,2026-03-11,0.005479,2,106.0,1.09346,96.94000244140625,0.03000000212387155,9.060960442696242,0.5795012541343015,0.019939189033269383,0.01161341849174072,0.3465434065614129,-18.420183659253006,0.05
NFLX,2026-03-11,0.005479,2,107.0,1.103776,96.94000244140625,0.010000000460226532,10.040686505956913,0.5457883634831752,0.007826049765256377,0.005489583246861921,0.15427900568654934,-7.7210192146989485,0.05
NFLX,2026-03-11,0.005479,2,108.0,1.114091,96.94000244140625,0.030000000063836296,11.060412570484857,0.6809072141918314,0.017306158461187153,0.0087611692478505,0.30718017925508534,-19.16834246234764,0.05
NFLX,2026-03-11,0.005479,2,109.0,1.124407,96.94000244140625,0.00999999931354878,12.040138634658902,0.6348258781521587,0.006833409712935074,0.0041877532121697945,0.13689225776581124,-7.962497269789741,0.05
NFLX,2026-03-11,0.005479,2,110.0,1.134722,96.94000244140625,0.01000000000091894,13.039864700270584,0.6781796095472808,0.006439860231876126,0.0037197800198774723,0.1298988089928979,-8.069357528495729,0.05
NFLX,2026-03-11,0.005479,2,111.0,1.145038,96.94000244140625,0.010000018332313676,14.039590783526322,0.72082033689719,0.006096701670627634,0.003334093742715569,0.1237508017927501,-8.168741848683853,0.05
NFLX,2026-03-11,0.005479,2,112.0,1.155354,96.94000244140625,0.009999994252662958,15.039316824371,0.7627870101400804,0.005794577250640798,0.0030118196444099466,0.11829746388163515,-8.261600218233747,0.05
NFLX,2026-03-11,0.005479,2,113.0,1.165669,96.94000244140625,0.010000000001812004,16.03904289504446,0.804114722065977,0.00552639129932025,0.002739313534575481,0.11342347285270354,-8.348786866122074,0.05
NFLX,2026-03-11,0.005479,2,114.0,1.175985,96.94000244140625,0.01999999986382095,17.04876895983081,0.9150548382983337,0.00925351260799903,0.003792848094150223,0.17871283933903248,-14.96615118441568,0.05
NFLX,2026-03-11,0.005479,2,115.0,1.186301,96.94000244140625,0.010000001835812344,18.03849502672712,0.8849712412548417,0.005070749610267589,0.002305653309046427,0.10506700352695499,-8.50861940690174,0.05
NFLX,2026-03-11,0.005479,2,116.0,1.196616,96.94000244140625,0.019999993741345534,19.04822108355698,0.9999031975655636,0.008553295326761908,0.0032397425957981915,0.16680599190448603,-15.260031150709038,0.05
NFLX,2026-03-11,0.005479,2,117.0,1.206932,96.94000244140625,0.009999999935775716,20.037947154675734,0.9635977698497867,0.004697652841997472,0.001978092581907375,0.09814893338456594,-8.652338039580217,0.05
NFLX,2026-03-11,0.005479,2,118.0,1.217248,96.94000244140625,0.010000000001782805,21.037673219666075,1.0021293209298667,0.004535192593087401,0.0018432216186657947,0.09511401364618326,-8.719116527989655,0.05
NFLX,2026-03-11,0.005479,2,119.0,1.227563,96.94000244140625,0.010000015095525283,22.03739929968414,1.0401652723477617,0.004386078526797888,0.0017235771310905798,0.0923158466380928,-8.782925393029767,0.05
NFLX,2026-03-11,0.005479,2,120.0,1.237879,96.94000244140625,0.009999999160605177,23.03712534867354,1.0777222987680677,0.004248674566152748,0.0016168526204664796,0.08972645043982552,-8.843986250265841,0.05
NFLX,2026-03-11,0.005479,2,121.0,1.248195,96.94000244140625,0.02000000000779434,24.046851414445058,1.2020842342036422,0.007264357128167711,0.002334211662143186,0.14448352199316514,-15.882634794867263,0.05
NFLX,2026-03-11,0.005479,2,122.0,1.25851,96.94000244140625,0.009999999881028787,25.036577479242624,1.151463466672475,0.004003791424057159,0.0014350175278034173,0.08508451995511807,-8.958825490603227,0.05
NFLX,2026-03-11,0.005479,2,123.0,1.268826,96.94000244140625,0.020000000481409375,26.046303544767326,1.2793983373217195,0.006873917906077341,0.00208880089106482,0.13760873734529167,-16.097463446552084,0.05
NFLX,2026-03-11,0.005479,2,124.0,1.279142,96.94000244140625,0.009999997266975591,27.036029606477214,1.223467451545304,0.003791884475160278,0.0012863391573848361,0.08103844409237901,-9.06512501837021,0.05
NFLX,2026-03-11,0.005479,2,125.0,1.289457,96.94000244140625,0.0100000135382865,28.03575568767286,1.2588501257188291,0.003696239135564246,0.0012218677936197977,0.07920296303721826,-9.115465893738786,0.05
NFLX,2026-03-11,0.005479,2,127.0,1.310089,96.94000244140625,0.019999988439259875,30.045207792422488,1.4286127616720767,0.006234138928687254,0.0017157996427532454,0.12621886840018143,-16.483223984854458,0.05
NFLX,2026-03-11,0.005479,2,130.0,1.341036,96.94000244140625,0.020000000000273688,33.04438599875648,1.5361784838377412,0.0058463654036449465,0.0015073667551208,0.11923501056556587,-16.741258353602777,0.05
NFLX,2026-03-11,0.005479,2,131.0,1.351351,96.94000244140625,0.01000000000335638,34.03411206368388,1.4631558246204601,0.0032306202145339575,0.0009314908681431559,0.0701798387511183,-9.385077451939676,0.05
NFLX,2026-03-11,0.005479,2,133.0,1.371983,96.94000244140625,0.010000000188360003,36.03356419371754,1.5284397807792844,0.0031069637079121836,0.0008609271322002414,0.0677575838631336,-9.464718483075648,0.05
NFLX,2026-03-11,0.005479,2,134.0,1.382298,96.94000244140625,0.009999999813843474,37.03329025826734,1.5605907528597918,0.003049699498551096,0.0008291828168999426,0.06663194747517244,-9.502931491925965,0.05
NFLX,2026-03-11,0.005479,2,135.0,1.392614,96.94000244140625,0.019999999855685735,38.04301632323353,1.7080006856390755,0.005323573083977121,0.0012474931556393138,0.10971585607161685,-17.124574971761827,0.05
NFLX,2026-03-11,0.005479,2,140.0,1.444192,96.94000244140625,0.010000006064188494,43.03164665406365,1.7470659152963794,0.0027574060617918013,0.000676361753485215,0.06084592756563725,-9.712908606989592,0.05
NFLX,2026-03-11,0.005479,2,145.0,1.495771,96.94000244140625,0.009999999854478386,48.030276972475576,1.8947154191564701,0.0025651210910929397,0.0005842408408883695,0.057000555218658225,-9.866917709434956,0.05
NFLX,2026-03-11,0.005479,2,150.0,1.547349,96.94000244140625,0.009999998192911336,53.02890729543566,2.036025502372331,0.002406146896631046,0.0005131274009124396,0.05379620053936649,-10.005814900277919,0.05
NFLX,2026-03-11,0.005479,2,155.0,1.598927,96.94000244140625,0.010000000000074255,58.02753762186444,2.171549588428322,0.002272330501644514,0.00045681457886876325,0.051080235470977564,-10.132261854855209,0.05
NFLX,2026-03-11,0.005479,2,160.0,1.650505,96.94000244140625,0.009999997241769698,63.02616794372777,2.3017637068139996,0.002158000095144294,0.0004112733276250646,0.0487454929810864,-10.24826518044669,0.05
NFLX,2026-03-11,0.024658,9,49.0,0.505467,96.94000244140625,48.02037614930819,0.01999997333079051,1.626350606767101,0.9974771397252326,0.0003160777701299569,0.11911427905549178,-6.361996160880226,0.05
NFLX,2026-03-11,0.024658,9,50.0,0.515783,96.94000244140625,47.011608293741126,0.010000000731665182,1.477415067724499,0.9985356688246523,0.00021226353810230078,0.0726663958850503,-4.666312443564234,0.05
NFLX,2026-03-11,0.024658,9,51.0,0.526099,96.94000244140625,46.012840410043616,0.010000000002087006,1.435993044506049,0.9984940886413777,0.00022403747408355088,0.07454674779729045,-4.7097669009469145,0.05
NFLX,2026-03-11,0.024658,9,52.0,0.536414,96.94000244140625,45.024072527074104,0.020000000000514717,1.494241359461951,0.9972576679289483,0.00037094763786653525,0.12843667701185604,-6.47412214099927,0.05
NFLX,2026-03-11,0.024658,9,53.0,0.54673,96.94000244140625,44.01530465821398,0.010000014108321409,1.3554489727867098,0.9984062740118326,0.0002499384939713937,0.07850042698974703,-4.796133040278105,0.05
NFLX,2026-03-11,0.024658,9,54.0,0.557046,96.94000244140625,43.106536787627185,0.10000002648946094,1.713181056769247,0.9896684731245363,0.001051496102310997,0.4174136321543262,-17.142339232722072,0.05
NFLX,2026-03-11,0.024658,9,55.0,0.567361,96.94000244140625,42.027768880744,0.020000002574214193,1.3692551742910624,0.9970129712855094,0.0004372449968093681,0.13872825935331468,-6.582986395771032,0.05
NFLX,2026-03-11,0.024658,9,56.0,0.577677,96.94000244140625,41.01900097986807,0.009999984666215767,1.2399241869073596,0.9982613058827814,0.00029577113460171363,0.08497802175560458,-4.924217131009874,0.05
NFLX,2026-03-11,0.024658,9,57.0,0.587993,96.94000244140625,40.020233112032656,0.009999999798743886,1.2027164416714398,0.9982089430809379,0.000313265300926152,0.08730341623125477,-4.9664993107037185,0.05
NFLX,2026-03-11,0.024658,9,58.0,0.598308,96.94000244140625,39.04146522925011,0.029999999984127612,1.3076644381163514,0.9954748047517314,0.0006645735409460445,0.20137013321715602,-8.212630192519942,0.05
NFLX,2026-03-11,0.024658,9,59.0,0.608624,96.94000244140625,38.1526973463415,0.14000000004345736,1.5543675627555298,0.9846716666487819,0.0016306016131194992,0.587296333968636,-21.376132460285504,0.05
NFLX,2026-03-11,0.024658,9,60.0,0.61894,96.94000244140625,37.02392945424638,0.009999990916270463,1.0946471635462371,0.9980376000729567,0.00037399502398770013,0.09486274284799112,-5.091961331141003,0.05
NFLX,2026-03-11,0.024658,9,61.0,0.629255,96.94000244140625,36.03516157945148,0.019999999089314713,1.1374264435495334,0.9964243416731653,0.0006187899296833077,0.16308809343516004,-6.78945300380377,0.05
NFLX,2026-03-11,0.024658,9,62.0,0.639571,96.94000244140625,35.04639372269253,0.0300000252982926,1.1520143151617015,0.9948862773038453,0.0008412438895596968,0.22456160109193551,-8.31571840857778,0.05
NFLX,2026-03-11,0.024658,9,63.0,0.649887,96.94000244140625,34.03762582664486,0.020000012218567065,1.064791343841909,0.9961899305111798,0.0006997450197021974,0.17264739334096477,-6.854385270000103,0.05
NFLX,2026-03-11,0.024658,9,64.0,0.660202,96.94000244140625,33.03885793125664,0.019999999798280044,1.0292456691895038,0.996063766082175,0.0007453550005901601,0.1777615855822765,-6.886007458656083,0.05
NFLX,2026-03-11,0.024658,9,65.0,0.670518,96.94000244140625,32.04009004892042,0.020000000429988063,0.9941884942108343,0.9959309383585295,0.0007949129495507678,0.18312346709308025,-6.917029769653423,0.05
NFLX,2026-03-11,0.024658,9,66.0,0.680833,96.94000244140625,31.051322163194598,0.029999997672106815,1.005123088289749,0.9941733290847559,0.0010827670291927148,0.25217961046963644,-8.406031880429556,0.05
NFLX,2026-03-11,0.024658,9,67.0,0.691149,96.94000244140625,30.05255428242255,0.029999999867996507,0.9696138032098814,0.9939703503941266,0.0011570264888856444,0.2599547687611844,-8.426276816706432,0.05
NFLX,2026-03-11,0.024658,9,68.0,0.701465,96.94000244140625,29.043786407081328,0.020000007494701322,0.8917626188601696,0.9954861910543624,0.0009723287817594069,0.20091765588512597,-7.006119150894,0.05
NFLX,2026-03-11,0.024658,9,69.0,0.71178,96.94000244140625,28.045018516619407,0.020000000000720775,0.8584770390692307,0.9953200095656967,0.0010431530375336234,0.20750683606609657,-7.034345659122769,0.05
NFLX,2026-03-11,0.024658,9,70.0,0.722096,96.94000244140625,27.06625058395916,0.03999995030841319,0.8972473341995457,0.9915795251996707,0.0016787471539403524,0.34902229002496576,-9.80304863631556,0.05
NFLX,2026-03-11,0.024658,9,71.0,0.732412,96.94000244140625,26.057482748093776,0.02999999741096815,0.8318739444644402,0.9930286567814752,0.0015333307985799895,0.29556232785923053,-8.496045262214597,0.05
NFLX,2026-03-11,0.024658,9,72.0,0.742727,96.94000244140625,25.04871486616932,0.019999998454437673,0.7609556351543403,0.9947540022813518,0.0013028376072394816,0.22972344548766535,-7.113882187478184,0.05
NFLX,2026-03-11,0.024658,9,73.0,0.753043,96.94000244140625,24.069947012675627,0.04000002792868429,0.7938385634409003,0.9905519411779008,0.002098838554192893,0.3860707713961202,-9.812398100913597,0.05
NFLX,2026-03-11,0.024658,9,74.0,0.763359,96.94000244140625,23.071179104061883,0.04000000228288059,0.7600939267558318,0.9901598081712358,0.0022713206831482336,0.40003815518201685,-9.81154013709018,0.05
NFLX,2026-03-11,0.024658,9,75.0,0.773674,96.94000244140625,22.08241121886084,0.05000000004976357,0.7489969153355038,0.9878090728685868,0.002777218488154028,0.48199859740681916,-11.004381461867474,0.05
NFLX,2026-03-11,0.024658,9,76.0,0.78399,96.94000244140625,21.093643287089037,0.0599999512458993,0.7338776517366432,0.9853749131562664,0.0033169957199794373,0.5640586600802554,-12.11541718161103,0.05
NFLX,2026-03-11,0.024658,9,77.0,0.794306,96.94000244140625,20.094875452296577,0.0599999994213789,0.6995552280595198,0.9847116695694671,0.0036149720801403815,0.5859798086956287,-12.08052670606331,0.05
NFLX,2026-03-11,0.024658,9,78.0,0.804621,96.94000244140625,19.096107567150497,0.05999999724323857,0.665518657097545,0.983990923569027,0.003953048844402752,0.609604428319691,-12.041356469467276,0.05
NFLX,2026-03-11,0.024658,9,79.0,0.814937,96.94000244140625,18.11733987648408,0.08000018954474797,0.660390592002233,0.9791839817789432,0.004982511631446354,0.7624386373020317,-14.05024708618994,0.05
NFLX,2026-03-11,0.024658,9,80.0,0.825253,96.94000244140625,17.12857179417513,0.0899999902037365,0.6378023504850413,0.9761550679030755,0.005785454366980837,0.8550259297486195,-14.933228750107808,0.05
NFLX,2026-03-11,0.024658,9,81.0,0.835568,96.94000244140625,16.139804027583352,0.10000010657989833,0.6136455377220523,0.9729030919084708,0.006692845476794986,0.951664954084855,-15.750588295832168,0.05
NFLX,2026-03-11,0.024658,9,82.0,0.845884,96.94000244140625,15.151036036472988,0.10999999843747332,0.5881300028354186,0.9693867243872987,0.007728741238436536,1.0532653565941819,-16.502276289807558,0.05
NFLX,2026-03-11,0.024658,9,83.0,0.8562,96.94000244140625,14.27226779215816,0.2299996370905717,0.6392234355604874,0.9462114745187054,0.011232736588651758,1.6637725748222991,-25.438545063070162,0.05
NFLX,2026-03-11,0.024658,9,84.0,0.866515,96.94000244140625,13.193500299718295,0.1500000276186455,0.5486377847453034,0.957325478021221,0.010874147204584787,1.3824092135094421,-19.35999857754568,0.05
NFLX,2026-03-11,0.024658,9,85.0,0.876831,96.94000244140625,12.214732639285216,0.17000025015350673,0.5250538092108371,0.950570634481325,0.012786447037944466,1.5556410521753323,-20.559472125871828,0.05
NFLX,2026-03-11,0.024658,9,86.0,0.887147,96.94000244140625,11.26596449172392,0.21999998556013622,0.5160014287419479,0.9374338431070817,0.01567031983726569,1.8736327216811752,-23.584941720924455,0.05
NFLX,2026-03-11,0.024658,9,87.0,0.897462,96.94000244140625,10.32719640736569,0.2799997841698456,0.505537446881927,0.9219093839307557,0.018968614444825293,2.222002982784587,-26.730278738945493,0.05
NFLX,2026-03-11,0.024658,9,88.0,0.907778,96.94000244140625,9.408428631416697,0.3599998911887923,0.49699908409546534,0.9022708292766302,0.022810791333455503,2.6269489778634787,-30.377374339558962,0.05
NFLX,2026-03-11,0.024658,9,89.0,0.918094,96.94000244140625,8.459661320987308,0.4100004637273429,0.47183783741342333,0.8862975766711809,0.02680720610365026,2.930893351217135,-31.915169668077645,0.05
NFLX,2026-03-11,0.024658,9,90.0,0.928409,96.94000244140625,7.560892163632218,0.5099991893401778,0.4586384829597292,0.8609423289504741,0.031734856520949324,3.372583640326595,-35.16054158899126,0.05
NFLX,2026-03-11,0.024658,9,91.0,0.938725,96.94000244140625,6.692125108536558,0.6400000172124578,0.447157001839606,0.8297594256872359,0.03721072302544365,3.8555278264096167,-38.64665923376662,0.05
NFLX,2026-03-11,0.024658,9,92.0,0.949041,96.94000244140625,5.853357197917305,0.7999999895611438,0.4356681492639814,0.7929699844479365,0.04309379113332721,4.350370154631051,-41.983689171893616,0.05
NFLX,2026-03-11,0.024658,9,93.0,0.959356,96.94000244140625,5.074589325969612,1.0200000005813905,0.4291858063725931,0.7478267385685984,0.04886380629577625,4.859463700441961,-45.6625806649739,0.05
NFLX,2026-03-11,0.024658,9,94.0,0.969672,96.94000244140625,4.305821430518712,1.2499999880984092,0.4158146657806187,0.6995829361354353,0.0549655526813743,5.295977113541464,-47.830193505815444,0.05
NFLX,2026-03-11,0.024658,9,95.0,0.979988,96.94000244140625,3.617053568862147,1.5600000094097908,0.40826606488684886,0.6430465518199983,0.06002097772967574,5.6780870476653424,-49.943335319385874,0.05
NFLX,2026-03-11,0.024658,9,96.0,0.990303,96.94000244140625,3.0182854988732686,1.959999822388852,0.40620624242743675,0.5808171564220936,0.06319026926825952,5.947747139921871,-51.65566133451876,0.05
NFLX,2026-03-11,0.024658,9,97.0,1.000619,96.94000244140625,2.420000002415385,2.360482208898887,0.39376299448734675,0.5162916422589575,0.06650204293070183,6.067720726285978,-50.830022167198194,0.05
NFLX,2026-03-11,0.024658,9,98.0,1.010935,96.94000244140625,1.89999991546523,2.8392500049166784,0.3834770460607016,0.44827518187489634,0.06776756936196499,6.021670392730658,-48.90267412731609,0.05
NFLX,2026-03-11,0.024658,9,99.0,1.02125,96.94000244140625,1.4500000113607072,3.3880179837801023,0.37337691128692724,0.37892552686034,0.06693366780330119,5.7909228668164,-45.60870019283249,0.05
NFLX,2026-03-11,0.024658,9,100.0,1.031566,96.94000244140625,1.1299999625011985,4.06678581788853,0.37432791652370323,0.3161988545489283,0.062444134652746945,5.416260777286904,-42.58845080072009,0.05
NFLX,2026-03-11,0.024658,9,101.0,1.041882,96.94000244140625,0.8500000338534051,4.785553772208658,0.37166577574546383,0.2569764505411634,0.05698657717039421,4.90773203117646,-38.19046221151021,0.05
NFLX,2026-03-11,0.024658,9,102.0,1.052197,96.94000244140625,0.6500002468233781,5.584321868146574,0.3746898601429383,0.2077060872506955,0.050203694641550466,4.358763619275477,-34.09160440566195,0.05
NFLX,2026-03-11,0.024658,9,103.0,1.062513,96.94000244140625,0.45000088680571615,6.383090391096843,0.3664854569512445,0.15781669186840147,0.04322330053444806,3.6705434521347478,-28.020120254020345,0.05
NFLX,2026-03-11,0.024658,9,104.0,1.072829,96.94000244140625,0.3299998804576827,7.261857267716749,0.3685066346106529,0.12208582333948942,0.03609607467009583,3.08220120094472,-23.606985061599115,0.05
NFLX,2026-03-11,0.024658,9,105.0,1.083144,96.94000244140625,0.2500000199004493,8.180625290127452,0.3747999044659824,0.0956598716878147,0.02977625089481431,2.5859801345643483,-20.104894752961982,0.05
NFLX,2026-03-11,0.024658,9,106.0,1.09346,96.94000244140625,0.17000001503949935,9.099393168234442,0.37196617558448447,0.06952085521201178,0.023588206373715392,2.0330781171588495,-15.663259067668738,0.05
NFLX,2026-03-11,0.024658,9,107.0,1.103776,96.94000244140625,0.1299998587190263,10.058160894881908,0.37989877141790823,0.05428562313879372,0.019038502927501987,1.6759319552360223,-13.167169047520828,0.05
NFLX,2026-03-11,0.024658,9,108.0,1.114091,96.94000244140625,0.08999999905729839,11.0169289181881,0.38053625928687135,0.039413178447240106,0.014698815443274078,1.2960867753690786,-10.187698170886446,0.05
NFLX,2026-03-11,0.024658,9,109.0,1.124407,96.94000244140625,0.08000000099044824,12.005696803089194,0.3985383028050705,0.034177421805600856,0.01249048438019708,1.1534666577021586,-9.483365473033288,0.05
NFLX,2026-03-11,0.024658,9,110.0,1.134722,96.94000244140625,0.06999999702527582,12.994464682091959,0.4145723385170663,0.02938006750673657,0.010596771855561711,1.0179573985745738,-8.6964717143737,0.05
NFLX,2026-03-11,0.024658,9,111.0,1.145038,96.94000244140625,0.05000000001293525,13.97323256804755,0.4164967106509253,0.02172679034428873,0.008191552043178027,0.790557509289077,-6.779564188935899,0.05
NFLX,2026-03-11,0.024658,9,112.0,1.155354,96.94000244140625,0.04000000079542887,14.962000451797977,0.4255989450922022,0.017475625082110507,0.006662808655293304,0.657072939291172,-5.753375783588625,0.05
NFLX,2026-03-11,0.024658,9,114.0,1.175985,96.94000244140625,0.030000022596345266,16.949536239534766,0.4518376468460007,0.012810208567140872,0.004805520703862065,0.5031280883705068,-4.670383148118951,0.05
NFLX,2026-03-11,0.024658,9,115.0,1.186301,96.94000244140625,0.029999996040489307,17.948304095946852,0.47280584496305,0.012308779502738803,0.0044363700679696675,0.48603360822743125,-4.717984475323615,0.05
NFLX,2026-03-11,0.024658,9,116.0,1.196616,96.94000244140625,0.029999999902638352,18.947071982776933,0.49346446737095007,0.01185405678703313,0.004114162665013093,0.47042786931026565,-4.763228551224148,0.05
NFLX,2026-03-11,0.024658,9,116.5,1.201774,96.94000244140625,0.03999999357448458,19.456455917932743,0.5232012741764024,0.014588446350706162,0.004642611501633962,0.562842435463624,-6.040107755964962,0.05
NFLX,2026-03-11,0.024658,9,117.0,1.206932,96.94000244140625,0.019999999918658085,19.935839865760883,0.4887533270170404,0.008282665695025608,0.003037494535040736,0.3440019699477787,-3.4484915910291116,0.05
NFLX,2026-03-11,0.024658,9,117.5,1.21209,96.94000244140625,0.06000000056620558,20.475223807892405,0.5757877114651725,0.019294537009199773,0.005358284491452984,0.7148976306605214,-8.437447501089013,0.05
NFLX,2026-03-11,0.024658,9,118.0,1.217248,96.94000244140625,0.039999998622101796,20.954607747432277,0.5543028340659997,0.013870013795272947,0.004195568954004435,0.5388819782700284,-6.122277394210576,0.05
NFLX,2026-03-11,0.024658,9,118.5,1.222406,96.94000244140625,0.030000075072863064,21.443991765367002,0.543840775997438,0.010882164817805497,0.003465634993478001,0.43672724371078914,-4.867422535913188,0.05
NFLX,2026-03-11,0.024658,9,119.0,1.227563,96.94000244140625,0.05000005664749407,21.963375688425586,0.592335170346658,0.015993453786013148,0.00443773576460691,0.6090944708431167,-7.391000722819855,0.05
NFLX,2026-03-11,0.024658,9,119.5,1.232721,96.94000244140625,0.07999999969976024,22.49275957296183,0.6450540325462958,0.022601679231856173,0.005468278880331214,0.8173394241898486,-10.79656442031338,0.05
NFLX,2026-03-11,0.024658,9,120.0,1.237879,96.94000244140625,0.020000004641461344,22.932143519387495,0.545951450875817,0.0075082379983755,0.0024943276044934867,0.315546389375263,-3.5287062258619404,0.05
NFLX,2026-03-11,0.024658,9,120.5,1.243037,96.94000244140625,0.04999998762617053,23.46152744385617,0.6230710730686968,0.015305046708808,0.004062533604168019,0.5865300304788247,-7.482195333288561,0.05
NFLX,2026-03-11,0.024658,9,121.0,1.248195,96.94000244140625,0.02000002462800099,23.93091142234198,0.56452688080521,0.0072887848246541145,0.0023500099742054968,0.30740436468176224,-3.5532942900362996,0.05
NFLX,2026-03-11,0.024658,9,121.5,1.253353,96.94000244140625,0.09000000001210573,24.500295339210055,0.700025446427108,0.023395467410129166,0.0051875125551490205,0.8414507186502608,-12.053257498052698,0.05
NFLX,2026-03-11,0.024658,9,122.0,1.25851,96.94000244140625,0.009999998541269595,24.91967927922319,0.5407957463972961,0.004017128775022441,0.0014446447182313615,0.18102977796561529,-2.004168183274391,0.05
NFLX,2026-03-11,0.024658,9,122.5,1.263668,96.94000244140625,0.009999997025893714,25.419063219191784,0.5493600098891461,0.003960925585207459,0.0014042928987873164,0.17876003851202052,-2.010049719806658,0.05
NFLX,2026-03-11,0.024658,9,123.0,1.268826,96.94000244140625,0.059999989046302105,25.968447152696143,0.6899335250451711,0.016498361420793497,0.00391277293024116,0.6255292055682129,-8.828320503867102,0.05
NFLX,2026-03-11,0.024658,9,123.5,1.273984,96.94000244140625,0.040000025791828486,26.447831130925636,0.6630987430448146,0.011858972712449733,0.003062776890331996,0.4705971187295412,-6.383208809627261,0.05
NFLX,2026-03-11,0.024658,9,124.0,1.279142,96.94000244140625,0.01999999907157879,26.92721504568935,0.6188930936179117,0.006718420751382175,0.0019948126481807204,0.28607074511685565,-3.6216881351494603,0.05
NFLX,2026-03-11,0.024658,9,124.5,1.2843,96.94000244140625,0.08000000000227603,27.48659898810402,0.7495638508429292,0.01986726812075809,0.004219567286782302,0.7328789501848229,-11.231682337524436,0.05
NFLX,2026-03-11,0.024658,9,125.0,1.289457,96.94000244140625,0.009999999031410023,27.915982928617126,0.591439246266765,0.003707366846519295,0.0012292858172335708,0.1684684997436119,-2.037924725130507,0.05
NFLX,2026-03-11,0.024658,9,125.5,1.294615,96.94000244140625,0.05000000002209215,28.455366871091783,0.7213111992943141,0.013476351064586422,0.0031450392540908,0.5256594099480721,-7.751423602178715,0.05
NFLX,2026-03-11,0.024658,9,126.0,1.299773,96.94000244140625,0.009999960502973304,28.914750773056625,0.6079375096251114,0.0036170865166800497,0.0011697633338899154,0.16478308984710655,-2.048415618737352,0.05
NFLX,2026-03-11,0.024658,9,126.5,1.304931,96.94000244140625,0.050000000493726215,29.45413475453134,0.7402428228344955,0.013176535637996553,0.0030056281146497777,0.5155433003023335,-7.79991879131349,0.05
NFLX,2026-03-11,0.024658,9,127.0,1.310089,96.94000244140625,0.030000000232146218,29.933518695753733,0.7033822134010091,0.008679518995487143,0.0021991325683614962,0.358425161814984,-5.1527978259775855,0.05
NFLX,2026-03-11,0.024658,9,127.5,1.315247,96.94000244140625,0.02000000002997404,30.422902637035534,0.679932995569001,0.006181543900615536,0.001686746761808708,0.2657490371583475,-3.69298481627261,0.05
NFLX,2026-03-11,0.024658,9,128.0,1.320404,96.94000244140625,0.009999999860727304,30.912286578350248,0.6403919340206594,0.003452497925382504,0.0010650024928998926,0.158034597678981,-2.0684281357718577,0.05
NFLX,2026-03-11,0.024658,9,128.5,1.325562,96.94000244140625,0.030000017158795078,31.43167053713229,0.7298935487244006,0.008402132940715422,0.0020597125797244395,0.34835483617826507,-5.195092409176543,0.05
NFLX,2026-03-11,0.024658,9,129.0,1.33072,96.94000244140625,0.030000048252921685,31.931054509710364,0.738632026080172,0.008314838568712676,0.002016766834331772,0.345175150230387,-5.208771938201981,0.05
NFLX,2026-03-11,0.024658,9,129.5,1.335878,96.94000244140625,0.02000003689857488,32.42043843984001,0.7137490329360228,0.005921734796384394,0.0015468312831323375,0.25582570352799944,-3.7303305474387844,0.05
NFLX,2026-03-11,0.024658,9,130.0,1.341036,96.94000244140625,0.01999998852871565,32.9198223329541,0.7220882734583541,0.005861202547298679,0.0015150973267630335,0.25350499545862665,-3.7393169909570494,0.05
NFLX,2026-03-11,0.024658,9,130.5,1.346193,96.94000244140625,0.039999999522230545,33.43920628543161,0.7913570378200497,0.01016315541806885,0.0022439595854500116,0.4114747570939023,-6.650180670726866,0.05
NFLX,2026-03-11,0.024658,9,131.0,1.351351,96.94000244140625,0.029999997537579537,33.9285902249309,0.7731090669199497,0.007988622121219634,0.0018602439715470402,0.3332470933395951,-5.2615134928381435,0.05
NFLX,2026-03-11,0.024658,9,131.5,1.356509,96.94000244140625,0.049999999652769134,34.44797416853008,0.8316889962740092,0.011909946264758869,0.002451029464468361,0.4723513764418635,-8.021341199292985,0.05
NFLX,2026-03-11,0.024658,9,132.0,1.361667,96.94000244140625,0.009999999009836447,34.9073581093711,0.703256261057221,0.003175031666242628,0.0008994290615679548,0.1465670075553435,-2.1050044061798343,0.05
NFLX,2026-03-11,0.024658,9,132.5,1.366825,96.94000244140625,0.0399999961973998,35.43674204804262,0.8261830055712077,0.009788801445865948,0.0020800955420937806,0.39821282067955643,-6.716767585426437,0.05
NFLX,2026-03-11,0.024658,9,133.0,1.371983,96.94000244140625,0.06000012631218876,35.9561261196414,0.8784823644895258,0.013389990804992261,0.0025680588752414178,0.5227496145150641,-9.37399049459745,0.05
NFLX,2026-03-11,0.024658,9,133.5,1.37714,96.94000244140625,0.029999952088184068,36.42550988690135,0.81517814238071,0.00762602940750557,0.001693591616008164,0.3199019732816078,-5.3234433766492915,0.05
NFLX,2026-03-11,0.024658,9,134.0,1.382298,96.94000244140625,0.010000000007427179,36.90489387630457,0.7337314608490395,0.003056896176921105,0.0008331398066986406,0.14164809035725187,-2.121819887057358,0.05
NFLX,2026-03-11,0.024658,9,134.5,1.387456,96.94000244140625,0.02000000001915425,37.414277817800254,0.7951984697271418,0.005382401760189937,0.0012755228921579765,0.23502793818295384,-3.81488059793031,0.05
NFLX,2026-03-11,0.024658,9,135.0,1.392614,96.94000244140625,0.010000000332677395,37.90366175959777,0.7487426256165697,0.0030020853558434908,0.0008032379037363599,0.1393581748244872,-2.129903501820445,0.05
NFLX,2026-03-11,0.024658,9,135.5,1.397772,96.94000244140625,0.030000027025559817,38.42304572777461,0.8480545640931753,0.007366449595396398,0.0015790220736909037,0.31028993943235694,-5.37015638932844,0.05
NFLX,2026-03-11,0.024658,9,136.0,1.40293,96.94000244140625,0.010000000292088806,38.90242964252509,0.7636072996719224,0.0029498389443909116,0.000775239220108403,0.13717074739886628,-2.137785267795507,0.05
NFLX,2026-03-11,0.024658,9,138.0,1.423561,96.94000244140625,0.019999999483421627,40.909965407652294,0.8497985676724267,0.0050760599818811935,0.0011329367190348518,0.22308858306966398,-3.867872041165707,0.05
NFLX,2026-03-11,0.024658,9,140.0,1.444192,96.94000244140625,0.020000001935056855,42.907501176039816,0.8801741667337858,0.004921308282502347,0.001064085558213199,0.21702055230722248,-3.8962312252913467,0.05
NFLX,2026-03-11,0.024658,9,142.0,1.464824,96.94000244140625,0.5099996057122453,45.39503654575287,1.4438153529940319,0.0587980304965121,0.005334776512007661,1.7847754506275773,-52.51301974742917,0.05
NFLX,2026-03-11,0.024658,9,144.0,1.485455,96.94000244140625,0.030000022179840102,46.91257272815632,0.9807709728546803,0.006487047003581185,0.001220374448054262,0.27734248811296797,-5.5456901379748,0.05
NFLX,2026-03-11,0.024658,9,145.0,1.495771,96.94000244140625,0.030000000392085835,47.91134058933652,0.9956975729787549,0.00640208132279947,0.001188139056445505,0.27412611955526045,-5.5642836586506625,0.05
NFLX,2026-03-11,0.024658,9,146.0,1.506086,96.94000244140625,0.01000000005710222,48.89010847196947,0.9048409875203453,0.0025356705393618333,0.0005707216902750299,0.11966092092558234,-2.207348653085002,0.05
NFLX,2026-03-11,0.024658,9,148.0,1.526718,96.94000244140625,0.10000000000706977,50.977644237855316,1.2028398023585367,0.016209603964732873,0.002210636004844551,0.6161418771645125,-15.10183408683896,0.05
NFLX,2026-03-11,0.024658,9,150.0,1.547349,96.94000244140625,0.019999976319143187,52.89517998010324,1.023960325365106,0.004307914006477415,0.0008122025150478503,0.19270951450746404,-4.021231431412935,0.05
NFLX,2026-03-11,0.024658,9,152.0,1.56798,96.94000244140625,0.00999998948839037,54.88271575920837,0.9837902939863095,0.002353927561451217,0.0004907668946215257,0.1118751138396932,-2.2427151912559364,0.05
NFLX,2026-03-11,0.024658,9,154.0,1.588611,96.94000244140625,0.009999999797732473,56.88025153545358,1.0092439690809774,0.002301146073269504,0.00046866667257317366,0.10960135716937652,-2.253670082257788,0.05
NFLX,2026-03-11,0.024658,9,155.0,1.598927,96.94000244140625,0.019999990210704643,57.8890194088345,1.0913145718845656,0.004073736909371626,0.0007249110701532407,0.18331178389756472,-4.0753314955882445,0.05
NFLX,2026-03-11,0.024658,9,156.0,1.609243,96.94000244140625,0.11999999986175514,58.987787301453494,1.3601670550906793,0.017216264120087747,0.0020583504205303697,0.6487348989567605,-17.97031170778339,0.05
NFLX,2026-03-11,0.024658,9,158.0,1.629874,96.94000244140625,0.010000000000211146,60.87532306752779,1.0589429886586073,0.0022050970313093987,0.00042974624989700294,0.10544849177318624,-2.2744846875333535,0.05
NFLX,2026-03-11,0.024658,9,160.0,1.650505,96.94000244140625,0.010000004306378152,62.87285883776984,1.083214475546579,0.0021612610713681807,0.00041253912342441263,0.10354646909329404,-2.284392715125944,0.05
NFLX,2026-03-11,0.024658,9,162.0,1.671137,96.94000244140625,0.009999988811886074,64.87039458821123,1.107116605782678,0.002119888664367974,0.0003966196609815892,0.10174739558580798,-2.2939903459292794,0.05
NFLX,2026-03-11,0.024658,9,164.0,1.691768,96.94000244140625,0.0700000000991432,66.92793036543436,1.3812835435508397,0.010446390091522829,0.0013167817682524466,0.4214560962243063,-11.851849491043401,0.05
NFLX,2026-03-11,0.024658,9,165.0,1.702084,96.94000244140625,0.09000000255674023,67.94669825085987,1.438546596814157,0.012673723437540437,0.0014954571693700511,0.49848674041883784,-14.598051064202842,0.05
NFLX,2026-03-11,0.024658,9,166.0,1.712399,96.94000244140625,0.010000018398848676,68.86546614966993,1.1538589773393257,0.0020437443305294524,0.0003681302706376281,0.09842602837374906,-2.3123483115251995,0.05
NFLX,2026-03-11,0.024658,9,168.0,1.733031,96.94000244140625,0.5100000608474309,71.36300195805438,1.914871959661451,0.04703831304489283,0.0033696613465213176,1.4951394248231487,-58.25778384703055,0.05
NFLX,2026-03-11,0.024658,9,170.0,1.753662,96.94000244140625,0.009999997788742693,72.86053766093157,1.1992538244834139,0.001975237767374242,0.00034340028297835494,0.09542616231350776,-2.329666721712419,0.05
NFLX,2026-03-11,0.024658,9,172.0,1.774293,96.94000244140625,0.00999999429772705,74.85807342337641,1.2214704774947842,0.0019434913450574055,0.0003322291554527402,0.09403216047106223,-2.3379751254005114,0.05
NFLX,2026-03-11,0.024658,9,174.0,1.794925,96.94000244140625,0.09999999907008905,76.94560919408465,1.5794613012339664,0.012888089296907214,0.0013819447214901432,0.5057726706760428,-16.256338103909346,0.05
NFLX,2026-03-11,0.043836,16,50.0,0.515783,96.94000244140625,47.07947147256816,0.02999999995083158,1.2403661417438936,0.9964026878051291,0.0004278894370885778,0.21863245891760755,-5.568786292281079,0.05
NFLX,2026-03-11,0.043836,16,60.0,0.61894,96.94000244140625,37.11136527736944,0.03999999850989866,0.9549929415768964,0.9939688390063375,0.0008812510973855498,0.3466833650488061,-6.738581970225075,0.05
NFLX,2026-03-11,0.043836,16,65.0,0.670518,96.94000244140625,32.12231218125753,0.03999999927688691,0.8101728244407083,0.9929387115177576,0.0011942382736269059,0.39856744995019394,-6.889833714982719,0.05
NFLX,2026-03-11,0.043836,16,66.0,0.680833,96.94000244140625,31.144501592669727,0.06000003006485599,0.8245278492689058,0.989989215332651,0.0015941118896692927,0.5414486818799186,-8.333453510537655,0.05
NFLX,2026-03-11,0.043836,16,67.0,0.691149,96.94000244140625,30.13669095632612,0.0500000130970335,0.7768250486299728,0.9910097695477678,0.0015401703238737067,0.49286178190329166,-7.663670952986817,0.05
NFLX,2026-03-11,0.043836,16,68.0,0.701465,96.94000244140625,29.15888032456533,0.07000000071201384,0.784100624435821,0.9879439503970966,0.0019705667443905596,0.6364966465287045,-9.023222230944436,0.05
NFLX,2026-03-11,0.043836,16,69.0,0.71178,96.94000244140625,28.131069704479117,0.04000000000158366,0.7011346290528178,0.9918997545833481,0.0015572840769346706,0.4497823729005126,-6.998236901635715,0.05
NFLX,2026-03-11,0.043836,16,70.0,0.722096,96.94000244140625,27.143259083415884,0.04999999831413504,0.694617475958976,0.9900071676384908,0.0018892873718705076,0.5406010665100014,-7.724573662497402,0.05
NFLX,2026-03-11,0.043836,16,71.0,0.732412,96.94000244140625,26.15544857594672,0.060000110220741476,0.6846771243557116,0.9880691402050157,0.0022363812485128517,0.6307609970037702,-8.407388918711014,0.05
NFLX,2026-03-11,0.043836,16,72.0,0.742727,96.94000244140625,25.157637844079204,0.059999997729008214,0.6576583764844781,0.9876102077488944,0.002405689023394651,0.6517379548804839,-8.418022334516092,0.05
NFLX,2026-03-11,0.043836,16,73.0,0.753043,96.94000244140625,24.159827224385253,0.05999999741084139,0.6309243410166054,0.9871198548543061,0.0025932957882727936,0.6740040533840616,-8.427035901279742,0.05
NFLX,2026-03-11,0.043836,16,74.0,0.763359,96.94000244140625,23.232016557234147,0.1299999496355042,0.6810630127140301,0.9761677668089985,0.004061655467733883,1.1395241860579897,-12.422135643093316,0.05
NFLX,2026-03-11,0.043836,16,75.0,0.773674,96.94000244140625,22.19420598822461,0.09000000000175135,0.6144295471644987,0.981055849329696,0.0037077491329282025,0.9384596513772072,-10.222509040771524,0.05
NFLX,2026-03-11,0.043836,16,76.0,0.78399,96.94000244140625,21.20639544028505,0.10000007143797518,0.5971265507457448,0.9786482988921456,0.004222606265749214,1.0386761052966325,-10.757585347045438,0.05
NFLX,2026-03-11,0.043836,16,77.0,0.794306,96.94000244140625,20.268584483335218,0.15999973386391275,0.6176686477248805,0.9687228844631113,0.00561821640621219,1.4295099810131304,-13.753273101383996,0.05
NFLX,2026-03-11,0.043836,16,78.0,0.804621,96.94000244140625,19.240774121917568,0.12999999182204647,0.5672982887172129,0.9718077994292258,0.005612050850814066,1.3114938000895855,-12.23465721592054,0.05
NFLX,2026-03-11,0.043836,16,79.0,0.814937,96.94000244140625,18.272963509277474,0.15999999855772273,0.5600940243174621,0.9658061939444055,0.006668386796283122,1.538561614106896,-13.596826927871803,0.05
NFLX,2026-03-11,0.043836,16,80.0,0.825253,96.94000244140625,17.28515305986471,0.17000016852074396,0.5377404144051693,0.9626008658589165,0.007474758448889513,1.6557814435768359,-13.957372575898358,0.05
NFLX,2026-03-11,0.043836,16,81.0,0.835568,96.94000244140625,16.307342278253202,0.19000000628501823,0.5204099258409975,0.9575857425628181,0.008555554971978898,1.8341165439676144,-14.713230657804782,0.05
NFLX,2026-03-11,0.043836,16,82.0,0.845884,96.94000244140625,15.34953170337998,0.23000005078756658,0.5113669319146493,0.9492153391644009,0.01006116500023194,2.1194056252842146,-16.195395045592704,0.05
NFLX,2026-03-11,0.043836,16,83.0,0.8562,96.94000244140625,14.391720983868638,0.2699999506520072,0.4991097994659021,0.9404909097209795,0.011683891004117174,2.4022420488429144,-17.514868184789204,0.05
NFLX,2026-03-11,0.043836,16,84.0,0.866515,96.94000244140625,13.413909807633416,0.2899993937925558,0.47669087168886404,0.9341488922822676,0.013238159334675604,2.599546619596852,-17.99152282308558,0.05
NFLX,2026-03-11,0.043836,16,85.0,0.876831,96.94000244140625,12.496100313533987,0.37000051906890974,0.47384855318079927,0.9187301691280203,0.01564305941754338,3.053475394139538,-20.33181109046961,0.05
NFLX,2026-03-11,0.043836,16,86.0,0.887147,96.94000244140625,11.578288893171461,0.449999718082168,0.46600220158841743,0.9029528313618753,0.01815257249895558,3.48465124696163,-22.31979587639366,0.05
NFLX,2026-03-11,0.043836,16,87.0,0.897462,96.94000244140625,10.640477852303079,0.5099992965895552,0.44908356715204845,0.8889416513533788,0.02077194997644425,3.842709929302319,-23.460417873205365,0.05
NFLX,2026-03-11,0.043836,16,88.0,0.907778,96.94000244140625,9.742667936416453,0.6100000000787134,0.4392341530167124,0.8690551157829747,0.023848743850851936,4.315138917754829,-25.344085652548394,0.05
NFLX,2026-03-11,0.043836,16,89.0,0.918094,96.94000244140625,8.884856196628007,0.7499988796660517,0.43387331788493777,0.8438191672508284,0.027195450922489175,4.860627928355469,-27.700352537217366,0.05
NFLX,2026-03-11,0.043836,16,90.0,0.928409,96.94000244140625,8.027046697599971,0.8900000000137851,0.4236788229515956,0.8176560235383143,0.03076309870151805,5.369081626554989,-29.508378295787285,0.05
NFLX,2026-03-11,0.043836,16,91.0,0.938725,96.94000244140625,7.199235407290857,1.0599993290804548,0.4144575684346834,0.7873746812577296,0.03451119912854635,5.892143226508993,-31.31100041838955,0.05
NFLX,2026-03-11,0.043836,16,92.0,0.949041,96.94000244140625,6.421425459442617,1.2800000006079983,0.4085254114368183,0.7517147948352877,0.038185306047980865,6.426115434172242,-33.26653667514663,0.05
NFLX,2026-03-11,0.043836,16,93.0,0.959356,96.94000244140625,5.673614772170488,1.5299999327116325,0.40172174069513616,0.7127506974895684,0.04179462723106857,6.91638185552002,-34.862842284872606,0.05
NFLX,2026-03-11,0.043836,16,94.0,0.969672,96.94000244140625,4.985803647901712,1.839999427818654,0.39779269804173517,0.6692127491898703,0.04489806772583136,7.357285825797172,-36.37676601028944,0.05
NFLX,2026-03-11,0.043836,16,95.0,0.979988,96.94000244140625,4.297993600864565,2.150000000157277,0.3880859456766924,0.6241488116041283,0.04817567485749444,7.70174070679026,-36.9029160555624,0.05
NFLX,2026-03-11,0.043836,16,96.0,0.990303,96.94000244140625,3.5701829317872864,2.419999950455775,0.36779152553332917,0.5767180146716301,0.05245186227827977,7.9468643766506855,-35.95490941866202,0.05
NFLX,2026-03-11,0.043836,16,97.0,1.000619,96.94000244140625,3.0800000189243235,2.927627656968596,0.37128575622873505,0.5235653179838162,0.05284776657083003,8.082916594745612,-36.614696382704366,0.05
NFLX,2026-03-11,0.043836,16,98.0,1.010935,96.94000244140625,2.54999999826169,3.395438255681725,0.3632664944509025,0.46965314544215886,0.0539522064611327,8.07360921170584,-35.60197686289316,0.05
NFLX,2026-03-11,0.043836,16,99.0,1.02125,96.94000244140625,2.090000000024304,3.93324887682013,0.35726207393579235,0.4151111613808882,0.053767933985829144,7.9130413478857555,-34.15334980382689,0.05
NFLX,2026-03-11,0.043836,16,100.0,1.031566,96.94000244140625,1.6999995667982617,4.54105906296985,0.3533265652983161,0.3618594404890002,0.052261642728810655,7.60663398041708,-32.32466521421108,0.05
NFLX,2026-03-11,0.043836,16,101.0,1.041882,96.94000244140625,1.409999921909531,5.248870037456911,0.3560796855829288,0.31431587767162816,0.04910786273735375,7.20329833209535,-30.709429567509417,0.05
NFLX,2026-03-11,0.043836,16,102.0,1.052197,96.94000244140625,1.1200000052478707,5.956680740171038,0.35245180039451685,0.26667228879071203,0.045934324045897534,6.669146138381169,-28.047550794240294,0.05
NFLX,2026-03-11,0.043836,16,103.0,1.062513,96.94000244140625,0.8699999180882152,6.704491272387145,0.34790581323895525,0.22185476540051546,0.042134507819926406,6.038551598129309,-24.994618505773396,0.05
NFLX,2026-03-11,0.043836,16,104.0,1.072829,96.94000244140625,0.6900001918609604,7.522302165535677,0.34835894375065496,0.18477287900598582,0.03772432121508297,5.413542741939022,-22.371639517153604,0.05
NFLX,2026-03-11,0.043836,16,105.0,1.083144,96.94000244140625,0.5100000057263436,8.340112598776841,0.34199450304480894,0.14708584194768992,0.03315270310803074,4.670584576790996,-18.90679077211898,0.05
NFLX,2026-03-11,0.043836,16,106.0,1.09346,96.94000244140625,0.39000000001472657,9.217923212440994,0.3413842737825876,0.11827932170245947,0.028577869169176612,4.018893758471762,-16.203028055730062,0.05
NFLX,2026-03-11,0.043836,16,107.0,1.103776,96.94000244140625,0.3100001782655255,10.13573401006758,0.34522189088089944,0.09687156524598001,0.024470925493115428,3.480021223388073,-14.157271481876238,0.05
NFLX,2026-03-11,0.043836,16,108.0,1.114091,96.94000244140625,0.23999978285129586,11.063544234029138,0.34707153281295944,0.07776183698185288,0.02065574116254006,2.9532005965337205,-12.055996896583174,0.05
NFLX,2026-03-11,0.043836,16,109.0,1.124407,96.94000244140625,0.21000000778477013,12.031355078338379,0.3587579249920479,0.0675459677325153,0.01793922626007746,2.6511749144421843,-11.165722002522202,0.05
NFLX,2026-03-11,0.043836,16,110.0,1.134722,96.94000244140625,0.15000000007400427,12.969165690003393,0.3548303679322887,0.051064728462083715,0.014563357598872274,2.128704930301793,-8.855483903771935,0.05
NFLX,2026-03-11,0.043836,16,111.0,1.145038,96.94000244140625,0.10999961286483195,13.926975922169987,0.3538895014096978,0.03909381221926698,0.011775962242157453,1.716711254278468,-7.113582194204921,0.05
NFLX,2026-03-11,0.043836,16,112.0,1.155354,96.94000244140625,0.10999999761221613,14.924786926293166,0.3730206801928755,0.03738259607041529,0.010771595384281534,1.6551833618047247,-7.218113215475997,0.05
NFLX,2026-03-11,0.043836,16,113.0,1.165669,96.94000244140625,0.1300000016401106,15.942597549696842,0.4036961020869067,0.04044972366199791,0.010613241220744377,1.7649636363879992,-8.316614916141136,0.05
NFLX,2026-03-11,0.043836,16,114.0,1.175985,96.94000244140625,0.06999983271851207,16.880408000151007,0.38083915255453443,0.02466795829966069,0.007476865497585206,1.1729900523860664,-5.211471736177103,0.05
NFLX,2026-03-11,0.043836,16,115.0,1.186301,96.94000244140625,0.05999988087126518,17.868218667679542,0.38882196590878504,0.021130054761948937,0.006427813401124953,1.0295494794350917,-4.665469890120903,0.05
NFLX,2026-03-11,0.043836,16,116.0,1.196616,96.94000244140625,0.05000000005488414,18.85602940623893,0.39487212556285783,0.017719785506148437,0.0054501170349454025,0.8865341644600055,-4.076346706105847,0.05
NFLX,2026-03-11,0.043836,16,120.0,1.237879,96.94000244140625,0.029999999496620355,22.827271883183798,0.42826246970841647,0.010425154610359838,0.0031796377899823212,0.5609457190010233,-2.7891769641937376,0.05
NFLX,2026-03-11,0.043836,16,121.0,1.248195,96.94000244140625,0.040000027894713686,23.835082530957678,0.45924402698520855,0.012713854550903753,0.0035229281236696134,0.6664697924903162,-3.5507608984481647,0.05
NFLX,2026-03-11,0.043836,16,122.0,1.25851,96.94000244140625,0.06000000553143847,24.852893127970162,0.5005696791930119,0.016978712457793102,0.004145254188016736,0.8547692246613255,-4.959705763237211,0.05
NFLX,2026-03-11,0.043836,16,123.0,1.268826,96.94000244140625,0.08999999476086673,25.880703736575384,0.5468998386475622,0.022592002508071283,0.004835522734704191,1.0893925365889634,-6.900717186263652,0.05
NFLX,2026-03-11,0.043836,16,125.0,1.289457,96.94000244140625,0.02999994418805918,27.816324924754127,0.4988469770396847,0.009116470556703192,0.002427885024397313,0.49891737875257486,-2.881514116594887,0.05
NFLX,2026-03-11,0.043836,16,126.0,1.299773,96.94000244140625,0.06999999868189666,28.854135598623742,0.571950738377562,0.017372650953554683,0.0036997198052636793,0.8716871227243358,-5.767429120073616,0.05
NFLX,2026-03-11,0.043836,16,127.0,1.310089,96.94000244140625,0.06000006133901681,29.84194628065663,0.5742670972844086,0.015076968641221076,0.0032634735427705323,0.7720175996947101,-5.126974056422578,0.05
NFLX,2026-03-11,0.043836,16,130.0,1.341036,96.94000244140625,0.05000000015694339,32.82537807760191,0.6019050329896889,0.012284170090386386,0.002609100751947436,0.6469221118522595,-4.49847173025762,0.05
NFLX,2026-03-11,0.043836,16,132.0,1.361667,96.94000244140625,0.030000007564075615,34.80099932376058,0.590950848866712,0.00785666893659427,0.0017987017929553535,0.4378684957743903,-2.9880483728384473,0.05
NFLX,2026-03-11,0.043836,16,135.0,1.392614,96.94000244140625,0.02999994239475534,37.7944311167186,0.6283355508415208,0.007445481449244476,0.0016134880468166803,0.41762891101399063,-3.0277147687799317,0.05
NFLX,2026-03-11,0.043836,16,145.0,1.495771,96.94000244140625,0.010000000819425842,47.75253736890106,0.6670433224152448,0.0025748405576204295,0.0005887368852990837,0.16177390082176366,-1.2428309744480512,0.05
NFLX,2026-03-11,0.043836,16,150.0,1.547349,96.94000244140625,0.010000000004936255,52.74159046496547,0.7170291787768064,0.0024145393169911736,0.0005167670989795879,0.15263876928225864,-1.2595768585078757,0.05
NFLX,2026-03-11,0.043836,16,165.0,1.702084,96.94000244140625,21.001250244377605,88.69999999997482,4.6074427768828174,0.47339545253440374,0.004256634764964666,8.079035354823032,-425.8272346090813,0.05
NFLX,2026-03-11,0.060274,22,50.0,0.515783,96.94000244140625,47.120460517751894,0.029999976400091555,1.0590018762334825,0.9964067568238018,0.0004269649433702126,0.2561089859730422,-4.7234529706823025,0.05
NFLX,2026-03-11,0.060274,22,60.0,0.61894,96.94000244140625,37.15055214628134,0.02999998494042444,0.7885090219482391,0.995209403031883,0.0007416992675028728,0.33126105900403596,-5.133044576584169,0.05
NFLX,2026-03-11,0.060274,22,65.0,0.670518,96.94000244140625,32.175598048119966,0.040000076784494354,0.6921919696118757,0.99295109871052,0.001190194212142509,0.4666381692443469,-5.883512503682002,0.05
NFLX,2026-03-11,0.060274,22,66.0,0.680833,96.94000244140625,31.198607113119664,0.059999979785274604,0.7044935164716074,0.9900072241839911,0.001588595150732393,0.6339078094763477,-6.943251570885545,0.05
NFLX,2026-03-11,0.060274,22,67.0,0.691149,96.94000244140625,30.20161626946245,0.059999974129155476,0.6800618344679821,0.9896669592074552,0.0016944467432439554,0.6526978694721425,-6.968979202257495,0.05
NFLX,2026-03-11,0.060274,22,68.0,0.701465,96.94000244140625,29.19462539253955,0.04999993520733881,0.6401408821718313,0.990712815759497,0.00163991388650678,0.5946103664573675,-6.49978927053173,0.05
NFLX,2026-03-11,0.060274,22,69.0,0.71178,96.94000244140625,28.21763445618126,0.06999983685014399,0.6457889541202501,0.9875412200226616,0.002099357285427128,0.7679144466271605,-7.48953509072507,0.05
NFLX,2026-03-11,0.060274,22,70.0,0.722096,96.94000244140625,27.21064378133876,0.06000000000872774,0.6085381551115673,0.98852379410533,0.0020746574074045334,0.7151054263019173,-7.04076689671497,0.05
NFLX,2026-03-11,0.060274,22,71.0,0.732412,96.94000244140625,26.253652919112824,0.09999997578388786,0.6306507648744042,0.9824933002758258,0.0028802992300026105,1.0288745011288931,-8.832055210648601,0.05
NFLX,2026-03-11,0.060274,22,72.0,0.742727,96.94000244140625,25.236662105566296,0.08000000023844223,0.5859939905576708,0.9846239006081189,0.0027738224369388944,0.9206778356073599,-7.9861336702654935,0.05
NFLX,2026-03-11,0.060274,22,73.0,0.753043,96.94000244140625,24.249671462146537,0.09000019481977972,0.5725393431237401,0.9825518337192183,0.0031635838985995873,1.025936688535989,-8.422605011584752,0.05
NFLX,2026-03-11,0.060274,22,74.0,0.763359,96.94000244140625,23.292680428010797,0.1299999986851219,0.5823133888786792,0.9762245782390266,0.004043066499653359,1.3335322693141978,-10.008826597743209,0.05
NFLX,2026-03-11,0.060274,22,75.0,0.773674,96.94000244140625,22.28568957004667,0.11999997872209178,0.5503238794236639,0.9766550533442365,0.004212835415432987,1.3131934856373713,-9.614536154941227,0.05
NFLX,2026-03-11,0.060274,22,76.0,0.78399,96.94000244140625,21.298698695821955,0.1299999424984577,0.5334109511884398,0.974221293845417,0.004723635702429007,1.4271650221065193,-9.972158749033383,0.05
NFLX,2026-03-11,0.060274,22,77.0,0.794306,96.94000244140625,20.311707861354037,0.13999994603163657,0.5158849580407974,0.9716334953004099,0.005290014211743991,1.5457724862611988,-10.309055972457566,0.05
NFLX,2026-03-11,0.060274,22,78.0,0.804621,96.94000244140625,19.564717261589124,0.39000018426780514,0.604532565214014,0.94052442338905,0.008222819978155625,2.815634979712951,-17.70053632512795,0.05
NFLX,2026-03-11,0.060274,22,79.0,0.814937,96.94000244140625,18.43772609552184,0.2599998562016168,0.5273049789949462,0.9524209126974509,0.007898644057502102,2.359121368872346,-14.013848020985607,0.05
NFLX,2026-03-11,0.060274,22,80.0,0.825253,96.94000244140625,17.420735401327647,0.24000000000850719,0.4928901122297947,0.9527989235001484,0.008396310252932923,2.3440909212051375,-13.331575673647746,0.05
NFLX,2026-03-11,0.060274,22,81.0,0.835568,96.94000244140625,16.433744522306966,0.2499999589889228,0.47133915137160054,0.9491150038490547,0.00932349066554204,2.489131981816627,-13.51111092535197,0.05
NFLX,2026-03-11,0.060274,22,82.0,0.845884,96.94000244140625,15.486754207401646,0.300000482084684,0.46408497831936557,0.9397194766012479,0.010824704501877445,2.8454399836588613,-14.734845727672635,0.05
NFLX,2026-03-11,0.060274,22,83.0,0.8562,96.94000244140625,14.539762886735573,0.3499999994197083,0.45403140444169326,0.9299689442520114,0.012429871061184452,3.196600667337584,-15.820238214864004,0.05
NFLX,2026-03-11,0.060274,22,84.0,0.866515,96.94000244140625,13.642772049335377,0.45000000002059437,0.45540439726659854,0.913768315921152,0.014512664391673117,3.7435207176901475,-17.889118481223576,0.05
NFLX,2026-03-11,0.060274,22,85.0,0.876831,96.94000244140625,12.735781183055394,0.5399999717417074,0.44955357877857177,0.8985646466603345,0.016574392726783932,4.220413013328568,-19.457534518668677,0.05
NFLX,2026-03-11,0.060274,22,86.0,0.887147,96.94000244140625,11.808790661480757,0.6100002881681519,0.43614030423009836,0.884930991109266,0.018707773678130372,4.6215132071599445,-20.419373004846534,0.05
NFLX,2026-03-11,0.060274,22,87.0,0.897462,96.94000244140625,10.921800000222987,0.7200004649114646,0.42859218899638907,0.8663706544775577,0.021136889413530893,5.1312266252013785,-21.896602595477862,0.05
NFLX,2026-03-11,0.060274,22,88.0,0.907778,96.94000244140625,10.024808695992519,0.8199999986820927,0.41613663415037594,0.8479390675428358,0.023757004135427855,5.599683648436853,-22.93906645647742,0.05
NFLX,2026-03-11,0.060274,22,89.0,0.918094,96.94000244140625,9.107817862791734,0.9000000034823898,0.39791881060745915,0.8300700934118619,0.026713770863480344,6.020957134744887,-23.442641158870668,0.05
NFLX,2026-03-11,0.060274,22,90.0,0.928409,96.94000244140625,8.29082698153293,1.0799999602246828,0.3931794910144443,0.8020663533051955,0.029731858033225752,6.621384007854688,-25.069397631872874,0.05
NFLX,2026-03-11,0.060274,22,91.0,0.938725,96.94000244140625,7.513836225367228,1.3000000420600628,0.39001954415341383,0.770266676503345,0.03269144921998754,7.221982184842219,-26.723715474222928,0.05
NFLX,2026-03-11,0.060274,22,92.0,0.949041,96.94000244140625,6.796843671525679,1.5799983262196093,0.39028350535952877,0.7340894864201972,0.03532455743566868,7.80895275818405,-28.500391721999915,0.05
NFLX,2026-03-11,0.060274,22,93.0,0.959356,96.94000244140625,5.8798544891696025,1.6599999818646154,0.3615447546144623,0.7073964206511225,0.03994787696263579,8.180722058417052,-27.67020007302874,0.05
NFLX,2026-03-11,0.060274,22,94.0,0.969672,96.94000244140625,5.362863714112841,2.140000044808957,0.37708063364492034,0.6596520048807666,0.04084467515589089,8.723796848935898,-30.217708751316323,0.05
NFLX,2026-03-11,0.060274,22,95.0,0.979988,96.94000244140625,4.6758728313310485,2.45000000002824,0.36764572647704297,0.6188598300124922,0.04355558997651271,9.070041869979578,-30.427528628912757,0.05
NFLX,2026-03-11,0.060274,22,96.0,0.990303,96.94000244140625,4.07888197852828,2.8499999852265603,0.3636295459241213,0.5743825048453051,0.0452944917880952,9.329114509232387,-30.721104122087493,0.05
NFLX,2026-03-11,0.060274,22,97.0,1.000619,96.94000244140625,3.3500000425703504,3.118108887269713,0.3409873829228447,0.5280886905874118,0.0490371905825363,9.471085550478335,-29.182487911136068,0.05
NFLX,2026-03-11,0.060274,22,98.0,1.010935,96.94000244140625,3.000002017805187,3.765101700505653,0.35352220618467245,0.4811839604583177,0.04736330782109012,9.484066564344996,-29.99553201036626,0.05
NFLX,2026-03-11,0.060274,22,99.0,1.02125,96.94000244140625,2.4999987990801102,4.262089319781666,0.345235958775807,0.43244445614461285,0.04785630527534387,9.358172780327346,-28.771828381658,0.05
NFLX,2026-03-11,0.060274,22,100.0,1.031566,96.94000244140625,2.10000000690102,4.859081365603657,0.34255382575429916,0.3852760908985339,0.04689672161327845,9.099283054781482,-27.619317146620503,0.05
NFLX,2026-03-11,0.060274,22,101.0,1.041882,96.94000244140625,1.6899999985174539,5.446072195221177,0.33346410898899576,0.33599956877489423,0.04595835677045396,8.680594283992468,-25.556665474086586,0.05
NFLX,2026-03-11,0.060274,22,102.0,1.052197,96.94000244140625,1.4000013262883897,6.153064360993213,0.3328666608311445,0.2929206411034412,0.04341140797493981,8.1848370971269,-23.95041538046498,0.05
NFLX,2026-03-11,0.060274,22,103.0,1.062513,96.94000244140625,1.1600001202978767,6.910053993003785,0.33360452273659075,0.25379153628916934,0.04034339897042788,7.623252133442851,-22.268724356641698,0.05
NFLX,2026-03-11,0.060274,22,104.0,1.072829,96.94000244140625,1.0199999547976084,7.7670446655046135,0.3435506068107215,0.22495366767011665,0.03667627691883302,7.136936490733764,-21.378966018027015,0.05
NFLX,2026-03-11,0.060274,22,105.0,1.083144,96.94000244140625,0.7800001800396643,8.524035728747748,0.33493257232228196,0.18578665795027816,0.03357493781600548,6.3695458903710795,-18.55876844928896,0.05
NFLX,2026-03-11,0.060274,22,106.0,1.09346,96.94000244140625,0.6200000000650512,9.361026386774228,0.333240409965037,0.15520967033868943,0.030072094904371374,5.676193766196081,-16.412461637806274,0.05
NFLX,2026-03-11,0.060274,22,107.0,1.103776,96.94000244140625,0.5299999971508846,10.268017221861143,0.3399394467351924,0.13452914241258185,0.02677232793247941,5.154939448206053,-15.16224575509855,0.05
NFLX,2026-03-11,0.060274,22,108.0,1.114091,96.94000244140625,0.4000000128247354,11.135008075536078,0.3346756701912774,0.10801851715753064,0.02330094744012334,4.417062973599839,-12.766599435725578,0.05
NFLX,2026-03-11,0.060274,22,109.0,1.124407,96.94000244140625,0.3299999978824033,12.061998898594837,0.3383918161428837,0.0911705005575269,0.020358179485809855,3.9020664350267706,-11.378948470516907,0.05
NFLX,2026-03-11,0.060274,22,110.0,1.134722,96.94000244140625,0.2899998646125095,13.018989603326034,0.34722614498213317,0.08006407357156692,0.01800092574867892,3.5403249700809742,-10.571118032076,0.05
NFLX,2026-03-11,0.060274,22,111.0,1.145038,96.94000244140625,0.24000001289959982,13.965980589614219,0.3509092970731853,0.06758200757699226,0.015647248861439852,3.1100597558982637,-9.368805048812723,0.05
NFLX,2026-03-11,0.060274,22,112.0,1.155354,96.94000244140625,0.19999975779590784,14.922971172511609,0.35508332543697313,0.05724335604462083,0.013585059165707198,2.732295593454425,-8.315647224282868,0.05
NFLX,2026-03-11,0.060274,22,113.0,1.165669,96.94000244140625,0.22999975773202141,15.949962010448814,0.3832982578967504,0.06057695841128298,0.013156604422239657,2.856383603350885,-9.36436889040416,0.05
NFLX,2026-03-11,0.060274,22,114.0,1.175985,96.94000244140625,0.1799999518761375,16.89695304259402,0.38139308844258296,0.04924126281214231,0.011224545306761603,2.4248084948793998,-7.901351915438245,0.05
NFLX,2026-03-11,0.060274,22,115.0,1.186301,96.94000244140625,0.10999999668085092,17.82394392539983,0.3639048812759654,0.033341047848977554,0.008572709298315278,1.7670215542302332,-5.490311691569951,0.05
NFLX,2026-03-11,0.060274,22,116.0,1.196616,96.94000244140625,0.25000011703431557,18.960934883754376,0.4417797735088867,0.05786539353660697,0.01101229653263935,2.7556216901374007,-10.36667681466007,0.05
NFLX,2026-03-11,0.060274,22,117.0,1.206932,96.94000244140625,0.08999998807582177,19.79792559279697,0.3814323063262259,0.026836909985685137,0.0068316517490950275,1.4759752073767014,-4.795791893208247,0.05
NFLX,2026-03-11,0.060274,22,118.0,1.217248,96.94000244140625,0.08999999524970193,20.794916437971935,0.3958679098020208,0.02599660456422592,0.006409831533818315,1.4372515390230154,-4.841301985589737,0.05
NFLX,2026-03-11,0.060274,22,120.0,1.237879,96.94000244140625,0.07000000005738105,22.76889811878179,0.4083105923677759,0.020249204044134807,0.005035126845272552,1.1644931316027454,-4.038928152109902,0.05
NFLX,2026-03-11,0.060274,22,122.0,1.25851,96.94000244140625,0.149999786768098,24.842879581494685,0.4903195615308703,0.03401215963058022,0.0064676898161192655,1.7962396238191245,-7.463424453354472,0.05
NFLX,2026-03-11,0.060274,22,124.0,1.279142,96.94000244140625,0.13999971656474752,26.826861187293517,0.5127453389790204,0.030823963010032596,0.005702386005284836,1.6561291538169218,-7.186675677869467,0.05
NFLX,2026-03-11,0.060274,22,125.0,1.289457,96.94000244140625,0.03999983665020723,27.72385214538008,0.4395989728036634,0.01149338323004825,0.0028756878193852415,0.7160350405106699,-2.6648543001199614,0.05
NFLX,2026-03-11,0.060274,22,127.0,1.310089,96.94000244140625,0.08000027230626605,29.75783425703831,0.5084383821490275,0.018890461699769746,0.0038119244680410815,1.0977880117040666,-4.717732729819795,0.05
NFLX,2026-03-11,0.060274,22,128.0,1.320404,96.94000244140625,0.08999997155569095,30.764824794288813,0.5298409288156597,0.020257358736888987,0.003881537701740592,1.1648907085423361,-5.213698168709175,0.05
NFLX,2026-03-11,0.060274,22,129.0,1.33072,96.94000244140625,0.05000017617838659,31.721815836912597,0.5004323548748671,0.012557908538956601,0.0027277941676848755,0.7732017819152203,-3.2681714437943095,0.05
NFLX,2026-03-11,0.060274,22,130.0,1.341036,96.94000244140625,0.04999997984006899,32.718806478575374,0.5120700053083993,0.012309887563302679,0.002620143331844966,0.7599591637251525,-3.2853611853950078,0.05
NFLX,2026-03-11,0.060274,22,135.0,1.392614,96.94000244140625,0.0400000018673935,37.69376069060816,0.5530331962589737,0.009408453918332884,0.001919881424657139,0.6013973037534549,-2.802610179184789,0.05
NFLX,2026-03-11,0.060274,22,140.0,1.444192,96.94000244140625,0.040000000015714354,42.678714878761895,0.605407035288345,0.008696460915004693,0.0016369970492585357,0.5613467713277924,-2.859306267078523,0.05
NFLX,2026-03-11,0.060274,22,145.0,1.495771,96.94000244140625,0.039999998983670015,47.66366906773531,0.655304089726799,0.00811864448053158,0.001423773716538768,0.5284692459737289,-2.9101338262076144,0.05
NFLX,2026-03-11,0.060274,22,150.0,1.547349,96.94000244140625,0.030000000170705476,52.638623258927794,0.6808974621054898,0.006039441296309691,0.0010553460589236754,0.40701693271271433,-2.3267488710802677,0.05
NFLX,2026-03-11,0.060274,22,155.0,1.598927,96.94000244140625,0.029999998761268798,57.623577447523786,0.7254367289760534,0.005715388594723584,0.0009432630125087861,0.3875861185228118,-2.358628857379728,0.05
NFLX,2026-03-11,0.082192,30,50.0,0.515783,96.94000244140625,47.1750602535821,0.030000000386067427,0.908261400232904,0.9964121628888504,0.0004257374705370325,0.29866695633043183,-4.121068509232027,0.05
NFLX,2026-03-11,0.082192,30,60.0,0.61894,96.94000244140625,37.22607181560846,0.040000000054469353,0.699951593135551,0.9939898052372184,0.0008753678846608856,0.47325265438561864,-4.97169330868081,0.05
NFLX,2026-03-11,0.082192,30,65.0,0.670518,96.94000244140625,32.26657759177561,0.05999999504264508,0.6260047449227611,0.9903523102986579,0.0014846798195307476,0.7178684610507587,-5.920692354981164,0.05
NFLX,2026-03-11,0.082192,30,70.0,0.722096,96.94000244140625,27.327083377087973,0.09999999917602054,0.5628731655301124,0.983158565409115,0.002673559183816547,1.162344299034718,-7.379051042485492,0.05
NFLX,2026-03-11,0.082192,30,71.0,0.732412,96.94000244140625,26.361184528884095,0.1299999947363517,0.5646858702843837,0.9788181802535537,0.003238958882356039,1.412689764569544,-8.27910547004516,0.05
NFLX,2026-03-11,0.082192,30,72.0,0.742727,96.94000244140625,25.39528567569276,0.1599999853092271,0.5623298061596245,0.9744716606615285,0.0038058323260289468,1.6530089207429262,-9.10817843911664,0.05
NFLX,2026-03-11,0.082192,30,73.0,0.753043,96.94000244140625,24.399386808536264,0.1599999619169239,0.5403029331869161,0.9735079587962947,0.004085684610819405,1.7050479894155077,-9.102848636621303,0.05
NFLX,2026-03-11,0.082192,30,74.0,0.763359,96.94000244140625,23.40348794326397,0.15999994040883792,0.5184892247456633,0.9724790724770086,0.004395150330313223,1.760142836016648,-9.095173610645109,0.05
NFLX,2026-03-11,0.082192,30,75.0,0.773674,96.94000244140625,22.437589156617307,0.1899999975263853,0.5125442785136229,0.9676796749154832,0.005080348447455475,2.011218861328377,-9.83939959256908,0.05
NFLX,2026-03-11,0.082192,30,76.0,0.78399,96.94000244140625,21.491690302374124,0.23999998704739767,0.5130697105367833,0.9604512410457725,0.005987917606577202,2.3729393338356477,-10.987079491694859,0.05
NFLX,2026-03-11,0.082192,30,77.0,0.794306,96.94000244140625,20.495791622982836,0.24000015142031828,0.49056869499029215,0.9588013162440197,0.00647391011373867,2.4530191516417807,-10.943048140103334,0.05
NFLX,2026-03-11,0.082192,30,78.0,0.804621,96.94000244140625,19.50989262796773,0.2500000001694218,0.47213044354392464,0.955814741360268,0.007118307806644311,2.595811856247056,-11.112840505184318,0.05
NFLX,2026-03-11,0.082192,30,79.0,0.814937,96.94000244140625,18.573993549371735,0.3099997653376221,0.4708509458665127,0.9467307433253163,0.008288530307187557,3.014362094559561,-12.29427208172609,0.05
NFLX,2026-03-11,0.082192,30,80.0,0.825253,96.94000244140625,17.628095036267553,0.3600000959976484,0.4633292458156401,0.9386184766304774,0.009417187588133324,3.370120105166431,-13.167053292687568,0.05
NFLX,2026-03-11,0.082192,30,81.0,0.835568,96.94000244140625,16.642196094829487,0.3699999983237916,0.44282468117279866,0.934589724878338,0.010353096555674386,3.5410864206861876,-13.237002869407423,0.05
NFLX,2026-03-11,0.082192,30,82.0,0.845884,96.94000244140625,15.76629725282767,0.4900000000861695,0.4499370654214876,0.9183248312864278,0.012076424006993212,4.196860821829771,-15.15010542982284,0.05
NFLX,2026-03-11,0.082192,30,83.0,0.8562,96.94000244140625,14.78039840907455,0.5000000000972591,0.4278281031384002,0.9131793942698982,0.013296445383368112,4.393790100034672,-15.122530926568432,0.05
NFLX,2026-03-11,0.082192,30,84.0,0.866515,96.94000244140625,13.87449947821554,0.5899999130024582,0.42240665760180396,0.8993047944358274,0.015025219022684342,4.902143372758584,-16.261951623959803,0.05
NFLX,2026-03-11,0.082192,30,85.0,0.876831,96.94000244140625,13.0286007306688,0.7400000092199122,0.4253652320210831,0.879504729742069,0.016970667624457206,5.575648149473817,-18.039291280898308,0.05
NFLX,2026-03-11,0.082192,30,86.0,0.887147,96.94000244140625,12.14270158850772,0.8499997108230417,0.4176456130074246,0.8630818868790355,0.018887157655038195,6.092688467778992,-19.055779309065986,0.05
NFLX,2026-03-11,0.082192,30,87.0,0.897462,96.94000244140625,11.266803563899373,0.9700005299789041,0.40918001711107144,0.8451632700160471,0.02093956812701482,6.617844820231156,-20.006162923490802,0.05
NFLX,2026-03-11,0.082192,30,88.0,0.907778,96.94000244140625,10.410904190198735,1.1100000000424615,0.4012842444874476,0.8249175200400719,0.0231207414178483,7.16618982478166,-20.971544451443354,0.05
NFLX,2026-03-11,0.082192,30,89.0,0.918094,96.94000244140625,9.605005339342455,1.29999999295039,0.39745720480289887,0.800385270585275,0.025315567372263505,7.771636550088839,-22.189982621912307,0.05
NFLX,2026-03-11,0.082192,30,90.0,0.928409,96.94000244140625,8.759106598460406,1.45000009583255,0.38578752425008944,0.777589946188997,0.027788841595978962,8.280433338532024,-22.76415782163258,0.05
NFLX,2026-03-11,0.082192,30,91.0,0.938725,96.94000244140625,8.023207658886136,1.7100000000224753,0.38442893903417796,0.7473358952349931,0.02991040508694505,8.88122373325416,-23.990889913179252,0.05
NFLX,2026-03-11,0.082192,30,92.0,0.949041,96.94000244140625,7.217308737904588,1.8999999228051365,0.3721793628510718,0.7197358235733121,0.032559159912081866,9.359656744012543,-24.31880994572856,0.05
NFLX,2026-03-11,0.082192,30,93.0,0.959356,96.94000244140625,6.501412362574136,2.180002391238901,0.36667966096872195,0.6866435215069172,0.034780914962042137,9.850590528581032,-24.976158719551705,0.05
NFLX,2026-03-11,0.082192,30,94.0,0.969672,96.94000244140625,5.875511132067857,2.550000004496809,0.36676390828220345,0.6497162177390883,0.036349133364286766,10.297103920744162,-25.829752671013154,0.05
NFLX,2026-03-11,0.082192,30,95.0,0.979988,96.94000244140625,5.229614754330484,2.9000024705236456,0.3613351135764766,0.6127951949578396,0.038128071091071365,10.641171554977998,-26.0993303191771,0.05
NFLX,2026-03-11,0.082192,30,96.0,0.990303,96.94000244140625,4.613713435781172,3.2799999957385353,0.3553216020265351,0.5741424415820789,0.03969935523566153,10.895307898647811,-26.102823876791096,0.05
NFLX,2026-03-11,0.082192,30,97.0,1.000619,96.94000244140625,4.000000186431322,3.6621855901528875,0.3460687379864589,0.5337867570727999,0.04133036520865973,11.047552014120686,-25.645139799516066,0.05
NFLX,2026-03-11,0.082192,30,98.0,1.010935,96.94000244140625,3.5999999954535156,4.25808424293929,0.35253464878756996,0.4934549372373482,0.04071295115892672,11.08584584247789,-25.986323495682058,0.05
NFLX,2026-03-11,0.082192,30,99.0,1.02125,96.94000244140625,3.0499999153838857,4.703983006633877,0.3417806942430262,0.45079004404654205,0.0416796868541282,11.002881049689876,-24.909294372757508,0.05
NFLX,2026-03-11,0.082192,30,100.0,1.031566,96.94000244140625,2.5700000001356216,5.2198819351498,0.33352450438080455,0.40740252236143387,0.04187467181268394,10.787321109952686,-23.733015296938337,0.05
NFLX,2026-03-11,0.082192,30,101.0,1.041882,96.94000244140625,2.1899997103097917,5.8357804890881795,0.33064467412567533,0.3661490041333487,0.04094703542222972,10.457272826940269,-22.699210476032025,0.05
NFLX,2026-03-11,0.082192,30,102.0,1.052197,96.94000244140625,1.8499999889509766,6.491679611493566,0.32777713754229343,0.326091071423713,0.03956384950483635,10.016399603561563,-21.46053977263819,0.05
NFLX,2026-03-11,0.082192,30,103.0,1.062513,96.94000244140625,1.4800000000760498,7.117578466382838,0.31765466118030156,0.2825868106545052,0.038300094568022136,9.397006378648246,-19.454465809422448,0.05
NFLX,2026-03-11,0.082192,30,104.0,1.072829,96.94000244140625,1.250000393489067,7.883477703560075,0.3182334853327839,0.24829536682104958,0.03579961176618101,8.79951295665653,-18.176144024635768,0.05
NFLX,2026-03-11,0.082192,30,105.0,1.083144,96.94000244140625,1.0799997858313723,8.709375939666586,0.3224288609083451,0.21965880343316924,0.033013453815525354,8.221656230390082,-17.136990047726243,0.05
NFLX,2026-03-11,0.082192,30,106.0,1.09346,96.94000244140625,0.9200000148388341,9.545275012438239,0.32492296641006885,0.19257328747282715,0.03029966366034254,7.604184753834609,-15.917946206835474,0.05
NFLX,2026-03-11,0.082192,30,107.0,1.103776,96.94000244140625,0.7100005401469716,10.331174381510593,0.31691561467689217,0.15960890187563748,0.027580801015928722,6.751261898293926,-13.753904585450925,0.05
NFLX,2026-03-11,0.082192,30,108.0,1.114091,96.94000244140625,0.589999997487384,11.207072682615205,0.318083372570467,0.13695888518039379,0.024804011880621347,6.093928313868639,-12.426134794171421,0.05
NFLX,2026-03-11,0.082192,30,109.0,1.124407,96.94000244140625,0.5000000001424034,12.112971529034425,0.32135584197345085,0.11859296219358545,0.022212602066301438,5.513407322654881,-11.328061153800824,0.05
NFLX,2026-03-11,0.082192,30,110.0,1.134722,96.94000244140625,0.45000004403164695,13.058870416687867,0.32986727214043643,0.10643549151036769,0.020030237985058066,5.103402020961303,-10.734351766492297,0.05
NFLX,2026-03-11,0.082192,30,111.0,1.145038,96.94000244140625,0.3499999138833729,13.954769130303816,0.3258911425809745,0.08708638975935512,0.017495403031289675,4.403834113669808,-9.13522847659906,0.05
NFLX,2026-03-11,0.082192,30,115.0,1.186301,96.94000244140625,0.19000000015664664,17.77836459163389,0.34251457370402283,0.04959043852828545,0.010763734527106137,2.8475835533243963,-6.164176301617698,0.05
NFLX,2026-03-11,0.082192,30,120.0,1.237879,96.94000244140625,0.1400000000164483,22.70785881031472,0.38862623887657716,0.03417046807098171,0.0070146370812722465,2.1055801083511128,-5.136516638394883,0.05
NFLX,2026-03-11,0.082192,30,125.0,1.289457,96.94000244140625,0.07000000043133059,27.617353029550628,0.4042896573692175,0.01786758745370296,0.003915133191917769,1.2225696642952772,-3.089927178565917,0.05
NFLX,2026-03-11,0.082192,30,130.0,1.341036,96.94000244140625,0.039999998724310704,32.56684724666462,0.42498239217841527,0.010339353888854591,0.002323204122197378,0.7625928855732671,-2.0196535213042934,0.05
NFLX,2026-03-11,0.082192,30,135.0,1.392614,96.94000244140625,0.06999983587726577,37.57634130263861,0.5069263389795267,0.014707923693668653,0.0026429851247751165,1.0348419334949992,-3.259036832156864,0.05
NFLX,2026-03-11,0.082192,30,140.0,1.444192,96.94000244140625,0.10999994397440394,42.595835629556746,0.5894092328208306,0.01939904321543356,0.002880217285604916,1.3112232156890664,-4.790013507799477,0.05
NFLX,2026-03-11,0.082192,30,145.0,1.495771,96.94000244140625,0.01999996311194796,47.48532986751532,0.519065648120677,0.004611264829965075,0.0009325714481534579,0.37388569213952544,-1.2019507193116337,0.05
NFLX,2026-03-11,0.082192,30,155.0,1.598927,96.94000244140625,0.029999999697793878,57.4543183417432,0.6199578263770403,0.005725561436375841,0.0009466870424267803,0.45331806122401114,-1.735900116350655,0.05
NFLX,2026-03-11,0.10137,37,50.0,0.515783,96.94000244140625,47.23278588888702,0.03999994682653352,0.8460724641795837,0.9954897413092323,0.0005050915530154773,0.40709201022501523,-4.162374051676892,0.05
NFLX,2026-03-11,0.10137,37,55.0,0.567361,96.94000244140625,42.248064301450036,0.030000009324119503,0.7101765501830136,0.9958794505754753,0.0005550467987358296,0.3755007790464744,-4.029965474607178,0.05
NFLX,2026-03-11,0.10137,37,58.0,0.598308,96.94000244140625,39.28323124049073,0.049999938325555604,0.6900545586325668,0.9932601385740732,0.0008848660347826618,0.58166893034512,-4.8299664428489555,0.05
NFLX,2026-03-11,0.10137,37,60.0,0.61894,96.94000244140625,37.3133427725365,0.07000013034516428,0.6779596033921502,0.9907130365551174,0.0011939722526458987,0.771104013048297,-5.514883129465673,0.05
NFLX,2026-03-11,0.10137,37,62.0,0.639571,96.94000244140625,35.33345391317747,0.07999993095996416,0.6483885655866234,0.9890721232932486,0.0014388776296457725,0.8887387581658761,-5.8696645706632165,0.05
NFLX,2026-03-11,0.10137,37,64.0,0.660202,96.94000244140625,33.39356532202577,0.1299999997820933,0.6527236578371822,0.9832584215188422,0.0020654832092320556,1.284298380791612,-7.230993760265109,0.05
NFLX,2026-03-11,0.10137,37,65.0,0.670518,96.94000244140625,32.3786209922587,0.11000000000194632,0.6155688172478448,0.9847403357799652,0.002022882557685374,1.1862116737792678,-6.755742568895387,0.05
NFLX,2026-03-11,0.10137,37,66.0,0.680833,96.94000244140625,31.41367666454329,0.1400000022734389,0.6178340770715752,0.9811664194889489,0.002412720492165002,1.4200177844263027,-7.512427390755448,0.05
NFLX,2026-03-11,0.10137,37,68.0,0.701465,96.94000244140625,29.443788001496202,0.15999999920018126,0.5891777937578176,0.9778405244854226,0.0029039071516212757,1.6298363829900837,-8.003838100599122,0.05
NFLX,2026-03-11,0.10137,37,70.0,0.722096,96.94000244140625,27.47389932021622,0.17999997789402755,0.5591821768314198,0.9741914878059571,0.00347788705241242,1.8526087309425139,-8.45794387254297,0.05
NFLX,2026-03-11,0.10137,37,72.0,0.742727,96.94000244140625,25.544010682086252,0.23999999973788988,0.5462443439867702,0.9660948629206578,0.0044650490379069,2.3234220057336357,-9.665488238513543,0.05
NFLX,2026-03-11,0.10137,37,74.0,0.763359,96.94000244140625,23.594122023990607,0.28000000161607375,0.5199986687971316,0.9594537911761766,0.005428745721942448,2.6891600094315375,-10.368080908734814,0.05
NFLX,2026-03-11,0.10137,37,75.0,0.773674,96.94000244140625,22.649177726304373,0.330000033916761,0.5161614661656102,0.9529784317370525,0.006163633737347211,3.0306606856251914,-11.202482363970487,0.05
NFLX,2026-03-11,0.10137,37,76.0,0.78399,96.94000244140625,21.624233363152797,0.30000000075210664,0.48490224091732465,0.9541331234604981,0.006431326820977425,2.9707744704554346,-10.648814228322586,0.05
NFLX,2026-03-11,0.10137,37,78.0,0.804621,96.94000244140625,19.804343923460323,0.46999922103346137,0.49061676006765137,0.9334771539666903,0.008525017688739858,3.984305043852725,-13.176102001752332,0.05
NFLX,2026-03-11,0.10137,37,80.0,0.825253,96.94000244140625,17.96445604246354,0.6200000000105064,0.47935315390670236,0.9143408825570584,0.010578745073547955,4.830639775848201,-14.955041355867742,0.05
NFLX,2026-03-11,0.10137,37,82.0,0.845884,96.94000244140625,16.134567908207714,0.7800005257285108,0.4628551211789347,0.8932199275641557,0.012884076040582206,5.680849251070138,-16.492096695822163,0.05
NFLX,2026-03-11,0.10137,37,84.0,0.866515,96.94000244140625,14.394678669545414,1.0299999470400394,0.4541290681298977,0.8639561857325827,0.0155722753624062,6.736685738159572,-18.55777475075018,0.05
NFLX,2026-03-11,0.10137,37,85.0,0.876831,96.94000244140625,13.52973466321987,1.1600002707014028,0.44729536653511043,0.8484374178952699,0.017005774326895023,7.24612335799127,-19.422679429953643,0.05
NFLX,2026-03-11,0.10137,37,86.0,0.887147,96.94000244140625,12.704790062562296,1.3300000000307506,0.44374945343254524,0.8299748228958959,0.018478144195969264,7.811080169669038,-20.484261172102446,0.05
NFLX,2026-03-11,0.10137,37,88.0,0.907778,96.94000244140625,11.034902126705745,1.650000724148029,0.42772884834984376,0.7926900694360135,0.021665536209315547,8.827808361572602,-21.914836337271865,0.05
NFLX,2026-03-11,0.10137,37,90.0,0.928409,96.94000244140625,9.535010609227264,2.139997866643384,0.4218620661988923,0.744711809851035,0.024676422946797907,9.916709540898774,-23.767617777638492,0.05
NFLX,2026-03-11,0.10137,37,92.0,0.949041,96.94000244140625,8.085121506217178,2.6799974236071193,0.4112044090305987,0.6927560973900451,0.027688949146944263,10.846238464353856,-24.952285427465064,0.05
NFLX,2026-03-11,0.10137,37,94.0,0.969672,96.94000244140625,6.785235422700687,3.3700000000644508,0.4044978745375275,0.6341574169236832,0.030130502550360677,11.610142002059808,-25.898572055604564,0.05
NFLX,2026-03-11,0.10137,37,95.0,0.979988,96.94000244140625,6.2102908159933605,3.789999723344053,0.40372592859007195,0.6029419698525007,0.0309440491447658,11.900869598161629,-26.3107522172269,0.05
NFLX,2026-03-11,0.10137,37,96.0,0.990303,96.94000244140625,5.635348210712017,4.21000144804961,0.4003285130020363,0.5714016307140601,0.03176910011454518,12.115360710738468,-26.410726948446452,0.05
NFLX,2026-03-11,0.10137,37,98.0,1.010935,96.94000244140625,4.500000513703654,5.064542411015097,0.38707722531970595,0.5057855931489152,0.033389454002447735,12.311808417056648,-25.732644615114722,0.05
NFLX,2026-03-11,0.10137,37,100.0,1.031566,96.94000244140625,3.599999230605185,6.154429787890464,0.3825113796069147,0.4393281455369875,0.03340002305560967,12.170433247570825,-24.911520402150174,0.05
NFLX,2026-03-11,0.10137,37,102.0,1.052197,96.94000244140625,2.7799998165981634,7.324319033857265,0.3738310241874172,0.3724427390274674,0.032793360920746334,11.678207341494314,-23.199632944045018,0.05
NFLX,2026-03-11,0.10137,37,104.0,1.072829,96.94000244140625,2.0799995137183274,8.61420739095125,0.364285404419275,0.30698413661024676,0.031243567769694697,10.842197256509609,-20.86535470597979,0.05
NFLX,2026-03-11,0.10137,37,105.0,1.083144,96.94000244140625,1.890000000156551,9.419152207376385,0.37032887171460166,0.2824977023322046,0.029577497146877168,10.434314085946713,-20.334315496816277,0.05
NFLX,2026-03-11,0.10137,37,106.0,1.09346,96.94000244140625,1.640000158831306,10.164096696038058,0.3683609576708827,0.25463951968881265,0.028222854577065342,9.903516822737624,-19.14609133606951,0.05
NFLX,2026-03-11,0.10137,37,108.0,1.114091,96.94000244140625,1.1800000007103257,11.69398519789091,0.36032475065722813,0.2003980619923189,0.025203819693498535,8.651180455234803,-16.287877684342494,0.05
NFLX,2026-03-11,0.10137,37,110.0,1.134722,96.94000244140625,0.9299991662219185,13.433873023376336,0.3669004126341547,0.16350744011368545,0.021791883433758923,7.616542672566852,-14.52976544867401,0.05
NFLX,2026-03-11,0.10137,37,112.0,1.155354,96.94000244140625,0.7199999868092579,15.213762503937502,0.3714231455786277,0.13153878102007832,0.01860411626905288,6.58253112032794,-12.660894316999423,0.05
NFLX,2026-03-11,0.10137,37,114.0,1.175985,96.94000244140625,0.5300000258946884,17.01365120299677,0.3712084695451971,0.10210992612501829,0.015552751935729954,5.499713092852892,-10.538185326469383,0.05
NFLX,2026-03-11,0.10137,37,115.0,1.186301,96.94000244140625,0.46000074198427754,17.93859624907327,0.3725581162616987,0.09041217947192864,0.014170446080456534,5.02912538159273,-9.656837803684907,0.05
NFLX,2026-03-11,0.10137,37,116.0,1.196616,96.94000244140625,0.3799999247529593,18.85353976182887,0.36975851351837624,0.07739819075300276,0.012704425975285863,4.474949529936018,-8.517601753040152,0.05
NFLX,2026-03-11,0.10137,37,118.0,1.217248,96.94000244140625,0.280000500662168,20.743428997711916,0.37153558438694545,0.05938783288867685,0.010304998168364082,3.6472307980104564,-6.957673746950792,0.05
NFLX,2026-03-11,0.10137,37,120.0,1.237879,96.94000244140625,0.20999993137829964,22.663317088401882,0.37496327713300565,0.045958619562557715,0.008330351484053736,2.9755480963155128,-5.71548119337706,0.05
NFLX,2026-03-11,0.10137,37,122.0,1.25851,96.94000244140625,0.17000010614208527,24.61320592313949,0.38352954369779546,0.03750583400617591,0.006907813991437175,2.523796714783732,-4.947641721003977,0.05
NFLX,2026-03-11,0.10137,37,124.0,1.279142,96.94000244140625,0.14999999147486065,26.58309446844609,0.3971872424810069,0.032629333523966256,0.005949747190440925,2.2511721924579047,-4.560924107613257,0.05
NFLX,2026-03-11,0.10137,37,125.0,1.289457,96.94000244140625,0.1199999986453939,27.54803880560354,0.39339408774208817,0.027014808962214597,0.005135954332445106,1.9247037585149467,-3.8596162408915866,0.05
NFLX,2026-03-11,0.10137,37,126.0,1.299773,96.94000244140625,0.1299999544439321,28.552983091388995,0.4088741365132691,0.02806459757935018,0.005101081145680163,1.9868577941891425,-4.13651274821694,0.05
NFLX,2026-03-11,0.10137,37,128.0,1.320404,96.94000244140625,0.100000000043456,30.512871796962344,0.412375909145822,0.022075831434802642,0.004135705649471084,1.624642535219294,-3.406550969978481,0.05
NFLX,2026-03-11,0.10137,37,130.0,1.341036,96.94000244140625,0.0800000021371241,32.48276045902986,0.4181060537732456,0.01787668448498685,0.003410366296229457,1.3583209393549553,-2.8838862081877763,0.05
NFLX,2026-03-11,0.10137,37,132.0,1.361667,96.94000244140625,0.09000000281885479,34.482649119685405,0.4439224239769682,0.018870736521386437,0.003363566514704728,1.422400891346767,-3.2014801487991362,0.05
NFLX,2026-03-11,0.10137,37,134.0,1.382298,96.94000244140625,0.08000000954776731,36.46253778638817,0.4547225453308514,0.01663638735469183,0.0029489165526233314,1.2773910904493566,-2.9416820133820227,0.05
NFLX,2026-03-11,0.10137,37,135.0,1.392614,96.94000244140625,0.07000002780635883,37.44748213463366,0.455330695988429,0.014739333304954586,0.0026544183849209154,1.151360214065538,-2.653767513470525,0.05
NFLX,2026-03-11,0.10137,37,136.0,1.40293,96.94000244140625,0.060000086386495566,38.432426523200704,0.45475464215854106,0.012842596577945974,0.0023600146710546473,1.0223668428054193,-2.352464478138417,0.05
NFLX,2026-03-11,0.10137,37,138.0,1.423561,96.94000244140625,0.03999999611381655,40.40231509290187,0.4486365167767238,0.009002201591176033,0.001755750059957619,0.7503644050298305,-1.702092032403276,0.05
NFLX,2026-03-11,0.10137,37,140.0,1.444192,96.94000244140625,0.029999959395863862,42.38220371615773,0.4494496842318383,0.006917093885448853,0.0013900718006094567,0.5951593011044211,-1.351424026956182,0.05
NFLX,2026-03-11,0.10137,37,142.0,1.464824,96.94000244140625,0.02999994982395926,44.37209236655967,0.4646792917184027,0.006718515342126918,0.0013103587921578814,0.5800406866917698,-1.360517442365499,0.05
NFLX,2026-03-11,0.10137,37,144.0,1.485455,96.94000244140625,0.07000008178132178,46.40198115849084,0.5305188121709764,0.012929225015236705,0.0020347735391785817,1.028328286274286,-2.7500441382861456,0.05
NFLX,2026-03-11,0.10137,37,145.0,1.495771,96.94000244140625,0.05000013984339824,47.376925546539866,0.5164755784334583,0.009757675751697479,0.0016365222818332996,0.8051682214498177,-2.0959461088644535,0.05
NFLX,2026-03-11,0.10137,37,146.0,1.506086,96.94000244140625,0.05999994360486882,48.38186968028823,0.5358805584412915,0.011151118573939484,0.0017718653888378001,0.9045105533948763,-2.4418469282235926,0.05
NFLX,2026-03-11,0.10137,37,148.0,1.526718,96.94000244140625,0.010000000018175942,50.321758396675364,0.4557480796320322,0.0024886728009506365,0.0005494725757260049,0.23855349362778916,-0.5478181144337901,0.05
NFLX,2026-03-11,0.10137,37,150.0,1.547349,96.94000244140625,0.040000012780624594,52.34164706941165,0.5398414682789043,0.00766659392085415,0.0012671959659890804,0.6516658099828379,-1.7703711040883514,0.05
NFLX,2026-03-11,0.10137,37,152.0,1.56798,96.94000244140625,0.050000023650048075,54.34153574025491,0.5685326230625891,0.008982661885404971,0.0013828507455608552,0.7489375583558935,-2.141246173088666,0.05
NFLX,2026-03-11,0.10137,37,154.0,1.588611,96.94000244140625,0.06000001084946338,56.34142438742815,0.5955698455046229,0.010185810407853931,0.0014733935407040789,0.8359231920783724,-2.501985298360541,0.05
NFLX,2026-03-11,0.10137,37,155.0,1.598927,96.94000244140625,0.04000013780490086,57.31636884437049,0.5750516111177831,0.007258847551503771,0.0011336837012835969,0.6210315152790798,-1.7946794158738735,0.05
NFLX,2026-03-11,0.10137,37,156.0,1.609243,96.94000244140625,0.02999999859986957,58.30131303515239,0.5639437230611017,0.005675187535391537,0.0009297917815365167,0.4995010235688392,-1.415426829612341,0.05
NFLX,2026-03-11,0.10137,37,158.0,1.629874,96.94000244140625,0.18999999869480844,60.451201695221144,0.7271537942405945,0.02428379010457004,0.002541395076467981,1.760408152209131,-6.422148473682581,0.05
NFLX,2026-03-11,0.10137,37,160.0,1.650505,96.94000244140625,0.010000044690190474,62.26109040119037,0.5305917531351009,0.0021744216095896263,0.0004176666471630396,0.21110824911197137,-0.5625325011823998,0.05
NFLX,2026-03-11,0.10137,37,162.0,1.671137,96.94000244140625,0.03999999977197699,64.28097901624598,0.621965563979315,0.006783744071739458,0.0009873813520119758,0.5850138837323366,-1.8255882258947966,0.05
NFLX,2026-03-11,0.10137,37,164.0,1.691768,96.94000244140625,0.020000007198954395,66.2508676836468,0.5909451263074347,0.003753825674757098,0.0006136020885989107,0.34542112692940363,-1.0240272254564224,0.05
NFLX,2026-03-11,0.10137,37,166.0,1.712399,96.94000244140625,0.04999999805739175,68.27075633447905,0.6638653057601452,0.007863386777257658,0.0010536981089724969,0.6663633233703781,-2.217601057942969,0.05
NFLX,2026-03-11,0.10137,37,168.0,1.733031,96.94000244140625,0.030000104016319695,70.24064510041183,0.6403733218349534,0.005082685200207989,0.0007423575963638828,0.4528572239266804,-1.4535297564370986,0.05
NFLX,2026-03-11,0.10137,37,170.0,1.753662,96.94000244140625,0.029999999040734915,72.23053365541006,0.6524480384252092,0.00500116432829778,0.0007182030675912122,0.44638346371602766,-1.4592722060461631,0.05
NFLX,2026-03-11,0.10137,37,172.0,1.774293,96.94000244140625,0.030000000003370664,74.22042231634653,0.6643485536590396,0.004923595722565838,0.000695583689227766,0.4402103971531592,-1.464870024998485,0.05
NFLX,2026-03-11,0.10137,37,174.0,1.794925,96.94000244140625,0.01999999280647391,76.20031096912348,0.6494721746888671,0.0034568755890985775,0.0005185023135472809,0.3207939433648578,-1.0434116944489094,0.05
NFLX,2026-03-11,0.120548,44,65.0,0.670518,96.94000244140625,32.48060513659185,0.1500002139629828,0.5936353438598353,0.9808474988126075,0.0023358010332984124,1.5708020557291602,-6.997825425423708,0.05
NFLX,2026-03-11,0.120548,44,70.0,0.722096,96.94000244140625,27.660651331916725,0.3000000645784269,0.5648418181414357,0.9631959366957603,0.004235295482810122,2.7100444986482053,-9.63469710363633,0.05
NFLX,2026-03-11,0.120548,44,75.0,0.773674,96.94000244140625,22.895697464668885,0.5049998526211539,0.5219754874782293,0.9381926083688586,0.006939687847792345,4.103513903570754,-12.286791514275915,0.05
NFLX,2026-03-11,0.120548,44,80.0,0.825253,96.94000244140625,18.3207440957014,0.900000138944236,0.49017421892542057,0.8941777531177177,0.011083992719867437,6.154780398838493,-15.931381749299785,0.05
NFLX,2026-03-11,0.120548,44,85.0,0.876831,96.94000244140625,14.070789967716905,1.6199996662503082,0.46736120575952866,0.8233748993160807,0.01648346227793618,8.72703993540063,-20.20461062576729,0.05
NFLX,2026-03-11,0.120548,44,86.0,0.887147,96.94000244140625,13.10679954718961,1.6499999767811175,0.44540595520195697,0.8134333864930863,0.017899016709224225,9.031316401125906,-19.972028218504068,0.05
NFLX,2026-03-11,0.120548,44,87.0,0.897462,96.94000244140625,12.4828089007963,2.020000061445927,0.45870060431714615,0.7872062882961308,0.018812443459617783,9.77553161608235,-21.790032903536222,0.05
NFLX,2026-03-11,0.120548,44,88.0,0.907778,96.94000244140625,11.628818109327561,2.160000001035314,0.44582617213543924,0.7707764230032785,0.0201975818169266,10.200719390220984,-22.017329587635796,0.05
NFLX,2026-03-11,0.120548,44,89.0,0.918094,96.94000244140625,11.034826618551811,2.5599992413176693,0.4560816890453589,0.7443768142030363,0.020945086119649885,10.821579428061975,-23.52746160618186,0.05
NFLX,2026-03-11,0.120548,44,90.0,0.928409,96.94000244140625,10.2308366238995,2.7499999777234763,0.4445723957676678,0.7249031121033082,0.02230332223900876,11.23253852890311,-23.714472118780364,0.05
NFLX,2026-03-11,0.120548,44,91.0,0.938725,96.94000244140625,9.596848685026487,3.1100027699085615,0.446291974436594,0.7000180906447797,0.02314630148055336,11.70217389010527,-24.575008928312563,0.05
NFLX,2026-03-11,0.120548,44,92.0,0.949041,96.94000244140625,8.792855263619863,3.30000007956005,0.431651112527579,0.6787289842269729,0.024655487683434694,12.056252263576086,-24.435322233575512,0.05
NFLX,2026-03-11,0.120548,44,93.0,0.959356,96.94000244140625,8.148864453930123,3.6500000009284292,0.42858379756269704,0.6531167219897801,0.025593241593688906,12.425872975575505,-24.847050621978912,0.05
NFLX,2026-03-11,0.120548,44,94.0,0.969672,96.94000244140625,7.624870804244182,4.1199970823006,0.43291532781662284,0.6255726032313262,0.0260116243418535,12.756640032006572,-25.5569174607479,0.05
NFLX,2026-03-11,0.120548,44,95.0,0.979988,96.94000244140625,6.760882912359541,4.249999921474071,0.408787135788928,0.6009719028512325,0.02806170901480751,12.995027474059066,-24.60842381047581,0.05
NFLX,2026-03-11,0.120548,44,96.0,0.990303,96.94000244140625,6.29999975411193,4.783107494284565,0.4138298962115907,0.572054614954143,0.02817367349862462,13.20782189999139,-25.128361546375444,0.05
NFLX,2026-03-11,0.120548,44,97.0,1.000619,96.94000244140625,5.550002297426438,5.027100768657192,0.3949295229168976,0.5430040329543201,0.029838329483892066,13.349345412695516,-24.221468618544996,0.05
NFLX,2026-03-11,0.120548,44,98.0,1.010935,96.94000244140625,5.1500026842972275,5.6210918865861,0.40019192504003304,0.5137940803953993,0.029600503587383226,13.41940578816,-24.50755653923571,0.05
NFLX,2026-03-11,0.120548,44,99.0,1.02125,96.94000244140625,4.699999835933568,6.165079769280553,0.3995429976544263,0.4845364302848082,0.029644026574734427,13.417344856282424,-24.348710159957562,0.05
NFLX,2026-03-11,0.120548,44,100.0,1.031566,96.94000244140625,4.2999999435139955,6.759070607919099,0.4005083166977175,0.4559595964581891,0.029414298944172843,13.345532443489052,-24.16462495032821,0.05
NFLX,2026-03-11,0.120548,44,101.0,1.041882,96.94000244140625,4.049996910331515,7.503058305794738,0.4107471213224085,0.43088463702980173,0.02842294030636844,13.225417662046196,-24.417706168160375,0.05
NFLX,2026-03-11,0.120548,44,102.0,1.052197,96.94000244140625,3.6000000010316597,8.047052127552988,0.4038775616847271,0.40139057971379477,0.02844676605264343,13.015129433134568,-23.56814632824988,0.05
NFLX,2026-03-11,0.120548,44,103.0,1.062513,96.94000244140625,3.199999762794967,8.641042620374407,0.39866087218195445,0.3724673756208434,0.02819949824629175,12.735349215313935,-22.7037151131818,0.05
NFLX,2026-03-11,0.120548,44,104.0,1.072829,96.94000244140625,3.349998833678793,9.785032422316348,0.43514951404095054,0.3632223260424938,0.02562179481035259,12.630307275843645,-24.389246748164553,0.05
NFLX,2026-03-11,0.120548,44,105.0,1.083144,96.94000244140625,2.559999912997089,9.989024232692756,0.39454565510554473,0.3189832402525296,0.026893724983367614,12.020266300017987,-21.08889024387834,0.05
NFLX,2026-03-11,0.120548,44,106.0,1.09346,96.94000244140625,2.290000685113892,10.713015735867685,0.3935850483478394,0.2941194096775043,0.02601009942167542,11.597021675160399,-20.243042608749484,0.05
NFLX,2026-03-11,0.120548,44,107.0,1.103776,96.94000244140625,2.000000009989055,11.417005791800946,0.3887904796001665,0.2678590121971952,0.02516681146833959,11.084336000095375,-19.072878266331188,0.05
NFLX,2026-03-11,0.120548,44,108.0,1.114091,96.94000244140625,1.7200025841174238,12.130999096987438,0.38252044257795415,0.24143645976821443,0.02422457380360454,10.497277044511335,-17.739122162119752,0.05
NFLX,2026-03-11,0.120548,44,109.0,1.124407,96.94000244140625,1.7899999979733394,13.194987241901458,0.40814368014175334,0.23759498831889975,0.022505807782165196,10.405753795733041,-18.677697560513817,0.05
NFLX,2026-03-11,0.120548,44,110.0,1.134722,96.94000244140625,1.4700000000185263,13.868977975004768,0.39448126658415417,0.20888544577063872,0.021638482478152546,9.669834668885397,-16.760758112535182,0.05
NFLX,2026-03-11,0.120548,44,111.0,1.145038,96.94000244140625,1.2700002484087456,14.662968954453106,0.39036390356019196,0.18752605929278032,0.020487718584793573,9.0600191785297,-15.514724334570827,0.05
NFLX,2026-03-11,0.120548,44,115.0,1.186301,96.94000244140625,0.7300015747734729,18.098933205050272,0.3840567174154071,0.12113790595848783,0.015578502221537009,6.777771617822075,-11.347391529981747,0.05
NFLX,2026-03-11,0.120548,44,120.0,1.237879,96.94000244140625,0.3499992874349793,22.688884573002355,0.3795903688580473,0.06583342232766852,0.010022879231704076,4.309963050138618,-7.087361338821261,0.05
NFLX,2026-03-11,0.120548,44,125.0,1.289457,96.94000244140625,0.25000007343505715,27.558839014293,0.4080955021375453,0.04639950642324989,0.007072855222455182,3.2698094245474274,-5.7471029486795775,0.05
NFLX,2026-03-11,0.120548,44,130.0,1.341036,96.94000244140625,0.20999999279991366,32.48879258894843,0.4445126962822549,0.03712150637777819,0.0054197031975093705,2.729138262296994,-5.201187738779042,0.05
NFLX,2026-03-11,0.178082,65,49.0,0.505467,96.94000244140625,48.474367126109556,0.10000000003080345,0.7401818169428706,0.9910810708005346,0.0007963928324649986,0.9864891198646462,-4.430176159727538,0.05
NFLX,2026-03-11,0.178082,65,50.0,0.515783,96.94000244140625,47.44323159437081,0.05999988289057967,0.6738151251385206,0.9938228720021717,0.0006329434564268781,0.713727145117991,-3.7951737956144838,0.05
NFLX,2026-03-11,0.178082,65,51.0,0.526099,96.94000244140625,46.40209627447799,0.009999977596280019,0.5403109763650897,0.99851047202401,0.0002193611502625455,0.19834901580415207,-2.8205763729297444,0.05
NFLX,2026-03-11,0.178082,65,52.0,0.536414,96.94000244140625,45.70096062607579,0.2999997437926041,0.8091497355228052,0.9783541092822765,0.0015640285356970276,2.117873975898972,-7.268512656786852,0.05
NFLX,2026-03-11,0.178082,65,53.0,0.54673,96.94000244140625,44.51982560026294,0.11000013257827135,0.6722851498183796,0.9893188952963856,0.0010263955166037284,1.154768182908731,-4.748943124801729,0.05
NFLX,2026-03-11,0.178082,65,54.0,0.557046,96.94000244140625,43.57869025265567,0.1600001995695166,0.6909777847682773,0.9854797647013007,0.001302806496066526,1.5065048877913008,-5.520385370938741,0.05
NFLX,2026-03-11,0.178082,65,55.0,0.567361,96.94000244140625,42.52755461136823,0.09999997288060314,0.6269932446799238,0.9894997790900061,0.0010842854613612373,1.13771383976941,-4.672563939074866,0.05
NFLX,2026-03-11,0.178082,65,56.0,0.577677,96.94000244140625,41.5564191322939,0.11999990840478603,0.6254190894220409,0.9876110961649676,0.0012550038234448852,1.3135382584200144,-5.015682793579909,0.05
NFLX,2026-03-11,0.178082,65,57.0,0.587993,96.94000244140625,40.555283771523825,0.10999996223323905,0.5999670570851131,0.9880646792329006,0.0012666259702889251,1.271751732775206,-4.9036803378671365,0.05
NFLX,2026-03-11,0.178082,65,58.0,0.598308,96.94000244140625,39.65414835165699,0.19999995696492334,0.638923122447744,0.9809088569658102,0.0017807044323262867,1.904000201212939,-6.187343009566729,0.05
NFLX,2026-03-11,0.178082,65,59.0,0.608624,96.94000244140625,38.61301304067019,0.1500000605766445,0.592554192376524,0.9840797133308752,0.0016442138604242987,1.630470422425507,-5.551813536987138,0.05
NFLX,2026-03-11,0.178082,65,60.0,0.61894,96.94000244140625,37.6518771544944,0.1799995889993724,0.5920191819462314,0.9812760067221379,0.0018902996028177144,1.8728067517772187,-5.986644875970172,0.05
NFLX,2026-03-11,0.178082,65,61.0,0.629255,96.94000244140625,36.69074214878404,0.20999999788753598,0.589289356086402,0.9784563316498546,0.0021389848542411665,2.109418988316155,-6.3981656778893345,0.05
NFLX,2026-03-11,0.178082,65,62.0,0.639571,96.94000244140625,35.70960672714766,0.21999999084967214,0.5761151779684199,0.9770664245122977,0.0023064137892335676,2.223684084620748,-6.547290169734077,0.05
NFLX,2026-03-11,0.178082,65,63.0,0.649887,96.94000244140625,34.77847131925459,0.27999999755513016,0.5829689061612751,0.9719962144594161,0.002694425272154022,2.6286821706570542,-7.274962119026711,0.05
NFLX,2026-03-11,0.178082,65,64.0,0.660202,96.94000244140625,33.75733588907556,0.24999998197461792,0.5535061050191586,0.9733517421243207,0.002722807266290672,2.5221206685167084,-6.94953347598581,0.05
NFLX,2026-03-11,0.178082,65,65.0,0.670518,96.94000244140625,32.81620049220234,0.29999999969992075,0.5543790797616561,0.968808473290229,0.0030986049207242655,2.8747467011646717,-7.529622396151357,0.05
NFLX,2026-03-11,0.178082,65,66.0,0.680833,96.94000244140625,31.89506508548373,0.37000000757983287,0.5590508210020505,0.9628886777044593,0.003544709577009506,3.3163357533305184,-8.277830456026575,0.05
NFLX,2026-03-11,0.178082,65,67.0,0.691149,96.94000244140625,30.853929576886763,0.319999913581384,0.5257403752537722,0.9653199384220774,0.0035657626617792595,3.1372585290068016,-7.767170679389522,0.05
NFLX,2026-03-11,0.178082,65,68.0,0.701465,96.94000244140625,29.982794251212738,0.4400000025058688,0.5423591993911704,0.9556780431671293,0.004220238656746862,3.8304567852849467,-8.965966252483522,0.05
NFLX,2026-03-11,0.178082,65,69.0,0.71178,96.94000244140625,29.061658829732153,0.509999995623815,0.5414048161044577,0.9496319484209881,0.0046839519387624085,4.243860402486881,-9.600867522164183,0.05
NFLX,2026-03-11,0.178082,65,70.0,0.722096,96.94000244140625,28.07052338295663,0.509999963446802,0.5230889362065827,0.9479950832303248,0.0049729097718279915,4.353240477927916,-9.584891920280253,0.05
NFLX,2026-03-11,0.178082,65,71.0,0.732412,96.94000244140625,27.20938779361505,0.6399997887037472,0.5324136341782788,0.9379771056795021,0.005612938272299031,5.001105076285349,-10.661826009346724,0.05
NFLX,2026-03-11,0.178082,65,72.0,0.742727,96.94000244140625,26.23825210159403,0.6599995112812422,0.5176402431688953,0.9346765714308553,0.006010774324888367,5.206969095263654,-10.786141106553442,0.05
NFLX,2026-03-11,0.178082,65,73.0,0.753043,96.94000244140625,25.25711618337931,0.669999007665055,0.5009410643357394,0.9318262588696986,0.006419847777092339,5.381928323239848,-10.823325791968381,0.05
NFLX,2026-03-11,0.178082,65,74.0,0.763359,96.94000244140625,24.335982138793952,0.7400003776782142,0.4948718198357155,0.9250765202438099,0.0069868652316445075,5.786309172454601,-11.306821460077321,0.05
NFLX,2026-03-11,0.178082,65,75.0,0.773674,96.94000244140625,23.50484632555434,0.8999999790371191,0.5020080057511069,0.9129630136008318,0.00771268782258482,6.4795215889505835,-12.38267163399865,0.05
NFLX,2026-03-11,0.178082,65,76.0,0.78399,96.94000244140625,22.593712320088088,0.9800013881693843,0.49467907141122675,0.9053751743824721,0.008327813672574414,6.8941556036926785,-12.834006346690776,0.05
NFLX,2026-03-11,0.178082,65,77.0,0.794306,96.94000244140625,21.70257559231834,1.0800000749981535,0.48921889799026935,0.8964929705739715,0.008991967303240655,7.361808038346902,-13.372176602373084,0.05
NFLX,2026-03-11,0.178082,65,78.0,0.804621,96.94000244140625,20.81144010281548,1.1800000000938269,0.48267748821359563,0.8873952179029325,0.009683801615123985,7.82221002824039,-13.861368965738187,0.05
NFLX,2026-03-11,0.178082,65,79.0,0.814937,96.94000244140625,19.920304352213776,1.2799996640906386,0.4751709873664517,0.8780366739172425,0.010409114043737153,8.2773291915121,-14.302894339672282,0.05
NFLX,2026-03-11,0.178082,65,80.0,0.825253,96.94000244140625,19.029169269206918,1.3799999956822973,0.4667902070324011,0.8683709612426016,0.011173932976026707,8.728795987031035,-14.697524286795474,0.05
NFLX,2026-03-11,0.178082,65,81.0,0.835568,96.94000244140625,18.22803388073369,1.5700000218075871,0.4673163433660388,0.8542172399242445,0.011965639721537556,9.357793061715904,-15.50716719511735,0.05
NFLX,2026-03-11,0.178082,65,82.0,0.845884,96.94000244140625,17.336898444444927,1.670000000117355,0.45694237008551636,0.8438909349222492,0.012807653363018324,9.79394227039989,-15.78866781646605,0.05
NFLX,2026-03-11,0.178082,65,83.0,0.8562,96.94000244140625,16.48576254645822,1.8099995167291638,0.44979887397454743,0.8314045994189003,0.013679424322882253,10.29704782614542,-16.209639212732853,0.05
NFLX,2026-03-11,0.178082,65,84.0,0.866515,96.94000244140625,15.694627612833486,2.0099999977029483,0.4472149197752727,0.8161323037375846,0.014534776921059972,10.878053722953247,-16.830001932914538,0.05
NFLX,2026-03-11,0.178082,65,85.0,0.876831,96.94000244140625,14.873492492867221,2.180000292335208,0.44058038367830427,0.8017292474776064,0.015452140213214933,11.393058882063158,-17.235682232194463,0.05
NFLX,2026-03-11,0.178082,65,86.0,0.887147,96.94000244140625,14.122356789710466,2.4200000037769627,0.43875122844841935,0.7844776571327126,0.016302178312625336,11.969900198586213,-17.841707552976306,0.05
NFLX,2026-03-11,0.178082,65,87.0,0.897462,96.94000244140625,13.311221371372326,2.6000000000373547,0.43063100079893935,0.7688841392235175,0.01728329873357164,12.455422750946942,-18.120814871830074,0.05
NFLX,2026-03-11,0.178082,65,88.0,0.907778,96.94000244140625,12.600085506419312,2.87999954968285,0.4292309995350833,0.7498087525514697,0.01810479879122377,13.005029064074348,-18.67731109226183,0.05
NFLX,2026-03-11,0.178082,65,89.0,0.918094,96.94000244140625,11.978950536312446,3.249999994174516,0.4329655070944349,0.7283401350194517,0.018725120423566135,13.567644734581076,-19.424606401482663,0.05
NFLX,2026-03-11,0.178082,65,90.0,0.928409,96.94000244140625,11.237812051806685,3.499996924267265,0.42629742858430614,0.7096498996152729,0.019639552177815604,14.011055022802603,-19.647782591399018,0.05
NFLX,2026-03-11,0.178082,65,91.0,0.938725,96.94000244140625,10.596679779177478,3.850000066236589,0.4253946104567106,0.688498752209239,0.020315467515738525,14.462565845982057,-20.08107809284044,0.05
NFLX,2026-03-11,0.178082,65,92.0,0.949041,96.94000244140625,9.825544300808232,4.070000002465861,0.4142385733926104,0.6691427454633924,0.021393110609586236,14.83033696440761,-20.000547245286082,0.05
NFLX,2026-03-11,0.178082,65,93.0,0.959356,96.94000244140625,9.314408883756933,4.550000000013071,0.4191840354740445,0.6455541030965127,0.021698249093721683,15.221448045662752,-20.57800826772309,0.05
NFLX,2026-03-11,0.178082,65,94.0,0.969672,96.94000244140625,8.623273092773552,4.8499996236282215,0.41080381171394276,0.6238825082160258,0.022585041069271186,15.526797682329523,-20.50156955529152,0.05
NFLX,2026-03-11,0.178082,65,95.0,0.979988,96.94000244140625,8.032138053631257,5.2499999990844515,0.40754550560612096,0.6007571342914564,0.02316149717506093,15.796805904890967,-20.58595373946181,0.05
NFLX,2026-03-11,0.178082,65,96.0,0.990303,96.94000244140625,7.5909993343004345,5.799996694352146,0.4122476475692401,0.5769814206535799,0.02321406092207317,16.01532848551214,-20.954254011304975,0.05
NFLX,2026-03-11,0.178082,65,97.0,1.000619,96.94000244140625,6.900000000200556,6.100132774850778,0.39992942893224914,0.5530921750575716,0.024168220495028328,16.175383360305194,-20.498832593603833,0.05
NFLX,2026-03-11,0.178082,65,98.0,1.010935,96.94000244140625,6.349998619088979,6.541266808337724,0.39499011128584466,0.5285068957572667,0.024626343223054525,16.278436731835107,-20.297133524507583,0.05
NFLX,2026-03-11,0.178082,65,99.0,1.02125,96.94000244140625,5.899996799192174,7.082400403039429,0.3947457426461611,0.5041939972863128,0.02470332083665307,16.319217794329415,-20.235818817848575,0.05
NFLX,2026-03-11,0.178082,65,100.0,1.031566,96.94000244140625,5.409998950180118,7.583537968625919,0.3905949303827386,0.4792204825981341,0.02493334440662109,16.29797634168189,-19.925789721788494,0.05
NFLX,2026-03-11,0.178082,65,101.0,1.041882,96.94000244140625,4.799999950279215,7.964674383323526,0.3775668246394039,0.4514689079502217,0.025637374148071306,16.199212921645376,-19.12091728009621,0.05
NFLX,2026-03-11,0.178082,65,102.0,1.052197,96.94000244140625,4.5899978893224045,8.745807736965233,0.3877844210557197,0.4306622553160305,0.024767374165030533,16.072997147764557,-19.35786727235469,0.05
NFLX,2026-03-11,0.178082,65,103.0,1.062513,96.94000244140625,4.120000000350707,9.266945262592046,0.380423612145413,0.40439919741126973,0.024895152456853236,15.849253069399659,-18.68290747766729,0.05
NFLX,2026-03-11,0.178082,65,104.0,1.072829,96.94000244140625,3.7000000331515324,9.838080709991402,0.3746263341221879,0.378545782714239,0.024815581972234862,15.557840404067885,-18.014099929239954,0.05
NFLX,2026-03-11,0.178082,65,105.0,1.083144,96.94000244140625,3.5899991702077756,10.71921526164617,0.38748566026135156,0.3623353880843528,0.023653836671738072,15.338531186484557,-18.264149117499635,0.05
NFLX,2026-03-11,0.178082,65,106.0,1.09346,96.94000244140625,3.0999999956153204,11.220351501652232,0.37412489361187234,0.33338742719303294,0.023758638567947497,14.875264679963134,-17.08631726807036,0.05
NFLX,2026-03-11,0.178082,65,107.0,1.103776,96.94000244140625,2.9099998603142225,12.021486780949658,0.37935471918250224,0.3152210103556239,0.022897602196092166,14.536573279600038,-16.865445137586867,0.05
NFLX,2026-03-11,0.178082,65,108.0,1.114091,96.94000244140625,2.520000000024588,12.62262233525854,0.36932174606189794,0.28837001308782106,0.02259659687211697,13.966077984368551,-15.75373988856473,0.05
NFLX,2026-03-11,0.178082,65,109.0,1.124407,96.94000244140625,2.3400000035385204,13.433757753370998,0.3727658239306387,0.2708846315741792,0.02171816860652603,13.548332098219834,-15.375821225051439,0.05
NFLX,2026-03-11,0.178082,65,110.0,1.134722,96.94000244140625,2.200000132701902,14.284893297132896,0.3781838089427012,0.25579873027083144,0.02078965031756379,13.157599441704217,-15.100908330160841,0.05
NFLX,2026-03-11,0.178082,65,111.0,1.145038,96.94000244140625,1.899999990246144,14.976028569275655,0.3700299120960582,0.23200807091574038,0.020157090543808046,12.482202502610416,-13.997679514724027,0.05
NFLX,2026-03-11,0.178082,65,112.0,1.155354,96.94000244140625,1.7599992972477594,15.827163290875788,0.37319763104383497,0.21720975185036057,0.01925242983610818,12.02405550760423,-13.563911085077164,0.05
NFLX,2026-03-11,0.178082,65,114.0,1.175985,96.94000244140625,1.430000720120944,17.47943554294602,0.37200015918255647,0.18474694084144977,0.01752551082754631,10.910392034890355,-12.219458135027713,0.05
NFLX,2026-03-11,0.178082,65,115.0,1.186301,96.94000244140625,1.31999995962296,18.360570197046556,0.3747263656923619,0.17233547981904185,0.016652304400386828,10.442756153154304,-11.756304419087392,0.05
NFLX,2026-03-11,0.178082,65,116.0,1.196616,96.94000244140625,1.2200012468504156,19.251706898872527,0.37754343335519774,0.1608222935498193,0.015806567068511693,9.986907426285242,-11.304885084793483,0.05
NFLX,2026-03-11,0.178082,65,118.0,1.217248,96.94000244140625,0.9499999765931566,20.963976457812322,0.3726497933064297,0.13245069804119913,0.01405693461338272,8.76633482402298,-9.766581581382018,0.05
NFLX,2026-03-11,0.178082,65,120.0,1.237879,96.94000244140625,0.7600000053420821,22.756247315758273,0.37180787387662284,0.11031026333807076,0.01238755503693464,7.707805100844208,-8.543022004075825,0.05
NFLX,2026-03-11,0.178082,65,122.0,1.25851,96.94000244140625,0.6900000794149648,24.668518219028215,0.38336718039003964,0.09934127906594531,0.0111364717609947,7.144783866459481,-8.137488807511575,0.05
NFLX,2026-03-11,0.178082,65,124.0,1.279142,96.94000244140625,0.5599999941185283,26.520788962928805,0.383884918251385,0.08321954690700928,0.009752545984580393,6.2653538219057054,-7.128356050499217,0.05
NFLX,2026-03-11,0.178082,65,125.0,1.289457,96.94000244140625,0.5199999720386668,27.471924355447456,0.3868783806648802,0.07766276831175276,0.00918477140256989,5.946608645873056,-6.8098485875588946,0.05
NFLX,2026-03-11,0.178082,65,126.0,1.299773,96.94000244140625,0.6600000981621941,28.603059896169526,0.4186941198457604,0.0892844515889854,0.009424823659037537,6.603841478348772,-8.163001760635224,0.05
NFLX,2026-03-11,0.178082,65,128.0,1.320404,96.94000244140625,0.3999998015596704,30.325330428764033,0.3920846156904981,0.061384198309784345,0.007560488672637228,4.9608513529271505,-5.738697119828093,0.05
NFLX,2026-03-11,0.178082,65,130.0,1.341036,96.94000244140625,0.36999998448382954,32.277601440885235,0.40299588285226895,0.05613211597540525,0.006857076590266402,4.624514595287273,-5.486157180400773,0.05
NFLX,2026-03-11,0.178082,65,132.0,1.361667,96.94000244140625,0.29000025256252027,34.179872538160964,0.40067784758582015,0.04565179882532295,0.005850095715066535,3.922697771212103,-4.619731234082638,0.05
NFLX,2026-03-11,0.178082,65,134.0,1.382298,96.94000244140625,0.34000000105628114,36.21214311585176,0.4289403706139889,0.04958959322298206,0.005839062873445444,4.191472481109398,-5.271287627466792,0.05
NFLX,2026-03-11,0.178082,65,135.0,1.392614,96.94000244140625,0.2099999846911329,37.07327851408513,0.4010017259261791,0.0343900370202549,0.004642814887236974,3.115689387441797,-3.66411036026312,0.05
NFLX,2026-03-11,0.178082,65,136.0,1.40293,96.94000244140625,0.26999996730314013,38.12441391129565,0.4264198429881882,0.04075521244313406,0.005015575249634859,3.579189571306423,-4.469245683497313,0.05
NFLX,2026-03-11,0.178082,65,138.0,1.423561,96.94000244140625,0.16999986259465683,40.006684635784225,0.40872838782619764,0.028088773206167556,0.0038527660338300886,2.6353237961412885,-3.1519005325512754,0.05
NFLX,2026-03-11,0.178082,65,140.0,1.444192,96.94000244140625,0.16000000000896053,41.97895560239557,0.4186631400945095,0.02609038535226925,0.0035366728540429803,2.47791360548908,-3.031191240981421,0.05
NFLX,2026-03-11,0.178082,65,142.0,1.464824,96.94000244140625,0.12000000054787985,43.92122643213152,0.4141333838763336,0.020379972447458188,0.0029039243026095355,2.012575016293258,-2.432921676281767,0.05
NFLX,2026-03-11,0.178082,65,144.0,1.485455,96.94000244140625,0.16000000018057836,45.94349726096125,0.4454351850109987,0.02477377787932533,0.0031830210767714775,2.3727423303511,-3.0795366997787443,0.05
NFLX,2026-03-11,0.178082,65,145.0,1.495771,96.94000244140625,0.14000000091223042,46.91463267629142,0.4430802518383618,0.022094402133391495,0.0029061159375031514,2.154873969125175,-2.7808259300671483,0.05
NFLX,2026-03-11,0.178082,65,146.0,1.506086,96.94000244140625,0.23000014947206004,47.9957682394498,0.4851299028849004,0.031835891786904935,0.0036012697360138417,2.9237500422059415,-4.125235329463809,0.05
NFLX,2026-03-11,0.178082,65,148.0,1.526718,96.94000244140625,0.1700000001698747,49.91803891934465,0.4754755110652152,0.024762196307466833,0.002980749874202141,2.3718118417722134,-3.2778649329801266,0.05
NFLX,2026-03-11,0.178082,65,150.0,1.547349,96.94000244140625,0.10000003230333832,51.83030978067515,0.4526875703734577,0.016054873194003873,0.0021678126206903787,1.6422786812371826,-2.1601663424172703,0.05
NFLX,2026-03-11,0.178082,65,152.0,1.56798,96.94000244140625,0.14000000054175232,53.85258057811059,0.48648511623051194,0.020431910167215288,0.002477380827591403,2.0169209399060373,-2.8469468289356024,0.05
NFLX,2026-03-11,0.178082,65,154.0,1.588611,96.94000244140625,0.1500000064845881,55.84485141325047,0.5033169689326197,0.021123220098695106,0.002462957573198532,2.0745554534737156,-3.026561337723701,0.05
NFLX,2026-03-11,0.178082,65,155.0,1.598927,96.94000244140625,0.08000007060427916,56.76598689196871,0.4678854419525135,0.012768164065589477,0.001721919249575312,1.348276169288018,-1.8290885110973794,0.05
NFLX,2026-03-11,0.178082,65,156.0,1.609243,96.94000244140625,0.0999999983325841,57.77712223429552,0.48723636229568007,0.015088038629425905,0.0019095523672101925,1.5570329736224513,-2.1981680708959503,0.05
NFLX,2026-03-11,0.178082,65,158.0,1.629874,96.94000244140625,0.1699999710596929,59.82939303621967,0.5362171271079001,0.02241065240183783,0.0024303137880618245,2.180868989457856,-3.3834940210353017,0.05
NFLX,2026-03-11,0.178082,65,160.0,1.650505,96.94000244140625,0.11999996608932362,61.76166386044633,0.5217571250710181,0.016782997034756646,0.001953641066352205,1.705845558481915,-2.5742974377499483,0.05
NFLX,2026-03-11,0.178082,65,162.0,1.671137,96.94000244140625,0.300000112121638,63.92393483567568,0.6096087942883348,0.03341157576173305,0.0029823945192672743,3.0425859886026694,-5.354617592737207,0.05
NFLX,2026-03-11,0.178082,65,164.0,1.691768,96.94000244140625,0.1300000217025199,65.73620557445362,0.5493604744946774,0.01727397097532582,0.0019017800521634056,1.7484138661330848,-2.774041991847532,0.05
NFLX,2026-03-11,0.178082,65,165.0,1.702084,96.94000244140625,0.11000000346133931,66.70734097081096,0.5425522570880432,0.01501924141878463,0.001708141838650329,1.5509294748233255,-2.4298598402761518,0.05
NFLX,2026-03-11,0.178082,65,166.0,1.712399,96.94000244140625,0.049999968649204196,67.63847635059734,0.49777414445499624,0.007905225351642375,0.0010652096864197053,0.887348023831967,-1.2759712431952361,0.05
NFLX,2026-03-11,0.178082,65,168.0,1.733031,96.94000244140625,0.05999997210978936,69.63074718325497,0.518125395623149,0.009019253596245263,0.0011489112374211403,0.9962031292759717,-1.4899295652469031,0.05
NFLX,2026-03-11,0.178082,65,170.0,1.753662,96.94000244140625,0.11000000007614608,71.66301804041835,0.5683469424594761,0.014446384756261891,0.0015769729589505384,1.4999069557433478,-2.4579881615864063,0.05
NFLX,2026-03-11,0.178082,65,172.0,1.774293,96.94000244140625,0.1300000000486461,73.66528886958788,0.5911351828639414,0.0162514129114957,0.0016774946194703653,1.659489423749185,-2.8265678553525895,0.05
NFLX,2026-03-11,0.178082,65,174.0,1.794925,96.94000244140625,0.049999965191753426,75.56755966392807,0.5355407707809451,0.007425999372203134,0.0009370559969575867,0.8398169360968147,-1.2962708707143265,0.05
NFLX,2026-03-11,0.271233,99,49.0,0.505467,96.94000244140625,48.700037294552416,0.10000000000293596,0.6034499753610512,0.9911351824641139,0.0007873134461362214,1.2109809890394265,-3.716150452934163,0.05
NFLX,2026-03-11,0.271233,99,50.0,0.515783,96.94000244140625,47.86350751330228,0.2500001197090569,0.6746554577153198,0.9820729666994684,0.0012951808971719172,2.227208375420087,-5.136873698508396,0.05
NFLX,2026-03-11,0.271233,99,51.0,0.526099,96.94000244140625,46.886977489551015,0.25999999691405407,0.6613136235685331,0.9810715825750372,0.001383918239803529,2.3327397277219015,-5.254720787823603,0.05
NFLX,2026-03-11,0.271233,99,52.0,0.536414,96.94000244140625,46.140447085304444,0.49999949362374707,0.7256508816219505,0.9694619823233626,0.0018848321301747162,3.4861718078204778,-7.0553763092074275,0.05
NFLX,2026-03-11,0.271233,99,53.0,0.54673,96.94000244140625,45.16391769074244,0.5100000000179961,0.709528448711232,0.9682349277540314,0.0019915167585175544,3.6016554286506874,-7.145692974011037,0.05
NFLX,2026-03-11,0.271233,99,54.0,0.557046,96.94000244140625,43.86738778830124,0.19999999853305894,0.5839531233885314,0.9830211759879363,0.0014285075966427513,2.126223543428047,-4.860169880245508,0.05
NFLX,2026-03-11,0.271233,99,55.0,0.567361,96.94000244140625,42.88085787895881,0.19999999014689251,0.5680147607521474,0.9825549804848152,0.0015029755938047633,2.1760052196645265,-4.896891750487384,0.05
NFLX,2026-03-11,0.271233,99,56.0,0.577677,96.94000244140625,41.91432795952692,0.21999997167126395,0.5610635100421653,0.9807954606134894,0.0016514067063681664,2.3616441059530957,-5.10080942549526,0.05
NFLX,2026-03-11,0.271233,99,57.0,0.587993,96.94000244140625,40.94779803770257,0.23999995080317404,0.5535077478181576,0.9789921001709352,0.0018063513082758444,2.5484393664060745,-5.298098265356105,0.05
NFLX,2026-03-11,0.271233,99,58.0,0.598308,96.94000244140625,39.9812681382132,0.2599999522700642,0.5454441801796978,0.9771400052680169,0.0019686093969723995,2.7368957102199745,-5.489057047538896,0.05
NFLX,2026-03-11,0.271233,99,59.0,0.608624,96.94000244140625,39.06473828390488,0.32999999891800513,0.5532122706411415,0.972228173083722,0.0022848078768813824,3.221735441022297,-6.044712786884073,0.05
NFLX,2026-03-11,0.271233,99,60.0,0.61894,96.94000244140625,38.03820837221217,0.28999998818155603,0.5248481428461969,0.9738957133071865,0.0022869596486315073,3.0594302013200974,-5.778631589620569,0.05
NFLX,2026-03-11,0.271233,99,61.0,0.629255,96.94000244140625,36.7916785161091,0.030000033034745854,0.36749742429599147,0.9951564746103151,0.0007575794862038392,0.7096282375803149,-3.4646825097978926,0.05
NFLX,2026-03-11,0.271233,99,62.0,0.639571,96.94000244140625,36.145148555351156,0.3699999732330639,0.5177643234819596,0.9673103982136992,0.002794511115825222,3.6879612257610583,-6.40132438952288,0.05
NFLX,2026-03-11,0.271233,99,63.0,0.649887,96.94000244140625,35.3086190489574,0.5200003677955607,0.5384292236323515,0.9577751115774754,0.0033123433547858393,4.545821259135968,-7.388900580459447,0.05
NFLX,2026-03-11,0.271233,99,64.0,0.660202,96.94000244140625,34.24208878022794,0.4400000000223656,0.5044682285354937,0.9610804311717791,0.003308972017198758,4.254762244746849,-6.902985942052188,0.05
NFLX,2026-03-11,0.271233,99,65.0,0.670518,96.94000244140625,33.33555883985173,0.5199999606024193,0.506638902727811,0.9552628408822593,0.0036883051938640075,4.7629252685611325,-7.41174166750936,0.05
NFLX,2026-03-11,0.271233,99,66.0,0.680833,96.94000244140625,32.3890286774059,0.5599996991128506,0.4990932542526075,0.9516588052769301,0.003984286151179917,5.068513465759148,-7.656502654632066,0.05
NFLX,2026-03-11,0.271233,99,67.0,0.691149,96.94000244140625,31.47249807492637,0.629998997589567,0.4965877030065754,0.9463100162376592,0.004353266450283645,5.510101431464049,-8.05723452619191,0.05
NFLX,2026-03-11,0.271233,99,68.0,0.701465,96.94000244140625,30.625967879615303,0.7699987032347764,0.5044631604604798,0.9373159090869685,0.004839945266057729,6.223264927765054,-8.799164261341687,0.05
NFLX,2026-03-11,0.271233,99,69.0,0.71178,96.94000244140625,29.579439274948264,0.7099999995240012,0.4787765979652492,0.9385320429461278,0.005022250953619956,6.128860086863178,-8.479383343558027,0.05
NFLX,2026-03-11,0.271233,99,70.0,0.722096,96.94000244140625,28.72290937448767,0.840000000019657,0.48297358944329893,0.9297772605197927,0.005519961151717788,6.795286732194521,-9.120533354218864,0.05
NFLX,2026-03-11,0.271233,99,71.0,0.732412,96.94000244140625,27.76637947364224,0.8700000001305028,0.4712557878123664,0.9260256354979,0.005887494930681959,7.071892105331933,-9.2436858854201,0.05
NFLX,2026-03-11,0.271233,99,72.0,0.742727,96.94000244140625,26.949849557680686,1.0399999851252062,0.4778550800068634,0.9152865657686029,0.006433749196262424,7.836257835207456,-9.991817776716996,0.05
NFLX,2026-03-11,0.271233,99,73.0,0.753043,96.94000244140625,25.953319658663062,1.0299999870638317,0.4602848142214391,0.9130269988277053,0.006812245070277851,7.992180669919697,-9.909179926840904,0.05
NFLX,2026-03-11,0.271233,99,74.0,0.763359,96.94000244140625,25.196789779223955,1.2600000085810024,0.47105166708709023,0.899487963805146,0.007407117720365281,8.893366185513583,-10.822558393581291,0.05
NFLX,2026-03-11,0.271233,99,75.0,0.773674,96.94000244140625,24.200259872588212,1.2500000029015155,0.45330104336415394,0.8966021328466982,0.007857378652622466,9.078472535542973,-10.722068115685488,0.05
NFLX,2026-03-11,0.271233,99,76.0,0.78399,96.94000244140625,23.473729920413554,1.509999951683099,0.4637513337714816,0.881895986585755,0.008448411535071974,9.986392131662045,-11.638181513045645,0.05
NFLX,2026-03-11,0.271233,99,77.0,0.794306,96.94000244140625,22.517200060380688,1.5399999926064964,0.4496611392506939,0.8766418753275357,0.008984247155550155,10.297111846853536,-11.65871332965251,0.05
NFLX,2026-03-11,0.271233,99,78.0,0.804621,96.94000244140625,21.77067018227168,1.7800000154537656,0.45487799226328823,0.8628713818149174,0.009556052463672778,11.07954265109163,-12.384418539724155,0.05
NFLX,2026-03-11,0.271233,99,79.0,0.814937,96.94000244140625,21.024142848057885,2.020002582196227,0.45821675114987775,0.8493606961025515,0.010107352759662952,11.804749290396344,-13.037027395763895,0.05
NFLX,2026-03-11,0.271233,99,80.0,0.825253,96.94000244140625,20.05760965441361,2.039999289508202,0.4420903994760871,0.8433248552231049,0.010752124444714465,12.11584611937906,-12.958701186324413,0.05
NFLX,2026-03-11,0.271233,99,81.0,0.835568,96.94000244140625,19.251080452233843,2.2199999882847123,0.4386901261715249,0.8314425151558728,0.011363303656895436,12.706058622202592,-13.342792383897056,0.05
NFLX,2026-03-11,0.271233,99,82.0,0.845884,96.94000244140625,18.364552816316916,2.3200022533240343,0.42833259510543537,0.8218996143850639,0.01205339957659497,13.159490082930272,-13.456292951964892,0.05
NFLX,2026-03-11,0.271233,99,83.0,0.8562,96.94000244140625,17.558020775600262,2.5000001135636296,0.4234427334888891,0.8094188617477367,0.012717452704231798,13.725974840596388,-13.759695574837366,0.05
NFLX,2026-03-11,0.271233,99,84.0,0.866515,96.94000244140625,16.84149076272236,2.7700000016420034,0.4240373170643345,0.7940651327177557,0.013307775944423944,14.38328020271137,-14.249952968825768,0.05
NFLX,2026-03-11,0.271233,99,85.0,0.876831,96.94000244140625,16.054960860146423,2.970000000022324,0.4187224857997801,0.7805255193666543,0.013987246168459923,14.928180742763637,-14.503334024508591,0.05
NFLX,2026-03-11,0.271233,99,86.0,0.887147,96.94000244140625,15.29843019605525,3.1999992368874075,0.41457071485967434,0.7658892864180753,0.014651457643229953,15.482027591676465,-14.779234181462328,0.05
NFLX,2026-03-11,0.271233,99,87.0,0.897462,96.94000244140625,14.611901031085125,3.499999972873553,0.41392003668107946,0.7493825256638917,0.015226470086553985,16.06438360780145,-15.159339626932349,0.05
NFLX,2026-03-11,0.271233,99,88.0,0.907778,96.94000244140625,13.865371156291559,3.739999999036243,0.408559274870292,0.7339653800456565,0.015911028642060548,16.569206645977854,-15.34339614374447,0.05
NFLX,2026-03-11,0.271233,99,89.0,0.918094,96.94000244140625,13.238840393140364,4.099999136841305,0.40942156109231753,0.715996754678464,0.016397164969086123,17.111491218198076,-15.723251449882712,0.05
NFLX,2026-03-11,0.271233,99,90.0,0.928409,96.94000244140625,12.652311374963254,4.500000019620458,0.41139980236640034,0.6974648571009516,0.016803629685052675,17.620391906011136,-16.111099698604843,0.05
NFLX,2026-03-11,0.271233,99,91.0,0.938725,96.94000244140625,12.065781454827658,4.900000000441125,0.4121951579301363,0.6790578127249718,0.017205490103806172,18.07666529410619,-16.42374349913807,0.05
NFLX,2026-03-11,0.271233,99,92.0,0.949041,96.94000244140625,11.379254737805702,5.200003184375419,0.40648470540343745,0.6616528772267293,0.017821164122543406,18.464122034763538,-16.47375000206555,0.05
NFLX,2026-03-11,0.271233,99,93.0,0.959356,96.94000244140625,10.642721324626095,5.4499996721520745,0.397298305113797,0.644134240534547,0.018576629643529703,18.811872124533277,-16.36767253763049,0.05
NFLX,2026-03-11,0.271233,99,94.0,0.969672,96.94000244140625,10.186191732929736,5.979999981411979,0.40201683075274164,0.6242090785990507,0.01869528333482267,19.15687519172438,-16.713231801962646,0.05
NFLX,2026-03-11,0.271233,99,95.0,0.979988,96.94000244140625,9.349661850929841,6.130000000368341,0.3860102118714142,0.6058555866607279,0.01974597400580292,19.42789456080815,-16.293687287258386,0.05
NFLX,2026-03-11,0.271233,99,96.0,0.990303,96.94000244140625,9.033127898223803,6.799995948618559,0.39582046103985546,0.5855558199183796,0.01950268687148502,19.676192873977637,-16.743641337902762,0.05
NFLX,2026-03-11,0.271233,99,97.0,1.000619,96.94000244140625,8.130000001883715,6.8833979532347485,0.3748916020658431,0.5651001621029593,0.020796773843115655,19.87238826388602,-16.06611069444819,0.05
NFLX,2026-03-11,0.271233,99,98.0,1.010935,96.94000244140625,7.500000000316746,7.239927852624035,0.36692870889157186,0.5436391537261346,0.021406490827636574,20.020529278327583,-15.8020849039987,0.05
NFLX,2026-03-11,0.271233,99,99.0,1.02125,96.94000244140625,7.05000000192657,7.776457755190123,0.3669689082828628,0.5225258737097297,0.021498767488390774,20.109034326238667,-15.783604621350955,0.05
NFLX,2026-03-11,0.271233,99,100.0,1.031566,96.94000244140625,6.7500000002257465,8.462987654445556,0.37343316088171036,0.5028630384619913,0.02115981224290688,20.140631023065623,-15.96467781162644,0.05
NFLX,2026-03-11,0.271233,99,101.0,1.041882,96.94000244140625,6.150000000639821,8.849517555815893,0.3639942469895777,0.48001887261381326,0.021681842125158928,20.115882037196755,-15.516898236906657,0.05
NFLX,2026-03-11,0.271233,99,102.0,1.052197,96.94000244140625,5.880000000023756,9.566047456156085,0.369977965496414,0.461229607506085,0.021257034545658603,20.045962842246826,-15.61352976342257,0.05
NFLX,2026-03-11,0.271233,99,103.0,1.062513,96.94000244140625,5.349999914632363,10.022577271720948,0.36200144963708103,0.43824129282094737,0.021566498418808297,19.899324325237725,-15.13599021101265,0.05
NFLX,2026-03-11,0.271233,99,104.0,1.072829,96.94000244140625,4.94999564936073,10.609102907405585,0.3595178458412024,0.41706646552039234,0.021502725679220583,19.704360754085684,-14.833038124675223,0.05
NFLX,2026-03-11,0.271233,99,105.0,1.083144,96.94000244140625,4.750000000232049,11.39563715923316,0.36628617790022105,0.4004407323437454,0.020897917864292865,19.5106586716316,-14.87751141237342,0.05
NFLX,2026-03-11,0.271233,99,106.0,1.09346,96.94000244140625,4.250000020668459,11.882167080625834,0.35668742805530246,0.3763482172445384,0.021080935734371333,19.165761055685383,-14.213719936979366,0.05
NFLX,2026-03-11,0.271233,99,107.0,1.103776,96.94000244140625,4.099999566638875,12.71869652755251,0.3643877266359918,0.36169257817774536,0.02036899501741513,18.918283325928027,-14.256005014174455,0.05
NFLX,2026-03-11,0.271233,99,108.0,1.114091,96.94000244140625,3.700001044266692,13.30522790613658,0.3579720525233711,0.3396019017901097,0.020265133783702257,18.490428676016677,-13.662846858706526,0.05
NFLX,2026-03-11,0.271233,99,109.0,1.124407,96.94000244140625,3.499999986536224,14.091756749362375,0.36142164631664125,0.3239145908217167,0.019697648517397384,18.145833695548777,-13.484804148452296,0.05
NFLX,2026-03-11,0.271233,99,110.0,1.134722,96.94000244140625,3.2999997509679098,14.878286414750335,0.3641416513292513,0.308497968681466,0.01914936148068306,17.77350323148233,-13.261131007670137,0.05
NFLX,2026-03-11,0.271233,99,111.0,1.145038,96.94000244140625,3.1999980948581026,15.76481465959678,0.37187035102235355,0.2972026098884973,0.01844078364048673,17.479109737108963,-13.262795605031846,0.05
NFLX,2026-03-11,0.271233,99,112.0,1.155354,96.94000244140625,2.7900000008018644,16.341346466496802,0.36086511088695933,0.2735065846708872,0.018265548138672136,16.80064627421245,-12.362499502082255,0.05
NFLX,2026-03-11,0.271233,99,112.5,1.160512,96.94000244140625,2.7500000033330423,16.79461141950611,0.3647326957426274,0.2685177937954479,0.017906663991112397,16.64706838949874,-12.35684162468602,0.05
NFLX,2026-03-11,0.271233,99,113.0,1.165669,96.94000244140625,2.530000074006171,17.067876440657358,0.357489501960709,0.25544949242689136,0.017808035981314446,16.22660633511918,-11.80513400665845,0.05
NFLX,2026-03-11,0.271233,99,113.5,1.170827,96.94000244140625,2.840000007914977,17.871141325044306,0.3824701034783771,0.2662880369688807,0.01700455217912458,16.577196109945447,-12.836591570109128,0.05
NFLX,2026-03-11,0.271233,99,114.0,1.175985,96.94000244140625,2.460000553975071,17.98440682158254,0.3650967018000083,0.2463072135777848,0.01710380402960206,15.916552434823041,-11.783196982049196,0.05
NFLX,2026-03-11,0.271233,99,114.5,1.181143,96.94000244140625,2.6200002485477043,18.637671466633293,0.38099782827745593,0.2509616558638615,0.016554221240892723,16.0760607260721,-12.376343698118307,0.05
NFLX,2026-03-11,0.271233,99,115.0,1.186301,96.94000244140625,2.0199997701650645,18.53093593872879,0.34805784923483535,0.21857390521971937,0.016787270439389733,14.892921551924658,-10.514050782671589,0.05
NFLX,2026-03-11,0.271233,99,115.5,1.191459,96.94000244140625,2.4299968030873984,19.434197922129243,0.3805967691262639,0.23691748514557293,0.016064609349124858,15.584168996954144,-11.960772547154841,0.05
NFLX,2026-03-11,0.271233,99,116.0,1.196616,96.94000244140625,2.159999852643505,19.65746592216348,0.3685645891408496,0.2210924110980057,0.015957827747061157,14.991178057254231,-11.149010426778819,0.05
NFLX,2026-03-11,0.271233,99,116.5,1.201774,96.94000244140625,1.9999971255843114,19.990728145582423,0.36321817938369017,0.21030501484198022,0.015729843256364884,14.562648097004965,-10.670044349118827,0.05
NFLX,2026-03-11,0.271233,99,117.0,1.206932,96.94000244140625,1.950000000035537,20.433995970511788,0.36514226977183434,0.20535615702150128,0.015428439935529507,14.359274828859098,-10.563316086835293,0.05
NFLX,2026-03-11,0.271233,99,117.5,1.21209,96.94000244140625,2.109997539056465,21.08725846001083,0.38153535797080634,0.21173894101140722,0.015034435291094276,14.620771656033295,-11.204104815531254,0.05
NFLX,2026-03-11,0.271233,99,118.0,1.217248,96.94000244140625,2.1999985554038233,21.670524426836323,0.39302218066826705,0.21422137152498483,0.014694627135564811,14.720549244623665,-11.593524839374414,0.05
NFLX,2026-03-11,0.271233,99,118.5,1.222406,96.94000244140625,2.249998566082464,22.213789387993103,0.4017455962899065,0.21465285689037328,0.014392381183494897,14.73778309910225,-11.842601296186414,0.05
NFLX,2026-03-11,0.271233,99,119.0,1.227563,96.94000244140625,1.9200000064201248,22.37705577880888,0.38397195828029906,0.19558640567426316,0.014248510648073198,13.94496288751792,-10.722629899757534,0.05
NFLX,2026-03-11,0.271233,99,119.5,1.232721,96.94000244140625,2.1800000000325745,23.13032072289947,0.4074502239609416,0.20725993555241823,0.013902238931115037,14.438021755948435,-11.74009876764426,0.05
NFLX,2026-03-11,0.271233,99,120.0,1.237879,96.94000244140625,1.4899995274112712,22.933585200756298,0.3616197359435778,0.1667896115403006,0.01369182416949882,12.620071655814911,-9.146749733621087,0.05
NFLX,2026-03-11,0.271233,99,120.5,1.243037,96.94000244140625,1.2700000060088623,23.206850629832005,0.3483805775069324,0.15065739573993475,0.013295025771214788,11.805693423657777,-8.248550136824377,0.05
NFLX,2026-03-11,0.271233,99,121.0,1.248195,96.94000244140625,1.8500008756459252,24.2801164499472,0.3989792289933486,0.18465105769679296,0.013236173037732371,13.460497311605266,-10.702591919690878,0.05
NFLX,2026-03-11,0.271233,99,121.5,1.253353,96.94000244140625,1.6699999596806698,24.593380484460084,0.3901995108232068,0.17286648988716918,0.012983532790469439,12.913024722500671,-10.042815285652582,0.05
NFLX,2026-03-11,0.271233,99,122.0,1.25851,96.94000244140625,1.4300000001279187,24.846645475385458,0.37576611260623494,0.15678438116599303,0.012655723330675264,12.12140513018774,-9.084933152320716,0.05
NFLX,2026-03-11,0.271233,99,122.5,1.263668,96.94000244140625,0.17999998259294037,24.08991040832862,0.23312047040319347,0.03961986398663451,0.0072652284459711,4.316960433929775,-2.038217911603689,0.05
NFLX,2026-03-11,0.271233,99,123.0,1.268826,96.94000244140625,1.3900000046116308,25.79317538082543,0.38164339952665455,0.151440151637162,0.012178196623107207,11.846474397725858,-8.998934463377731,0.05
NFLX,2026-03-11,0.271233,99,123.5,1.273984,96.94000244140625,1.3900000110548305,26.286440337746768,0.38618588513658725,0.1501065665718629,0.011964286718003755,11.776916380472318,-9.042151343666253,0.05
NFLX,2026-03-11,0.271233,99,124.0,1.279142,96.94000244140625,1.1299999267157919,26.519705203885863,0.36756916434377557,0.1314646460266743,0.011488231885434852,10.763181076795476,-7.873728947077346,0.05
NFLX,2026-03-11,0.271233,99,124.5,1.2843,96.94000244140625,1.350000244147795,27.23297047179598,0.3917088221140496,0.14501739949574805,0.011526167084504256,11.507915029530892,-8.945143896609569,0.05
NFLX,2026-03-11,0.271233,99,125.0,1.289457,96.94000244140625,0.9800000006396647,27.356235178765985,0.3616683307033243,0.118305293158953,0.010846076942402846,9.99842390013044,-7.190493183446508,0.05
NFLX,2026-03-11,0.271233,99,125.5,1.294615,96.94000244140625,1.0700024716292287,27.93950260023368,0.37473206697702766,0.12383801201946298,0.010810033509799661,10.32514790689914,-7.679292565104345,0.05
NFLX,2026-03-11,0.271233,99,126.0,1.299773,96.94000244140625,1.1199991995471148,28.482764278629688,0.3837589390127603,0.1262974850101921,0.01070174534774223,10.467946638202381,-7.961549595912194,0.05
NFLX,2026-03-11,0.271233,99,126.5,1.304931,96.94000244140625,0.9100000165164062,28.76603004607712,0.3668689698723817,0.11001154586567896,0.010152839900713213,9.493949142419476,-6.908472944068707,0.05
NFLX,2026-03-11,0.271233,99,127.0,1.310089,96.94000244140625,1.0700000000357015,29.419294980074554,0.3872518292432993,0.12077214415943233,0.010278086005286572,10.145048045932839,-7.774161743669848,0.05
NFLX,2026-03-11,0.271233,99,127.5,1.315247,96.94000244140625,0.9000000266941015,29.74255995721107,0.37386481427107976,0.1074234278305995,0.009793737697427132,9.332788955891708,-6.907795076136847,0.05
NFLX,2026-03-11,0.271233,99,128.0,1.320404,96.94000244140625,0.9300000122543821,30.265824893249487,0.3810575618147554,0.10879789373316684,0.009697224846842396,9.418601724654385,-7.096983475556993,0.05
NFLX,2026-03-11,0.271233,99,128.5,1.325562,96.94000244140625,1.0400000015200543,30.869089832993296,0.39647950400801935,0.1158495541203643,0.00974782307842625,9.850919324997975,-7.709401474197026,0.05
NFLX,2026-03-11,0.271233,99,129.0,1.33072,96.94000244140625,0.8800000558317098,31.202354837783076,0.3835415241503776,0.10336081539678177,0.009284083084433575,9.076110838534069,-6.87410536334041,0.05
NFLX,2026-03-11,0.271233,99,129.5,1.335878,96.94000244140625,0.9500000083887272,31.765619740818224,0.3950495495261344,0.10771963723688932,0.009286952725340629,9.351325809283379,-7.284700542279623,0.05
NFLX,2026-03-11,0.271233,99,130.0,1.341036,96.94000244140625,0.6899999791541491,31.998884662061784,0.36889628737321656,0.0867994463679242,0.008487201488765162,7.980262549601191,-5.813083432153765,0.05
NFLX,2026-03-11,0.271233,99,130.5,1.346193,96.94000244140625,0.6999999879356045,32.502149621321365,0.37386292992103465,0.08694665712985294,0.008385060937760203,7.990372226301668,-5.893329194006803,0.05
NFLX,2026-03-11,0.271233,99,131.0,1.351351,96.94000244140625,0.6299997393074932,32.92541432317137,0.3685134994369408,0.08041726287042184,0.00802217903469801,7.535188733107057,-5.477165580169009,0.05
NFLX,2026-03-11,0.271233,99,131.5,1.356509,96.94000244140625,0.9700000053563098,33.75867953969832,0.4126933313069033,0.10599702791866522,0.00878710788565653,9.243188131650324,-7.497236128259356,0.05
NFLX,2026-03-11,0.271233,99,132.0,1.361667,96.94000244140625,0.6200003238574654,33.90194480867761,0.37437879834279714,0.07834775673253634,0.007742196489424353,7.387947793641027,-5.447490061561577,0.05
NFLX,2026-03-11,0.271233,99,134.0,1.382298,96.94000244140625,0.6999999962802264,35.95500428301288,0.39923453962545774,0.08258662497805991,0.0075550216865690936,7.687979297311901,-6.023363086210334,0.05
NFLX,2026-03-11,0.271233,99,135.0,1.392614,96.94000244140625,0.5199984087174032,36.761532596406326,0.38080948556266203,0.06650351500791357,0.0067129817317219806,6.515857919186064,-4.870457187070514,0.05
NFLX,2026-03-11,0.271233,99,136.0,1.40293,96.94000244140625,0.5399994125170542,37.768063501162246,0.39057919125769824,0.06732332337149541,0.006607395438083964,6.577907829036869,-5.035456493105325,0.05
NFLX,2026-03-11,0.271233,99,138.0,1.423561,96.94000244140625,0.4999998314476901,39.701123722005406,0.3974730167955743,0.06214118690705057,0.0061012174380291355,6.181196311060372,-4.805256136751871,0.05
NFLX,2026-03-11,0.271233,99,140.0,1.444192,96.94000244140625,0.3899999723097807,41.56418366478,0.39087134391144157,0.050799001171266664,0.005292819807815545,5.273140264641694,-4.026261094464824,0.05
NFLX,2026-03-11,0.271233,99,142.0,1.464824,96.94000244140625,0.21999945246546204,43.36724294684822,0.36455521589400036,0.03257353000685389,0.00395731529188508,3.6771585193947915,-2.618058027451599,0.05
NFLX,2026-03-11,0.271233,99,144.0,1.485455,96.94000244140625,0.3500000145329514,45.47030331082823,0.4067949474420839,0.044762394204157986,0.00459565109491764,4.765088623597096,-3.772802224952461,0.05
NFLX,2026-03-11,0.271233,99,145.0,1.495771,96.94000244140625,0.3500000002026482,46.45683319745419,0.4125792752068783,0.04425398303825626,0.004489711796423104,4.721437608223681,-3.7879488935644017,0.05
NFLX,2026-03-11,0.271233,99,146.0,1.506086,96.94000244140625,0.29000023936352193,47.38336333757131,0.40476400894719744,0.038120781599685266,0.004054945980443153,4.1834573373786785,-3.2917826915281627,0.05
NFLX,2026-03-11,0.271233,99,148.0,1.526718,96.94000244140625,0.4300001036283918,49.49642300374872,0.44594284932714356,0.049744528605980665,0.004562269560036784,5.185713617313915,-4.482612467404355,0.05
NFLX,2026-03-11,0.271233,99,150.0,1.547349,96.94000244140625,0.21999994931637712,51.25948265134922,0.4078257509497218,0.029696031708525302,0.0032768691473531886,3.4062939778111434,-2.6937884688280125,0.05
NFLX,2026-03-11,0.271233,99,152.0,1.56798,96.94000244140625,0.12000000004138878,53.13254250398674,0.3823521311188274,0.01825918707498853,0.0023213756673717907,2.262337143042705,-1.677090368859886,0.05
NFLX,2026-03-11,0.271233,99,154.0,1.588611,96.94000244140625,0.20000000002260876,55.18560230588048,0.4220071341532767,0.026531534247215705,0.0028831414544373685,3.1012310691121394,-2.531177627892612,0.05
NFLX,2026-03-11,0.271233,99,155.0,1.598927,96.94000244140625,0.16000000026339722,56.13213220707753,0.4130088485620091,0.022142598572344657,0.002530892832435063,2.6642900018162994,-2.127794881243572,0.05
NFLX,2026-03-11,0.271233,99,156.0,1.609243,96.94000244140625,0.3499997624511919,57.3086618702216,0.4726313981068089,0.039657155172731016,0.0035862401736247813,4.32026437194196,-3.938813174407379,0.05
NFLX,2026-03-11,0.271233,99,158.0,1.629874,96.94000244140625,0.14000000378743582,59.071721913470356,0.41922744691356706,0.01940801440384152,0.002230006373911135,2.3828911012236773,-1.928612434425782,0.05
NFLX,2026-03-11,0.271233,99,160.0,1.650505,96.94000244140625,0.2000000003875706,61.10478171198301,0.45103868877408615,0.02511640389497767,0.0025766240632833217,2.9621922213291785,-2.5746841764773905,0.05
NFLX,2026-03-11,0.271233,99,162.0,1.671137,96.94000244140625,0.08000039167101103,62.95784190517898,0.40644695861754226,0.012036218235589818,0.0015260948919735848,1.5810070249215815,-1.2389221394706191,0.05
NFLX,2026-03-11,0.271233,99,164.0,1.691768,96.94000244140625,0.15000001012866981,65.00090132554915,0.450586034798179,0.019442404044060217,0.002077931712784957,2.386477704309932,-2.069007217907531,0.05
NFLX,2026-03-11,0.271233,99,165.0,1.702084,96.94000244140625,0.21000000030948307,66.04743121668623,0.47757225527344804,0.0250284255702678,0.0024263215028788557,2.9534921320138046,-2.710987796539697,0.05
NFLX,2026-03-11,0.271233,99,166.0,1.712399,96.94000244140625,0.13000003815792005,66.95396115549092,0.4504763877467543,0.017103205791866256,0.0018633656741237046,2.1395306162935475,-1.8531160496533217,0.05
NFLX,2026-03-11,0.271233,99,168.0,1.733031,96.94000244140625,0.12000007110432631,68.91702099034987,0.45414861333222956,0.015807805982352183,0.001727774282693128,2.0000155885772366,-1.7450197863004349,0.05
NFLX,2026-03-11,0.271233,99,170.0,1.753662,96.94000244140625,0.10000029070929828,70.87008101186736,0.45172434298722536,0.013471539737710645,0.001513718170989044,1.7428776552194272,-1.5116328849376723,0.05
NFLX,2026-03-11,0.271233,99,172.0,1.774293,96.94000244140625,0.24999955170531507,72.99314007477588,0.5218930326093125,0.027187590304386475,0.0023793657619802177,3.16512662884438,-3.1643691862713705,0.05
NFLX,2026-03-11,0.271233,99,174.0,1.794925,96.94000244140625,0.0399999909517218,74.75620031593483,0.4205451471389294,0.006220357771851503,0.000826827129202261,0.8862897496713998,-0.715243870341488,0.05
NFLX,2026-03-11,0.350685,128,50.0,0.515783,96.94000244140625,48.00907324946437,0.1999999964322967,0.5752424537657933,0.9848191801025424,0.0011586697173142355,2.1965128307097714,-4.174478742919431,0.05
NFLX,2026-03-11,0.350685,128,55.0,0.567361,96.94000244140625,43.175980262429796,0.2799999282351351,0.5317800447191068,0.9779357604291795,0.0017235115825040748,3.0204343481608533,-4.871355151698941,0.05
NFLX,2026-03-11,0.350685,128,60.0,0.61894,96.94000244140625,38.512886220097734,0.5299988047404938,0.522527701047431,0.9609473559345595,0.0028173269863814156,4.851429581699575,-6.346432157440518,0.05
NFLX,2026-03-11,0.350685,128,65.0,0.670518,96.94000244140625,33.87979559384999,0.810001097330165,0.4969331723128268,0.9412065585931715,0.004109789372433476,6.7303974481200095,-7.636646261067049,0.05
NFLX,2026-03-11,0.350685,128,70.0,0.722096,96.94000244140625,29.376702972768676,1.220001395086257,0.47403312273227516,0.9135116021253498,0.005793051900827685,9.049805930318293,-9.075425754326927,0.05
NFLX,2026-03-11,0.350685,128,75.0,0.773674,96.94000244140625,25.05360898562494,1.8100003267799565,0.4537481446267177,0.8758683404030632,0.007864397658689624,11.759896115455389,-10.600666514654499,0.05
NFLX,2026-03-11,0.350685,128,80.0,0.825253,96.94000244140625,20.950516384318156,2.620000644310579,0.43461104236723813,0.8271784803341924,0.01024989567428095,14.680584913053059,-12.058783663993717,0.05
NFLX,2026-03-11,0.350685,128,85.0,0.876831,96.94000244140625,17.167422758644356,3.7499999374742004,0.4191190960758573,0.7655680860938906,0.012755110377946088,17.617522215552775,-13.380078073969438,0.05
NFLX,2026-03-11,0.350685,128,90.0,0.928409,96.94000244140625,13.804329902593835,5.300000000261093,0.408369872899216,0.6916697534448766,0.015013433812656967,20.20490842747248,-14.42653617550208,0.05
NFLX,2026-03-11,0.350685,128,95.0,0.979988,96.94000244140625,10.861236989328702,7.270000005833381,0.3992010809360628,0.6094497026507615,0.016748990858502063,22.034515823094978,-14.952401578544855,0.05
NFLX,2026-03-11,0.350685,128,100.0,1.031566,96.94000244140625,8.000000012725508,9.321855948067608,0.3756958696782081,0.5200844848183281,0.018474012358592768,22.87287771951898,-14.372938137759046,0.05
NFLX,2026-03-11,0.350685,128,105.0,1.083144,96.94000244140625,5.699999835857959,11.934948690037473,0.35843314463926923,0.42561911961546794,0.01905035554284341,22.502688364255516,-13.277913096734528,0.05
NFLX,2026-03-11,0.350685,128,110.0,1.134722,96.94000244140625,4.309997491873283,15.458039264890203,0.3636397357764687,0.34538131197666533,0.01765676793745556,21.159514587969444,-12.429152087044416,0.05
NFLX,2026-03-11,0.350685,128,115.0,1.186301,96.94000244140625,3.1000000007699775,19.16113469262433,0.36125557922262996,0.27104745864597757,0.015974476109034116,19.01797819170965,-10.954384312998512,0.05
NFLX,2026-03-11,0.350685,128,120.0,1.237879,96.94000244140625,2.1400016314151316,23.1142292421069,0.35611044849498136,0.20515712217445237,0.013904706560561381,16.318104210177417,-9.172678953086216,0.05
NFLX,2026-03-11,0.350685,128,125.0,1.289457,96.94000244140625,1.5700000000254786,27.45732052955465,0.36083541589176826,0.1584567438674253,0.011671737356063437,13.879308239857524,-7.830060465351172,0.05
NFLX,2026-03-11,0.350685,128,130.0,1.341036,96.94000244140625,1.130000000188172,31.930413448554773,0.3635791105673361,0.12023524243923112,0.00959747011857263,11.499497134440166,-6.487438762663883,0.05
NFLX,2026-03-11,0.350685,128,135.0,1.392614,96.94000244140625,0.8599978470395779,36.5735042142436,0.37144519998097547,0.09410056160619246,0.007871039531199199,9.634961906905014,-5.515777527945534,0.05
NFLX,2026-03-11,0.350685,128,140.0,1.444192,96.94000244140625,0.6700000392098886,41.29659932525132,0.38033180155765894,0.07472991231712824,0.006465572881928915,8.103876426982707,-4.7232045686956114,0.05
NFLX,2026-03-11,0.350685,128,145.0,1.495771,96.94000244140625,0.6099997395954446,46.14969194447431,0.4006047173177066,0.06619873448222989,0.005592101233774799,7.382683352742548,-4.507167196564706,0.05
NFLX,2026-03-11,0.350685,128,150.0,1.547349,96.94000244140625,0.3199993509404262,50.77278447465669,0.37870017112288235,0.039521493070149925,0.003925262604060029,4.898773682139364,-2.820622228161967,0.05
NFLX,2026-03-11,0.350685,128,155.0,1.598927,96.94000244140625,0.330000101521307,55.69587814407498,0.404146584507383,0.03852228294617151,0.0036022219629945843,4.797693951384673,-2.9347668907961566,0.05
NFLX,2026-03-11,0.350685,128,160.0,1.650505,96.94000244140625,0.24999993234877227,60.52897089373988,0.4077668427018967,0.02993535866306364,0.002901525471004154,3.899073784754102,-2.399464844519165,0.05
NFLX,2026-03-11,0.350685,128,165.0,1.702084,96.94000244140625,0.17000000027704565,65.36206388050556,0.40470001400904415,0.02137083210709963,0.002204436662125256,2.94004516742641,-1.7915307420770352,0.05
NFLX,2026-03-11,0.350685,128,170.0,1.753662,96.94000244140625,0.2750000000467874,70.38015679911271,0.45520177120830335,0.029787461617122115,0.0025885117131524125,3.8830880251513,-2.650824437843649,0.05
NFLX,2026-03-11,0.446575,163,50.0,0.515783,96.94000244140625,48.32406861389986,0.27999990676273967,0.5421167161617773,0.980787754286504,0.0013324323510025458,3.031368687217383,-4.17762833264364,0.05
NFLX,2026-03-11,0.446575,163,55.0,0.567361,96.94000244140625,43.61447533386791,0.4600000001577058,0.5202198932841587,0.9691425173551922,0.002066710485343891,4.511982339627927,-5.144735852542887,0.05
NFLX,2026-03-11,0.446575,163,56.0,0.577677,96.94000244140625,42.796556653476415,0.6199999944515895,0.5383148220898402,0.9614140522065376,0.0023997646895183144,5.4213293188678024,-5.787659703824987,0.05
NFLX,2026-03-11,0.446575,163,58.0,0.598308,96.94000244140625,40.920719034407725,0.6999997247536669,0.5237462105437669,0.956029934515373,0.0027420484313999526,6.026939162078577,-6.12205625687456,0.05
NFLX,2026-03-11,0.446575,163,60.0,0.61894,96.94000244140625,39.03488037354365,0.7699984132603603,0.5066497264024831,0.9507528233941822,0.0031045091853472424,6.600875692309003,-6.400975677117538,0.05
NFLX,2026-03-11,0.446575,163,61.0,0.629255,96.94000244140625,38.096964049411916,0.8100007638140099,0.4986121295895751,0.9477916960794674,0.0033047050811821346,6.915066167343442,-6.549517257382881,0.05
NFLX,2026-03-11,0.446575,163,62.0,0.639571,96.94000244140625,37.1990451028734,0.8900004919608691,0.4958571923572881,0.9431652644518997,0.0035538846560909942,7.395384146709343,-6.81732101052237,0.05
NFLX,2026-03-11,0.446575,163,63.0,0.649887,96.94000244140625,37.72112605749823,2.390000121271086,0.6375622321584705,0.8991872397392845,0.00427430334951576,11.436383653082578,-10.635995449111572,0.05
NFLX,2026-03-11,0.446575,163,64.0,0.660202,96.94000244140625,35.433205543321236,1.0799982817794742,0.49182163225774356,0.9326192721928837,0.004092057140758626,8.445981171015372,-7.399602595085813,0.05
NFLX,2026-03-11,0.446575,163,65.0,0.670518,96.94000244140625,34.385288586966496,1.010000000110118,0.46959497715625154,0.9334210015573683,0.004246243882609762,8.368144478348237,-7.2047760353696315,0.05
NFLX,2026-03-11,0.446575,163,66.0,0.680833,96.94000244140625,33.65736966598607,1.259999753815066,0.48374652266788626,0.922184798874248,0.004645519026061726,9.430894614986023,-7.894903998529294,0.05
NFLX,2026-03-11,0.446575,163,67.0,0.691149,96.94000244140625,32.619451225559175,1.1999999880735572,0.46339549679156306,0.9221701721899569,0.004850228965199272,9.432239996310312,-7.732537914901965,0.05
NFLX,2026-03-11,0.446575,163,68.0,0.701465,96.94000244140625,31.971532563065075,1.5300000002648346,0.4821281903168311,0.9083969375489656,0.005267901234697452,10.658619096867296,-8.558011073402678,0.05
NFLX,2026-03-11,0.446575,163,69.0,0.71178,96.94000244140625,30.903613891412704,1.440000003297854,0.4594776096143791,0.9088168022539775,0.00550879770079354,10.6223833292787,-8.324494839405546,0.05
NFLX,2026-03-11,0.446575,163,70.0,0.722096,96.94000244140625,30.225695157255906,1.739999943826433,0.4721454264415203,0.896250803181991,0.005893610812543155,11.677719341442627,-9.006025046990422,0.05
NFLX,2026-03-11,0.446575,163,71.0,0.732412,96.94000244140625,29.317776533382535,1.8099999946384457,0.4636170388522296,0.8910489023882124,0.006217872571671627,12.097677385545541,-9.132692854197451,0.05
NFLX,2026-03-11,0.446575,163,72.0,0.742727,96.94000244140625,28.549857904420435,2.0200000403617366,0.4659512997698448,0.8815145057705778,0.006568008158908572,12.84325199158757,-9.54545475481411,0.05
NFLX,2026-03-11,0.446575,163,73.0,0.753043,96.94000244140625,27.581939197813078,2.030000008439771,0.4521774857324619,0.8777115876036649,0.006920370631928044,13.132248182112052,-9.523665206924429,0.05
NFLX,2026-03-11,0.446575,163,74.0,0.763359,96.94000244140625,26.77402051471281,2.200000000024886,0.4502675502534275,0.8690821370651554,0.007287779354694639,13.771037392050655,-9.816187173870734,0.05
NFLX,2026-03-11,0.446575,163,75.0,0.773674,96.94000244140625,26.00610160540581,2.4099997654032563,0.45043806188993,0.8592953562558132,0.007653760746663523,14.468075152814842,-10.161309069941478,0.05
NFLX,2026-03-11,0.446575,163,76.0,0.78399,96.94000244140625,25.24818316216387,2.629999996846692,0.45040930738359236,0.8492455857886121,0.008017624701351714,15.1549278226914,-10.496402700442438,0.05
NFLX,2026-03-11,0.446575,163,77.0,0.794306,96.94000244140625,24.370266131243667,2.7300016406118743,0.4419262889596591,0.842081413866503,0.008426289301367074,15.627409612118793,-10.595415975550795,0.05
NFLX,2026-03-11,0.446575,163,78.0,0.804621,96.94000244140625,23.562345965019183,2.900000149072767,0.43756062621934544,0.832977002868547,0.008826544269464985,16.208011328139047,-10.799737885648854,0.05
NFLX,2026-03-11,0.446575,163,79.0,0.814937,96.94000244140625,22.984427143046943,3.300000001785918,0.44629699787610877,0.8186294404940044,0.009119164947661362,17.079683923159376,-11.353194830258234,0.05
NFLX,2026-03-11,0.446575,163,80.0,0.825253,96.94000244140625,22.10650846674585,3.400000000170209,0.43658762466510503,0.8107655125058333,0.009570923630262749,17.535819424324725,-11.39626934294852,0.05
NFLX,2026-03-11,0.446575,163,81.0,0.835568,96.94000244140625,21.528588042451133,3.7999982505608756,0.4432246466965693,0.7967287999527042,0.009845671429692265,18.31344436677012,-11.873333645190785,0.05
NFLX,2026-03-11,0.446575,163,82.0,0.845884,96.94000244140625,20.61067064514613,3.8599995279412553,0.43062490791342994,0.7890406611161473,0.010358770275879132,18.72009898946712,-11.81968109562728,0.05
NFLX,2026-03-11,0.446575,163,83.0,0.8562,96.94000244140625,19.982752420320274,4.209999977800791,0.43301418746902864,0.7758848706166562,0.010667708381008223,19.38536817130072,-12.159922755475947,0.05
NFLX,2026-03-11,0.446575,163,84.0,0.866515,96.94000244140625,19.044833763163503,4.249999995329389,0.41894364403780554,0.7677633700624942,0.011248897887143387,19.77727138504393,-12.045887160436362,0.05
NFLX,2026-03-11,0.446575,163,85.0,0.876831,96.94000244140625,18.566912761855356,4.7499976687066265,0.4274517112535045,0.7521085832168231,0.011424224862345352,20.49342729667687,-12.525044870391515,0.05
NFLX,2026-03-11,0.446575,163,86.0,0.887147,96.94000244140625,17.868996135294218,5.029999716830886,0.4243129207701083,0.7398312464894173,0.011804372346248822,21.01986630029879,-12.678510235244383,0.05
NFLX,2026-03-11,0.446575,163,87.0,0.897462,96.94000244140625,17.22107775662927,5.360000012851316,0.42295542649781465,0.7267714609139888,0.012139143859929775,21.546833322195805,-12.865204951308032,0.05
NFLX,2026-03-11,0.446575,163,88.0,0.907778,96.94000244140625,16.58315906960577,5.700000000513185,0.42143221732692104,0.7135061014265195,0.012466436604407442,22.048084191510714,-13.032571692364584,0.05
NFLX,2026-03-11,0.446575,163,89.0,0.918094,96.94000244140625,15.755240394429904,5.850000000022703,0.41085609378174115,0.7018928659940851,0.013025885160240879,22.45938036957188,-12.945798216576986,0.05
NFLX,2026-03-11,0.446575,163,90.0,0.928409,96.94000244140625,15.207321308191474,6.27999958846965,0.412244564978083,0.68737943207949,0.013258671162741103,22.938009630249898,-13.158679541561922,0.05
NFLX,2026-03-11,0.446575,163,91.0,0.938725,96.94000244140625,14.549403145054576,6.60000010001815,0.408213241545701,0.6736613512474217,0.013632995190442962,23.35496185297746,-13.212118364801945,0.05
NFLX,2026-03-11,0.446575,163,92.0,0.949041,96.94000244140625,14.121484392899468,7.150000022548426,0.4133504912061701,0.6584728344656947,0.013706957032143776,23.777177618464123,-13.489630921145762,0.05
NFLX,2026-03-11,0.446575,163,93.0,0.959356,96.94000244140625,13.543565758913687,7.550000063248021,0.41147901794116265,0.6441546888585767,0.013978189623718109,24.137896175683778,-13.565489880285472,0.05
NFLX,2026-03-11,0.446575,163,94.0,0.969672,96.94000244140625,12.955647076008432,7.94000005502815,0.40863118183738145,0.6297102655824375,0.014266745753451505,24.465675889477353,-13.59787396134696,0.05
NFLX,2026-03-11,0.446575,163,95.0,0.979988,96.94000244140625,12.48772834803981,8.450000001744911,0.4100888336306554,0.6149589131638927,0.014389077648099914,24.763480965525453,-13.72643565827578,0.05
NFLX,2026-03-11,0.446575,163,96.0,0.990303,96.94000244140625,11.80980969034043,8.750000018730915,0.4025235162528101,0.600147681142074,0.014814560678840506,25.025388457721334,-13.596821673846144,0.05
NFLX,2026-03-11,0.446575,163,97.0,1.000619,96.94000244140625,10.450000037323534,8.368109040399403,0.3675198808198839,0.5836328079928967,0.01638676619555781,25.274052710758124,-12.706311991051077,0.05
NFLX,2026-03-11,0.446575,163,98.0,1.010935,96.94000244140625,10.050000037620904,8.946027715382158,0.37016525461625266,0.5674892502248627,0.01639794892842854,25.47334476595333,-12.805518347263426,0.05
NFLX,2026-03-11,0.446575,163,99.0,1.02125,96.94000244140625,10.140000000488648,10.013946352935264,0.3912753771711554,0.5539761904520609,0.01559472381732604,25.607135476625327,-13.396209107627655,0.05
NFLX,2026-03-11,0.446575,163,100.0,1.031566,96.94000244140625,9.380000025697527,10.231865052829534,0.3785497365023117,0.5366111379260096,0.016199544085653002,25.735139865436903,-13.039442290981803,0.05
NFLX,2026-03-11,0.446575,163,101.0,1.041882,96.94000244140625,8.950000058418006,10.77978376023539,0.3781166028667136,0.5208696713532779,0.016264440745237377,25.808672970966278,-13.003293480785105,0.05
NFLX,2026-03-11,0.446575,163,102.0,1.052197,96.94000244140625,8.350000005781325,11.1577023822841,0.370527207627721,0.5033890096789725,0.016619727366285073,25.84311090517806,-12.743546645797183,0.05
NFLX,2026-03-11,0.446575,163,103.0,1.062513,96.94000244140625,8.100000011598944,11.88562106278711,0.37591163570303915,0.48927324994833754,0.016376341019097383,25.83470071698248,-12.839885049538228,0.05
NFLX,2026-03-11,0.446575,163,104.0,1.072829,96.94000244140625,7.700000058897565,12.4635397847711,0.3749283617811739,0.47361631214231437,0.016389294041689415,25.787505514994905,-12.735742635662092,0.05
NFLX,2026-03-11,0.446575,163,105.0,1.083144,96.94000244140625,7.1500000591329,12.891458459691833,0.3675476029247523,0.4556282324605242,0.01665132052148288,25.684024051680023,-12.420368861915644,0.05
NFLX,2026-03-11,0.446575,163,106.0,1.09346,96.94000244140625,6.950000020760989,13.669377096005306,0.37323937089593123,0.44275716432183876,0.016329412242701537,25.577541291946858,-12.48716083405378,0.05
NFLX,2026-03-11,0.446575,163,107.0,1.103776,96.94000244140625,6.249998305676563,13.947294055606264,0.35876277163908277,0.4211991262462107,0.016829376085465968,25.338224446436282,-11.906967163771622,0.05
NFLX,2026-03-11,0.446575,163,108.0,1.114091,96.94000244140625,6.29999975017752,14.975214174792598,0.37331185318703786,0.4133899539752336,0.016106053605821766,25.23258311281815,-12.235210870263954,0.05
NFLX,2026-03-11,0.446575,163,109.0,1.124407,96.94000244140625,5.7000000000377185,15.35313309933818,0.36154450485884676,0.3927745831359215,0.016414259248180234,24.904845166551137,-11.700179123352957,0.05
NFLX,2026-03-11,0.446575,163,110.0,1.134722,96.94000244140625,5.550000000866216,16.181051774852065,0.3672446477755894,0.3815913100811102,0.01602472795191056,24.69715532083223,-11.727020393381755,0.05
NFLX,2026-03-11,0.446575,163,111.0,1.145038,96.94000244140625,5.250000018709045,16.85897046738026,0.3664115152945028,0.3671143225604382,0.01586577309320334,24.396703343633217,-11.525553655270027,0.05
NFLX,2026-03-11,0.446575,163,112.0,1.155354,96.94000244140625,5.049999735372424,17.636888858729023,0.3692051172516264,0.3551594068980461,0.01556806379076727,24.121433120506065,-11.44012683798567,0.05
NFLX,2026-03-11,0.446575,163,114.0,1.175985,96.94000244140625,4.399999997740547,18.942726470467917,0.36286163347148753,0.3244865576017204,0.015301228907842739,23.300656426833587,-10.81917810828232,0.05
NFLX,2026-03-11,0.446575,163,115.0,1.186301,96.94000244140625,4.099999951384529,19.620645098797283,0.3598826044993361,0.3094988240270584,0.015121779002501713,22.83834000475529,-10.4975312342084,0.05
NFLX,2026-03-11,0.446575,163,116.0,1.196616,96.94000244140625,4.349999954165547,20.84856377626369,0.38061036398359527,0.31179943308570485,0.014344352610557897,22.911965935967018,-11.057577378657236,0.05
NFLX,2026-03-11,0.446575,163,118.0,1.217248,96.94000244140625,3.450000000188407,21.904401171657312,0.35890989312828125,0.27204461561510584,0.014274509207122145,21.500442945546734,-9.785988055410307,0.05
NFLX,2026-03-11,0.446575,163,120.0,1.237879,96.94000244140625,3.25000002067015,23.660238541509813,0.367110194048251,0.2558539456740096,0.013525878241684162,20.83832036665313,-9.64276318220023,0.05
NFLX,2026-03-11,0.446575,163,122.0,1.25851,96.94000244140625,2.75999686635614,25.126072736566584,0.3596157357002444,0.22852989140271984,0.012987334899298552,19.600155601767682,-8.861437321114849,0.05
NFLX,2026-03-11,0.446575,163,124.0,1.279142,96.94000244140625,2.8099999868610475,27.131913206442235,0.3781514826094313,0.22377489463809241,0.012204852597879642,19.368640517991178,-9.14463463161757,0.05
NFLX,2026-03-11,0.446575,163,125.0,1.289457,96.94000244140625,2.370000000024657,27.669831894291235,0.36245339796559173,0.20149870433193318,0.011976846501797091,18.217779939506244,-8.251201448477786,0.05
NFLX,2026-03-11,0.446575,163,126.0,1.299773,96.94000244140625,2.529995974235554,28.80774654318752,0.3786958315816811,0.20574443758026617,0.01160658483893378,18.44572661207879,-8.691730383909281,0.05
NFLX,2026-03-11,0.446575,163,128.0,1.320404,96.94000244140625,2.3400000070834643,30.573587925406187,0.3828500712554336,0.1918338987312163,0.011006121471835384,17.683320834761336,-8.392794801966911,0.05
NFLX,2026-03-11,0.446575,163,130.0,1.341036,96.94000244140625,1.7999972817962266,31.989422549489717,0.364535449398404,0.16081420438226846,0.010337447695129802,15.814442466345854,-7.144060424368574,0.05
NFLX,2026-03-11,0.446575,163,132.0,1.361667,96.94000244140625,1.9999996034358318,34.145262220500086,0.39036748847238567,0.16668068390741198,0.009880536385452374,16.186574666529246,-7.782533408121665,0.05
NFLX,2026-03-11,0.446575,163,134.0,1.382298,96.94000244140625,1.9100000000268142,36.01109996646183,0.39774623226860095,0.15838671792636816,0.009380453700956626,15.657798911227374,-7.6450781734362945,0.05
NFLX,2026-03-11,0.446575,163,135.0,1.392614,96.94000244140625,1.6700002623140264,36.74901890343443,0.3882571819967735,0.14442400708564945,0.009037602199928071,14.725617388251555,-7.017824544983207,0.05
NFLX,2026-03-11,0.446575,163,136.0,1.40293,96.94000244140625,1.5199999797171007,37.57693729552288,0.38395378490716203,0.13475425371868888,0.008718155792904917,14.047672418869315,-6.616064323709597,0.05
NFLX,2026-03-11,0.446575,163,138.0,1.423561,96.94000244140625,1.3800029257366315,39.392777590913184,0.3855551672880395,0.12400388841461762,0.008195812871665238,13.261094031282038,-6.256594000025093,0.05
NFLX,2026-03-11,0.446575,163,140.0,1.444192,96.94000244140625,1.1000001500629963,41.068612164610315,0.3745053344200245,0.10487145442841794,0.0074883412803837205,11.769131891772474,-5.388204510437603,0.05
NFLX,2026-03-11,0.446575,163,142.0,1.464824,96.94000244140625,1.0900002216396611,43.01444958555774,0.38451997381076164,0.10200632187242281,0.007148130838774172,11.534856335997697,-5.405920562269299,0.05
NFLX,2026-03-11,0.446575,163,144.0,1.485455,96.94000244140625,1.1500000648708255,45.03028677815968,0.40035723881312363,0.103499946783701,0.006938275910242865,11.657355588565133,-5.669605796803309,0.05
NFLX,2026-03-11,0.446575,163,145.0,1.495771,96.94000244140625,1.0500005460645792,45.90820593403882,0.39679158808302395,0.09651122259953188,0.006652175819625744,11.077122753792139,-5.336418199548964,0.05
NFLX,2026-03-11,0.446575,163,146.0,1.506086,96.94000244140625,1.0400006422073425,46.87612470486697,0.40102368531367927,0.09496509805245523,0.006504234068705543,10.946290718082103,-5.323168426804497,0.05
NFLX,2026-03-11,0.446575,163,148.0,1.526718,96.94000244140625,0.7850000979273295,48.57696150995771,0.3858421267971699,0.07701034724600178,0.0057784719808956385,9.356715987593555,-4.376131264105422,0.05
NFLX,2026-03-11,0.446575,163,150.0,1.547349,96.94000244140625,0.6300000000211794,50.37779876142234,0.37760290592164236,0.06484359760350684,0.005173698326682955,8.198553259279537,-3.7489506073879317,0.05
NFLX,2026-03-11,0.446575,163,152.0,1.56798,96.94000244140625,0.30999998000881757,52.01363609078071,0.33910081552054855,0.03811182600841166,0.003771366125759219,5.366959558464752,-2.2068913163347093,0.05
NFLX,2026-03-11,0.446575,163,154.0,1.588611,96.94000244140625,0.6399995408945749,54.29947300103724,0.3968959044664323,0.06321640383508208,0.004825896170729868,8.038136629306058,-3.8463755238500656,0.05
NFLX,2026-03-11,0.446575,163,155.0,1.598927,96.94000244140625,0.5099996603833432,55.14739179521139,0.38399231710975706,0.053299534716661774,0.004362152815880479,7.0294962490332615,-3.255034530114395,0.05
NFLX,2026-03-11,0.446575,163,156.0,1.609243,96.94000244140625,0.5499998595099775,56.16531066902341,0.3938535423945923,0.055783034799690163,0.004408903816223472,7.2872920175757185,-3.4563647641488555,0.05
NFLX,2026-03-11,0.446575,163,158.0,1.629874,96.94000244140625,0.389999975282854,57.96114813416705,0.377852948576505,0.04272133593285836,0.003713389406831757,5.888356590063299,-2.678676175816321,0.05
NFLX,2026-03-11,0.446575,163,160.0,1.650505,96.94000244140625,0.42999867646545376,59.956984184720426,0.39253318854071123,0.04513776233565514,0.00373671002019162,6.15554586073005,-2.902600155516415,0.05
NFLX,2026-03-11,0.446575,163,162.0,1.671137,96.94000244140625,0.32500003738961425,61.80782289501535,0.3817394181632019,0.03610006537518767,0.003204882506217355,5.134284290898065,-2.353159303860315,0.05
NFLX,2026-03-11,0.446575,163,164.0,1.691768,96.94000244140625,0.6500002229150263,64.08866042991153,0.4405855901802741,0.0590613188990995,0.004122374812733141,7.6221687149221236,-4.01373788093628,0.05
NFLX,2026-03-11,0.446575,163,165.0,1.702084,96.94000244140625,0.4400000000139661,64.85657888169585,0.4138050874102075,0.044162944928331144,0.0034828351521341296,6.048247260483606,-2.994267469705094,0.05
NFLX,2026-03-11,0.446575,163,166.0,1.712399,96.94000244140625,0.11000000264516818,65.50449755901244,0.33856326438838685,0.015169706938299846,0.0017434468108705387,2.4771330201729502,-1.007025050379564,0.05
NFLX,2026-03-11,0.446575,163,168.0,1.733031,96.94000244140625,0.4499998701110903,67.80033477584912,0.42688125440507746,0.043943699468778366,0.003362628160578857,6.024024401247624,-3.0696768070321623,0.05
NFLX,2026-03-11,0.446575,163,170.0,1.753662,96.94000244140625,0.0899997182040908,69.3961719733129,0.34272103805986825,0.012527279914526086,0.0014602109684063952,2.1001831197205654,-0.862104964373462,0.05
NFLX,2026-03-11,0.446575,163,172.0,1.774293,96.94000244140625,0.29499990946849364,71.55700951394806,0.411984803705491,0.031163685361037998,0.002631079162006514,4.548999663932279,-2.23462351325281,0.05
NFLX,2026-03-11,0.446575,163,174.0,1.794925,96.94000244140625,0.12000000004675027,73.33784695389708,0.3683661066859311,0.01528938056458206,0.0016132451278029294,2.493910241746637,-1.0966821149034485,0.05
NFLX,2026-03-11,0.523288,191,50.0,0.515783,96.94000244140625,48.831255394631484,0.5999998582243933,0.5801972110731588,0.9678179964364886,0.0017723760576876847,5.056826660555803,-5.052839147680414,0.05
NFLX,2026-03-11,0.523288,191,55.0,0.567361,96.94000244140625,44.020380700490634,0.6599998545834609,0.520400706006216,0.9610717954022893,0.0023097682929010873,5.910889598676729,-5.39643575759509,0.05
NFLX,2026-03-11,0.523288,191,56.0,0.577677,96.94000244140625,43.13620526669022,0.7499993588830307,0.5212926179316154,0.9566535627622883,0.002515854662998798,6.449316334639443,-5.69245371278933,0.05
NFLX,2026-03-11,0.523288,191,58.0,0.598308,96.94000244140625,41.207856588173435,0.7700005565662096,0.4972712171191843,0.9535711825467194,0.0027873600617846477,6.816052874600294,-5.800155347407799,0.05
NFLX,2026-03-11,0.523288,191,60.0,0.61894,96.94000244140625,39.52950615569195,1.0400000002846923,0.5061979059417684,0.941172787349172,0.003304313352653617,8.225231404484633,-6.5636933471383365,0.05
NFLX,2026-03-11,0.523288,191,61.0,0.629255,96.94000244140625,38.53533121734062,1.020000000033349,0.4902440360962595,0.9402975929841408,0.0034515835710785766,8.321033447195138,-6.528651832398511,0.05
NFLX,2026-03-11,0.523288,191,62.0,0.639571,96.94000244140625,37.65115843792384,1.1100021587165472,0.4873150084565865,0.9355412689403384,0.003686343440842549,8.833893042339428,-6.76532057066248,0.05
NFLX,2026-03-11,0.523288,191,63.0,0.649887,96.94000244140625,36.736981058175736,1.1699997170684284,0.4805467885860703,0.9317315000966224,0.003908240280750355,9.235565468315421,-6.919866951220419,0.05
NFLX,2026-03-11,0.523288,191,64.0,0.660202,96.94000244140625,35.842806389510876,1.2499999865035534,0.4756128112094321,0.9271509009586548,0.004150908371489814,9.708301304319159,-7.113666633493244,0.05
NFLX,2026-03-11,0.523288,191,65.0,0.670518,96.94000244140625,34.948633579961715,1.330002115054377,0.47028662705850294,0.9224758658657977,0.004401807350645833,10.179822750500719,-7.298190092805992,0.05
NFLX,2026-03-11,0.523288,191,66.0,0.680833,96.94000244140625,34.14445653161191,1.5000000048045479,0.4729483619307853,0.9148462098095622,0.004698243120464804,10.926869782964667,-7.664899390698224,0.05
NFLX,2026-03-11,0.523288,191,67.0,0.691149,96.94000244140625,33.340279570503064,1.6699979817956958,0.47441842846422544,0.9072834734526127,0.0049899952105882175,11.64148102959566,-8.007737280658729,0.05
NFLX,2026-03-11,0.523288,191,68.0,0.701465,96.94000244140625,32.35610535474941,1.6599987041420263,0.4599926451631947,0.9050064567018059,0.005239480536119448,11.85183712693577,-7.9779015498177985,0.05
NFLX,2026-03-11,0.523288,191,69.0,0.71178,96.94000244140625,31.511931685329593,1.789999972822173,0.45717516134591074,0.8984034354601227,0.005537750775667293,12.449806137841971,-8.217409682246032,0.05
NFLX,2026-03-11,0.523288,191,70.0,0.722096,96.94000244140625,30.69775738342063,1.9500006090132018,0.4560942984957805,0.8908625732552559,0.005845976270919947,13.11167714715662,-8.497151494829563,0.05
NFLX,2026-03-11,0.523288,191,71.0,0.732412,96.94000244140625,30.34358138043404,2.5699995441266026,0.4866203521741821,0.8718108111093014,0.006139254173659393,14.69103651817848,-9.539298085868557,0.05
NFLX,2026-03-11,0.523288,191,72.0,0.742727,96.94000244140625,29.159403976338247,2.359997078130789,0.4581038157366447,0.8733081369588699,0.00646834800318407,14.571485952605293,-9.153141516429066,0.05
NFLX,2026-03-11,0.523288,191,73.0,0.753043,96.94000244140625,28.295231675419018,2.4699997153115447,0.4515630257033137,0.866871017365263,0.006791111101274923,15.08015360754794,-9.293555337326877,0.05
NFLX,2026-03-11,0.523288,191,74.0,0.763359,96.94000244140625,27.49105701337338,2.639999991365883,0.4485992732695371,0.8588100525201041,0.007116112899466297,15.698131068564143,-9.51687475936618,0.05
NFLX,2026-03-11,0.523288,191,75.0,0.773674,96.94000244140625,26.586878517993583,2.7099964340860794,0.438961104744495,0.8529732865341744,0.0074737445140052455,16.132840617661245,-9.57155351525663,0.05
NFLX,2026-03-11,0.523288,191,76.0,0.78399,96.94000244140625,25.49270504253623,2.589997896728704,0.4176577955429477,0.8515599799402196,0.007905439590470072,16.23652821910219,-9.33240249577241,0.05
NFLX,2026-03-11,0.523288,191,77.0,0.794306,96.94000244140625,25.178532217861594,3.2500000101540536,0.44251100264141263,0.8317734180142248,0.00810010190183461,17.626298128053737,-10.22539721369402,0.05
NFLX,2026-03-11,0.523288,191,78.0,0.804621,96.94000244140625,24.40435727011264,3.450000000505085,0.439202522634156,0.8226267368255498,0.008441232372112174,18.231283190986083,-10.41793709953033,0.05
NFLX,2026-03-11,0.523288,191,79.0,0.814937,96.94000244140625,23.58018233153588,3.6000000000283023,0.4327666690493337,0.8142859864583343,0.00881674122738961,18.763266826682987,-10.526585203819415,0.05
NFLX,2026-03-11,0.523288,191,80.0,0.825253,96.94000244140625,22.806005367306824,3.799997973899238,0.4286347388898462,0.8047874026072377,0.009178629692561687,19.346917065317758,-10.684215552995404,0.05
NFLX,2026-03-11,0.523288,191,81.0,0.835568,96.94000244140625,22.23183236499029,4.199999909682674,0.43407797836032663,0.7917270313041462,0.009422003046107932,20.112106011302643,-11.067613969948756,0.05
NFLX,2026-03-11,0.523288,191,82.0,0.845884,96.94000244140625,21.357657500344004,4.299999983136374,0.42401515614074714,0.783579672724794,0.009864356835335701,20.568220051557613,-11.063247052433612,0.05
NFLX,2026-03-11,0.523288,191,83.0,0.8562,96.94000244140625,20.78348497536153,4.700002396253893,0.4280094422079381,0.7705764531800646,0.010102608992442447,21.26343627496548,-11.391745247125346,0.05
NFLX,2026-03-11,0.523288,191,84.0,0.866515,96.94000244140625,20.059306273073375,4.949998632065714,0.4242781449016088,0.7597594823662919,0.010454336215660172,21.811909134305694,-11.52206403110666,0.05
NFLX,2026-03-11,0.523288,191,85.0,0.876831,96.94000244140625,19.385132553132422,5.249999850224754,0.4223506783853605,0.748129858441541,0.010771803195773755,22.372172621563852,-11.685330284236166,0.05
NFLX,2026-03-11,0.523288,191,86.0,0.887147,96.94000244140625,18.560957779076652,5.400000014268969,0.41334774357419884,0.7380937881960132,0.011232510651260848,22.831737661690713,-11.666948929137178,0.05
NFLX,2026-03-11,0.523288,191,87.0,0.897462,96.94000244140625,17.88678282735645,5.700000000648743,0.4105598369591299,0.7260329593338595,0.011568136201723185,23.355351668542216,-11.786786735714182,0.05
NFLX,2026-03-11,0.523288,191,88.0,0.907778,96.94000244140625,17.31261350036052,6.100005611752806,0.41148242660196027,0.7128681096995975,0.011807386027803754,23.89195070007439,-11.983248509787082,0.05
NFLX,2026-03-11,0.523288,191,89.0,0.918094,96.94000244140625,16.738432905498968,6.499999954991225,0.41177819766291157,0.6997423336082198,0.012045572971297483,24.391435853079187,-12.151612895819571,0.05
NFLX,2026-03-11,0.523288,191,90.0,0.928409,96.94000244140625,16.16425801969418,6.9000000072864225,0.4114878801622866,0.6866165285383607,0.01228374532145484,24.856181257884657,-12.292661285082472,0.05
NFLX,2026-03-11,0.523288,191,91.0,0.938725,96.94000244140625,15.390083154900985,7.100000080593219,0.4027301666539696,0.6745542151762508,0.012751335255235047,25.25319786353804,-12.21768317206735,0.05
NFLX,2026-03-11,0.523288,191,92.0,0.949041,96.94000244140625,14.975908378278412,7.660000242070609,0.4077180532431294,0.660386611943455,0.012809884126107974,25.68335168258235,-12.457652612473145,0.05
NFLX,2026-03-11,0.523288,191,93.0,0.959356,96.94000244140625,14.291733455619898,7.950000257512087,0.4016453708827553,0.64733501645016,0.01318696684322732,26.04559214704628,-12.418591791137988,0.05
NFLX,2026-03-11,0.523288,191,94.0,0.969672,96.94000244140625,14.047558356801957,8.680000096794132,0.4118644216276828,0.6331305047830618,0.013036386780560093,26.403291486504123,-12.757034977025109,0.05
NFLX,2026-03-11,0.523288,191,95.0,0.979988,96.94000244140625,12.993383326639304,8.600000004731456,0.39098451180787797,0.6199689783985083,0.013887503591427909,26.701170108501156,-12.330468571843245,0.05
NFLX,2026-03-11,0.523288,191,96.0,0.990303,96.94000244140625,12.869208471626422,9.450000087818566,0.4044915639384447,0.6060437237705144,0.013564747920064728,26.98160321274039,-12.722170416155912,0.05
NFLX,2026-03-11,0.523288,191,97.0,1.000619,96.94000244140625,11.60000012110671,9.154966675398839,0.3751849903987422,0.5908865335980775,0.014767997532201921,27.246681950850096,-12.05164313823696,0.05
NFLX,2026-03-11,0.523288,191,98.0,1.010935,96.94000244140625,11.200000118941603,9.729141611333716,0.37750037721917007,0.5763354566853538,0.01479348319347621,27.462140709672337,-12.139109264213527,0.05
NFLX,2026-03-11,0.523288,191,99.0,1.02125,96.94000244140625,10.70000000831196,10.203316438804052,0.37564124602044413,0.5614989219383728,0.014964492151217253,27.642785941584883,-12.10825092501146,0.05
NFLX,2026-03-11,0.523288,191,100.0,1.031566,96.94000244140625,10.150000007244813,10.627491375836883,0.3714877987288005,0.5462055100168177,0.015211297449373851,27.788005008951078,-12.003466697766958,0.05
NFLX,2026-03-11,0.523288,191,101.0,1.041882,96.94000244140625,10.350000133743066,11.801666440435127,0.3937611302736087,0.535950835329388,0.014389170196153656,27.862183484292245,-12.563058401931322,0.05
NFLX,2026-03-11,0.523288,191,102.0,1.052197,96.94000244140625,9.900000185636983,12.325841430429023,0.39216235421215145,0.5218180236918649,0.014485075388244967,27.9340056302669,-12.501406137888415,0.05
NFLX,2026-03-11,0.523288,191,103.0,1.062513,96.94000244140625,8.950000007982553,12.35001619087457,0.372227828195167,0.502636243272999,0.01528334678279069,27.975242592983168,-11.938528677313988,0.05
NFLX,2026-03-11,0.523288,191,104.0,1.072829,96.94000244140625,8.45000003953394,12.824191160525942,0.3679165107874037,0.48693516621873995,0.015454485154676203,27.96085034350167,-11.76712337204188,0.05
NFLX,2026-03-11,0.523288,191,105.0,1.083144,96.94000244140625,8.030000191596073,13.37836625068806,0.3659802420676301,0.47190656030912725,0.015506027219397001,27.90645927966733,-11.644529165960641,0.05
NFLX,2026-03-11,0.523288,191,106.0,1.09346,96.94000244140625,8.860000214845847,15.182541212037833,0.4084125906584822,0.47363367149801217,0.01389913556051395,27.91473236065838,-12.74606836577924,0.05
NFLX,2026-03-11,0.523288,191,107.0,1.103776,96.94000244140625,7.350000205281432,14.646716140573389,0.36642662989933555,0.443834996998381,0.015371531610248568,27.69814766444977,-11.481435027364968,0.05
NFLX,2026-03-11,0.523288,191,108.0,1.114091,96.94000244140625,6.9500000535175275,15.220890926909462,0.36378125896246416,0.42875276155447634,0.015388489630359237,27.52852063238164,-11.299359347097326,0.05
NFLX,2026-03-11,0.523288,191,109.0,1.124407,96.94000244140625,6.95000000617101,16.195065817662936,0.37526137001281334,0.42080585252374453,0.014860437484843291,27.42281351169174,-11.52490449290481,0.05
NFLX,2026-03-11,0.523288,191,110.0,1.134722,96.94000244140625,6.249999420573488,16.469240170165392,0.36070449474284755,0.39988700581553055,0.015272688429024756,27.090286718537836,-10.962479323994238,0.05
NFLX,2026-03-11,0.523288,191,111.0,1.145038,96.94000244140625,6.000001324578182,17.19341701227006,0.36218392319499026,0.38740956352336264,0.015077740868292954,26.85418640873879,-10.87108938289514,0.05
NFLX,2026-03-11,0.523288,191,112.0,1.155354,96.94000244140625,5.700000001035978,17.867590626827848,0.36137801033437833,0.37387533423564445,0.014949110012027533,26.565843861848133,-10.700246581574252,0.05
NFLX,2026-03-11,0.523288,191,114.0,1.175985,96.94000244140625,5.1999997285804795,19.315940230572323,0.3622820018073323,0.3491232007889114,0.014566400480352865,25.950489856815313,-10.41520891674982,0.05
NFLX,2026-03-11,0.523288,191,115.0,1.186301,96.94000244140625,4.849997142314415,19.94011258240623,0.35821522566454644,0.33405157396043816,0.01448687786831103,25.519102454002923,-10.11116604530754,0.05
NFLX,2026-03-11,0.523288,191,116.0,1.196616,96.94000244140625,4.599999998471237,20.664290376663033,0.35759168202642494,0.32153080209221097,0.014289425313466098,25.12746787209544,-9.913960695779734,0.05
NFLX,2026-03-11,0.523288,191,118.0,1.217248,96.94000244140625,4.749999990449059,22.762640244840824,0.38148228098841247,0.3157542023337666,0.013292725450704212,24.936469206235046,-10.382436366361869,0.05
NFLX,2026-03-11,0.523288,191,120.0,1.237879,96.94000244140625,3.700000000033917,23.660990130625663,0.35501885959687046,0.2740345564575021,0.013379544180200105,23.358195983944885,-9.066803216211904,0.05
NFLX,2026-03-11,0.523288,191,122.0,1.25851,96.94000244140625,3.4000000094951695,25.309340016286882,0.35786737410161684,0.25537420259446286,0.012805343219783176,22.53512053525342,-8.77348808392111,0.05
NFLX,2026-03-11,0.523288,191,124.0,1.279142,96.94000244140625,3.000001257339971,26.85769114033164,0.35481495556209963,0.23303125933574814,0.012293213333716675,21.44933790414361,-8.25135914052915,0.05
NFLX,2026-03-11,0.523288,191,125.0,1.289457,96.94000244140625,2.980003460836244,27.8118682819279,0.3611792732235893,0.22897222269303313,0.011958714498838067,21.239968724026387,-8.290865680260145,0.05
NFLX,2026-03-11,0.523288,191,126.0,1.299773,96.94000244140625,2.709999920667425,28.516039679859063,0.35536832110791794,0.21487864486103225,0.011721178214733466,20.48314008608011,-7.861138740016713,0.05
NFLX,2026-03-11,0.523288,191,128.0,1.320404,96.94000244140625,2.7999997800102143,30.554389415401815,0.3736339371289062,0.2129049170080181,0.01108843605128039,20.373383858665356,-8.165375517028687,0.05
NFLX,2026-03-11,0.523288,191,130.0,1.341036,96.94000244140625,2.2500000669375346,31.952739578529105,0.3587430654175713,0.1840126345815754,0.010575337448977358,18.656247922503553,-7.174361726607445,0.05
NFLX,2026-03-11,0.523288,191,132.0,1.361667,96.94000244140625,2.2500007166337213,33.90109010442525,0.3714169654992957,0.1794994490509514,0.010057013917847175,18.368654438846548,-7.2763477176540885,0.05
NFLX,2026-03-11,0.523288,191,134.0,1.382298,96.94000244140625,2.179999989088145,35.77943925307966,0.37985502546462285,0.1721792509665479,0.009577659389230142,17.890555272675847,-7.218938518453038,0.05
NFLX,2026-03-11,0.523288,191,135.0,1.392614,96.94000244140625,1.930003356381647,36.503617558473124,0.37147045873718565,0.15847774305379642,0.009282104011395393,16.955760291297967,-6.689902936979478,0.05
NFLX,2026-03-11,0.523288,191,136.0,1.40293,96.94000244140625,1.7200000389816523,37.26778917917312,0.3645390714062636,0.14621400259813044,0.008966123075706314,16.072940404358054,-6.221163660751891,0.05
NFLX,2026-03-11,0.523288,191,138.0,1.423561,96.94000244140625,1.8300000122755726,39.326139028667,0.38265062987699594,0.14849089920262298,0.008630654149514808,16.240249675995848,-6.566022697246132,0.05
NFLX,2026-03-11,0.523288,191,140.0,1.444192,96.94000244140625,1.6999965498043696,41.144485442395776,0.38548662860610194,0.13900287381288984,0.00819380754014081,15.532509665119766,-6.309859151253511,0.05
NFLX,2026-03-11,0.523288,191,142.0,1.464824,96.94000244140625,1.4500014677877786,42.84284023657915,0.3793150747732402,0.1232982280028615,0.007665139744593362,14.29771826938912,-5.707113696693683,0.05
NFLX,2026-03-11,0.523288,191,144.0,1.485455,96.94000244140625,1.1600002861371337,44.50118893112848,0.3679338277403473,0.10466580547570303,0.007031268992747565,12.721841689893907,-4.921803395142738,0.05
NFLX,2026-03-11,0.523288,191,145.0,1.495771,96.94000244140625,1.380000005599058,45.69536358869037,0.38951988303822577,0.11600201198359805,0.007149985900525704,13.695609733339154,-5.5905654048016515,0.05
NFLX,2026-03-11,0.523288,191,146.0,1.506086,96.94000244140625,1.1000012764119944,46.389539797603305,0.3727933087604996,0.09910001420445125,0.006669023291727684,12.225789058384354,-4.780200831466647,0.05
NFLX,2026-03-11,0.523288,191,148.0,1.526718,96.94000244140625,1.0499980988447515,48.28788649623601,0.37803025843849397,0.09427797032315705,0.006340040148436595,11.785964447266782,-4.661637373410381,0.05
NFLX,2026-03-11,0.523288,191,150.0,1.547349,96.94000244140625,0.9099997702271265,50.096238043818374,0.3747397935574509,0.08405292595355507,0.0058719267019843886,10.820740807596625,-4.236410298290308,0.05
NFLX,2026-03-11,0.523288,191,152.0,1.56798,96.94000244140625,0.8500004382026765,51.98458858799387,0.3778513607671687,0.07880109891119813,0.005546954626691807,10.30675990843473,-4.060560140894637,0.05
NFLX,2026-03-11,0.523288,191,154.0,1.588611,96.94000244140625,0.7900000152991691,53.872938041290325,0.3804226906916525,0.07362998427706595,0.005232061794480456,9.787816824480112,-3.875186318227363,0.05
NFLX,2026-03-11,0.523288,191,155.0,1.598927,96.94000244140625,0.6499995961762366,54.707112560267376,0.36946146611415426,0.06368695087477932,0.004816918246597367,8.751550036788611,-3.365658179346642,0.05
NFLX,2026-03-11,0.523288,191,156.0,1.609243,96.94000244140625,0.7400007607002284,55.771288662891365,0.38350088302356755,0.06917816146671366,0.004947473658039287,9.330317322156999,-3.7172528545285752,0.05
NFLX,2026-03-11,0.523288,191,158.0,1.629874,96.94000244140625,0.6600008238537347,57.63963860224483,0.38266982792420823,0.06278843472300813,0.004599488238613277,8.655263403436292,-3.4360461833689895,0.05
NFLX,2026-03-11,0.523288,191,160.0,1.650505,96.94000244140625,0.639998564329666,59.56798621892074,0.3881753296582687,0.06046331224163239,0.004402601038973048,8.403956923957876,-3.378097673829333,0.05
NFLX,2026-03-11,0.523288,191,162.0,1.671137,96.94000244140625,0.5799996182868679,61.456337149077896,0.38844732662282105,0.05548796092844206,0.00411237188655591,7.855450093432625,-3.155582200483714,0.05
NFLX,2026-03-11,0.523288,191,164.0,1.691768,96.94000244140625,0.6449999054881639,63.46968731247915,0.40404573898176654,0.0590020597384062,0.004149371792128954,8.244407254782635,-3.4366071628353607,0.05
NFLX,2026-03-11,0.523288,191,165.0,1.702084,96.94000244140625,0.8599999732952259,64.65886231838621,0.4319306305803453,0.07184005536385438,0.004522109923973311,9.60509520273922,-4.269314025761602,0.05
NFLX,2026-03-11,0.523288,191,166.0,1.712399,96.94000244140625,1.3349999974861682,66.10803728067714,0.4797778662841299,0.09664254236822106,0.005087411842028557,12.002830154467583,-5.904091775833121,0.05
NFLX,2026-03-11,0.523288,191,168.0,1.733031,96.94000244140625,0.5299985419789541,67.25138570136988,0.4037460257541026,0.0497696592172518,0.0036293411295693465,7.205806675193422,-2.994577255222184,0.05
NFLX,2026-03-11,0.523288,191,170.0,1.753662,96.94000244140625,0.48000015670552765,69.14973719229644,0.4035652805338809,0.04565785864755496,0.0033886822105613284,6.724983052480551,-2.7904945557190346,0.05
NFLX,2026-03-11,0.523288,191,172.0,1.774293,96.94000244140625,0.40000000013385373,71.01808691192473,0.3977315229141672,0.03935958039088224,0.0030493838830852812,5.9641515327878745,-2.437340920506748,0.05
NFLX,2026-03-11,0.523288,191,174.0,1.794925,96.94000244140625,0.4400000008048446,73.00643678879567,0.4109224561732237,0.04170528885052438,0.0030935115519198403,6.251124849818615,-2.6345580156420096,0.05
NFLX,2026-03-11,0.772603,282,49.0,0.505467,96.94000244140625,50.686783205212464,0.8899988205173344,0.5410206555574752,0.9602608151964203,0.0018593914030260446,7.3037678625320615,-4.677303259624896,0.05
NFLX,2026-03-11,0.772603,282,50.0,0.515783,96.94000244140625,49.59467913431604,0.7600012405741978,0.509761838920622,0.9631001439782086,0.001857667988322367,6.875395960260531,-4.456599239782698,0.05
NFLX,2026-03-11,0.772603,282,51.0,0.526099,96.94000244140625,49.02257154219668,1.150000139408128,0.5470656618876293,0.9511826988023308,0.0021706453754861857,8.621654789752048,-5.211670957232151,0.05
NFLX,2026-03-11,0.772603,282,52.0,0.536414,96.94000244140625,47.76046491050904,0.8499999986737805,0.4972181729598766,0.9583677520788757,0.0021010680240804943,7.584892033655051,-4.697861514833859,0.05
NFLX,2026-03-11,0.772603,282,53.0,0.54673,96.94000244140625,46.83835841865592,0.8899999977739412,0.49005331666046437,0.9560712490982248,0.0022263460720038956,7.921333589523218,-4.8043663951909625,0.05
NFLX,2026-03-11,0.772603,282,54.0,0.557046,96.94000244140625,46.086251930263956,1.100000000335264,0.5025310399672646,0.9487595960680001,0.0024560753823223043,8.96121466099271,-5.208687534776892,0.05
NFLX,2026-03-11,0.772603,282,55.0,0.567361,96.94000244140625,45.35414542102544,1.3299999820500403,0.5141481675939201,0.9412719800721289,0.00267380788681218,9.981154744967496,-5.615744929571201,0.05
NFLX,2026-03-11,0.772603,282,56.0,0.577677,96.94000244140625,44.262037751464725,1.199998803442611,0.488395833458302,0.9432760945716112,0.0027389843009810576,9.712338042525175,-5.428753349954929,0.05
NFLX,2026-03-11,0.772603,282,57.0,0.587993,96.94000244140625,43.40993242895383,1.3099999718850057,0.4870638479031674,0.9387903453263075,0.0029154774910130415,10.30998147062278,-5.629627079067102,0.05
NFLX,2026-03-11,0.772603,282,58.0,0.598308,96.94000244140625,42.537823868045315,1.3999979019297797,0.48327097758696014,0.9348007054170065,0.0030864480241929995,10.8295891078851,-5.791097748352871,0.05
NFLX,2026-03-11,0.772603,282,59.0,0.608624,96.94000244140625,41.715719504199214,1.5400000290369675,0.4834919707935237,0.929463988300879,0.003278306384963542,11.508033099728273,-6.020168616531636,0.05
NFLX,2026-03-11,0.772603,282,60.0,0.61894,96.94000244140625,40.843612984607056,1.6300000003980912,0.4788272274056337,0.925362275799573,0.0034567036362187944,12.017199764109273,-6.166932138187681,0.05
NFLX,2026-03-11,0.772603,282,61.0,0.629255,96.94000244140625,39.87150649352397,1.6200000002682913,0.465807411035281,0.9237029554285315,0.003613366458474501,12.220267123430894,-6.167453813907123,0.05
NFLX,2026-03-11,0.772603,282,62.0,0.639571,96.94000244140625,39.04939907955214,1.759999077249752,0.4648460457999283,0.9181514154887119,0.0038186635052948736,12.887919899560943,-6.374898704476001,0.05
NFLX,2026-03-11,0.772603,282,63.0,0.649887,96.94000244140625,38.2072934862085,1.8799999748594018,0.46181399434469717,0.9130529709965332,0.0040220361512726625,13.48575779825654,-6.545677942151485,0.05
NFLX,2026-03-11,0.772603,282,64.0,0.660202,96.94000244140625,37.62518702342265,2.260000003026839,0.4764337192051711,0.902014950135433,0.00425914591824701,14.732868295535997,-7.033397401960497,0.05
NFLX,2026-03-11,0.772603,282,65.0,0.670518,96.94000244140625,36.64308053130577,2.240000001863251,0.4627127215472334,0.8999214171725278,0.004453787636216377,14.962468246056533,-7.010285417796799,0.05
NFLX,2026-03-11,0.772603,282,66.0,0.680833,96.94000244140625,35.62097404148578,2.1800000029965503,0.44655970584063065,0.8986847417337236,0.004656413516593587,15.097094405779186,-6.937890931425164,0.05
NFLX,2026-03-11,0.772603,282,67.0,0.691149,96.94000244140625,34.87886417602418,2.399996628488239,0.4486443331902297,0.8910006866463447,0.004886595484999745,15.917353905465864,-7.19627832673903,0.05
NFLX,2026-03-11,0.772603,282,68.0,0.701465,96.94000244140625,34.25676104351926,2.73999998693661,0.4570536275026685,0.8809300093380157,0.005108412548263798,16.95178438052287,-7.571168478125737,0.05
NFLX,2026-03-11,0.772603,282,69.0,0.71178,96.94000244140625,33.2446545539217,2.6899999882923353,0.44183222796712246,0.878815861509137,0.005350347895916648,17.163336192043385,-7.505029704666978,0.05
NFLX,2026-03-11,0.772603,282,70.0,0.722096,96.94000244140625,32.58254880643452,2.9900007317584425,0.44658204763070525,0.8695253742936624,0.005573341438060113,18.07087605307784,-7.808151912197401,0.05
NFLX,2026-03-11,0.772603,282,71.0,0.732412,96.94000244140625,31.770441747433956,3.1400001637111643,0.4423788408673764,0.8631628087196279,0.0058135414001900965,18.672282631748907,-7.940939681376818,0.05
NFLX,2026-03-11,0.772603,282,72.0,0.742727,96.94000244140625,30.968335118443655,3.3000000256741657,0.43842510406284635,0.8565003033963703,0.0060585100175216755,19.285173064370372,-8.074871813484155,0.05
NFLX,2026-03-11,0.772603,282,73.0,0.753043,96.94000244140625,30.266228602809868,3.5600000009936394,0.43919633348906445,0.8479792004593338,0.006286075106160126,20.044746491918087,-8.294195622561745,0.05
NFLX,2026-03-11,0.772603,282,74.0,0.763359,96.94000244140625,29.414122110981516,3.670000000118577,0.4321229207295628,0.8419585942089072,0.006554956640324006,20.56550709503349,-8.361493991567983,0.05
NFLX,2026-03-11,0.772603,282,75.0,0.773674,96.94000244140625,28.8320136805657,4.049998060656051,0.43763197082412875,0.8314312879631098,0.006749398481696993,21.445511418447882,-8.662128999647777,0.05
NFLX,2026-03-11,0.772603,282,76.0,0.78399,96.94000244140625,28.06990881960791,4.249999690651563,0.4341251893413358,0.8237586068007661,0.0069998768658863526,22.06315838623037,-8.787902833015808,0.05
NFLX,2026-03-11,0.772603,282,77.0,0.794306,96.94000244140625,27.227802570076392,4.369999932073327,0.42678519242651286,0.8171140294878109,0.007287823630210101,22.58236867432648,-8.836403701323915,0.05
NFLX,2026-03-11,0.772603,282,78.0,0.804621,96.94000244140625,26.575696143054316,4.67999999600454,0.42752433705443393,0.8076228532676806,0.007506247491019479,23.299468723097114,-9.032213297818876,0.05
NFLX,2026-03-11,0.772603,282,79.0,0.814937,96.94000244140625,25.703590644719,4.770000988622513,0.4185267610158307,0.8010096360319345,0.00782657203751487,23.782478668845584,-9.038919545615528,0.05
NFLX,2026-03-11,0.772603,282,80.0,0.825253,96.94000244140625,25.301482653920047,5.329999488776849,0.42868320932089743,0.7883317737565905,0.007926721137229297,24.671317925658087,-9.400483559391123,0.05
NFLX,2026-03-11,0.772603,282,81.0,0.835568,96.94000244140625,24.509376586432154,5.499999912242245,0.422391426816313,0.7803990400746221,0.008218265460547167,25.20330857827273,-9.446604911174738,0.05
NFLX,2026-03-11,0.772603,282,82.0,0.845884,96.94000244140625,23.99727018485232,5.950000001615692,0.426773347571085,0.7693541855092492,0.008363210916074967,25.91389147180994,-9.6864050937981,0.05
NFLX,2026-03-11,0.772603,282,83.0,0.8562,96.94000244140625,22.98516369266695,5.900000000383628,0.4115871808075492,0.7632526285853058,0.00879822252799686,26.291724842876807,-9.553397560507008,0.05
NFLX,2026-03-11,0.772603,282,84.0,0.866515,96.94000244140625,22.91305720136866,6.790000000038617,0.4314220577590413,0.748348171145431,0.00867466154341902,27.171723185580678,-10.067948026571955,0.05
NFLX,2026-03-11,0.772603,282,85.0,0.876831,96.94000244140625,22.110950785276216,6.950000074899464,0.42358425891808277,0.7398706119574661,0.008989276059532057,27.645651366130863,-10.059055588724503,0.05
NFLX,2026-03-11,0.772603,282,86.0,0.887147,96.94000244140625,21.648845539828443,7.450001320404979,0.42768580737160833,0.7288226020247938,0.009092861629901715,28.234995142552812,-10.265112990926154,0.05
NFLX,2026-03-11,0.772603,282,87.0,0.897462,96.94000244140625,20.68674007859653,7.450002350126354,0.41381499377744013,0.7208934271287282,0.009531977148796483,28.638582052519542,-10.129411980430534,0.05
NFLX,2026-03-11,0.772603,282,88.0,0.907778,96.94000244140625,20.274636328864965,8.000005091348072,0.41886967738842923,0.7094597262554893,0.00959910201395855,29.192536098566872,-10.338444891124666,0.05
NFLX,2026-03-11,0.772603,282,89.0,0.918094,96.94000244140625,19.21253040663997,7.90000566007636,0.40142547339931595,0.7012835652625752,0.010145299003024641,29.568689434930658,-10.120078660868012,0.05
NFLX,2026-03-11,0.772603,282,90.0,0.928409,96.94000244140625,19.35042400094124,9.000005745330924,0.4240067083480519,0.6876892445955813,0.009796380591138139,30.157870603080887,-10.641073718939202,0.05
NFLX,2026-03-11,0.772603,282,91.0,0.938725,96.94000244140625,18.108316896793887,8.720005132136862,0.4003687903358996,0.6791812236778586,0.010493808002324915,30.503918108415487,-10.290260256280233,0.05
NFLX,2026-03-11,0.772603,282,92.0,0.949041,96.94000244140625,17.606208324306316,9.18000305060258,0.4009013622864704,0.6679448360174461,0.01062781910147143,30.93456277213837,-10.38314656623615,0.05
NFLX,2026-03-11,0.772603,282,93.0,0.959356,96.94000244140625,17.464099003575903,10.000000220825456,0.4125289365718515,0.6562563407592839,0.010467330943099776,31.351091758597274,-10.677580745492191,0.05
NFLX,2026-03-11,0.772603,282,94.0,0.969672,96.94000244140625,16.8419917684828,10.339999476685634,0.4083820157337873,0.6453860575631526,0.010694687978016943,31.710057046255756,-10.666730701948335,0.05
NFLX,2026-03-11,0.772603,282,95.0,0.979988,96.94000244140625,16.35988612183082,10.820000320986935,0.40833921585150945,0.6343555962161624,0.010809343451542403,32.04665486358104,-10.72544305532724,0.05
NFLX,2026-03-11,0.772603,282,96.0,0.990303,96.94000244140625,15.82778081071735,11.250001500826755,0.4064041691359291,0.6232503276161436,0.010966221616774198,32.35768697497986,-10.739893839693055,0.05
NFLX,2026-03-11,0.772603,282,97.0,1.000619,96.94000244140625,14.30000111752144,10.684328298584148,0.37368173277181255,0.6102443226099499,0.01204780890716092,32.686787157882755,-10.147599234923888,0.05
NFLX,2026-03-11,0.772603,282,98.0,1.010935,96.94000244140625,14.15000134385594,11.496435015871924,0.3829824135962206,0.5990021510081983,0.011846639764254365,32.94096448546388,-10.360350454848492,0.05
NFLX,2026-03-11,0.772603,282,99.0,1.02125,96.94000244140625,13.750000611874334,12.058540774843607,0.3842594123547753,0.5874514604184528,0.011890477285738658,33.17310309325544,-10.40931546430131,0.05
NFLX,2026-03-11,0.772603,282,100.0,1.031566,96.94000244140625,13.000000018180366,12.270646672102941,0.37469522397287136,0.5744069204132897,0.01227744817497643,33.400161250440306,-10.2333197895254,0.05
NFLX,2026-03-11,0.772603,282,101.0,1.041882,96.94000244140625,12.790000053621696,13.022753198497554,0.38098381137798215,0.5636685694617657,0.012132328476569587,33.55930659307798,-10.366939697763105,0.05
NFLX,2026-03-11,0.772603,282,102.0,1.052197,96.94000244140625,11.90000022501355,13.09485986084269,0.36671382037548556,0.5490103178524213,0.012670909731389205,33.73629386829804,-10.07247381384482,0.05
NFLX,2026-03-11,0.772603,282,103.0,1.062513,96.94000244140625,12.540001075265401,14.69696720204783,0.3974521459037037,0.5444627159016966,0.011706728923759615,33.78179364984119,-10.701241165807973,0.05
NFLX,2026-03-11,0.772603,282,104.0,1.072829,96.94000244140625,11.10000117014836,14.219073787884085,0.3663475483652246,0.524981327450547,0.012755076020412835,33.92646711922223,-10.033096006191844,0.05
NFLX,2026-03-11,0.772603,282,105.0,1.083144,96.94000244140625,10.65000067075048,14.731179779439472,0.3642019840166428,0.5124628278001125,0.012849156640538305,33.97654601793178,-9.959614441294637,0.05
NFLX,2026-03-11,0.772603,282,106.0,1.09346,96.94000244140625,11.370000852649184,16.413286452291473,0.39616174501507834,0.5113532335975921,0.011813551299988042,33.979368556288556,-10.621702846486404,0.05
NFLX,2026-03-11,0.772603,282,107.0,1.103776,96.94000244140625,10.349999598855263,16.35539168945084,0.37661207764247046,0.4935952580552909,0.012430216750899035,33.98875381020393,-10.159016480435865,0.05
NFLX,2026-03-11,0.772603,282,108.0,1.114091,96.94000244140625,10.599999652600665,17.56749823414954,0.39413839489633623,0.489178106945634,0.011874637154006787,33.980627006691776,-10.508547198126593,0.05
NFLX,2026-03-11,0.772603,282,109.0,1.124407,96.94000244140625,10.250001118725486,18.17960619122765,0.39373134432134316,0.4784089089112323,0.011873869395802853,33.943338397997636,-10.455395917009582,0.05
NFLX,2026-03-11,0.772603,282,110.0,1.134722,96.94000244140625,8.800004962837257,17.691716526292694,0.3605239131468731,0.4528411127452286,0.012895741008381895,33.75535464440081,-9.630645112016701,0.05
NFLX,2026-03-11,0.772603,282,111.0,1.145038,96.94000244140625,9.550005156007373,19.403823210416107,0.39208471007999385,0.4567664484718248,0.01187103993674979,33.79332843669636,-10.311259352955753,0.05
NFLX,2026-03-11,0.772603,282,112.0,1.155354,96.94000244140625,9.150006566145365,19.965931111507388,0.3893642892278529,0.4451410661152595,0.011910791183995269,33.671233367205446,-10.18465021873693,0.05
NFLX,2026-03-11,0.772603,282,114.0,1.175985,96.94000244140625,8.150004563139277,20.890142090407878,0.37705120790797275,0.4180607633825264,0.012154494143557465,33.27357933044507,-9.738047428908706,0.05
NFLX,2026-03-11,0.772603,282,115.0,1.186301,96.94000244140625,7.470001377836695,21.172245396058585,0.3649222256489607,0.400598278591987,0.01242970699880697,32.932409175017575,-9.345656111215831,0.05
NFLX,2026-03-11,0.772603,282,116.0,1.196616,96.94000244140625,7.250000288196869,21.91435079737205,0.3664004011202664,0.3911319906355042,0.012299492791487218,32.719408149118856,-9.29176991010744,0.05
NFLX,2026-03-11,0.772603,282,118.0,1.217248,96.94000244140625,7.550000028314468,24.13856351939623,0.39144370968902,0.3870319670652613,0.011477981501676901,32.62098988266055,-9.762251919431893,0.05
NFLX,2026-03-11,0.772603,282,120.0,1.237879,96.94000244140625,5.9999999892416795,24.512776462229994,0.3581799159081479,0.34542470891541655,0.012077640026339343,31.408385158267155,-8.654763421536154,0.05
NFLX,2026-03-11,0.772603,282,122.0,1.25851,96.94000244140625,6.029999890569368,26.46698934546427,0.3734582217179052,0.3377425870329136,0.011485006883657832,31.14121703198435,-8.86200891611422,0.05
NFLX,2026-03-11,0.772603,282,124.0,1.279142,96.94000244140625,5.989999154688732,28.35120159149021,0.3859752983319482,0.32918643695950556,0.01100058512991385,30.827449452291628,-8.99642385177849,0.05
NFLX,2026-03-11,0.772603,282,125.0,1.289457,96.94000244140625,4.999999990052025,28.3233089178068,0.3599059314521722,0.30037487178659006,0.011344112855695705,29.64297850082992,-8.110295733534132,0.05
NFLX,2026-03-11,0.772603,282,126.0,1.299773,96.94000244140625,5.449999997700004,29.73541541640806,0.3814840560819433,0.30887050225396917,0.010836045968674527,30.013008194651288,-8.63427922213824,0.05
NFLX,2026-03-11,0.772603,282,128.0,1.320404,96.94000244140625,5.099999909869073,31.309628310483703,0.3823770726689844,0.2932341714691091,0.010560503195590147,29.31829787057594,-8.421422016427881,0.05
NFLX,2026-03-11,0.772603,282,130.0,1.341036,96.94000244140625,4.100000000254074,32.23384138277528,0.3593078937815863,0.258199829407215,0.010556652952933019,27.539452341857302,-7.450265979023201,0.05
NFLX,2026-03-11,0.772603,282,132.0,1.361667,96.94000244140625,4.080000002354097,34.13805436678189,0.3700936428577016,0.2521994076148457,0.01012375127669695,27.202911491620902,-7.533805918860505,0.05
NFLX,2026-03-11,0.772603,282,134.0,1.382298,96.94000244140625,4.000000024858874,35.982267371193245,0.3782978196676584,0.2447205334162002,0.009746573093541272,26.769981979140788,-7.5399980827630015,0.05
NFLX,2026-03-11,0.772603,282,135.0,1.392614,96.94000244140625,3.3500028373733457,36.29437667466101,0.35872814746918474,0.22060395948728356,0.00970208344906296,25.26927355971628,-6.768171332668281,0.05
NFLX,2026-03-11,0.772603,282,136.0,1.40293,96.94000244140625,3.1999999921262123,37.106480320367154,0.3579664125784506,0.21303940132668236,0.009528542714555017,24.7645853714433,-6.609631740993454,0.05
NFLX,2026-03-11,0.772603,282,138.0,1.423561,96.94000244140625,3.099999840750719,38.930693150898236,0.36408927084113796,0.20530646396000246,0.00916656990346491,24.231317732562573,-6.549628307350041,0.05
NFLX,2026-03-11,0.772603,282,140.0,1.444192,96.94000244140625,2.9999978122616575,40.754904104315756,0.369815970367073,0.1978449133681306,0.008826659872642376,23.699781952888863,-6.481053043960201,0.05
NFLX,2026-03-11,0.772603,282,142.0,1.464824,96.94000244140625,2.6700000112095506,42.34911928517023,0.36508654559375714,0.18174554505581908,0.008486211397308707,22.494273485448677,-6.0621550045603705,0.05
NFLX,2026-03-11,0.772603,282,144.0,1.485455,96.94000244140625,2.3799999931297506,43.983332248997016,0.36102230926098827,0.1668644542318854,0.008128270242311667,21.305634412116284,-5.6676473628966395,0.05
NFLX,2026-03-11,0.772603,282,145.0,1.495771,96.94000244140625,2.4099999901777984,44.97543873699831,0.3669057273533909,0.16665737196583852,0.007991526041462407,21.288570818690708,-5.742213789631546,0.05
NFLX,2026-03-11,0.772603,282,146.0,1.506086,96.94000244140625,2.5500034418005875,46.07754867957439,0.37787402920142044,0.17091172630088103,0.00788627388817519,21.636210440822936,-5.9919606453949275,0.05
NFLX,2026-03-11,0.772603,282,148.0,1.526718,96.94000244140625,2.239995537481363,47.69175375716175,0.3718083508291605,0.1555103339398058,0.007537783032209288,20.348156485628245,-5.537945522997848,0.05
NFLX,2026-03-11,0.772603,282,150.0,1.547349,96.94000244140625,1.9500002719993166,49.32597147358628,0.3654277446617383,0.14046802278431847,0.007164428246663404,19.0083907712577,-5.078668686851821,0.05
NFLX,2026-03-11,0.772603,282,152.0,1.56798,96.94000244140625,1.9800006142378486,51.280184797731394,0.3751160776244644,0.1395959126313691,0.006949915895625158,18.928121895167553,-5.17263668934089,0.05
NFLX,2026-03-11,0.772603,282,154.0,1.588611,96.94000244140625,1.8699999489492392,53.09439711434936,0.3771207550503612,0.13262623663974488,0.006674819066869771,18.27604543530466,-5.009766266586759,0.05
NFLX,2026-03-11,0.772603,282,155.0,1.598927,96.94000244140625,1.889999959178013,54.07650361553142,0.3821021790090818,0.1325409828111322,0.006584882490080802,18.267951085198458,-5.065269653440129,0.05
NFLX,2026-03-11,0.772603,282,156.0,1.609243,96.94000244140625,0.48000000319612646,53.62861015050282,0.28369141413535026,0.0517250395933252,0.0043833849881765845,9.028552019231473,-1.884304857858482,0.05
NFLX,2026-03-11,0.772603,282,158.0,1.629874,96.94000244140625,1.740003273705426,56.8128264029187,0.3850563379123279,0.12303207943845718,0.0062048360429927465,17.346700603357164,-4.832034582134706,0.05
NFLX,2026-03-11,0.772603,282,160.0,1.650505,96.94000244140625,1.3000025492930458,58.297038660412895,0.36507382124290166,0.10014991811068585,0.005647889368646403,14.970254006705145,-3.957333381548347,0.05
NFLX,2026-03-11,0.772603,282,162.0,1.671137,96.94000244140625,1.5400000393505167,60.46124913237695,0.3875617091723907,0.11054028148963907,0.00571405016080223,16.07856210684331,-4.491543683343249,0.05
NFLX,2026-03-11,0.772603,282,164.0,1.691768,96.94000244140625,1.1399998407204945,61.9854619156535,0.36759922713231113,0.08913375880530411,0.005147326908808131,13.73784580424101,-3.6432190207121287,0.05
NFLX,2026-03-11,0.772603,282,165.0,1.702084,96.94000244140625,1.2899969026770393,63.097565468563346,0.38154509253229607,0.09628751956343085,0.00525060037967542,14.5451141565021,-3.9937131822035585,0.05
NFLX,2026-03-11,0.772603,282,166.0,1.712399,96.94000244140625,0.4199999977304625,63.189675054570046,0.30711857812523785,0.04321896618472663,0.0035060679377753915,7.8178748198713786,-1.7423304346702857,0.05
NFLX,2026-03-11,0.772603,282,168.0,1.733031,96.94000244140625,1.1499998853881506,65.84388792413432,0.3814260035730104,0.08735014028547927,0.004886556267652972,13.532420925323008,-3.70629446153095,0.05
NFLX,2026-03-11,0.772603,282,170.0,1.753662,96.94000244140625,1.199999972447463,67.8181009931002,0.3914977458727924,0.08883088088214969,0.004820884006098382,13.70308162048984,-3.8424158300935836,0.05
NFLX,2026-03-11,0.772603,282,172.0,1.774293,96.94000244140625,0.3599988999849786,68.9023129025443,0.3158089266728781,0.03691277946767947,0.00299940666585941,6.877364625423541,-1.5665113305811498,0.05
NFLX,2026-03-11,0.772603,282,174.0,1.794925,96.94000244140625,1.0200001602183484,71.48652714468425,0.39008171734953206,0.0775190719674139,0.004367256090995737,12.368771078438469,-3.4471879295897643,0.05
NFLX,2026-03-11,0.849315,310,49.0,0.505467,96.94000244140625,50.67726134463379,0.6999999992658843,0.49194437419345916,0.9660182917939307,0.0017160225363161336,6.73773409479975,-4.099759146020634,0.05
NFLX,2026-03-11,0.849315,310,50.0,0.515783,96.94000244140625,49.898838056512666,0.8799999988190095,0.5045853728745328,0.9597317339917153,0.001922035555479498,7.740534599688899,-4.456236954938205,0.05
NFLX,2026-03-11,0.849315,310,51.0,0.526099,96.94000244140625,48.86041476567251,0.7999999956531028,0.48197383786000797,0.9611052523821783,0.001956205922379306,7.525111100985027,-4.350651597573303,0.05
NFLX,2026-03-11,0.849315,310,52.0,0.536414,96.94000244140625,48.09199148284369,0.9900000004985401,0.4935899111469762,0.9544902327957734,0.002169101179817113,8.545175110369115,-4.704881574223839,0.05
NFLX,2026-03-11,0.849315,310,53.0,0.54673,96.94000244140625,47.09356819695132,0.9500000022804187,0.47691216288521965,0.954502036083011,0.0022444870286578308,8.543392919195853,-4.670460040639387,0.05
NFLX,2026-03-11,0.849315,310,54.0,0.557046,96.94000244140625,46.475144830787194,1.2899999237905462,0.5013212364252164,0.9440107717202181,0.002518989410211152,10.078997230688149,-5.226504381110427,0.05
NFLX,2026-03-11,0.849315,310,55.0,0.567361,96.94000244140625,45.60672161483443,1.37999999551203,0.49771078075249203,0.9403299003802841,0.002667505391552694,10.596372963459373,-5.382256137296924,0.05
NFLX,2026-03-11,0.849315,310,56.0,0.577677,96.94000244140625,44.59829831275712,1.3299999811089762,0.4808583816660873,0.9401070174177796,0.002769068204635623,10.627368147752826,-5.335242868751447,0.05
NFLX,2026-03-11,0.849315,310,57.0,0.587993,96.94000244140625,43.75987623472587,1.4500011907519834,0.47982880506299597,0.9354971841671978,0.002940260315143574,11.260222709101043,-5.527147300322863,0.05
NFLX,2026-03-11,0.849315,310,58.0,0.598308,96.94000244140625,42.891451779378194,1.540000023078555,0.47566262277786997,0.9315981961486653,0.0031038982940785886,11.783692216918144,-5.6706381915742465,0.05
NFLX,2026-03-11,0.849315,310,59.0,0.608624,96.94000244140625,42.023028468928125,1.6300000003027364,0.4712043804910772,0.9276325862720901,0.00327202463405564,12.30554253329896,-5.808673068182353,0.05
NFLX,2026-03-11,0.849315,310,60.0,0.61894,96.94000244140625,41.22460451866942,1.7899993377182852,0.4718968777642201,0.9219388558455122,0.003461448518766725,13.037065959067554,-6.029238187457082,0.05
NFLX,2026-03-11,0.849315,310,61.0,0.629255,96.94000244140625,40.286181625879856,1.809999732602968,0.4615272080795004,0.9194787603397916,0.0036233404421432266,13.346928447157278,-6.068838900488998,0.05
NFLX,2026-03-11,0.849315,310,62.0,0.639571,96.94000244140625,39.54775949195192,2.030000886349292,0.4656089915596111,0.9123131368497347,0.0038289750403022703,14.229144047327834,-6.344923515726121,0.05
NFLX,2026-03-11,0.849315,310,63.0,0.649887,96.94000244140625,38.70933534357744,2.1500000256490637,0.4619444095624729,0.9074000002751363,0.004018868814995287,14.817277952610027,-6.492276840125578,0.05
NFLX,2026-03-11,0.849315,310,64.0,0.660202,96.94000244140625,37.91091203042587,2.3100000001717405,0.46056608903958285,0.9015619515777769,0.004216422568728961,15.499260209313755,-6.676790263681461,0.05
NFLX,2026-03-11,0.849315,310,65.0,0.670518,96.94000244140625,37.10248673664423,2.459997994064352,0.4580918050097201,0.8958876141712224,0.004415890696315167,16.145285147452313,-6.841353244370962,0.05
NFLX,2026-03-11,0.849315,310,66.0,0.680833,96.94000244140625,36.354065399629526,2.669999944723898,0.45879890376023513,0.8889692757790655,0.004618317944422975,16.911459186631436,-7.058905130448586,0.05
NFLX,2026-03-11,0.849315,310,67.0,0.691149,96.94000244140625,35.415642149379,2.689999982147633,0.44800038753610416,0.8857057356111806,0.004828505162802423,17.264975715144647,-7.0757357512906465,0.05
NFLX,2026-03-11,0.849315,310,68.0,0.701465,96.94000244140625,34.75721985526862,2.990000975711503,0.4529393060954708,0.8769570618729412,0.005031357208830455,18.18863233674784,-7.36274430922184,0.05
NFLX,2026-03-11,0.849315,310,69.0,0.71178,96.94000244140625,33.958795800769366,3.150000208886496,0.44952109084308517,0.8708308044222217,0.005244289504898023,18.815320193335378,-7.502214949689867,0.05
NFLX,2026-03-11,0.849315,310,70.0,0.722096,96.94000244140625,33.11037236252849,3.260000058319868,0.4432333589191863,0.8654853834269414,0.0054695747404605154,19.349105044843306,-7.588362721161316,0.05
NFLX,2026-03-11,0.849315,310,71.0,0.732412,96.94000244140625,32.42194901910074,3.530000002566368,0.4448180450008778,0.8572891332721719,0.00567420839640858,20.144781496864635,-7.809470578919398,0.05
NFLX,2026-03-11,0.849315,310,72.0,0.742727,96.94000244140625,31.683525728974566,3.75000000011444,0.4433859116634833,0.8499267160689292,0.0058880822273940725,20.836781512289477,-7.974351527733576,0.05
NFLX,2026-03-11,0.849315,310,73.0,0.753043,96.94000244140625,30.805102769352786,3.8300003281669177,0.4350153409563653,0.8446757199731406,0.0061398654316010895,21.31759993191974,-8.013277366458038,0.05
NFLX,2026-03-11,0.849315,310,74.0,0.763359,96.94000244140625,30.116677877864397,4.099998724352787,0.43528033036101604,0.8363513169288992,0.006349469423537279,22.05877346535352,-8.200604305057453,0.05
NFLX,2026-03-11,0.849315,310,75.0,0.773674,96.94000244140625,29.508255784897784,4.449999919060431,0.4385555901463941,0.8269169532685515,0.006533382963997273,22.868498413614734,-8.436886612260453,0.05
NFLX,2026-03-11,0.849315,310,76.0,0.78399,96.94000244140625,28.599832551923257,4.499999973760154,0.42838200138114824,0.8215758677879634,0.006818569560687195,23.31306491213379,-8.431569853808572,0.05
NFLX,2026-03-11,0.849315,310,77.0,0.794306,96.94000244140625,27.891409288415602,4.74999999792675,0.4266174598471187,0.8133530239161819,0.007042192050947947,23.97846468710415,-8.570034917567641,0.05
NFLX,2026-03-11,0.849315,310,78.0,0.804621,96.94000244140625,27.332984005291337,5.149998002476735,0.4305712083307072,0.8032406903497401,0.007206681805615975,24.765962732001153,-8.80437034993136,0.05
NFLX,2026-03-11,0.849315,310,79.0,0.814937,96.94000244140625,25.90456807261895,4.680005357478606,0.399242009251938,0.803885382439781,0.007756758771120876,24.716752001725276,-8.410571065673906,0.05
NFLX,2026-03-11,0.849315,310,80.0,0.825253,96.94000244140625,25.966139406445514,5.699999978979406,0.4269875566128005,0.7860409213413497,0.00763813822861738,26.030206565526953,-9.054890921907644,0.05
NFLX,2026-03-11,0.849315,310,81.0,0.835568,96.94000244140625,25.297710328350774,5.989994188558924,0.42525740381946475,0.7771756665676084,0.007850679683889198,26.646122710814375,-9.173025764204715,0.05
NFLX,2026-03-11,0.849315,310,82.0,0.845884,96.94000244140625,24.649288711597386,6.299995859479793,0.42392815312028714,0.7680521953090038,0.008055368769246085,27.255400495960874,-9.29243147481401,0.05
NFLX,2026-03-11,0.849315,310,83.0,0.8562,96.94000244140625,24.150869574413505,6.760000009970156,0.4276328551006461,0.7576440320326543,0.0081805189495405,27.920732110276987,-9.4938462239929,0.05
NFLX,2026-03-11,0.849315,310,84.0,0.866515,96.94000244140625,23.612447187507165,7.180000910738087,0.42938339758886757,0.7476907546353203,0.008324367841880809,28.52800440981064,-9.654805437143306,0.05
NFLX,2026-03-11,0.849315,310,85.0,0.876831,96.94000244140625,22.734025392042284,7.26000240294745,0.4189753241789611,0.740035636771827,0.008665181986518179,28.976172333511613,-9.59736435356722,0.05
NFLX,2026-03-11,0.849315,310,86.0,0.887147,96.94000244140625,22.16560620766002,7.650006506239436,0.41905940139022424,0.7301010274819859,0.0088301537794018,29.53375972450043,-9.716625716844927,0.05
NFLX,2026-03-11,0.849315,310,87.0,0.897462,96.94000244140625,21.557171799261404,7.999995385515064,0.4174360888909647,0.7203738794716671,0.009020597366873972,30.05385407053593,-9.799488214749907,0.05
NFLX,2026-03-11,0.849315,310,88.0,0.907778,96.94000244140625,21.048750666819878,8.449997540747788,0.4187734692923555,0.7101096729467861,0.009147837167316123,30.57542253085567,-9.927406324307356,0.05
NFLX,2026-03-11,0.849315,310,89.0,0.918094,96.94000244140625,20.390326763708522,8.749996925310683,0.41487982866505985,0.7004667129094571,0.009374098239060795,31.04035665268842,-9.957059638931531,0.05
NFLX,2026-03-11,0.849315,310,90.0,0.928409,96.94000244140625,19.83190073693215,9.14999418620856,0.41392379259013784,0.6903296729450511,0.00953589151612324,31.5033381162428,-10.031196093474726,0.05
NFLX,2026-03-11,0.849315,310,91.0,0.938725,96.94000244140625,19.193489779779426,9.470006516730095,0.4101442500241367,0.6803329351301999,0.0097554522275963,31.934411405542832,-10.048651030311916,0.05
NFLX,2026-03-11,0.849315,310,92.0,0.949041,96.94000244140625,18.615062749802426,9.850002774427352,0.4079769086183235,0.6700491885880966,0.009935459865651705,32.351799189918175,-10.08722901128694,0.05
NFLX,2026-03-11,0.849315,310,93.0,0.959356,96.94000244140625,17.97663662082649,10.169999933125666,0.4036946250098899,0.6597169930516785,0.010162849804270674,32.74487646267067,-10.080928898645,0.05
NFLX,2026-03-11,0.849315,310,94.0,0.969672,96.94000244140625,17.45821246441225,10.609999064385676,0.4028021925622329,0.6491282959746687,0.010302271508977607,33.120714655333664,-10.127446913180023,0.05
NFLX,2026-03-11,0.849315,310,95.0,0.979988,96.94000244140625,17.15979101547091,11.2700009031186,0.4081750199788093,0.6385982930691432,0.010273163620747667,33.46767245128112,-10.279463829618354,0.05
NFLX,2026-03-11,0.849315,310,96.0,0.990303,96.94000244140625,16.601369434500334,11.670002609822262,0.40543029099714023,0.6279968678168903,0.010442406168624371,33.79026958603394,-10.278918831896789,0.05
NFLX,2026-03-11,0.849315,310,97.0,1.000619,96.94000244140625,15.230002108397514,11.2570585713937,0.3785903524118776,0.6157701507361437,0.011294938720146542,34.12937252248068,-9.829885757094512,0.05
NFLX,2026-03-11,0.849315,310,98.0,1.010935,96.94000244140625,14.81000219014549,11.795481940815932,0.37954243228813955,0.6045743764519603,0.011358983715031966,34.40920949212562,-9.878276157714069,0.05
NFLX,2026-03-11,0.849315,310,99.0,1.02125,96.94000244140625,14.200001165308983,12.143904203653662,0.3746783026354462,0.5927926663353289,0.01159442423982132,34.67229693487258,-9.811168386971111,0.05
NFLX,2026-03-11,0.849315,310,100.0,1.031566,96.94000244140625,13.650000153967376,12.552326479986306,0.37128254459631665,0.5809659536444418,0.011778741906445435,34.90425072362143,-9.762730338037045,0.05
NFLX,2026-03-11,0.849315,310,101.0,1.041882,96.94000244140625,13.500000143850649,13.360749757543843,0.3790114000381617,0.5709371893823872,0.011595282369250988,35.07587261087249,-9.918730665921528,0.05
NFLX,2026-03-11,0.849315,310,102.0,1.052197,96.94000244140625,13.000000013092695,13.819172914460125,0.37642955441395887,0.5593017540329149,0.011731542811533194,35.246315585590324,-9.871791359377372,0.05
NFLX,2026-03-11,0.849315,310,103.0,1.062513,96.94000244140625,13.300000789563057,15.077596978604745,0.39619604937120656,0.5528232878859376,0.01117205452156756,35.32792007634476,-10.254575736426329,0.05
NFLX,2026-03-11,0.849315,310,104.0,1.072829,96.94000244140625,13.250002333027105,15.986021809743065,0.405687167656129,0.5447836136112763,0.010937887241671187,35.41600698751019,-10.436540546032841,0.05
NFLX,2026-03-11,0.849315,310,105.0,1.083144,96.94000244140625,11.650002090729494,15.34444485511969,0.3712390359895566,0.5246154471722349,0.01200580359714828,35.572939417791936,-9.734848554404145,0.05
NFLX,2026-03-11,0.849315,310,106.0,1.09346,96.94000244140625,12.250002910768387,16.90286896283284,0.39843568493637804,0.5222976336751446,0.011190135431446604,35.5851214823427,-10.26602739016934,0.05
NFLX,2026-03-11,0.849315,310,107.0,1.103776,96.94000244140625,10.649999684150771,16.261289023889475,0.36356672248733146,0.49983417642540356,0.012282547778526531,35.640802099956225,-9.518584243328002,0.05
NFLX,2026-03-11,0.849315,310,108.0,1.114091,96.94000244140625,10.299999429061707,16.869712056474654,0.36351895563785347,0.4887405485937001,0.012279269967715578,35.62660935260503,-9.478273843440515,0.05
NFLX,2026-03-11,0.849315,310,109.0,1.124407,96.94000244140625,10.000001236407584,17.52813715149479,0.36459820151238176,0.4782364482744575,0.012229570951972385,35.5877577068989,-9.456656974835866,0.05
NFLX,2026-03-11,0.849315,310,110.0,1.134722,96.94000244140625,9.800003848666428,18.286563051427876,0.36822292257861794,0.46906088644524696,0.012090747698393278,35.53357154235321,-9.48637762737411,0.05
NFLX,2026-03-11,0.849315,310,111.0,1.145038,96.94000244140625,10.20000489084417,19.644987381279876,0.3885004998691347,0.4678579812434397,0.011456934609968487,35.52506639945381,-9.88278762465032,0.05
NFLX,2026-03-11,0.849315,310,112.0,1.155354,96.94000244140625,9.029993313808667,19.433399091918616,0.3642604417592481,0.44598104195173455,0.012146601185952644,35.31357324187229,-9.282941939496181,0.05
NFLX,2026-03-11,0.849315,310,114.0,1.175985,96.94000244140625,8.399995283867248,20.720247637325713,0.3631989240342559,0.42462414273216775,0.01207487511335822,35.00274329602985,-9.122395324767226,0.05
NFLX,2026-03-11,0.849315,310,115.0,1.186301,96.94000244140625,8.099993101818889,21.378668742951604,0.3627123595626996,0.41413963225096573,0.012025235717281507,34.81214908376311,-9.035852626050366,0.05
NFLX,2026-03-11,0.849315,310,116.0,1.196616,96.94000244140625,7.980007846552311,22.217106775359284,0.367171510254451,0.40680282587898337,0.011828570234915358,34.663795254394905,-9.065609551089182,0.05
NFLX,2026-03-11,0.849315,310,118.0,1.217248,96.94000244140625,7.55000163598595,23.703947140141423,0.36997767933598374,0.3891450939732959,0.011600694965919499,34.25582358758544,-8.969927997252599,0.05
NFLX,2026-03-11,0.849315,310,120.0,1.237879,96.94000244140625,6.839999970754306,24.91079205025828,0.3636234327326891,0.36597633849687716,0.011580936787296957,33.61014882412008,-8.626765998961062,0.05
NFLX,2026-03-11,0.849315,310,122.0,1.25851,96.94000244140625,6.520000000289741,26.507638655142216,0.36793150480392234,0.3507415744809992,0.011277151897497924,33.11626040161953,-8.547186657393828,0.05
NFLX,2026-03-11,0.849315,310,124.0,1.279142,96.94000244140625,6.19999995440336,28.104485184604343,0.37151332178596086,0.33584451941223803,0.010987312509180431,32.57922511942142,-8.44335438539185,0.05
NFLX,2026-03-11,0.849315,310,125.0,1.289457,96.94000244140625,5.719999013750407,28.58290753162565,0.3630821214629912,0.32077321360762856,0.011035866633281191,31.98056924649492,-8.104633207371004,0.05
NFLX,2026-03-11,0.849315,310,126.0,1.299773,96.94000244140625,5.6699973470276355,29.491329152577123,0.3678048755616268,0.31606070325546426,0.010826450448254005,31.781797516086495,-8.13016822151124,0.05
NFLX,2026-03-11,0.849315,310,128.0,1.320404,96.94000244140625,5.949996013876021,31.68817439477401,0.3889210673698553,0.31641195695632607,0.010243470824896562,31.796805171853787,-8.516396256736535,0.05
NFLX,2026-03-11,0.849315,310,130.0,1.341036,96.94000244140625,4.66999919807688,32.32502415432337,0.359272376407448,0.2767713074483852,0.01042865260853511,29.90383649542798,-7.43288507933476,0.05
NFLX,2026-03-11,0.849315,310,132.0,1.361667,96.94000244140625,4.859998761601744,34.43187029319674,0.3768899757075816,0.27663574470384544,0.009938782495971769,29.896658796545093,-7.731287611175277,0.05
NFLX,2026-03-11,0.849315,310,134.0,1.382298,96.94000244140625,4.450000000093215,35.93871810703672,0.37386506758656185,0.2597533196835273,0.009706648052746786,28.964034324921364,-7.411449916435649,0.05
NFLX,2026-03-11,0.849315,310,135.0,1.392614,96.94000244140625,3.970000014456197,36.417141409073935,0.36226185057101357,0.24262879050428515,0.009662599504165514,27.937752306196845,-6.935723995342906,0.05
NFLX,2026-03-11,0.849315,310,136.0,1.40293,96.94000244140625,4.500000000418737,37.90556468271075,0.3861410029261376,0.2565148922336372,0.009337125377733365,28.77623641090135,-7.559884081162802,0.05
NFLX,2026-03-11,0.849315,310,138.0,1.423561,96.94000244140625,3.8000003760759675,39.12241163371648,0.3712848501056264,0.23058208001112418,0.009167264268571682,27.16576014158182,-6.865495611629931,0.05
NFLX,2026-03-11,0.849315,310,140.0,1.444192,96.94000244140625,3.3199999904927253,40.559257823481744,0.36283919058377656,0.21041309231228927,0.008901138023353867,25.77713267445013,-6.360046790463317,0.05
NFLX,2026-03-11,0.849315,310,142.0,1.464824,96.94000244140625,3.3699999741709625,42.52610438250848,0.3741416858941714,0.208524863359901,0.008586582392758868,25.640785315436112,-6.4898807259552,0.05
NFLX,2026-03-11,0.849315,310,144.0,1.485455,96.94000244140625,3.1599987515940313,44.232949735280044,0.37492350597947965,0.1977691190474638,0.008301996507179374,24.842774536765035,-6.28391143653238,0.05
NFLX,2026-03-11,0.849315,310,145.0,1.495771,96.94000244140625,2.9500000000879574,44.98137427144823,0.37077650712454596,0.18855995045036794,0.008153995876475403,24.130014251322624,-6.033542806643504,0.05
NFLX,2026-03-11,0.849315,310,146.0,1.506086,96.94000244140625,3.1000041109318506,46.08980166996636,0.38132458696826516,0.19249056911251383,0.008029511604403194,24.437615122078643,-6.263988985333285,0.05
NFLX,2026-03-11,0.849315,310,148.0,1.526718,96.94000244140625,2.870000009735165,47.77664414411821,0.3803155054405469,0.1811977597226746,0.007755123563144894,23.540063813816797,-6.005278002719008,0.05
NFLX,2026-03-11,0.849315,310,150.0,1.547349,96.94000244140625,2.399999830098846,49.223490539830394,0.36782228494244606,0.16034195837178872,0.007414702391187012,21.76740431730278,-5.3707029576163965,0.05
NFLX,2026-03-11,0.849315,310,152.0,1.56798,96.94000244140625,2.0700000091570256,50.81033729423707,0.3600178063809639,0.14416953989474335,0.007059036890154608,20.283566251056225,-4.894309833398207,0.05
NFLX,2026-03-11,0.849315,310,154.0,1.588611,96.94000244140625,2.040000126722605,52.69718398715115,0.3661630047821165,0.14072338515253635,0.006827908743728062,19.954325552001748,-4.881514594031776,0.05
NFLX,2026-03-11,0.849315,310,155.0,1.598927,96.94000244140625,2.010000635545868,53.62560778364865,0.3684036742962242,0.13840144724425124,0.006710026339332856,19.729817132428835,-4.849389945949772,0.05
NFLX,2026-03-11,0.849315,310,156.0,1.609243,96.94000244140625,2.190000009761924,54.764030445538964,0.38111464451211574,0.1450165776083971,0.006694647586816311,20.363772630781817,-5.162331123710536,0.05
NFLX,2026-03-11,0.849315,310,158.0,1.629874,96.94000244140625,1.5000001134422885,55.99087712456783,0.35150281060543487,0.1121930981168543,0.006073142207545789,17.037941964698103,-3.994514209347562,0.05
NFLX,2026-03-11,0.849315,310,160.0,1.650505,96.94000244140625,1.5600000386977264,57.96772362517177,0.361927785551801,0.11348612357969612,0.005946661436584773,17.177898053632816,-4.132168688537995,0.05
NFLX,2026-03-11,0.849315,310,162.0,1.671137,96.94000244140625,1.6300000087655402,59.954570170588084,0.3728068780520601,0.11522213422336591,0.005835869015390328,17.36458202004014,-4.288073630825461,0.05
NFLX,2026-03-11,0.849315,310,164.0,1.691768,96.94000244140625,1.7500000002659792,61.991416737437035,0.386386856243582,0.11915321009940333,0.0057661866683893686,17.782217758641774,-4.534951033774131,0.05
NFLX,2026-03-11,0.849315,310,165.0,1.702084,96.94000244140625,1.2799999878084591,62.47984001265377,0.36122651982707893,0.09618115220004125,0.005285256575018232,15.237740884664444,-3.6426106700880054,0.05
NFLX,2026-03-11,0.849315,310,166.0,1.712399,96.94000244140625,1.3299974291696,63.488260741689146,0.3676773522041895,0.09805914958100242,0.005266746403259779,15.455539480671666,-3.754224966105501,0.05
NFLX,2026-03-11,0.849315,310,168.0,1.733031,96.94000244140625,1.3399972230970363,65.41510711096512,0.37464724312702874,0.09732179195616752,0.005140239267501733,15.370243867289998,-3.7947561573701267,0.05
NFLX,2026-03-11,0.849315,310,170.0,1.753662,96.94000244140625,1.19999984733938,67.19195631055597,0.37141862753320554,0.0891834391099634,0.004860897348297125,14.409702438455804,-3.523065122952442,0.05
NFLX,2026-03-11,0.849315,310,172.0,1.774293,96.94000244140625,1.1399992096748983,69.04880224823998,0.3731901794499731,0.08506432017141136,0.004669955040034117,13.909700793803925,-3.411277395895622,0.05
NFLX,2026-03-11,0.849315,310,174.0,1.794925,96.94000244140625,1.0300012784773704,70.85565089239095,0.37089279745632936,0.0783534992861339,0.004416598514201318,13.074081974921604,-3.182981349932266,0.05
NFLX,2026-03-11,1.021918,373,50.0,0.515783,96.94000244140625,50.510624829898646,1.0800000029392365,0.48741497368548325,0.9548432273806247,0.0019900016984264125,9.314817145898365,-4.323996403310206,0.05
NFLX,2026-03-11,1.021918,373,55.0,0.567361,96.94000244140625,46.15968723240167,1.4800001668869456,0.46760234908337683,0.938636589395882,0.0026456984001886666,11.880618186546567,-4.959714399611325,0.05
NFLX,2026-03-11,1.021918,373,60.0,0.61894,96.94000244140625,42.28874930411125,2.360000000041211,0.4738857364170807,0.911113018016027,0.0034646278981289675,15.767115721330251,-5.95750640458356,0.05
NFLX,2026-03-11,1.021918,373,65.0,0.670518,96.94000244140625,37.73781149803898,2.5599999554136232,0.4293963550523219,0.8953634570251091,0.004310418000736196,17.774596936820284,-6.187261552521118,0.05
NFLX,2026-03-11,1.021918,373,70.0,0.722096,96.94000244140625,34.34687854564576,3.9200047644650837,0.4412867183785561,0.8571198197300793,0.005218447732735824,22.11486102282232,-7.211959071699031,0.05
NFLX,2026-03-11,1.021918,373,75.0,0.773674,96.94000244140625,30.72593316223122,5.0499971424952435,0.4309386877818662,0.8222938141465426,0.006163557727358599,25.5075632831647,-7.827580708445609,0.05
NFLX,2026-03-11,1.021918,373,80.0,0.825253,96.94000244140625,27.264998258897734,6.340000000606423,0.41970202245317295,0.7838490119812,0.007126204246666369,28.72244110856977,-8.334224946247662,0.05
NFLX,2026-03-11,1.021918,373,85.0,0.876831,96.94000244140625,24.424060492442713,8.249999995596099,0.4220268950629148,0.7392952526045488,0.007853961068640494,31.83104473023823,-8.934880049838043,0.05
NFLX,2026-03-11,1.021918,373,90.0,0.928409,96.94000244140625,21.703118845465546,10.279996110063621,0.4200424415606255,0.694126759287153,0.008520403593084402,34.36966990336546,-9.342819202327666,0.05
NFLX,2026-03-11,1.021918,373,95.0,0.979988,96.94000244140625,18.22218592622435,11.550000952267084,0.3906352172114915,0.6472959339176895,0.009702772117561029,36.39898266567837,-9.183216805044022,0.05
NFLX,2026-03-11,1.021918,373,100.0,1.031566,96.94000244140625,15.500001195648267,13.578753983135698,0.3773870921123252,0.596083237483924,0.010472883225723473,37.95555296052871,-9.12257545550938,0.05
NFLX,2026-03-11,1.021918,373,105.0,1.083144,96.94000244140625,13.30000347276443,16.12969402169655,0.37208574239009157,0.544420821731126,0.010873081427144413,38.85238551824488,-9.046988351476035,0.05
NFLX,2026-03-11,1.021918,373,110.0,1.134722,96.94000244140625,11.199997423871835,18.78062573424863,0.36357041891815717,0.49158624186098276,0.011194737510591087,39.0862922991054,-8.775635831502482,0.05
NFLX,2026-03-11,1.021918,373,115.0,1.186301,96.94000244140625,9.799999998792146,22.13156607061363,0.3674896486608842,0.44568046205844736,0.010974964396194886,38.73202919511563,-8.634383800047557,0.05
NFLX,2026-03-11,1.021918,373,120.0,1.237879,96.94000244140625,8.249999995976477,25.332503829242654,0.3624210738931074,0.3975023106297521,0.0108599310947341,37.79745273212892,-8.216588647146784,0.05
NFLX,2026-03-11,1.021918,373,125.0,1.289457,96.94000244140625,7.000000012344785,28.833441607055633,0.3604063464899488,0.3536972852219441,0.010527179700586442,36.43564705126718,-7.789368142000957,0.05
NFLX,2026-03-11,1.021918,373,130.0,1.341036,96.94000244140625,5.949999558164457,32.53437891431999,0.35941413517494897,0.3137155975585465,0.010068218141969095,34.7511987112048,-7.334173786075628,0.05
NFLX,2026-03-11,1.021918,373,135.0,1.392614,96.94000244140625,5.449999983908047,36.78531710150827,0.37069084594890833,0.2877165740522145,0.009388005025156354,33.420057659182,-7.1834643448216315,0.05
NFLX,2026-03-11,1.021918,373,140.0,1.444192,96.94000244140625,4.360000000699596,40.4462548797445,0.3605382321068473,0.24634716725900324,0.008923808416785351,30.89751720836596,-6.426451886792334,0.05
NFLX,2026-03-11,1.021918,373,145.0,1.495771,96.94000244140625,3.7000019238892143,44.537194564378794,0.3600551656396727,0.2165643675312891,0.00831592518798604,28.754223209558642,-5.930215448088809,0.05
NFLX,2026-03-11,1.021918,373,150.0,1.547349,96.94000244140625,3.4499999273269726,49.03813032926125,0.3712191570200561,0.20059443022855378,0.007709602345921525,27.484280885293114,-5.791714780047255,0.05
NFLX,2026-03-11,1.021918,373,155.0,1.598927,96.94000244140625,3.0000000030485676,53.33906816642752,0.3729740548679599,0.1785913584707945,0.0071437881195432085,25.58757963249537,-5.385040801803463,0.05
NFLX,2026-03-11,1.268493,463,49.0,0.505467,96.94000244140625,52.676303982165194,1.7249981577675513,0.5117267642456921,0.9431764131489593,0.002042951324920388,12.4620741352232,-4.451443019335919,0.05
NFLX,2026-03-11,1.268493,463,50.0,0.515783,96.94000244140625,51.67276099549644,1.660000000017341,0.4948445957861983,0.942991803489732,0.002118051748024591,12.493944644429497,-4.424013920417051,0.05
NFLX,2026-03-11,1.268493,463,52.0,0.536414,96.94000244140625,51.52567139935048,3.390000061708463,0.5863654253169244,0.9145580713667463,0.0024400915385365375,17.055664819973323,-5.798600071927328,0.05
NFLX,2026-03-11,1.268493,463,54.0,0.557046,96.94000244140625,48.20858280390894,1.9500011241040056,0.47138132634978364,0.9314944931475513,0.002565854760262029,14.417787585255223,-4.783402405732655,0.05
NFLX,2026-03-11,1.268493,463,55.0,0.567361,96.94000244140625,47.990036812856374,2.6699999619699852,0.5064208098041163,0.9177439584743983,0.002745793421137326,16.57576506616213,-5.357576471690653,0.05
NFLX,2026-03-11,1.268493,463,56.0,0.577677,96.94000244140625,48.73149562031862,4.350003598350774,0.5860722422073117,0.8957050890354354,0.0028278831773812622,19.756353856259633,-6.468846847219499,0.05
NFLX,2026-03-11,1.268493,463,58.0,0.598308,96.94000244140625,45.50440291122928,3.000000547098523,0.4907904283738827,0.9066425921166188,0.0031138886057463866,18.217691183282398,-5.643563852985939,0.05
NFLX,2026-03-11,1.268493,463,60.0,0.61894,96.94000244140625,43.40731562309117,2.7800029167975,0.4565478560842401,0.9054839247205922,0.0033780513820080866,18.384284748864744,-5.52689138390683,0.05
NFLX,2026-03-11,1.268493,463,62.0,0.639571,96.94000244140625,41.51022472637493,2.760001677918339,0.434178446813851,0.901165421516791,0.003670592333384708,18.997593607277928,-5.543675442024004,0.05
NFLX,2026-03-11,1.268493,463,64.0,0.660202,96.94000244140625,40.36313339242816,3.49000000180866,0.4491784014633098,0.8847469981198266,0.003964091174724382,21.22543889332689,-6.02821773227163,0.05
NFLX,2026-03-11,1.268493,463,65.0,0.670518,96.94000244140625,39.9345849273298,3.9999963656288458,0.4616037610319235,0.8750854452125173,0.004082577474252625,22.464561870269776,-6.332229107327713,0.05
NFLX,2026-03-11,1.268493,463,66.0,0.680833,96.94000244140625,39.18604303864793,4.18999930586552,0.4589129095637276,0.8696914532737077,0.0042290037880042515,23.134628411865343,-6.44089217684505,0.05
NFLX,2026-03-11,1.268493,463,68.0,0.701465,96.94000244140625,37.11895311891102,3.999999043965694,0.42917722998194513,0.8657372473000912,0.00461615947183319,23.616289030330442,-6.335404354568277,0.05
NFLX,2026-03-11,1.268493,463,70.0,0.722096,96.94000244140625,36.26186155051167,5.019997133403422,0.4488011995085688,0.8466936537389207,0.004827745302708839,25.828104694701818,-6.859907617258525,0.05
NFLX,2026-03-11,1.268493,463,72.0,0.742727,96.94000244140625,34.714774665402246,5.349999906131089,0.4393582416719249,0.8356286193675102,0.005162019031060809,27.03538496790515,-6.996572734848723,0.05
NFLX,2026-03-11,1.268493,463,74.0,0.763359,96.94000244140625,33.76768471509515,6.279999613661083,0.45053670737067913,0.8188141954605783,0.00535642435836173,28.76731549477933,-7.389119970527169,0.05
NFLX,2026-03-11,1.268493,463,75.0,0.773674,96.94000244140625,32.79913757728492,6.24999730476938,0.43836784685345936,0.8146217167785037,0.00558420973094908,29.180625205228505,-7.350657729301899,0.05
NFLX,2026-03-11,1.268493,463,76.0,0.78399,96.94000244140625,32.16059951258116,6.550004068984165,0.4374439852019608,0.8075824126166522,0.005725997438780649,29.85848568217716,-7.454719985816225,0.05
NFLX,2026-03-11,1.268493,463,78.0,0.804621,96.94000244140625,30.753505777130904,7.0199999913709945,0.43064359622436726,0.7943106983776083,0.0060549590270319,31.08303242237908,-7.588573099356548,0.05
NFLX,2026-03-11,1.268493,463,80.0,0.825253,96.94000244140625,29.806416085444795,7.949999957521982,0.4374245417425077,0.7778414706500589,0.006234551670507324,32.50892086756196,-7.8850312528707125,0.05
NFLX,2026-03-11,1.268493,463,82.0,0.845884,96.94000244140625,28.179326421208977,8.199999951123246,0.42240125141624724,0.7651613689230518,0.006660813593055367,33.53873323756837,-7.883877898376534,0.05
NFLX,2026-03-11,1.268493,463,84.0,0.866515,96.94000244140625,27.132236779044426,9.029999966795799,0.4240185592099135,0.7490824008027644,0.006877540201576875,34.76259453169907,-8.08422803084392,0.05
NFLX,2026-03-11,1.268493,463,85.0,0.876831,96.94000244140625,26.713691964343532,9.549999981013428,0.4273667786076888,0.7407024837043859,0.006941924397020237,35.36509409916317,-8.211909949307298,0.05
NFLX,2026-03-11,1.268493,463,86.0,0.887147,96.94000244140625,25.33514713320762,9.109999978796054,0.4035632387945359,0.7357360046015464,0.007423281854667051,35.710976720089675,-7.979968171614251,0.05
NFLX,2026-03-11,1.268493,463,88.0,0.907778,96.94000244140625,24.828057494918625,10.479999998344155,0.4183086946179355,0.7175424193376957,0.0074017226075869785,36.908285882785705,-8.32211469755808,0.05
NFLX,2026-03-11,1.268493,463,90.0,0.928409,96.94000244140625,24.170971085708636,11.70000324697125,0.4273225738822393,0.7008222522802635,0.007443075099909104,37.91424532063703,-8.574501898956772,0.05
NFLX,2026-03-11,1.268493,463,92.0,0.949041,96.94000244140625,23.203886989123767,12.610008808223455,0.42702248025376655,0.6847770962253403,0.007621703582563535,38.79689526666574,-8.689167027600314,0.05
NFLX,2026-03-11,1.268493,463,94.0,0.969672,96.94000244140625,22.166785298343797,13.449996775280582,0.4241126151506628,0.668613684654302,0.007834048086967301,39.606056518171926,-8.753447863596229,0.05
NFLX,2026-03-11,1.268493,463,95.0,0.979988,96.94000244140625,21.208243690733248,13.429999996588577,0.4113866671120187,0.6598980057705169,0.008158686618481487,40.009639967492994,-8.625902774135204,0.05
NFLX,2026-03-11,1.268493,463,96.0,0.990303,96.94000244140625,21.18969886356389,14.349999998337765,0.42197565382249513,0.6523176305752628,0.00802007538764053,40.342241474284016,-8.81240339899044,0.05
NFLX,2026-03-11,1.268493,463,98.0,1.010935,96.94000244140625,18.42999999970894,13.467390792319904,0.37573252750435066,0.6314767272107817,0.009191853829691636,41.16954646174185,-8.236556411170003,0.05
NFLX,2026-03-11,1.268493,463,100.0,1.031566,96.94000244140625,17.499991136083004,14.41447158653105,0.37394560929427445,0.6130914381399609,0.009376057208543951,41.79485915720136,-8.257115287395361,0.05
NFLX,2026-03-11,1.268493,463,102.0,1.052197,96.94000244140625,16.50000030530792,15.29157041359305,0.36972147840940073,0.5941868058106408,0.009606257820136018,42.33729420160212,-8.224945272294397,0.05
NFLX,2026-03-11,1.268493,463,104.0,1.072829,96.94000244140625,16.020000528467698,16.688660294589923,0.3769432681415539,0.5777258912993998,0.0095090759827569,42.727598939244935,-8.347667769854564,0.05
NFLX,2026-03-11,1.268493,463,105.0,1.083144,96.94000244140625,15.500000001256147,17.10720459629691,0.3736892649454149,0.5680330867971617,0.00963552399821887,42.92201861454487,-8.300520608267657,0.05
NFLX,2026-03-11,1.268493,463,106.0,1.09346,96.94000244140625,16.16000183395746,18.705751257916774,0.3976953013818251,0.5659545007696186,0.009061972993141723,42.960309623152504,-8.669594345759313,0.05
NFLX,2026-03-11,1.268493,463,108.0,1.114091,96.94000244140625,14.479999999909573,18.902839081705963,0.375398481924443,0.5421612512330534,0.009679125369094438,43.31345287783027,-8.312957839783156,0.05
NFLX,2026-03-11,1.268493,463,110.0,1.134722,96.94000244140625,14.189999999074814,20.489928738708286,0.38459563988454504,0.5283893219184461,0.0094767000655827,43.4465875574931,-8.437909125167474,0.05
NFLX,2026-03-11,1.268493,463,112.0,1.155354,96.94000244140625,13.399999998059315,21.577018395529876,0.38158124703748597,0.5105505631135161,0.009572470642672588,43.54168637362474,-8.353625908964615,0.05
NFLX,2026-03-11,1.268493,463,114.0,1.175985,96.94000244140625,12.800010447846553,22.854118503154197,0.38227804200768645,0.4944453220375985,0.009557438750415483,43.55269717775658,-8.319181335114553,0.05
NFLX,2026-03-11,1.268493,463,115.0,1.186301,96.94000244140625,11.96999137575584,22.962644259982028,0.37020778822469735,0.4804037495851258,0.009858096500457277,43.50436112563482,-8.07835813182023,0.05
NFLX,2026-03-11,1.268493,463,116.0,1.196616,96.94000244140625,12.19999292684524,24.13119063998998,0.3823393626834531,0.4783717946757345,0.00954278438554588,43.49289359633838,-8.263313754509504,0.05
NFLX,2026-03-11,1.268493,463,118.0,1.217248,96.94000244140625,11.119999998361777,24.928287369343593,0.3707086482794903,0.4561293821364239,0.009797013274403424,43.293290298049364,-7.980946591037414,0.05
NFLX,2026-03-11,1.268493,463,120.0,1.237879,96.94000244140625,10.149999986044651,25.835377014863553,0.360896314610026,0.4341821135599859,0.009986557169730827,42.96278428839716,-7.708606393112797,0.05
NFLX,2026-03-11,1.268493,463,122.0,1.25851,96.94000244140625,9.949999971527248,27.512466658183243,0.3683791411006538,0.4231397922487365,0.009734340787447898,42.74602707230969,-7.760328852350562,0.05
NFLX,2026-03-11,1.268493,463,124.0,1.279142,96.94000244140625,10.149999961606998,29.589556306100064,0.3847745831947912,0.4187640878457416,0.009298780113637092,42.650736375924694,-7.990916486264021,0.05
NFLX,2026-03-11,1.268493,463,125.0,1.289457,96.94000244140625,9.749999949825103,30.128101123236732,0.38106918453774113,0.4090619950625359,0.009338480106636711,42.420346126494444,-7.866990980712766,0.05
NFLX,2026-03-11,1.268493,463,126.0,1.299773,96.94000244140625,9.599999944388596,30.91664594671876,0.38311519147831996,0.40326740869877553,0.009255717893303966,42.270137603494696,-7.857932138286819,0.05
NFLX,2026-03-11,1.268493,463,128.0,1.320404,96.94000244140625,8.849999952012258,32.0437356121795,0.3761114208875927,0.38415057408778863,0.009302522104170053,41.70723616024303,-7.602628277723534,0.05
NFLX,2026-03-11,1.268493,463,130.0,1.341036,96.94000244140625,8.199999981643842,33.27082529964818,0.37084073797622996,0.36621906438793406,0.009293821858719591,41.08430641899827,-7.370509959519402,0.05
NFLX,2026-03-11,1.268493,463,132.0,1.361667,96.94000244140625,7.899999995921878,34.8479149717633,0.3735465535008371,0.3547005902521715,0.00912560663463885,40.63503678871128,-7.307347680791559,0.05
NFLX,2026-03-11,1.268493,463,134.0,1.382298,96.94000244140625,7.600002813393104,36.42500744707161,0.3758297235510507,0.3433419708507469,0.0089627705166735,40.15388590152589,-7.232584158386533,0.05
NFLX,2026-03-11,1.268493,463,135.0,1.392614,96.94000244140625,6.59000202875475,36.35355149135181,0.3550263203647147,0.31928263491945175,0.009217107346363307,39.0076130640068,-6.676795273201918,0.05
NFLX,2026-03-11,1.268493,463,136.0,1.40293,96.94000244140625,7.020000085191022,37.72209437670661,0.3706117124319315,0.32619318207622916,0.008908070186325017,39.35473112198231,-6.9791332995542215,0.05
NFLX,2026-03-11,1.268493,463,138.0,1.423561,96.94000244140625,6.529999977060637,39.10918392641332,0.36706211544279116,0.3106052333221065,0.008810541234128317,38.55106058224673,-6.756737249907054,0.05
NFLX,2026-03-11,1.268493,463,140.0,1.444192,96.94000244140625,6.249999318251504,40.706272925441255,0.3684649637002196,0.29967012015019256,0.008638450549044168,37.94252500330406,-6.6506698803834725,0.05
NFLX,2026-03-11,1.268493,463,142.0,1.464824,96.94000244140625,5.299999965464295,41.633363230491156,0.35125574296987416,0.2719917024923366,0.008653354125819607,36.23281610203766,-6.069919875258499,0.05
NFLX,2026-03-11,1.268493,463,144.0,1.485455,96.94000244140625,5.82999999465758,44.04045291752152,0.3738974847468027,0.2814501436978374,0.008266651977279937,36.844814742683035,-6.502826028818015,0.05
NFLX,2026-03-11,1.268493,463,145.0,1.495771,96.94000244140625,5.149999467443042,44.29899721922551,0.35911149742259674,0.2622363818653585,0.00830940116636122,35.570765840725734,-6.048616939466029,0.05
NFLX,2026-03-11,1.268493,463,146.0,1.506086,96.94000244140625,4.050000006376717,44.13754258707773,0.3309509416578695,0.22900509391906348,0.008383104190004547,33.07216790651666,-5.221766082478255,0.05
NFLX,2026-03-11,1.268493,463,148.0,1.526718,96.94000244140625,4.899991503095677,46.86462374163379,0.3635416478341926,0.25023011102192183,0.008010000939104731,34.712102348100885,-5.941993917885064,0.05
NFLX,2026-03-11,1.268493,463,150.0,1.547349,96.94000244140625,4.530000001382504,48.371721897757695,0.360135257253846,0.2366602955410685,0.007845801621170836,33.68194350139893,-5.701877812306897,0.05
NFLX,2026-03-11,1.268493,463,152.0,1.56798,96.94000244140625,4.480000007806087,50.19881156201835,0.3658452545629851,0.23218831760445757,0.007642248914131919,33.328271018769634,-5.707508893205956,0.05
NFLX,2026-03-11,1.268493,463,154.0,1.588611,96.94000244140625,4.000000768860389,51.59590198090976,0.3581236064265415,0.2151628727070668,0.00747612529996114,31.91565046431154,-5.348140612924691,0.05
NFLX,2026-03-11,1.268493,463,155.0,1.598927,96.94000244140625,4.200000308552312,52.734446349520226,0.36777419775587694,0.2198086685201886,0.007370276838094301,32.31165751406892,-5.53947178641058,0.05
NFLX,2026-03-11,1.268493,463,156.0,1.609243,96.94000244140625,3.0999987224358296,52.57298959232227,0.3352735022267802,0.18321880206339175,0.007248275298860205,28.968638905651545,-4.5613901430997705,0.05
NFLX,2026-03-11,1.268493,463,158.0,1.629874,96.94000244140625,3.599999989380299,54.95008051710384,0.3586171155429397,0.19752898904980148,0.007096850259704294,30.338271544984007,-5.065906352804864,0.05
NFLX,2026-03-11,1.268493,463,160.0,1.650505,96.94000244140625,3.669999984584349,56.897170170144975,0.3673557046451722,0.19740498933904854,0.006925401650438134,30.32675436704025,-5.164637094952939,0.05
NFLX,2026-03-11,1.268493,463,162.0,1.671137,96.94000244140625,2.600002587245287,57.704262430642984,0.33588980267875024,0.1585155214386017,0.006594288993511109,26.403346464095193,-4.134052931652857,0.05
NFLX,2026-03-11,1.268493,463,164.0,1.691768,96.94000244140625,2.549999985399797,59.531349486634596,0.33988620707723716,0.15472153968215463,0.006413649084622867,25.985609894160426,-4.103790496012414,0.05
NFLX,2026-03-11,1.268493,463,166.0,1.712399,96.94000244140625,3.0500000087579515,61.908439167829826,0.364357479847248,0.17079464762358765,0.006380207963307442,27.711287464783123,-4.655187709145309,0.05
NFLX,2026-03-11,1.268493,463,168.0,1.733031,96.94000244140625,2.850001257347108,63.585530074256084,0.3628110144054685,0.16203284036686633,0.006193183991761388,26.784813383678834,-4.473333436280067,0.05
NFLX,2026-03-11,1.268493,463,170.0,1.753662,96.94000244140625,2.830005255965384,65.44262373071145,0.36772174498585647,0.15961314507629987,0.006050745524636131,26.52298378700953,-4.476500422860448,0.05
NFLX,2026-03-11,1.268493,463,172.0,1.774293,96.94000244140625,1.2200041008956566,65.70971223347878,0.30111524675609463,0.09107307792531255,0.004983133637164742,17.886668563144102,-2.5034021223175635,0.05
NFLX,2026-03-11,1.268493,463,174.0,1.794925,96.94000244140625,2.5100000000708427,68.87679779049108,0.36621001067451736,0.14496989659775888,0.005699665558419194,24.88133991186563,-4.168751666408387,0.05
NFLX,2026-03-11,1.769863,646,49.0,0.505467,96.94000244140625,55.63984282376683,3.550000000246527,0.5540129769233312,0.9213600758656681,0.002053914132950118,18.925524617271073,-4.645930022984145,0.05
NFLX,2026-03-11,1.769863,646,50.0,0.515783,96.94000244140625,53.41453304756139,2.2399996039979513,0.4688265746635586,0.9351441789651447,0.002093463086743653,16.323874030229028,-4.023967661455837,0.05
NFLX,2026-03-11,1.769863,646,52.0,0.536414,96.94000244140625,54.00391468098472,4.659999997334992,0.5722200838046373,0.9057545989726856,0.0022769066178515503,21.669756048350553,-5.193056060178928,0.05
NFLX,2026-03-11,1.769863,646,54.0,0.557046,96.94000244140625,50.713295931954,3.200000008217984,0.4796648120084502,0.9153806180108524,0.002507044187167624,20.000716534386406,-4.611462706882238,0.05
NFLX,2026-03-11,1.769863,646,55.0,0.567361,96.94000244140625,49.78798655111002,3.190000007330859,0.46871533078022576,0.9134962315394064,0.0026082749614374213,20.333317269757774,-4.6307676362090735,0.05
NFLX,2026-03-11,1.769863,646,56.0,0.577677,96.94000244140625,50.672676174970235,4.98999901114793,0.5392621292947815,0.8937910205683055,0.0026363410732452085,23.645430437133136,-5.40085162894872,0.05
NFLX,2026-03-11,1.769863,646,58.0,0.598308,96.94000244140625,47.452062443878944,3.600004039970351,0.45725843831832846,0.9021682677293164,0.002928688242017165,22.273095468491448,-4.877423849736947,0.05
NFLX,2026-03-11,1.769863,646,60.0,0.61894,96.94000244140625,45.62143547941741,3.5999958354225257,0.43734484882191693,0.8975229191968337,0.0031675204560299534,23.040354139979687,-4.91593382302206,0.05
NFLX,2026-03-11,1.769863,646,62.0,0.639571,96.94000244140625,44.9908202926795,4.799999408598332,0.46629523480324864,0.8796674578355258,0.0033329663833486078,25.848635165152285,-5.419300002627292,0.05
NFLX,2026-03-11,1.769863,646,64.0,0.660202,96.94000244140625,43.41020211295886,5.049999988791406,0.4553722176610413,0.8716777401551263,0.0035698722531955075,27.037399128908174,-5.532770015345603,0.05
NFLX,2026-03-11,1.769863,646,65.0,0.670518,96.94000244140625,42.3948927249064,4.9499999806958,0.4416917088657532,0.8696260383025058,0.003721123778438246,27.336258319123843,-5.506387450011255,0.05
NFLX,2026-03-11,1.769863,646,66.0,0.680833,96.94000244140625,44.67958217193545,8.149998807681705,0.540664419594609,0.8454579867776376,0.003410766378684018,30.670825823101012,-6.548675553407531,0.05
NFLX,2026-03-11,1.769863,646,68.0,0.701465,96.94000244140625,41.398964357510714,6.69999975317068,0.4715624246658574,0.8461226202714067,0.003899443155836309,30.583521628391594,-6.105546042488203,0.05
NFLX,2026-03-11,1.769863,646,70.0,0.722096,96.94000244140625,39.298345655774845,6.42999981134853,0.44245772576528414,0.8408110927834447,0.004249852861611872,31.274572583667116,-6.019744832679425,0.05
NFLX,2026-03-11,1.769863,646,72.0,0.742727,96.94000244140625,37.887726477880584,6.849999393367973,0.4356988855866477,0.8303661359880696,0.004497308453556253,32.59003527396461,-6.1418507205575406,0.05
NFLX,2026-03-11,1.769863,646,74.0,0.763359,96.94000244140625,36.207107444630296,6.999999120031404,0.42054478807325696,0.8213578002434048,0.004815162359867081,33.679752909509745,-6.1721616983787335,0.05
NFLX,2026-03-11,1.769863,646,75.0,0.773674,96.94000244140625,35.791797706259636,7.499998761617597,0.4253955275919478,0.8140052493173275,0.004881758058053062,34.539407049985634,-6.306754252641591,0.05
NFLX,2026-03-11,1.769863,646,76.0,0.78399,96.94000244140625,35.5764882599583,8.199998695273116,0.4354484026762899,0.8057932743831067,0.00489738238202324,35.468794047553125,-6.4901396222094005,0.05
NFLX,2026-03-11,1.769863,646,78.0,0.804621,96.94000244140625,34.29586981698525,8.749999012213785,0.430635053903725,0.7939942536336776,0.005130859954032801,36.74897630669128,-6.604494004480904,0.05
NFLX,2026-03-11,1.769863,646,80.0,0.825253,96.94000244140625,33.21525155681929,9.499999511961526,0.4305776225440247,0.7811827071968132,0.005315689318225962,38.06770996479408,-6.756243860216707,0.05
NFLX,2026-03-11,1.769863,646,82.0,0.845884,96.94000244140625,32.364633174245256,10.479999889301212,0.4355752955505326,0.767697851516738,0.005435606968988918,39.37830268893944,-6.948433650934675,0.05
NFLX,2026-03-11,1.769863,646,84.0,0.866515,96.94000244140625,31.254014525180324,11.200000000149984,0.4331101184711737,0.755009086580561,0.00562799692739943,40.54132027003213,-7.057341140119181,0.05
NFLX,2026-03-11,1.769863,646,85.0,0.876831,96.94000244140625,30.25870514518045,11.12000000010697,0.4209413875431674,0.749443217162234,0.005860567474095403,41.03051847768948,-6.998932542454417,0.05
NFLX,2026-03-11,1.769863,646,86.0,0.887147,96.94000244140625,30.023385657964134,11.799989892847506,0.42717915905615916,0.742338735732316,0.005860312591785003,41.63672333751094,-7.121725505268754,0.05
NFLX,2026-03-11,1.769863,646,88.0,0.907778,96.94000244140625,28.51277358686375,12.119996581660828,0.41429459929987605,0.7296274173919975,0.00619269991768111,42.671215481460166,-7.105165620729199,0.05
NFLX,2026-03-11,1.769863,646,90.0,0.928409,96.94000244140625,28.202158288045503,13.640000042756299,0.42879523827963745,0.7158548247367361,0.006130482426797846,43.721022676711186,-7.355916601994293,0.05
NFLX,2026-03-11,1.769863,646,92.0,0.949041,96.94000244140625,26.951539454211556,14.219999968836063,0.4209742630823117,0.7024379771507776,0.006380525966383195,44.67429750086554,-7.370186626241631,0.05
NFLX,2026-03-11,1.769863,646,94.0,0.969672,96.94000244140625,26.550920694486777,15.649999969025004,0.4315080829617484,0.68964061988123,0.006342754448875372,45.52107819809155,-7.564360642908351,0.05
NFLX,2026-03-11,1.769863,646,95.0,0.979988,96.94000244140625,25.205611325043705,15.219999979538784,0.411499823705874,0.681642464943965,0.006724032476456044,46.019846109237115,-7.393534410434817,0.05
NFLX,2026-03-11,1.769863,646,96.0,0.990303,96.94000244140625,24.780301955445346,15.709999989897284,0.41153092529388663,0.6747890425028927,0.00678327632550963,46.42882488931394,-7.4295338377422535,0.05
NFLX,2026-03-11,1.769863,646,98.0,1.010935,96.94000244140625,22.94999999784217,15.71031679220782,0.3904237375547615,0.6587810663823885,0.007287049960433003,47.31879406289186,-7.264767372621248,0.05
NFLX,2026-03-11,1.769863,646,100.0,1.031566,96.94000244140625,21.26999999981288,15.86093555409225,0.3725611443448956,0.6419443725043896,0.00777180859693647,48.15765835556248,-7.116665745755274,0.05
NFLX,2026-03-11,1.769863,646,102.0,1.052197,96.94000244140625,20.350002268613736,16.77155658280681,0.37020042156176336,0.6265088345725578,0.007932291966764532,48.840635499291935,-7.127160966636682,0.05
NFLX,2026-03-11,1.769863,646,104.0,1.072829,96.94000244140625,19.550009017042818,17.802182091149604,0.36974809914281603,0.6113877105793255,0.008037996468004637,49.43100805543802,-7.149295827958273,0.05
NFLX,2026-03-11,1.769863,646,105.0,1.083144,96.94000244140625,20.34999375681977,19.517476210883416,0.3935081404243773,0.6095819534157001,0.007562645602984832,49.496350261751786,-7.4396085989043925,0.05
NFLX,2026-03-11,1.769863,646,106.0,1.09346,96.94000244140625,19.500004733892617,19.582796567913107,0.38378098946777095,0.6001022536491967,0.007805254618117891,49.82143580479057,-7.335390331825604,0.05
NFLX,2026-03-11,1.769863,646,108.0,1.114091,96.94000244140625,19.249990466383323,21.16340106031754,0.39307630845937,0.5886562271461946,0.007674605152948217,50.1739873365209,-7.462393046893821,0.05
NFLX,2026-03-11,1.769863,646,110.0,1.134722,96.94000244140625,17.500002201902987,21.244031555750908,0.3720979401558522,0.5678727302829982,0.00819281692932548,50.70329959216743,-7.207437726972699,0.05
NFLX,2026-03-11,1.769863,646,112.0,1.155354,96.94000244140625,17.349999999906196,22.924648113667843,0.38230606776001497,0.5573950102720734,0.00800756035219475,50.91633294911111,-7.333382852807754,0.05
NFLX,2026-03-11,1.769863,646,114.0,1.175985,96.94000244140625,17.159999998604775,24.56526687228012,0.39117217294317763,0.547261594582178,0.007852489518123038,51.08824972506446,-7.440296911122226,0.05
NFLX,2026-03-11,1.769863,646,115.0,1.186301,96.94000244140625,16.40999999546711,24.730576249099315,0.3826187966623819,0.5369434335568435,0.008050140201147842,51.22894967360076,-7.319544039624503,0.05
NFLX,2026-03-11,1.769863,646,116.0,1.196616,96.94000244140625,15.939999990276618,25.175885623865682,0.3794435285974389,0.5287462966034593,0.008131312553143593,51.31608447882158,-7.266698690893088,0.05
NFLX,2026-03-11,1.769863,646,118.0,1.217248,96.94000244140625,14.400000444239815,25.46650483774259,0.36112101674463953,0.506064406834179,0.00856513606755424,51.44376401380111,-6.981160390951432,0.05
NFLX,2026-03-11,1.769863,646,120.0,1.237879,96.94000244140625,13.979999942274574,26.87712309569106,0.36415334941852007,0.4937766471388605,0.008493761402662331,51.44344831542429,-6.986638849197204,0.05
NFLX,2026-03-11,1.769863,646,122.0,1.25851,96.94000244140625,12.499996824379515,27.2277387377097,0.3461150378499935,0.4693381782041373,0.008911103687088626,51.29767384465408,-6.665777999258348,0.05
NFLX,2026-03-11,1.769863,646,124.0,1.279142,96.94000244140625,13.449996869070162,30.008357542314073,0.37499448012552844,0.47342531535411986,0.008230900814538084,51.335518104758854,-7.06061811425156,0.05
NFLX,2026-03-11,1.769863,646,125.0,1.289457,96.94000244140625,12.999992492956686,30.473662546157456,0.3712711732909786,0.4647114966587455,0.0082993199474348,51.24829769531711,-6.977736235405166,0.05
NFLX,2026-03-11,1.769863,646,126.0,1.299773,96.94000244140625,12.949988619881438,31.338968053039054,0.375254898464635,0.4608391091995782,0.008203736827670359,51.20163109667743,-7.014196263262123,0.05
NFLX,2026-03-11,1.769863,646,128.0,1.320404,96.94000244140625,12.640000000088762,32.859598193160096,0.378859385897445,0.450714019103924,0.008102666628219646,51.0565808950149,-7.017232950987729,0.05
NFLX,2026-03-11,1.769863,646,130.0,1.341036,96.94000244140625,10.999999724893812,33.050216677878865,0.3558842805969938,0.42224548655192967,0.008526553292624764,50.469386166442206,-6.570819243280157,0.05
NFLX,2026-03-11,1.769863,646,132.0,1.361667,96.94000244140625,11.319999654099622,35.200835366998376,0.3712186221167528,0.4211370020804932,0.008169762930350311,50.4411425139964,-6.765121372466121,0.05
NFLX,2026-03-11,1.769863,646,134.0,1.382298,96.94000244140625,11.049999388383181,36.76145386119566,0.37457531716771425,0.41179346717401877,0.008055749261472586,50.186949892250404,-6.754267448015838,0.05
NFLX,2026-03-11,1.769863,646,135.0,1.392614,96.94000244140625,10.399999027031985,37.02676287980131,0.3658263284227628,0.399237616538761,0.008184773977904531,49.799772113011045,-6.561849981684521,0.05
NFLX,2026-03-11,1.769863,646,136.0,1.40293,96.94000244140625,9.999998764101296,37.542071996827474,0.3619420894426693,0.3902824294017786,0.008221397644847991,49.491480960460464,-6.45227432367993,0.05
NFLX,2026-03-11,1.769863,646,138.0,1.423561,96.94000244140625,9.699998506730942,39.072690499370836,0.3640011821870362,0.3804029973706222,0.008113546206810252,49.12009681722883,-6.409987797941252,0.05
NFLX,2026-03-11,1.769863,646,140.0,1.444192,96.94000244140625,9.499998415292822,40.70330916784644,0.3678175342535219,0.3723566520477781,0.007975929000617023,48.79321268212277,-6.399978993342509,0.05
NFLX,2026-03-11,1.769863,646,142.0,1.464824,96.94000244140625,9.119998573475943,42.153928085943264,0.3676601137153623,0.3613070587637515,0.007900048575469533,48.30832562715471,-6.312887968051259,0.05
NFLX,2026-03-11,1.769863,646,144.0,1.485455,96.94000244140625,7.999999535422155,42.86454780780318,0.35158685322173444,0.33615894491325327,0.008045561228011788,47.0472970708923,-5.902382642360818,0.05
NFLX,2026-03-11,1.769863,646,145.0,1.495771,96.94000244140625,8.349999383027718,44.1298570353656,0.3626209340236319,0.3409073906338188,0.007843032840980617,47.302338532936844,-6.080682092555182,0.05
NFLX,2026-03-11,1.769863,646,146.0,1.506086,96.94000244140625,7.949999728880194,44.64516676117492,0.35768646179550717,0.33116549071261747,0.007861832226790806,46.770496528425774,-5.933780161289174,0.05
NFLX,2026-03-11,1.769863,646,148.0,1.526718,96.94000244140625,8.149999760490271,46.67578555269874,0.3689607097210457,0.33130884365518143,0.0076229150549256,46.77856633743553,-6.074283087268011,0.05
NFLX,2026-03-11,1.769863,646,150.0,1.547349,96.94000244140625,7.300000002462667,47.65640455458484,0.35735116580985804,0.31050938063220956,0.007660602148553587,45.530646542601815,-5.736561306059265,0.05
NFLX,2026-03-11,1.769863,646,152.0,1.56798,96.94000244140625,3.330000089770838,45.51702340180671,0.2680249531906519,0.201868460406116,0.00814467712499279,36.307371378010316,-3.5611187949822902,0.05
NFLX,2026-03-11,1.769863,646,154.0,1.588611,96.94000244140625,3.900000000564436,47.91764207251401,0.2892572372464059,0.21756692128287985,0.007886650704413477,37.942203291002045,-3.960085414215767,0.05
NFLX,2026-03-11,1.769863,646,155.0,1.598927,96.94000244140625,6.389999948408597,51.32295140031506,0.35303855135564766,0.2822962141750307,0.007422708681976398,43.5843180146781,-5.395720700621102,0.05
NFLX,2026-03-11,1.769863,646,156.0,1.609243,96.94000244140625,6.424999910675503,52.27326074253881,0.3569312526630823,0.2815834448347436,0.007332820619044491,43.531270580941786,-5.43309729668228,0.05
NFLX,2026-03-11,1.769863,646,158.0,1.629874,96.94000244140625,6.124997468037076,53.8038770598141,0.35604357113603313,0.2717057248333432,0.007223566630404947,42.776036105051304,-5.313338163039157,0.05
NFLX,2026-03-11,1.769863,646,160.0,1.650505,96.94000244140625,6.489999156295134,55.999497507985865,0.37047364193105325,0.2773633559048887,0.0070131558231232675,43.21320812907587,-5.542646846644037,0.05
NFLX,2026-03-11,1.769863,646,162.0,1.671137,96.94000244140625,2.659997334746203,54.000114446350665,0.2759106436473903,0.1649426697210548,0.006974618884006876,32.006238846985696,-3.1612641278436313,0.05
NFLX,2026-03-11,1.769863,646,164.0,1.691768,96.94000244140625,2.650007057082675,55.820742928600836,0.280687751767416,0.16247909786142883,0.006789266497094151,31.695092559546346,-3.168344569096373,0.05
NFLX,2026-03-11,1.769863,646,166.0,1.712399,96.94000244140625,1.9300019796980692,56.93135661112993,0.26129221790562773,0.13156657606085498,0.006329938227569271,27.50880047449599,-2.5718222699770474,0.05
NFLX,2026-03-11,1.769863,646,168.0,1.733031,96.94000244140625,1.8600000078001653,58.69197339914574,0.2634013315938982,0.1268437925578565,0.006122124538787482,26.82043592058452,-2.5175986929661605,0.05
NFLX,2026-03-11,1.769863,646,170.0,1.753662,96.94000244140625,4.750000002034756,63.41259215329406,0.3555199381409073,0.22242519262619054,0.0064985413835663,38.4260334796924,-4.699995618124359,0.05
NFLX,2026-03-11,1.769863,646,172.0,1.774293,96.94000244140625,2.2649999264540153,62.75821083762702,0.2871857013076905,0.14048061519063265,0.006023583958366555,28.771565112566595,-2.9019594606183503,0.05
NFLX,2026-03-11,1.769863,646,174.0,1.794925,96.94000244140625,2.369999982404982,64.69382965349169,0.29537534231018536,0.14299830239641975,0.005927460188845086,29.11981354827933,-3.004539521176122,0.05
NFLX,2026-03-11,1.865753,681,49.0,0.505467,96.94000244140625,55.50436317012229,3.2000000067631333,0.5239481004726599,0.9252802357281551,0.0020345473671112536,18.690304443630577,-4.33395708618859,0.05
NFLX,2026-03-11,1.865753,681,50.0,0.515783,96.94000244140625,53.903434003572876,2.5100022540514146,0.47488007448014846,0.9317339174965275,0.0020944222731182913,17.438474684560205,-4.0402027831132745,0.05
NFLX,2026-03-11,1.865753,681,51.0,0.526099,96.94000244140625,55.12250145869072,4.640001123006961,0.5714334661312045,0.9086748384357741,0.002169585156110876,21.737153503606432,-4.97699436916124,0.05
NFLX,2026-03-11,1.865753,681,52.0,0.536414,96.94000244140625,54.421567210860246,4.849998289014181,0.5688257496510998,0.9049335742223092,0.0022451654156264845,22.391742526245757,-5.078501084396434,0.05
NFLX,2026-03-11,1.865753,681,53.0,0.54673,96.94000244140625,53.17063750589752,4.509999997889146,0.5418049262209648,0.9052332381189063,0.002351659695669708,22.339720002288498,-4.972802005338349,0.05
NFLX,2026-03-11,1.865753,681,54.0,0.557046,96.94000244140625,52.149706088655535,4.399999994484858,0.5254971221212374,0.9038853231008455,0.002449976435896331,22.573169847970565,-4.952560009688083,0.05
NFLX,2026-03-11,1.865753,681,55.0,0.567361,96.94000244140625,50.038774682681456,3.2000000023484745,0.4596512320872192,0.9139059272503466,0.0025812785615568004,20.802886669775813,-4.490286504010045,0.05
NFLX,2026-03-11,1.865753,681,56.0,0.577677,96.94000244140625,49.47784654561088,3.550003279115593,0.4659032943181817,0.9077548247744407,0.0026808426277717353,21.89915724080494,-4.6602499478221375,0.05
NFLX,2026-03-11,1.865753,681,57.0,0.587993,96.94000244140625,48.516913800180454,3.5000019475228683,0.45355971164591485,0.9061664433648413,0.0027887727723989214,22.177260623568607,-4.661959805763461,0.05
NFLX,2026-03-11,1.865753,681,58.0,0.598308,96.94000244140625,47.90597983855265,3.799999399732762,0.45680897281358585,0.9005496935960982,0.0028897434182547058,23.14484140651737,-4.803043969300822,0.05
NFLX,2026-03-11,1.865753,681,59.0,0.608624,96.94000244140625,47.17504894111538,3.979999916133181,0.45447692625432573,0.8962647843755935,0.002995181792635898,23.866862229858068,-4.892295082300743,0.05
NFLX,2026-03-11,1.865753,681,60.0,0.61894,96.94000244140625,46.0841172908817,3.7999996797371978,0.4371255006782739,0.8958526645355628,0.0031230408210115926,23.935588162915266,-4.841914595357409,0.05
NFLX,2026-03-11,1.865753,681,61.0,0.629255,96.94000244140625,45.62318619515494,4.2499999978481355,0.4457117688651956,0.8884818514881201,0.003217520311380123,25.14407705436645,-5.028659643464723,0.05
NFLX,2026-03-11,1.865753,681,62.0,0.639571,96.94000244140625,48.092253411645494,7.629998628176388,0.5583716581490413,0.8620741258334097,0.0029799763359800034,29.174033794550994,-6.139376928907518,0.05
NFLX,2026-03-11,1.865753,681,63.0,0.649887,96.94000244140625,47.88132127910996,8.32999790947855,0.5703159326153192,0.8559885066027029,0.0030042772134712564,30.04109843353949,-6.346330839026934,0.05
NFLX,2026-03-11,1.865753,681,64.0,0.660202,96.94000244140625,43.74039310134374,5.100001145550024,0.44834424154523816,0.8721326379900269,0.0035227272797252545,27.691782940830112,-5.367402478546421,0.05
NFLX,2026-03-11,1.865753,681,65.0,0.670518,96.94000244140625,42.559460534002305,4.829999992046282,0.4288860444991434,0.8716964055001316,0.0036912726864417383,27.75737190016927,-5.287472556861603,0.05
NFLX,2026-03-11,1.865753,681,66.0,0.680833,96.94000244140625,45.56852692159902,8.749997793480695,0.5491545866629022,0.8442143441269105,0.0032879547032057736,31.657800736928777,-6.472463549767116,0.05
NFLX,2026-03-11,1.865753,681,67.0,0.691149,96.94000244140625,45.80759639709727,9.899998682816644,0.5733417415682737,0.8370436322685151,0.00324342617839252,32.604525113943716,-6.776418603699569,0.05
NFLX,2026-03-11,1.865753,681,68.0,0.701465,96.94000244140625,41.54666581957682,6.549999519133891,0.4577742591115145,0.8482392478370937,0.003876536899128696,31.11398161210909,-5.851087334042199,0.05
NFLX,2026-03-11,1.865753,681,69.0,0.71178,96.94000244140625,44.37573400185754,10.2899991152523,0.5617703614861398,0.8285152203045842,0.0034209021091955983,33.694558438476456,-6.869670256860595,0.05
NFLX,2026-03-11,1.865753,681,70.0,0.722096,96.94000244140625,40.17480223023305,6.999998757465505,0.4519003909246044,0.8382394782902403,0.004095366199409507,32.44858467330656,-5.983860013794796,0.05
NFLX,2026-03-11,1.865753,681,71.0,0.732412,96.94000244140625,40.26386984536723,7.999997786437383,0.47201125633144064,0.8289612945955717,0.004064656807195024,33.638493544521296,-6.259831837639975,0.05
NFLX,2026-03-11,1.865753,681,72.0,0.742727,96.94000244140625,38.82293869329701,7.4699980482048645,0.44617740492743313,0.8278798227330637,0.004317354478314244,33.77423970550922,-6.109982745154273,0.05
NFLX,2026-03-11,1.865753,681,73.0,0.753043,96.94000244140625,43.31200923156082,12.870000000306362,0.5885473594035335,0.8080721094445902,0.0035037417928636175,36.15545315233488,-7.453699832531497,0.05
NFLX,2026-03-11,1.865753,681,74.0,0.763359,96.94000244140625,37.03107575706318,7.49999793964642,0.42741821414329034,0.8196981499646528,0.004641276712155074,34.78169858821209,-6.105525444672954,0.05
NFLX,2026-03-11,1.865753,681,75.0,0.773674,96.94000244140625,36.18014430263318,7.559997899054125,0.4194697699528829,0.8151809496247586,0.004802878654143787,35.32340674501001,-6.112984033088333,0.05
NFLX,2026-03-11,1.865753,681,76.0,0.78399,96.94000244140625,41.65921368666435,13.949998696922982,0.5821584513782703,0.7941622836933384,0.003694799028722936,37.713108235329166,-7.650027342885848,0.05
NFLX,2026-03-11,1.865753,681,77.0,0.794306,96.94000244140625,35.59828206449475,8.79999848859108,0.43422325973952086,0.8001361907247526,0.004867184792759688,37.05537552621361,-6.4103590862438455,0.05
NFLX,2026-03-11,1.865753,681,78.0,0.804621,96.94000244140625,34.94735097080785,9.059998808741867,0.4313126230886639,0.7944329278292497,0.004983112997219641,37.68367105662997,-6.458980740396745,0.05
NFLX,2026-03-11,1.865753,681,79.0,0.814937,96.94000244140625,34.67642010549161,9.69999935726333,0.4382011559878787,0.7872835656741548,0.005004511482316893,38.44992606544052,-6.597423552797698,0.05
NFLX,2026-03-11,1.865753,681,80.0,0.825253,96.94000244140625,34.19548898556282,10.129999651172241,0.43928656143538664,0.7810012579803474,0.00507706725821034,39.10399551937969,-6.679203355445596,0.05
NFLX,2026-03-11,1.865753,681,81.0,0.835568,96.94000244140625,33.304557923607966,10.150000003055077,0.4298170880707466,0.7759032084281654,0.005257625465690523,39.62174722470084,-6.659442866220745,0.05
NFLX,2026-03-11,1.865753,681,82.0,0.845884,96.94000244140625,32.4436265088091,10.200000002093915,0.42117863602917954,0.7705735025017815,0.005437093717485354,40.15073064466556,-6.644638710360516,0.05
NFLX,2026-03-11,1.865753,681,83.0,0.8562,96.94000244140625,32.532695093247256,11.200000000369755,0.435883919407966,0.7627373426870452,0.005352490288975448,40.90600202258326,-6.848655733642817,0.05
NFLX,2026-03-11,1.865753,681,84.0,0.866515,96.94000244140625,31.851763679209547,11.430000000169741,0.43140677715252884,0.7568125837238974,0.005481220707376817,41.45954706344285,-6.868901515689451,0.05
NFLX,2026-03-11,1.865753,681,85.0,0.876831,96.94000244140625,31.38083737348842,11.870005108286307,0.4318741310029624,0.7504509309247619,0.0055516008016596235,42.037387760521085,-6.933683174904688,0.05
NFLX,2026-03-11,1.865753,681,86.0,0.887147,96.94000244140625,31.04989504614568,12.449994194781269,0.43544520059975894,0.7439463231760849,0.00558117297313594,42.61076103043539,-7.02584176854251,0.05
NFLX,2026-03-11,1.865753,681,87.0,0.897462,96.94000244140625,30.188965610654115,12.499996173127414,0.42647532016254325,0.737977047522387,0.005766879307140358,43.12161982101085,-6.995912693966059,0.05
NFLX,2026-03-11,1.865753,681,88.0,0.907778,96.94000244140625,29.698036830003048,12.919998806314027,0.4260354449630098,0.7315602561491317,0.005844188483130284,43.654623489330234,-7.045128066466504,0.05
NFLX,2026-03-11,1.865753,681,89.0,0.918094,96.94000244140625,29.967106703342786,14.10000009349146,0.44264895188609144,0.7250598965941343,0.005692242951089209,44.1777067761494,-7.256578129721515,0.05
NFLX,2026-03-11,1.865753,681,90.0,0.928409,96.94000244140625,29.036175253895692,14.08000005788206,0.43187467282662306,0.7187107077045379,0.005899586535615758,44.67243356040353,-7.2020507077478015,0.05
NFLX,2026-03-11,1.865753,681,91.0,0.938725,96.94000244140625,27.89524382611434,13.850000043938408,0.41653361984669995,0.7121167063567572,0.006184930378239453,45.16948884294177,-7.098962214099665,0.05
NFLX,2026-03-11,1.865753,681,92.0,0.949041,96.94000244140625,28.064312293781683,14.929999925443454,0.43006759937628397,0.7059393144074046,0.0060500168056732365,45.61982404263468,-7.276296848714681,0.05
NFLX,2026-03-11,1.865753,681,93.0,0.959356,96.94000244140625,27.783380893738602,15.559999939238068,0.43342218136708716,0.6997467421445949,0.006060660026398536,46.05654509992483,-7.352065767788739,0.05
NFLX,2026-03-11,1.865753,681,94.0,0.969672,96.94000244140625,26.81244949983425,15.499999959171419,0.421735851919626,0.6926701144495371,0.006293678084395555,46.537746288708284,-7.276457560528026,0.05
NFLX,2026-03-11,1.865753,681,95.0,0.979988,96.94000244140625,26.501518105168827,16.099999978343675,0.42418134481034314,0.6863737449922379,0.006312827803027518,46.95002283727494,-7.338850551993,0.05
NFLX,2026-03-11,1.865753,681,96.0,0.990303,96.94000244140625,26.430586704903227,16.93999999191577,0.43151687520766085,0.6806481131505786,0.006253366495458015,47.31207185315271,-7.4488089019673245,0.05
NFLX,2026-03-11,1.865753,681,97.0,1.000619,96.94000244140625,23.49999999058057,14.920344691430813,0.3788240076642816,0.6692387298435638,0.007226362972677478,47.99738384820533,-6.9415130375627,0.05
NFLX,2026-03-11,1.865753,681,98.0,1.010935,96.94000244140625,22.999999996095454,15.331276110783392,0.3772326638758069,0.6618713054605864,0.00731992755090812,48.414602800206836,-6.952512397277102,0.05
NFLX,2026-03-11,1.865753,681,99.0,1.02125,96.94000244140625,22.34999999864288,15.592207527168526,0.37244874009920337,0.6540975093273529,0.00747809975352719,48.83352378184148,-6.92707686666178,0.05
NFLX,2026-03-11,1.865753,681,100.0,1.031566,96.94000244140625,22.29999999979485,16.453138942158176,0.37979185436782315,0.6477682296292017,0.007382326999760434,49.158568119228235,-7.0280797267049735,0.05
NFLX,2026-03-11,1.865753,681,101.0,1.041882,96.94000244140625,21.009999999944107,16.074070356145143,0.36186877810344714,0.6379070658182397,0.007823304250220951,49.63655529501715,-6.855019076013213,0.05
NFLX,2026-03-11,1.865753,681,102.0,1.052197,96.94000244140625,19.999988092341013,15.974989862379743,0.3496868842260975,0.6283954624135883,0.00816572967732962,50.06504862001171,-6.737528165711359,0.05
NFLX,2026-03-11,1.865753,681,103.0,1.062513,96.94000244140625,21.500007712398777,18.385940896275187,0.38745418350200683,0.6279056898657828,0.007372892217409704,50.08625262998478,-7.169072933141846,0.05
NFLX,2026-03-11,1.865753,681,104.0,1.072829,96.94000244140625,20.250011708918066,18.046876306632186,0.37018995540620964,0.6172591357593211,0.007784561846460344,50.526487040390705,-6.99191345211419,0.05
NFLX,2026-03-11,1.865753,681,105.0,1.083144,96.94000244140625,20.750010325085285,19.45780633663709,0.38748395434311167,0.61408876180187,0.0074553002172180315,50.64996621104063,-7.198538415723553,0.05
NFLX,2026-03-11,1.865753,681,106.0,1.09346,96.94000244140625,20.000003309453355,19.618730734842856,0.3799488347776561,0.605297894719054,0.007651821065762163,50.97417701530437,-7.1241624999057835,0.05
NFLX,2026-03-11,1.865753,681,107.0,1.103776,96.94000244140625,19.480009353285986,20.009668192513203,0.37685872472735515,0.5974666460495242,0.00775488502157493,51.240603645711225,-7.09689916012931,0.05
NFLX,2026-03-11,1.865753,681,108.0,1.114091,96.94000244140625,19.10998761407439,20.550577867139282,0.37658761805583424,0.5903782779424964,0.007794249996677188,51.46365987939915,-7.099831192805819,0.05
NFLX,2026-03-11,1.865753,681,109.0,1.124407,96.94000244140625,17.800006483867882,20.15152815077049,0.35803310826004736,0.5775046296629502,0.008255742410066986,51.8250372468545,-6.88170792965808,0.05
NFLX,2026-03-11,1.865753,681,110.0,1.134722,96.94000244140625,18.05000127066826,21.312454351408547,0.3695239606921502,0.5740882500962574,0.008012365455963764,51.911509089719694,-7.020802856218975,0.05
NFLX,2026-03-11,1.865753,681,111.0,1.145038,96.94000244140625,18.45000035588935,22.623384850467346,0.38372518356768104,0.5720721309426843,0.007723146947935484,51.960688958095226,-7.193650918656894,0.05
NFLX,2026-03-11,1.865753,681,112.0,1.155354,96.94000244140625,17.749995806110896,22.834311714526564,0.37663810292134486,0.5627186205923624,0.007900307972289971,52.17092960100593,-7.1058486678495605,0.05
NFLX,2026-03-11,1.865753,681,113.0,1.165669,96.94000244140625,16.99999999976356,22.995247322016937,0.3685293627051959,0.5526988113252472,0.008103945552319069,52.36352935165985,-7.000434001018302,0.05
NFLX,2026-03-11,1.865753,681,114.0,1.175985,96.94000244140625,16.749999999020616,23.656178735111695,0.3698774498545444,0.5463318438597035,0.008090586236762154,52.46843930771494,-7.011389730579629,0.05
NFLX,2026-03-11,1.865753,681,115.0,1.186301,96.94000244140625,17.599999998377427,25.417110148306193,0.39206338413442804,0.5489269303677254,0.007626776926725029,52.42731644314046,-7.289102168486632,0.05
NFLX,2026-03-11,1.865753,681,116.0,1.196616,96.94000244140625,17.149999995212767,25.878041558979234,0.3893409505656856,0.5413353455880436,0.007696801061896636,52.541279728053546,-7.248446616003171,0.05
NFLX,2026-03-11,1.865753,681,117.0,1.206932,96.94000244140625,16.18999998764054,25.828972965244688,0.37684177626888776,0.5291801813004737,0.007973647891320474,52.68371552386499,-7.075921060760638,0.05
NFLX,2026-03-11,1.865753,681,118.0,1.217248,96.94000244140625,16.49999998073158,27.049904372173444,0.3883625748668027,0.5281009782258889,0.0077386170879138825,52.69398335619556,-7.218916546179919,0.05
NFLX,2026-03-11,1.865753,681,119.0,1.227563,96.94000244140625,15.499999976310015,26.96083578158958,0.3749343503795566,0.5151057618890486,0.008029956765055813,52.78721359182328,-7.025671412413381,0.05
NFLX,2026-03-11,1.865753,681,120.0,1.237879,96.94000244140625,14.6500000134346,27.021767232551852,0.3642699187164003,0.502945739638642,0.00827074759855989,52.82364631774677,-6.861925529856773,0.05
NFLX,2026-03-11,1.865753,681,121.0,1.248195,96.94000244140625,15.599999986142386,28.88269861909734,0.3875847235344829,0.5088369297145677,0.007771533101898081,52.812126209838546,-7.1718306550779145,0.05
NFLX,2026-03-11,1.865753,681,122.0,1.25851,96.94000244140625,14.649999965336434,28.84363001212907,0.374830213766554,0.49565675647037505,0.00803747410765698,52.82195581327246,-6.975918787432721,0.05
NFLX,2026-03-11,1.865753,681,123.0,1.268826,96.94000244140625,15.029999975340672,30.13456143597101,0.38716059105545786,0.49624893345179116,0.0077816120170913754,52.82275129267183,-7.134416276796502,0.05
NFLX,2026-03-11,1.865753,681,124.0,1.279142,96.94000244140625,14.149998967484741,30.165491841952786,0.3755404558611285,0.48341011437664894,0.008015810849104145,52.7794049707403,-6.9473309746807015,0.05
NFLX,2026-03-11,1.865753,681,125.0,1.289457,96.94000244140625,13.199994504057358,30.126418792363083,0.36247452623436954,0.4691177755377011,0.008287024010801381,52.666734084510395,-6.729803589684006,0.05
NFLX,2026-03-11,1.865753,681,126.0,1.299773,96.94000244140625,13.899995898645741,31.737351600789168,0.38062428303170615,0.47411930156298343,0.007898930012119826,52.713889010172224,-6.980022719354373,0.05
NFLX,2026-03-11,1.865753,681,127.0,1.310089,96.94000244140625,13.199987916939058,31.948275032920165,0.3721136187569288,0.4626680470937348,0.008061155201769225,52.593630104866634,-6.827298792080996,0.05
NFLX,2026-03-11,1.865753,681,128.0,1.320404,96.94000244140625,13.20000928417117,32.85922781398999,0.3768136525022905,0.45961491434546903,0.007954637890942612,52.55418968203964,-6.874760938896266,0.05
NFLX,2026-03-11,1.865753,681,129.0,1.33072,96.94000244140625,12.350000000210827,32.920149943867344,0.3652245920556907,0.4457912366206488,0.008173078785498292,52.33665934758656,-6.665747826486535,0.05
NFLX,2026-03-11,1.865753,681,130.0,1.341036,96.94000244140625,12.15000000043199,33.63108135792619,0.3659324779034922,0.44017656659017645,0.008140650504521285,52.2300409754629,-6.648006455696316,0.05
NFLX,2026-03-11,1.865753,681,131.0,1.351351,96.94000244140625,11.080000002046297,33.4720127733782,0.3498169308484493,0.4223001583257949,0.008448820648958074,51.819977046567885,-6.350847394902777,0.05
NFLX,2026-03-11,1.865753,681,132.0,1.361667,96.94000244140625,12.30000000086039,35.60294418602999,0.37766047827470234,0.4365694325136279,0.007876660443043762,52.15596229176972,-6.779682538571696,0.05
NFLX,2026-03-11,1.865753,681,133.0,1.371983,96.94000244140625,12.10000000155392,36.31387560056122,0.37814710299188903,0.4311627640940839,0.007848541317362545,52.03673347449426,-6.758195532950725,0.05
NFLX,2026-03-11,1.865753,681,134.0,1.382298,96.94000244140625,11.800000002940802,36.9248070157858,0.37662864971196497,0.4243596768420358,0.007855345928329939,51.87271367130878,-6.702490927353511,0.05
NFLX,2026-03-11,1.865753,681,135.0,1.392614,96.94000244140625,11.700000004408796,37.73573843109148,0.37888756514047206,0.4203863002550008,0.00779300329779443,51.769683794940164,-6.709172394116758,0.05
NFLX,2026-03-11,1.865753,681,136.0,1.40293,96.94000244140625,10.999998976942269,37.94666881746265,0.3694372120324377,0.40759220494057147,0.007935517511336719,51.40154732395553,-6.514601121186589,0.05
NFLX,2026-03-11,1.865753,681,137.0,1.413245,96.94000244140625,9.969998184372628,37.8275994387307,0.3533125268177103,0.38892615331006,0.008194791199262655,50.76416280185694,-6.193159227160699,0.05
NFLX,2026-03-11,1.865753,681,138.0,1.423561,96.94000244140625,10.649998418788972,39.41853108698474,0.3706385033822641,0.39736107442056795,0.007858316007622584,51.06699734650541,-6.46582889264589,0.05
NFLX,2026-03-11,1.865753,681,139.0,1.433877,96.94000244140625,10.359998062777798,40.03946214481128,0.36886906730581337,0.3904353206435691,0.007857843475552176,50.820146344310054,-6.3981425618640655,0.05
NFLX,2026-03-11,1.865753,681,140.0,1.444192,96.94000244140625,9.999997720889517,40.59039321676069,0.36562277541555455,0.38229368289351917,0.007879042115183399,50.50878981786853,-6.301960629399226,0.05
NFLX,2026-03-11,1.865753,681,141.0,1.454508,96.94000244140625,4.549999876293345,36.05132678600221,0.2546149905193409,0.26265880322580754,0.009671412056528422,43.1751799597213,-3.991614991097523,0.05
NFLX,2026-03-11,1.865753,681,142.0,1.464824,96.94000244140625,9.339997478763038,41.75225580230959,0.3599996959099256,0.3666546773238275,0.007897109230359767,49.846030525489255,-6.119105552230224,0.05
NFLX,2026-03-11,1.865753,681,143.0,1.475139,96.94000244140625,8.419998176008406,41.743187913392646,0.3450364448166663,0.3477970233462015,0.008088547876949254,48.93232266513851,-5.789334454775764,0.05
NFLX,2026-03-11,1.865753,681,144.0,1.485455,96.94000244140625,9.599997383183283,43.834118534405235,0.37253393013755454,0.3669600463955104,0.007633510765761076,49.85979133858002,-6.276393676511763,0.05
NFLX,2026-03-11,1.865753,681,145.0,1.495771,96.94000244140625,8.999997821878939,44.14505038693858,0.3640127668310444,0.3543633923745543,0.007718980908685148,49.264817987915144,-6.0734389325293545,0.05
NFLX,2026-03-11,1.865753,681,146.0,1.506086,96.94000244140625,9.249997690860791,45.305981669758125,0.3726129784392138,0.3568705183212147,0.007559632080041055,49.387715432329976,-6.198906383001091,0.05
NFLX,2026-03-11,1.865753,681,147.0,1.516402,96.94000244140625,9.049998004371794,46.01691339710683,0.3720418265264268,0.3513744154962243,0.0075294874231470795,49.11537679851485,-6.14755443865771,0.05
NFLX,2026-03-11,1.865753,681,148.0,1.526718,96.94000244140625,8.439998896204774,46.317845702777504,0.36296602946978224,0.3381998638153111,0.007608260640119934,48.41853700219989,-5.926956530127445,0.05
NFLX,2026-03-11,1.865753,681,149.0,1.537033,96.94000244140625,8.699998726745996,47.488776947156424,0.3717091829428707,0.34126078487125233,0.007454999845485233,48.586009327786265,-6.058923014933201,0.05
NFLX,2026-03-11,1.865753,681,150.0,1.547349,96.94000244140625,8.379999253521927,48.07970888777007,0.3684350749688632,0.3334367218387411,0.0074539359551905335,48.15117898420908,-5.951435770536328,0.05
NFLX,2026-03-11,1.865753,681,151.0,1.557664,96.94000244140625,5.199997492278026,45.810638540363854,0.3022691372753706,0.26075205394649137,0.008116269785967597,43.014074324163964,-4.488202297263296,0.05
NFLX,2026-03-11,1.865753,681,152.0,1.56798,96.94000244140625,7.450000025063886,48.9715724869874,0.3553673415055271,0.3114529588894239,0.007512686161843121,46.809398476979176,-5.594971555960044,0.05
NFLX,2026-03-11,1.865753,681,153.0,1.578296,96.94000244140625,7.270000004506187,49.702503880267386,0.3546809654478188,0.30602078510230246,0.007469456576686258,46.450157286785675,-5.534885661055573,0.05
NFLX,2026-03-11,1.865753,681,154.0,1.588611,96.94000244140625,7.899999917593593,51.243435207192505,0.37128440718918193,0.31733808542240016,0.007248485656544914,47.186122900432075,-5.838150341325088,0.05
NFLX,2026-03-11,1.865753,681,155.0,1.598927,96.94000244140625,7.520000005511115,51.774366708947724,0.3663003031866101,0.30804087844861455,0.007253522392235967,46.585046607148925,-5.690056990218018,0.05
NFLX,2026-03-11,1.865753,681,156.0,1.609243,96.94000244140625,7.500000002082583,52.665298119356876,0.36894711880210446,0.3060870339685769,0.007181321200180381,46.45460538057568,-5.70173302140646,0.05
NFLX,2026-03-11,1.865753,681,157.0,1.619558,96.94000244140625,5.074999972953119,51.15122950406513,0.3172331726182579,0.2480122685536435,0.007533007783619001,41.89935243155395,-4.510429038728977,0.05
NFLX,2026-03-11,1.865753,681,158.0,1.629874,96.94000244140625,4.349992745491548,51.33715369044124,0.30234756430184173,0.22648241655471918,0.0075191936895412865,39.86006903347194,-4.109946490570289,0.05
NFLX,2026-03-11,1.865753,681,159.0,1.64019,96.94000244140625,3.6900000325775437,51.588092391364924,0.28807395668006147,0.20506064132568103,0.007449936442633733,37.6284964693611,-3.7143652952091477,0.05
NFLX,2026-03-11,1.865753,681,160.0,1.650505,96.94000244140625,6.950002556018738,55.75902632864384,0.36887842040080004,0.2886241882069833,0.00699242963533602,45.22427927446371,-5.52211124225447,0.05
NFLX,2026-03-11,1.865753,681,161.0,1.660821,96.94000244140625,4.400001945425263,54.11995713188804,0.3118698663979092,0.22395227870921214,0.007243371391676394,39.60722977110303,-4.175768307674615,0.05
NFLX,2026-03-11,1.865753,681,162.0,1.671137,96.94000244140625,5.900009876994208,56.530896477294675,0.3508212076566508,0.2619574771200471,0.007009600766743556,43.11609524946293,-5.028308619722777,0.05
NFLX,2026-03-11,1.865753,681,163.0,1.681452,96.94000244140625,3.450002216004485,54.99182023014265,0.29213296621974977,0.1924247745995578,0.007070007726716488,36.212687504998925,-3.5952090306378217,0.05
NFLX,2026-03-11,1.865753,681,164.0,1.691768,96.94000244140625,2.7599995975022065,55.212749025478075,0.27478889729293016,0.16737807723552162,0.006885643867778596,33.17447343511861,-3.1162563205143425,0.05
NFLX,2026-03-11,1.865753,681,165.0,1.702084,96.94000244140625,6.549998789868738,59.9136796316823,0.37403577650191167,0.27326884911852767,0.006716167197291127,44.044830579196066,-5.411964439318462,0.05
NFLX,2026-03-11,1.865753,681,166.0,1.712399,96.94000244140625,2.490000000687509,56.76461225633875,0.271320430612552,0.15519977816249725,0.0066383226642103945,31.579202328424692,-2.923898874181729,0.05
NFLX,2026-03-11,1.865753,681,167.0,1.722715,96.94000244140625,5.139997675420258,60.325541344909226,0.3462306456944714,0.2368846463210455,0.0067325673374455065,40.8701763446463,-4.683349815944908,0.05
NFLX,2026-03-11,1.865753,681,168.0,1.733031,96.94000244140625,6.169999995986672,62.266475079313324,0.37339313829303494,0.2610209049490545,0.006573764535241298,43.036879782984585,-5.2631526429666655,0.05
NFLX,2026-03-11,1.865753,681,169.0,1.743346,96.94000244140625,2.9499996119066587,59.957406109071,0.29263819565794746,0.16922309160532245,0.006511410912081663,33.4092259335544,-3.292796092213959,0.05
NFLX,2026-03-11,1.865753,681,170.0,1.753662,96.94000244140625,5.749999805690546,63.66833771669258,0.36873380799871575,0.24882495870992116,0.006492190883881756,41.97247113197735,-5.066120125777243,0.05
NFLX,2026-03-11,1.865753,681,172.0,1.774293,96.94000244140625,5.374996239472594,65.11519697815002,0.3647684440463851,0.23746370489266988,0.006398990394800947,40.92503118697236,-4.882808293341273,0.05
NFLX,2026-03-11,1.865753,681,174.0,1.794925,96.94000244140625,4.650000007397086,66.21206357374992,0.3515255173320183,0.21654699443842668,0.006303524808665511,38.85085873148715,-4.477037154104518,0.05
