ticker,valuation_date,maturity_years,maturity_days,strike,moneyness,spot_price,call_price,put_price,implied_vol,delta_call,gamma,vega,theta_call,risk_free_rate
SPOT,2026-03-11,0.005479,2,300.0,0.56576,530.260009765625,231.73219028491803,1.3899999965910297,4.092437312804587,0.9789529750733851,0.000314734563145154,1.984455461715123,-755.4333076042456,0.05
SPOT,2026-03-11,0.005479,2,310.0,0.584619,530.260009765625,220.35492963398576,0.009999994901988885,2.2279907183179266,0.9995795070842647,1.7308846640692118e-05,0.059415039399488716,-27.563429741039876,0.05
SPOT,2026-03-11,0.005479,2,320.0,0.603478,530.260009765625,210.4176689871731,0.06999999733261575,2.4902006865468205,0.9976980291057528,7.368638399472786e-05,0.28270694377097527,-80.1708134576202,0.05
SPOT,2026-03-11,0.005479,2,330.0,0.622336,530.260009765625,200.49040835115352,0.140000010556264,2.5285033685805893,0.9957181495407912,0.00012686687831482105,0.4942272332025599,-130.40599455712834,0.05
SPOT,2026-03-11,0.005479,2,340.0,0.641195,530.260009765625,190.49314769147543,0.14000000012146074,2.3826980487172746,0.9954661769410728,0.00014168678873709774,0.5201316108055629,-129.9557752412435,0.05
SPOT,2026-03-11,0.005479,2,350.0,0.660054,530.260009765625,180.77588706566956,0.42000002355888455,2.5732956156764812,0.9886254538241271,0.0002951874608631155,1.170314181141397,-291.977879842367,0.05
SPOT,2026-03-11,0.005479,2,360.0,0.678912,530.260009765625,170.8586263927475,0.4999999998800604,2.4789389901362906,0.9862265098703247,0.0003616403093467777,1.3812031260015434,-330.03743588194146,0.05
SPOT,2026-03-11,0.005479,2,370.0,0.697771,530.260009765625,161.02136572555793,0.6599999819337654,2.4240488691296047,0.9819932202767236,0.0004654055493272828,1.7381522323649787,-402.4541616755052,0.05
SPOT,2026-03-11,0.005479,2,375.0,0.7072,530.260009765625,156.4527353392026,1.0899999202000572,2.549671326755725,0.97328412909221,0.0006173481186584998,2.4250975403243573,-582.199197585413,0.05
SPOT,2026-03-11,0.005479,2,380.0,0.71663,530.260009765625,152.36410509642758,2.000000002046704,2.769479236556437,0.9581078782086337,0.0008230028969123441,3.511675353643627,-905.2370773296249,0.05
SPOT,2026-03-11,0.005479,2,385.0,0.726059,530.260009765625,145.65547476939588,0.2899999996366205,1.9404712116195357,0.9893431641229653,0.00036987632737577346,1.105805187445698,-214.75039284068544,0.05
SPOT,2026-03-11,0.005479,2,390.0,0.735488,530.260009765625,141.74684443248742,1.3799999873497768,2.404765127715446,0.9653468810311661,0.0008119508219615017,3.0082731911029197,-678.6267800017735,0.05
SPOT,2026-03-11,0.005479,2,395.0,0.744918,530.260009765625,136.51821411949794,1.1499999989819685,2.242652948683844,0.9684544353538791,0.0008057861801178959,2.7841765313272555,-588.6104030333557,0.05
SPOT,2026-03-11,0.005479,2,397.5,0.749632,530.260009765625,132.91889893481795,0.049999976612753017,1.4376997009692987,0.9971414583899951,0.00015522011157088198,0.3438199365577839,-64.89703809928587,0.05
SPOT,2026-03-11,0.005479,2,400.0,0.754347,530.260009765625,130.41958379445424,0.04999999855988335,1.4091296857230895,0.9970865817864367,0.00016110599605339253,0.3497659680130256,-64.88876462322273,0.05
SPOT,2026-03-11,0.005479,2,402.5,0.759062,530.260009765625,128.0302686310397,0.1599999974561115,1.5730792404932565,0.9924085850811051,0.0003389934761339846,0.8215931739774648,-137.84455977726378,0.05
SPOT,2026-03-11,0.005479,2,405.0,0.763776,530.260009765625,129.7009548700221,4.330001398749346,2.7978812013187264,0.9201428413612183,0.0013518817430670626,5.827507692630726,-1505.7122227761467,0.05
SPOT,2026-03-11,0.005479,2,407.5,0.768491,530.260009765625,123.14163839266593,0.2700000837040193,1.6172091919654659,0.9881459226219234,0.0004868466724282387,1.213034881069907,-199.04959974482514,0.05
SPOT,2026-03-11,0.005479,2,410.0,0.773206,530.260009765625,121.37232259723265,0.9999994505815266,1.9505189831246061,0.9682392129530872,0.0009316910857256206,2.7998644336463427,-517.9357820261753,0.05
SPOT,2026-03-11,0.005479,2,412.5,0.77792,530.260009765625,118.43300798462684,0.56000000028655,1.7300142975171262,0.9786786278594255,0.0007527216744885988,2.006314427254724,-336.75048534655815,0.05
SPOT,2026-03-11,0.005479,2,415.0,0.782635,530.260009765625,116.12369282204133,0.7500000000118803,1.7791737084877055,0.9731277082837877,0.0008890231443483329,2.4369482214125355,-415.6319219228651,0.05
SPOT,2026-03-11,0.005479,2,417.5,0.78735,530.260009765625,113.36437765993799,0.490000000219311,1.623437490627132,0.9799087616255864,0.0007627668039370708,1.9078412618909502,-302.9371716455753,0.05
SPOT,2026-03-11,0.005479,2,420.0,0.792064,530.260009765625,110.38506249740885,0.010000000001014087,1.0214569299221454,0.9991093318932867,7.550766968025291e-05,0.11882997578339735,-32.04603090944953,0.05
SPOT,2026-03-11,0.005479,2,422.5,0.796779,530.260009765625,108.43574733510707,0.5600000000100636,1.58774310362631,0.9769257366799505,0.0008767165111483111,2.1446395115045145,-331.19815938357067,0.05
SPOT,2026-03-11,0.005479,2,425.0,0.801494,530.260009765625,106.14643152659198,0.7699993538057583,1.6395696202458456,0.970363716371131,0.0010466338857625117,2.6438665859995303,-415.9707363725272,0.05
SPOT,2026-03-11,0.005479,2,427.5,0.806208,530.260009765625,103.78711696406253,0.9099999535871461,1.6524769831332247,0.9659569777007078,0.0011644675675433554,2.9646791453206705,-467.4606565373302,0.05
SPOT,2026-03-11,0.005479,2,430.0,0.810923,530.260009765625,100.57780173688963,0.19999988872507402,1.2701430350194272,0.9886677588345262,0.0005961132036202765,1.1665309197477418,-156.38523614616477,0.05
SPOT,2026-03-11,0.005479,2,432.5,0.815638,530.260009765625,102.67848552052527,4.799998834671499,2.332295050997176,0.8976519557540366,0.0019497434323888785,7.006092049923817,-1509.71550807189,0.05
SPOT,2026-03-11,0.005479,2,435.0,0.820352,530.260009765625,97.57917152360312,2.200000000060186,1.857264376623126,0.9346171734519825,0.0017472165946148255,4.999601121785071,-867.2098187994077,0.05
SPOT,2026-03-11,0.005479,2,437.5,0.825067,530.260009765625,93.10985636124667,0.2300000000145701,1.2008774141554723,0.9864717314498285,0.0007350417712990799,1.3599582596069388,-170.52314586129197,0.05
SPOT,2026-03-11,0.005479,2,440.0,0.829782,530.260009765625,92.6405412494986,2.2600000505772755,1.7842383789713732,0.9306817883679382,0.00190278403017483,5.230669220330656,-871.6575599658718,0.05
SPOT,2026-03-11,0.005479,2,442.5,0.834496,530.260009765625,88.2012260366331,0.32000000002261686,1.1956099152015187,0.9817651001784188,0.0009537699296541444,1.7569039372125517,-213.29665105272332,0.05
SPOT,2026-03-11,0.005479,2,445.0,0.839211,530.260009765625,85.83191074462559,0.44999987032593936,1.2283343235073858,0.9759427282758399,0.001173716324025435,2.221235544642249,-270.5518867262616,0.05
SPOT,2026-03-11,0.005479,2,447.5,0.843926,530.260009765625,83.52259570829091,0.6399999963020377,1.2699488040323232,0.9682038937305608,0.0014323022706745133,2.802436469348768,-346.24812491144525,0.05
SPOT,2026-03-11,0.005479,2,450.0,0.84864,530.260009765625,80.43328054930095,0.04999999962291213,0.8636137963940439,0.9953865200723176,0.0003970367902039805,0.5282812600299442,-64.00009660435977,0.05
SPOT,2026-03-11,0.005479,2,452.5,0.853355,530.260009765625,78.40396538634093,0.5199999989737307,1.1567396213298713,0.9711534718166079,0.001450594380001101,2.58521391149625,-294.7037608981336,0.05
SPOT,2026-03-11,0.005479,2,455.0,0.85807,530.260009765625,75.65465054786722,0.27000032281080166,1.009171632587501,0.9816950462237088,0.0011336708316221284,1.7626532622500781,-184.562243631971,0.05
SPOT,2026-03-11,0.005479,2,457.5,0.862784,530.260009765625,73.43533503712041,0.5499999743748276,1.100170671888027,0.9683005110402633,0.0016491829931860845,2.795398921031078,-302.6324868797142,0.05
SPOT,2026-03-11,0.005479,2,460.0,0.867499,530.260009765625,72.2460196040779,1.8599997036431546,1.3778279901571155,0.9260989182833819,0.002588094189321155,5.494016544877397,-711.6865019624909,0.05
SPOT,2026-03-11,0.005479,2,462.5,0.872214,530.260009765625,68.07670474498894,0.19000000686497742,0.8692254865329931,0.9846641900641493,0.0011312834010250273,1.5150213353214192,-142.86925001857898,0.05
SPOT,2026-03-11,0.005479,2,465.0,0.876928,530.260009765625,65.56738958058469,0.1800000047715571,0.8330208460705351,0.984809180993821,0.001170858798900351,1.5027103434842646,-137.0576268752226,0.05
SPOT,2026-03-11,0.005479,2,467.5,0.881643,530.260009765625,63.18807441353351,0.3000000000312184,0.86884974693949,0.9769799181099352,0.00159895013825189,2.1403977315531675,-192.4394328263598,0.05
SPOT,2026-03-11,0.005479,2,470.0,0.886358,530.260009765625,60.86875912436932,0.47999987317780324,0.9079724511082461,0.9665648519266365,0.0020881017764845422,2.921051519135498,-264.59947700728475,0.05
SPOT,2026-03-11,0.005479,2,472.5,0.891072,530.260009765625,58.2794440321901,0.38999994330941945,0.8430009030322813,0.970202152766176,0.002044823248755764,2.6558203618601666,-227.1048783531538,0.05
SPOT,2026-03-11,0.005479,2,475.0,0.895787,530.260009765625,57.4501289240211,2.059999997451257,1.1654593124807187,0.9069111216114488,0.003639714437142953,6.535507387545955,-716.2116286913404,0.05
SPOT,2026-03-11,0.005479,2,477.5,0.900502,530.260009765625,54.19081375757236,1.2999999933132926,0.9986446977979165,0.9276353785950961,0.003513840492200456,5.4063969055582675,-514.5499579160831,0.05
SPOT,2026-03-11,0.005479,2,480.0,0.905216,530.260009765625,51.981498541828614,1.5899999398803857,1.0099581918805272,0.9151317099855956,0.00392074343691595,6.100798799440671,-583.9054074081349,0.05
SPOT,2026-03-11,0.005479,2,482.5,0.909931,530.260009765625,49.84218334641196,1.949999906774508,1.0250071724743377,0.9006967177096439,0.004339802940878608,6.853490203522181,-662.4080544763304,0.05
SPOT,2026-03-11,0.005479,2,485.0,0.914646,530.260009765625,46.172868269516016,0.7799999921894027,0.7833921818048828,0.9420542449930253,0.0037695434201313965,4.549701094105877,-347.9013155778011,0.05
SPOT,2026-03-11,0.005479,2,487.5,0.91936,530.260009765625,43.62355285558874,0.7299997405729641,0.7368240431125685,0.942233409503328,0.003998038287385015,4.538638781882543,-327.9565158998028,0.05
SPOT,2026-03-11,0.005479,2,490.0,0.924075,530.260009765625,41.24423745566372,0.849999502958724,0.7259031138987911,0.9333831798300205,0.0045355877661461316,5.072559112853625,-358.68409089017604,0.05
SPOT,2026-03-11,0.005479,2,492.5,0.92879,530.260009765625,38.89492277271228,0.9999999823181156,0.7168801601095384,0.9227473139060157,0.005145243184690668,5.68286513507614,-394.26646454269434,0.05
SPOT,2026-03-11,0.005479,2,495.0,0.933504,530.260009765625,36.705607715628105,1.310000087544779,0.7286844583916855,0.9045173378757057,0.00593140779285497,6.659048414885386,-464.9226774789112,0.05
SPOT,2026-03-11,0.005479,2,497.5,0.938219,530.260009765625,34.326292480236816,1.4300000144642695,0.7062445265501173,0.894574368923164,0.0065786674246376565,7.158267258100519,-483.314731249799,0.05
SPOT,2026-03-11,0.005479,2,500.0,0.942934,530.260009765625,32.316976418085915,1.9199991146242041,0.7279436544981627,0.8691728200960865,0.007436234674526029,8.3399939135106,-575.4114459529713,0.05
SPOT,2026-03-11,0.005479,2,502.5,0.947648,530.260009765625,29.99766213460333,2.0999999934524567,0.7055109945981928,0.8556530622624359,0.008205511509620591,8.91916765073006,-595.3831361240644,0.05
SPOT,2026-03-11,0.005479,2,505.0,0.952363,530.260009765625,26.948346979100904,1.550000000260809,0.5987067115008329,0.8706926354505857,0.008968595626536685,8.272817654014217,-473.6977269587701,0.05
SPOT,2026-03-11,0.005479,2,507.5,0.957078,530.260009765625,24.6990317966858,1.7999999801565423,0.5846842288496661,0.8512046075050532,0.010104977283156815,9.102728784183995,-506.98579039882964,0.05
SPOT,2026-03-11,0.005479,2,510.0,0.961792,530.260009765625,23.809716063795065,3.409999409576642,0.6930330920064104,0.78534488113435,0.010731222891414637,11.458244101998247,-744.2423518449949,0.05
SPOT,2026-03-11,0.005479,2,512.5,0.966507,530.260009765625,21.010399270641642,3.109997778734055,0.61683715636509,0.7808069133135961,0.012203503466518014,11.59764837553309,-672.4407796697553,0.05
SPOT,2026-03-11,0.005479,2,515.0,0.971222,530.260009765625,19.801086329631175,4.400000000034311,0.6691565897045344,0.7323095074983863,0.012534408425353336,12.922498282404224,-807.4803759152596,0.05
SPOT,2026-03-11,0.005479,2,517.5,0.975936,530.260009765625,16.05177117243801,3.1500000051520374,0.5172301874505028,0.7461718032399042,0.015778436846509446,12.573689226109757,-612.4242765520862,0.05
SPOT,2026-03-11,0.005479,2,520.0,0.980651,530.260009765625,16.502453921247195,6.099997916272059,0.676686764090042,0.6629695423158769,0.013748460841125928,14.333645029168624,-901.8213324598872,0.05
SPOT,2026-03-11,0.005479,2,522.5,0.985366,530.260009765625,14.8031408476445,6.900000004980143,0.6676855055597395,0.6287481525780858,0.014422554095178959,14.836416175173655,-919.8578211925925,0.05
SPOT,2026-03-11,0.005479,2,525.0,0.99008,530.260009765625,13.253827953443988,7.8500022730904675,0.6629841525552952,0.5922193447991493,0.01491882708617069,15.238868100273152,-936.9492552493956,0.05
SPOT,2026-03-11,0.005479,2,527.5,0.994795,530.260009765625,10.354510460907534,7.4499999428647925,0.5652430237213357,0.560482520019287,0.017774103956354374,15.478818541989488,-812.7154432170054,0.05
SPOT,2026-03-11,0.005479,2,530.0,0.99951,530.260009765625,10.185195359563807,9.780000003831788,0.6377132181262232,0.5158723489206474,0.01592514132317455,15.64673027547062,-923.6721270083536,0.05
SPOT,2026-03-11,0.005479,2,532.5,1.004224,530.260009765625,9.559999999583766,11.654119806162612,0.6740059558222629,0.47844631245360897,0.015057554245788375,15.63626610223786,-973.8850010910892,0.05
SPOT,2026-03-11,0.005479,2,535.0,1.008939,530.260009765625,8.54999920614847,13.143434175038124,0.6798029437683469,0.44186435176320477,0.014791948411987645,15.492564273841387,-972.3226853025842,0.05
SPOT,2026-03-11,0.005479,2,537.5,1.013654,530.260009765625,8.800000000029485,15.89275013123006,0.7622803798427179,0.4179007851636881,0.013049965045199272,15.326358229271955,-1076.7119269722143,0.05
SPOT,2026-03-11,0.005479,2,540.0,1.018368,530.260009765625,7.920000010131247,17.512065303642657,0.7669689773637991,0.38690744072049077,0.012715697040373434,15.025635594010739,-1061.4449955416162,0.05
SPOT,2026-03-11,0.005479,2,542.5,1.023083,530.260009765625,6.099999999327025,18.191380455149215,0.701923101433821,0.34165344802507847,0.01332367123781896,14.40881701532108,-931.6449474083713,0.05
SPOT,2026-03-11,0.005479,2,545.0,1.027798,530.260009765625,5.209999586614941,19.800695204747853,0.6930655611098141,0.30732499693585497,0.012919342038239624,13.795250705500717,-880.3300596553208,0.05
SPOT,2026-03-11,0.005479,2,547.5,1.032512,530.260009765625,6.599999918352353,23.690010698796073,0.8457287218815444,0.3172530225002094,0.010733623320066176,13.985960986673462,-1087.4163425404738,0.05
SPOT,2026-03-11,0.005479,2,550.0,1.037227,530.260009765625,3.900000168097165,23.489326110851835,0.6922708278955392,0.24752498378609628,0.011632890759971426,12.407336557865332,-790.1355200264748,0.05
SPOT,2026-03-11,0.005479,2,552.5,1.041942,530.260009765625,5.000000005145893,27.08864111021137,0.8265880875402731,0.2622536023378029,0.010041859768591047,12.78845785495741,-971.2874364204033,0.05
SPOT,2026-03-11,0.005479,2,555.0,1.046656,530.260009765625,3.499999913744375,28.087956181120717,0.748661249772935,0.21470834361004154,0.009935286748842021,11.459895123662447,-788.4041831795288,0.05
SPOT,2026-03-11,0.005479,2,557.5,1.051371,530.260009765625,2.1499999967163035,29.23727142640348,0.6620540261393421,0.16057478834623512,0.009384908880760915,9.572786510363587,-582.4651133054654,0.05
SPOT,2026-03-11,0.005479,2,560.0,1.056086,530.260009765625,2.3199996828619334,31.90658627485982,0.7185603684753157,0.16006724324803195,0.008629024275175486,9.553001222945504,-630.5051001051935,0.05
SPOT,2026-03-11,0.005479,2,562.5,1.0608,530.260009765625,1.9799978658139423,34.06589962012265,0.7191446050382445,0.1407387053418126,0.007913307220512363,8.767769738265537,-578.9905108462327,0.05
SPOT,2026-03-11,0.005479,2,565.0,1.065515,530.260009765625,1.3000008156395495,35.88521773225909,0.6692459299881931,0.10553024216550233,0.00694734414980472,7.163403815197122,-440.19261821793975,0.05
SPOT,2026-03-11,0.005479,2,567.5,1.07023,530.260009765625,0.9500012936062774,38.03453337253666,0.6488380247242915,0.08326351064907789,0.006016044597687411,6.01398336848494,-358.2267898536561,0.05
SPOT,2026-03-11,0.005479,2,570.0,1.074944,530.260009765625,1.0000003197199803,40.5838475609612,0.6887022880594834,0.0827623597743189,0.005642139199511293,5.986737341813339,-378.375301579389,0.05
SPOT,2026-03-11,0.005479,2,572.5,1.079659,530.260009765625,0.9899993943894856,43.073161797941566,0.7181749159724616,0.07926922179295959,0.005237323406879638,5.795014233707078,-381.81950470348465,0.05
SPOT,2026-03-11,0.005479,2,575.0,1.084374,530.260009765625,0.8299990962639896,45.41247666212678,0.7192922815792235,0.06816904265896352,0.004659493306071526,5.163675883610267,-340.68590485524936,0.05
SPOT,2026-03-11,0.005479,2,577.5,1.089088,530.260009765625,4.3500000000486665,51.43179272822226,1.191926002032325,0.17877806140320135,0.005584665755937685,10.255606803910672,-1119.9555458075936,0.05
SPOT,2026-03-11,0.005479,2,580.0,1.093803,530.260009765625,0.5399997690116187,50.12110765949603,0.7121152700625769,0.04752280245689658,0.003542932025905059,3.8871204726989292,-253.82007546913007,0.05
SPOT,2026-03-11,0.005479,2,582.5,1.098518,530.260009765625,0.6799999978260409,52.760423050621284,0.7738875325596194,0.05404871881390433,0.003611936403732958,4.30658305558023,-305.5179914948648,0.05
SPOT,2026-03-11,0.005479,2,585.0,1.103232,530.260009765625,0.5500001540912827,55.12973836919741,0.7688841708714339,0.04523940549496492,0.0031541605930394483,3.7364536888416295,-263.3240661819592,0.05
SPOT,2026-03-11,0.005479,2,590.0,1.112662,530.260009765625,0.39999997050539093,59.978368510233054,0.7759934210053993,0.03400000784720432,0.0024771552859679576,2.9615983099642325,-210.5904406087362,0.05
SPOT,2026-03-11,0.005479,2,595.0,1.122091,530.260009765625,0.7000009418050794,65.27699980615444,0.9147551533058834,0.04812615050286243,0.002786089349436759,3.926583045438161,-328.9983830121399,0.05
SPOT,2026-03-11,0.005479,2,600.0,1.13152,530.260009765625,0.1300000004798525,69.70562918945086,0.7396150396424497,0.013056872082128895,0.0011574438404415757,1.3189263473370882,-89.35384769961118,0.05
SPOT,2026-03-11,0.005479,2,605.0,1.14095,530.260009765625,0.11000004698907428,74.68425956058161,0.7654585064190311,0.010895446553835241,0.0009559041630718862,1.127329544284837,-79.02518499289397,0.05
SPOT,2026-03-11,0.005479,2,610.0,1.150379,530.260009765625,0.2900000005267156,79.8628898387409,0.922552172817504,0.022044069708241246,0.0014518580847259121,2.0636212223751773,-174.2915440658381,0.05
SPOT,2026-03-11,0.005479,2,615.0,1.159808,530.260009765625,0.16000012073338965,84.73152028356924,0.8892736465918168,0.013376149445294624,0.0009829583787000315,1.3467451909224504,-109.62992373598374,0.05
SPOT,2026-03-11,0.005479,2,620.0,1.169238,530.260009765625,0.04000000051162411,89.61015048796912,0.7914388672708168,0.004208845111234244,0.00039913146075653053,0.4866852880561346,-35.25741495752097,0.05
SPOT,2026-03-11,0.005479,2,625.0,1.178667,530.260009765625,2.0599999979603822,96.62878081003953,1.5161757549224473,0.07984427096996116,0.002494396074610151,5.826796412400649,-808.1572409485901,0.05
SPOT,2026-03-11,0.005479,2,630.0,1.188096,530.260009765625,0.19999999486288367,99.76741113156368,1.0425098277545148,0.014215953744688968,0.0008836895045888949,1.4193671084320794,-135.38991216437165,0.05
SPOT,2026-03-11,0.005479,2,635.0,1.197526,530.260009765625,0.49999995444282774,105.0660414157652,1.2394136731158525,0.027689120054879737,0.001308466410570947,2.49858278573887,-283.2900838659824,0.05
SPOT,2026-03-11,0.005479,2,640.0,1.206955,530.260009765625,0.1100002008439338,109.67467198678798,1.0422005296929449,0.008285688916298115,0.0005526033870433374,0.8873188633759894,-84.59891074854241,0.05
SPOT,2026-03-11,0.005479,2,650.0,1.225814,530.260009765625,0.049999973550626464,119.61193240873786,1.0241778973418898,0.004095450322242476,0.000300985785106611,0.47493728649935224,-44.49193244809126,0.05
SPOT,2026-03-11,0.005479,2,655.0,1.235243,530.260009765625,0.34000000047580237,124.90056276028474,1.3342444217460445,0.01844702797938779,0.0008631311815185081,1.774300129211248,-216.4927781154857,0.05
SPOT,2026-03-11,0.005479,2,660.0,1.244672,530.260009765625,0.05999999286137925,129.61919307729192,1.112824889308215,0.004493990970480914,0.00030098825505469923,0.5160493814635573,-52.5185235523356,0.05
SPOT,2026-03-11,0.005479,2,670.0,1.263531,530.260009765625,0.089999998431602,139.64645373210544,1.2324654308204195,0.005946389041377161,0.0003486857244917057,0.6621003175642965,-74.61459408904204,0.05
SPOT,2026-03-11,0.005479,2,755.0,1.42383,530.260009765625,0.09000000742651926,224.6231692596681,1.7715837795042726,0.004309309153087949,0.00018210919646279592,0.4970595880213399,-80.46292441750212,0.05
SPOT,2026-03-11,0.024658,9,270.0,0.509184,530.260009765625,260.6026813701644,0.010000005882091045,1.3066839527563223,0.9996606616543536,1.1400665267783684e-05,0.10328283449403668,-16.210518330183596,0.05
SPOT,2026-03-11,0.024658,9,280.0,0.528043,530.260009765625,250.61500253113485,0.009999996531860234,1.2397713821060383,0.9996426147511371,1.260878315886079e-05,0.10837826123250256,-16.697383748238078,0.05
SPOT,2026-03-11,0.024658,9,290.0,0.546902,530.260009765625,240.7173236868917,0.09999998196803972,1.4376615771920747,0.9973773155097019,6.770115351392056e-05,0.674807856611024,-34.079990430681896,0.05
SPOT,2026-03-11,0.024658,9,300.0,0.56576,530.260009765625,230.65964492499268,0.030000049748366564,1.2157483669924531,0.9989839723211241,3.3750823606289357e-05,0.2844824411708506,-21.966333527540655,0.05
SPOT,2026-03-11,0.024658,9,310.0,0.584619,530.260009765625,220.7919660456322,0.15000000006727987,1.3478043757285088,0.9959513204152584,0.00010671449737260326,0.9971894637696855,-42.61972386359187,0.05
SPOT,2026-03-11,0.024658,9,320.0,0.603478,530.260009765625,211.20428721682498,0.5500000009394057,1.5025167627187375,0.9882068433151054,0.00024591853174422734,2.5617572798494863,-93.69096905136016,0.05
SPOT,2026-03-11,0.024658,9,330.0,0.622336,530.260009765625,200.67660838518754,0.009999998981299996,0.9362977445498939,0.9995297161712732,2.153838841167742e-05,0.1398152609800343,-19.121239235356782,0.05
SPOT,2026-03-11,0.024658,9,340.0,0.641195,530.260009765625,190.7189295553319,0.03999999880505811,0.990122214116308,0.9983806567722664,6.346765273633213e-05,0.43568101634722295,-25.681496483964107,0.05
SPOT,2026-03-11,0.024658,9,350.0,0.660054,530.260009765625,180.73125066283006,0.03999993598256424,0.9302489426883197,0.998280313777315,7.135440175153319e-05,0.4602007798801344,-26.11178671633133,0.05
SPOT,2026-03-11,0.024658,9,360.0,0.678912,530.260009765625,170.74357186424407,0.039999967075914356,0.8718925144329958,0.9981698388194007,8.056705518818801e-05,0.48702116478275637,-26.53785379744703,0.05
SPOT,2026-03-11,0.024658,9,370.0,0.697771,530.260009765625,160.83589316293785,0.12000009544908607,0.9132156750299135,0.9951986662295877,0.00018341391133248932,1.1612695160156916,-39.84827898833362,0.05
SPOT,2026-03-11,0.024658,9,380.0,0.71663,530.260009765625,151.0282142304236,0.2999999926141754,0.9545791757318046,0.9894457562675532,0.00035146815477614764,2.3260836744380597,-63.7071722391575,0.05
SPOT,2026-03-11,0.024658,9,390.0,0.735488,530.260009765625,140.96053532322327,0.21999991509318306,0.8526816916233717,0.9911217885191334,0.00033828839039971284,1.999868444031927,-53.80829074549784,0.05
SPOT,2026-03-11,0.024658,9,400.0,0.754347,530.260009765625,130.9028567611403,0.15000018268960957,0.7528270272710473,0.9929403393549191,0.0003132117035127294,1.6347847579034196,-44.73675178492546,0.05
SPOT,2026-03-11,0.024658,9,410.0,0.773206,530.260009765625,121.01517774907308,0.25000000030172487,0.7413494034058326,0.9886450305707954,0.0004822900837483499,2.478898079068234,-57.426259979012315,0.05
SPOT,2026-03-11,0.024658,9,420.0,0.792064,530.260009765625,111.07749887330698,0.29999995421496806,0.6978553627760634,0.9858581018651023,0.0006195179868890196,2.997414033302571,-63.000455393802184,0.05
SPOT,2026-03-11,0.024658,9,425.0,0.801494,530.260009765625,106.15365954057125,0.3700000363189133,0.688010940160012,0.982725808848124,0.0007460649826471613,3.558765702451274,-70.39685209029378,0.05
SPOT,2026-03-11,0.024658,9,430.0,0.810923,530.260009765625,101.19981994229988,0.4099998528872675,0.667101639202463,0.9805324556940782,0.0008519306126833331,3.9402486409208994,-74.23794478151203,0.05
SPOT,2026-03-11,0.024658,9,435.0,0.820352,530.260009765625,96.3959798592764,0.5999991847034494,0.6765865372799263,0.9731090364250474,0.0011026905535004275,5.172546481151537,-91.94587964823836,0.05
SPOT,2026-03-11,0.024658,9,440.0,0.829782,530.260009765625,91.47214125160934,0.6699999918760682,0.6562654864220828,0.9695460781826374,0.0012607798309254735,5.736489639261706,-97.47091078528933,0.05
SPOT,2026-03-11,0.024658,9,445.0,0.839211,530.260009765625,87.16830403081019,1.360002185916585,0.7160841785250306,0.9480373957820389,0.0017835724204953384,8.854870670330813,-149.3548989755636,0.05
SPOT,2026-03-11,0.024658,9,450.0,0.84864,530.260009765625,81.92446243029718,1.1100000002432466,0.6507974103373626,0.9524554073451491,0.0018281866349022138,8.248856370996977,-130.014118838423,0.05
SPOT,2026-03-11,0.024658,9,455.0,0.85807,530.260009765625,77.10062213600366,1.2799991207893981,0.6344560566137958,0.9450477118452368,0.0021042865156618157,9.25622314275308,-140.2856523674291,0.05
SPOT,2026-03-11,0.024658,9,460.0,0.867499,530.260009765625,72.23678370255334,1.410000102178799,0.6115306216054842,0.9383504123124802,0.002389595007708151,10.131410374334502,-146.90101823493183,0.05
SPOT,2026-03-11,0.024658,9,465.0,0.876928,530.260009765625,67.60294417206808,1.7699999865332074,0.6071248934956539,0.924805958298005,0.002805695314473499,11.809892463956675,-166.53251650958427,0.05
SPOT,2026-03-11,0.024658,9,470.0,0.886358,530.260009765625,63.04910473955516,2.209999968859961,0.6030760170141871,0.908937405392668,0.003262192117025254,13.639830949833442,-187.74826077601082,0.05
SPOT,2026-03-11,0.024658,9,472.5,0.891072,530.260009765625,60.682185035467626,2.3399999721922313,0.5925892632225785,0.9030587226527607,0.003476779973393998,14.284280894864118,-192.55422567344579,0.05
SPOT,2026-03-11,0.024658,9,475.0,0.895787,530.260009765625,58.07526533886835,2.229999983012817,0.5650547280120045,0.9029565634327446,0.003649020165997971,14.29532958242296,-184.8329858012934,0.05
SPOT,2026-03-11,0.024658,9,477.5,0.900502,530.260009765625,56.138345697318925,2.7900000488832575,0.5817683868219866,0.8861685941777053,0.00397794970901487,16.04489215329388,-209.96918353167845,0.05
SPOT,2026-03-11,0.024658,9,480.0,0.905216,530.260009765625,54.06142594109036,3.2100000000745013,0.5860460255312971,0.8731732152343201,0.004261446221960733,17.31474632163045,-226.21081317808904,0.05
SPOT,2026-03-11,0.024658,9,482.5,0.909931,530.260009765625,51.654502965635345,3.2999967320393466,0.5698813322862895,0.8672045780953521,0.004524121819850521,17.87500275584436,-226.9716975080564,0.05
SPOT,2026-03-11,0.024658,9,485.0,0.914646,530.260009765625,49.327586330482745,3.4699998043065534,0.557695882292759,0.8591819155530659,0.00481212297337468,18.606365634060857,-230.7293960617497,0.05
SPOT,2026-03-11,0.024658,9,487.5,0.91936,530.260009765625,49.84066677357686,6.479999954820528,0.67789329085245,0.8036278151408763,0.004905401111363787,23.054900740988746,-335.7311249142526,0.05
SPOT,2026-03-11,0.024658,9,490.0,0.924075,530.260009765625,44.923747438327496,4.06000032699103,0.5437129348785593,0.8369463954397637,0.005441050778782245,20.51066965317233,-246.07985524179833,0.05
SPOT,2026-03-11,0.024658,9,492.5,0.92879,530.260009765625,45.5368283464893,7.170000942572642,0.6569143365988329,0.7822090985170926,0.0053818933838911485,24.51157546312919,-344.9747547402149,0.05
SPOT,2026-03-11,0.024658,9,495.0,0.933504,530.260009765625,40.96990718951491,5.099999493018117,0.5452030324954381,0.8053668191929022,0.006066406670163497,22.930692960844542,-272.8146076725922,0.05
SPOT,2026-03-11,0.024658,9,497.5,0.938219,530.260009765625,39.172982662964046,5.799994673887056,0.55062557928799,0.7867083971913287,0.006343508365095334,24.21660709123736,-289.288984731321,0.05
SPOT,2026-03-11,0.024658,9,500.0,0.942934,530.260009765625,37.37606841853568,6.500000136878555,0.5537706735105502,0.7683382478437183,0.0066118489784204055,25.385181561768597,-303.5584110352407,0.05
SPOT,2026-03-11,0.024658,9,502.5,0.947648,530.260009765625,35.48914857676925,7.110000002531933,0.551491733934054,0.7512611722757582,0.0069016292966363095,26.38870218815196,-313.24929489824945,0.05
SPOT,2026-03-11,0.024658,9,505.0,0.952363,530.260009765625,33.23222886688404,7.350000000066586,0.5340252416447732,0.7384860599276826,0.007316547604469345,27.089150360965483,-311.26208508106066,0.05
SPOT,2026-03-11,0.024658,9,507.5,0.957078,530.260009765625,31.41530785098513,8.029998691587537,0.5315908060270723,0.7197393394888272,0.007608497497274594,28.041662576487013,-319.78623151961335,0.05
SPOT,2026-03-11,0.024658,9,510.0,0.961792,530.260009765625,29.438389393143893,8.549999941166107,0.5219811825131004,0.7023972684732456,0.00797064474002717,28.845342199088194,-322.46768011580855,0.05
SPOT,2026-03-11,0.024658,9,512.5,0.966507,530.260009765625,28.211474727492885,9.820004982934961,0.5363265683832541,0.6776924068372672,0.008031885451021799,29.865804192103113,-341.3629664959095,0.05
SPOT,2026-03-11,0.024658,9,515.0,0.971222,530.260009765625,25.54454792390203,9.64999788676397,0.500941563187852,0.6650270567282786,0.008733959112837218,30.33371605072636,-324.4839677584378,0.05
SPOT,2026-03-11,0.024658,9,517.5,0.975936,530.260009765625,20.397632952465585,7.000002622747331,0.383639566017229,0.6754174682367595,0.011261167052722782,29.95257663501456,-249.89927468389243,0.05
SPOT,2026-03-11,0.024658,9,520.0,0.980651,530.260009765625,22.25071062287344,11.350000000574994,0.4935282184824217,0.620493700257112,0.009261857593547902,31.691112454311636,-332.4923514148273,0.05
SPOT,2026-03-11,0.024658,9,525.0,0.99008,530.260009765625,19.706871061953905,13.799999854495184,0.5022488601186874,0.5720012620219129,0.00938374793158184,32.67553363044384,-346.9637970015197,0.05
SPOT,2026-03-11,0.024658,9,530.0,0.99951,530.260009765625,17.91303179359113,17.000000000972022,0.5260013224930936,0.524783417026211,0.009091183581840903,33.15390279022527,-366.64203142523803,0.05
SPOT,2026-03-11,0.024658,9,535.0,1.008939,530.260009765625,17.30999999952121,21.39080762174183,0.5784361015901894,0.484449755996752,0.008276770062207837,33.19278375773068,-401.3101121605348,0.05
SPOT,2026-03-11,0.024658,9,537.5,1.013654,530.260009765625,16.949999939035962,23.527727268676358,0.6006221928592106,0.4667032697794894,0.007949298832252285,33.102256120620545,-414.6879610120572,0.05
SPOT,2026-03-11,0.024658,9,540.0,1.018368,530.260009765625,12.950007736609848,22.02465477367025,0.5107312485611692,0.43192118340900754,0.009244177164670662,32.73317155271999,-349.8049459052352,0.05
SPOT,2026-03-11,0.024658,9,542.5,1.023083,530.260009765625,7.178431681889748,18.74999842636987,0.3602022178039721,0.361899017817325,0.012496317831539299,31.20727449467511,-237.17717735637967,0.05
SPOT,2026-03-11,0.024658,9,545.0,1.027798,530.260009765625,12.300000007163788,26.368486459063774,0.549505936878087,0.39730684017222995,0.008428653319491828,32.11130650923629,-367.72735490402096,0.05
SPOT,2026-03-11,0.024658,9,547.5,1.032512,530.260009765625,11.550000162231356,28.115406321551063,0.5537801372656191,0.37817520860413634,0.008245250434341843,31.656917296606828,-364.93821404678073,0.05
SPOT,2026-03-11,0.024658,9,550.0,1.037227,530.260009765625,9.679999999027899,28.74232586576761,0.5204584778936656,0.34779264127816933,0.008527345911870564,30.769990610429634,-333.4755489367388,0.05
SPOT,2026-03-11,0.024658,9,552.5,1.041942,530.260009765625,10.749999998714515,32.30924557287403,0.5809081822448999,0.34779203802613545,0.0076399795605510724,30.76997095608558,-371.13921502836234,0.05
SPOT,2026-03-11,0.024658,9,555.0,1.046656,530.260009765625,7.999997616214273,32.05616289779357,0.514012337245925,0.30525879431514436,0.008187288098293612,29.177025286023365,-311.8062767275077,0.05
SPOT,2026-03-11,0.024658,9,557.5,1.051371,530.260009765625,8.574996264115214,35.12808125311449,0.5573591864938782,0.30343958651111136,0.007530479993238181,29.09947935006012,-336.498826333788,0.05
SPOT,2026-03-11,0.024658,9,560.0,1.056086,530.260009765625,6.80000001761087,35.850004714029865,0.5174793929673892,0.26902910458966056,0.007659877359491318,27.481616337813012,-295.16649662450976,0.05
SPOT,2026-03-11,0.024658,9,562.5,1.0608,530.260009765625,6.700000131715427,38.246924535554285,0.5356180838664719,0.25944405024096484,0.007264999009466987,26.978524075578676,-299.56128802308075,0.05
SPOT,2026-03-11,0.024658,9,565.0,1.065515,530.260009765625,6.800000422568559,40.84384453382722,0.5607225757080011,0.25376413336995324,0.006860187544232094,26.669288319154305,-309.62339824274306,0.05
SPOT,2026-03-11,0.024658,9,570.0,1.074944,530.260009765625,4.300000011215474,43.337683537313865,0.5003201455125568,0.19354687058165082,0.006588112263498553,22.852639948932545,-236.7652412057614,0.05
SPOT,2026-03-11,0.024658,9,575.0,1.084374,530.260009765625,11.50000000029732,55.53152294123538,0.816613232980797,0.28843400337378355,0.005021419491852724,28.429571458284613,-477.8404150497747,0.05
SPOT,2026-03-11,0.024658,9,580.0,1.093803,530.260009765625,2.7700001309846556,51.795362486762315,0.496580003263302,0.13674917256001534,0.005297516455903524,18.238492435991354,-187.1403409381142,0.05
SPOT,2026-03-11,0.024658,9,585.0,1.103232,530.260009765625,6.500000431861224,60.51920220247871,0.7068622928502432,0.20653415043237333,0.004848789141571989,23.762684916685462,-345.7555772173036,0.05
SPOT,2026-03-11,0.024658,9,590.0,1.112662,530.260009765625,1.9299987049531069,60.94303989041009,0.5078316105200994,0.09967586847076848,0.00414056551550954,14.578296781743877,-152.6690828397008,0.05
SPOT,2026-03-11,0.024658,9,600.0,1.13152,530.260009765625,1.2399999731918143,70.24071998832824,0.5098640607642673,0.06838980315954118,0.0031064692341736403,10.981176027325724,-115.28461085588748,0.05
SPOT,2026-03-11,0.024658,9,610.0,1.150379,530.260009765625,1.0600000014797466,80.04839884629553,0.5438404806223971,0.056673898648677175,0.0025153919920845426,9.48428511026246,-106.04111916050553,0.05
SPOT,2026-03-11,0.024658,9,620.0,1.169238,530.260009765625,1.2300000011319696,90.20607767562717,0.6113022430143857,0.05844300013485464,0.002292562394457352,9.716381301298886,-121.9308145391372,0.05
SPOT,2026-03-11,0.024658,9,630.0,1.188096,530.260009765625,0.4999999730220175,99.46375647719651,0.5604620395366708,0.028692693718713986,0.0014050712958051325,5.459739987055881,-62.78526318709652,0.05
SPOT,2026-03-11,0.024658,9,640.0,1.206955,530.260009765625,1.909999950099909,110.86143528395371,0.7748800329778919,0.0701159386530721,0.0020836606714963054,11.194091712982383,-177.65451318687175,0.05
SPOT,2026-03-11,0.024658,9,650.0,1.225814,530.260009765625,0.17000000006503146,119.10911416359818,0.5528314824783451,0.011074203615641388,0.0006328279559142061,2.425525358482509,-27.47572006571709,0.05
SPOT,2026-03-11,0.024658,9,660.0,1.244672,530.260009765625,0.9300000000536635,129.85679299326614,0.75749763798768,0.038344141282498995,0.0013200340581686959,6.932562849119517,-107.45684012234014,0.05
SPOT,2026-03-11,0.024658,9,670.0,1.263531,530.260009765625,0.39999998523820324,139.31447180813018,0.699043812761498,0.01947010768021187,0.0008130933504197614,3.9406893613835186,-56.35569977366631,0.05
SPOT,2026-03-11,0.024658,9,680.0,1.28239,530.260009765625,0.24999998814357127,149.15215064071492,0.6903548330002521,0.012912133059744849,0.0005789505361527295,2.771029989646779,-39.12110551268681,0.05
SPOT,2026-03-11,0.024658,9,690.0,1.301248,530.260009765625,0.2000000002004123,159.08982948245102,0.7048037069814469,0.010366405312410001,0.00046863311276221047,2.2899634327582508,-32.99266514437134,0.05
SPOT,2026-03-11,0.024658,9,700.0,1.320107,530.260009765625,0.00999996925932356,168.8875082811893,0.5513648033457078,0.0008161154686727262,6.084821713263077e-05,0.2326024543774249,-2.6217384701437436,0.05
SPOT,2026-03-11,0.024658,9,710.0,1.338966,530.260009765625,48.454812855393726,227.31999999700304,3.0571986898282937,0.3573915542687979,0.0014659646500777461,31.072382806745026,-1933.3290886110556,0.05
SPOT,2026-03-11,0.024658,9,720.0,1.357824,530.260009765625,0.16999996802932582,189.02286593931797,0.7870038679578389,0.00812167414442638,0.0003389640299743328,1.8495150820690038,-29.722666955136102,0.05
SPOT,2026-03-11,0.024658,9,740.0,1.395542,530.260009765625,0.39999997458192915,209.22822360522935,0.9428951690812281,0.015055081422062152,0.000483884042760732,3.1632397323417787,-60.85972558952426,0.05
SPOT,2026-03-11,0.024658,9,760.0,1.433259,530.260009765625,0.08999999841795336,228.89358128842412,0.8468667292758763,0.00425643351666561,0.00017761459860320358,1.0428482718378838,-18.01674134411575,0.05
SPOT,2026-03-11,0.024658,9,780.0,1.470976,530.260009765625,0.009999991942598208,248.78893894130738,0.745083628353135,0.0006199788422633349,3.4948720965753384e-05,0.18053595308622808,-2.743590265605663,0.05
SPOT,2026-03-11,0.024658,9,800.0,1.508694,530.260009765625,0.020000055075193868,268.77429666379885,0.8328999258176844,0.0010719468803074054,5.174603090220134e-05,0.2988114692080747,-5.074154883516172,0.05
SPOT,2026-03-11,0.024658,9,820.0,1.546411,530.260009765625,0.009999996511823761,288.73965426459415,0.8328863497368315,0.000560225275421266,2.8469576063549393e-05,0.16439709558774132,-2.7908696615510316,0.05
SPOT,2026-03-11,0.024658,9,840.0,1.584129,530.260009765625,3.449999984553152,312.15501191199417,1.7369164962377606,0.061076052076608364,0.000835203797667943,10.057702751756366,-355.6872141593166,0.05
SPOT,2026-03-11,0.024658,9,860.0,1.621846,530.260009765625,0.1399999975980757,328.8203695843979,1.1487248258434741,0.004886321307938571,0.0001481092326336701,1.1795749327998148,-27.599082060241997,0.05
SPOT,2026-03-11,0.024658,9,880.0,1.659563,530.260009765625,0.09999996691199331,348.7557272130705,1.1568646578051982,0.0035632825957813492,0.00011087826910899466,0.8893165759583416,-20.95163467369991,0.05
SPOT,2026-03-11,0.024658,9,900.0,1.697281,530.260009765625,0.4900000082112621,369.1210849137284,1.4312478123064212,0.012674439629323157,0.0002748010994009703,2.7268465402715507,-79.45150953586658,0.05
SPOT,2026-03-11,0.024658,9,920.0,1.734998,530.260009765625,1.0900000455938699,389.69644261046983,1.649212117889769,0.02310729721433149,0.0003983637644012476,4.554951329310521,-152.8864515008475,0.05
SPOT,2026-03-11,0.024658,9,940.0,1.772715,530.260009765625,0.7600007310523313,409.3418009552869,1.6187405808939115,0.016986553393877703,0.0003125811341372362,3.5080632326840666,-115.5626519622605,0.05
SPOT,2026-03-11,0.043836,16,310.0,0.584619,530.260009765625,220.9487177590825,0.009999999948831828,0.7903722463317139,0.9995808883028383,1.719805994155431e-05,0.16753903482571336,-16.964847823125567,0.05
SPOT,2026-03-11,0.043836,16,320.0,0.603478,530.260009765625,211.1806114973977,0.21999993202183532,1.0011845450416912,0.9942090861639679,0.00014823254452982378,1.829205800051687,-36.68952886517453,0.05
SPOT,2026-03-11,0.043836,16,330.0,0.622336,530.260009765625,201.35250503170914,0.3699996600910822,1.0103405662087597,0.9908180099406402,0.00022052841410803546,2.7462319419168075,-47.850051264922826,0.05
SPOT,2026-03-11,0.043836,16,340.0,0.641195,530.260009765625,191.41439917430205,0.4099999964417407,0.9667012013812211,0.9894951979610428,0.00025923291694321594,3.0887821165100573,-50.72202373094086,0.05
SPOT,2026-03-11,0.043836,16,350.0,0.660054,530.260009765625,181.92629205109802,0.8999990669955196,1.0248182082767432,0.9799957479126982,0.0004256347895572323,5.376365930141835,-79.73244315106645,0.05
SPOT,2026-03-11,0.043836,16,360.0,0.678912,530.260009765625,171.2581867020042,0.20999991165945175,0.7835398650373826,0.9929760555622452,0.00022469289644675108,2.1699778921284425,-37.157503667977394,0.05
SPOT,2026-03-11,0.043836,16,370.0,0.697771,530.260009765625,163.21008105268214,2.1400004560952084,1.0631830355239862,0.9588770142880358,0.000746664756165341,9.78449824761984,-135.91814269582403,0.05
SPOT,2026-03-11,0.043836,16,375.0,0.7072,530.260009765625,158.72102750075055,2.6400000010424947,1.0774027270036357,0.9513732121772389,0.0008432796182189417,11.198363053581811,-154.9057887997559,0.05
SPOT,2026-03-11,0.043836,16,380.0,0.71663,530.260009765625,153.84197440284078,2.750000000011596,1.0532214675713665,0.9485763463701102,0.0009019799503879514,11.709044479457203,-158.12185669049694,0.05
SPOT,2026-03-11,0.043836,16,385.0,0.726059,530.260009765625,147.17292129421384,1.0699999882635893,0.8442327055726391,0.9720541667526401,0.000684401397762702,7.121605784782257,-86.99113808596276,0.05
SPOT,2026-03-11,0.043836,16,390.0,0.735488,530.260009765625,144.3538669998237,3.239998790752338,1.0246422304151204,0.9393755420848182,0.0010556992187671684,13.332675853762664,-173.51129255390293,0.05
SPOT,2026-03-11,0.043836,16,395.0,0.744918,530.260009765625,136.52481462434844,0.39999951215594365,0.6706707119155957,0.9854819697911881,0.0004945255396925842,4.087925156304546,-50.573807631151894,0.05
SPOT,2026-03-11,0.043836,16,400.0,0.754347,530.260009765625,131.7057620005399,0.5699999852262749,0.6815569018519043,0.9804075313988807,0.0006288032893518862,5.282284571107953,-60.472781947707546,0.05
SPOT,2026-03-11,0.043836,16,405.0,0.763776,530.260009765625,128.4767066432305,2.329997724795817,0.8553427453917909,0.9459247399312715,0.0011558501613530081,12.185590610239364,-137.54117501812723,0.05
SPOT,2026-03-11,0.043836,16,410.0,0.773206,530.260009765625,122.62765575940745,1.4699999378516395,0.7470768900614353,0.9587735652477235,0.001064763284095162,9.80445005410285,-102.8356902825114,0.05
SPOT,2026-03-11,0.043836,16,415.0,0.782635,530.260009765625,123.04859754655342,6.879994821876494,1.0585778870947073,0.8900010324493561,0.0015999699537468542,20.875626299629047,-269.5049141404045,0.05
SPOT,2026-03-11,0.043836,16,420.0,0.792064,530.260009765625,113.57954947478038,2.3999998469823822,0.7674023291963481,0.9388086898655532,0.0014198728774177652,13.430044308737363,-136.76729085917384,0.05
SPOT,2026-03-11,0.043836,16,425.0,0.801494,530.260009765625,108.12049653093555,1.9300000000164346,0.7007527701697027,0.9448116541190859,0.0014337507651253426,12.383498477621155,-118.62459092181018,0.05
SPOT,2026-03-11,0.043836,16,430.0,0.810923,530.260009765625,104.03144270379698,2.8299992697567404,0.7349998359428692,0.9269037801581064,0.001701006609868391,15.409839398893395,-148.56323267772555,0.05
SPOT,2026-03-11,0.043836,16,435.0,0.820352,530.260009765625,97.04239031933565,0.8299999821742858,0.5397686448174451,0.9662349408147543,0.001251933956998217,8.329020694926298,-72.04525037296922,0.05
SPOT,2026-03-11,0.043836,16,440.0,0.829782,530.260009765625,92.62333953673146,1.4000022964490313,0.570463201129314,0.9495317698916378,0.0016406099196549025,11.535537541208548,-95.60373431645148,0.05
SPOT,2026-03-11,0.043836,16,445.0,0.839211,530.260009765625,88.63428412390465,2.399999980501093,0.6150811195852942,0.9254334587160179,0.002063816240401856,15.646178875022928,-129.8742805735994,0.05
SPOT,2026-03-11,0.043836,16,450.0,0.84864,530.260009765625,83.91523053408378,2.669999487559096,0.6012847341164714,0.9168245934932926,0.002293382355814236,16.9965788696083,-136.6814138486659,0.05
SPOT,2026-03-11,0.043836,16,455.0,0.85807,530.260009765625,78.3061774718226,2.049999522176847,0.5333722138526292,0.9259359570897182,0.002367721476493147,15.565600143186588,-115.33166885995277,0.05
SPOT,2026-03-11,0.043836,16,460.0,0.867499,530.260009765625,74.1771248363832,2.9099999836163306,0.5531703186065361,0.9039040291253717,0.002775485395989483,18.923553173200638,-139.65638289140685,0.05
SPOT,2026-03-11,0.043836,16,465.0,0.876928,530.260009765625,69.33807561572621,3.0600038598382184,0.5297962452221797,0.8960198381305478,0.003069706053142725,20.04520655533433,-141.42222175687516,0.05
SPOT,2026-03-11,0.043836,16,470.0,0.886358,530.260009765625,64.78901873517447,3.5000000761653496,0.5191279052910223,0.8818750305405558,0.003432512357242677,21.962984405396792,-150.19118037338654,0.05
SPOT,2026-03-11,0.043836,16,475.0,0.895787,530.260009765625,60.09996556215992,3.8000000000297405,0.4999955405877642,0.8696133083063613,0.0038188006008843473,23.5341210150748,-154.2678966366475,0.05
SPOT,2026-03-11,0.043836,16,480.0,0.905216,530.260009765625,55.36091225765938,4.049999792408073,0.47740085164397883,0.8572813513759937,0.004254568360035284,25.034767627208527,-156.28421389560376,0.05
SPOT,2026-03-11,0.043836,16,485.0,0.914646,530.260009765625,52.52185699049028,6.1999976221178486,0.5208855534678745,0.81399459601347,0.004631404350801807,29.734448038757264,-195.61813423020735,0.05
SPOT,2026-03-11,0.043836,16,490.0,0.924075,530.260009765625,48.88280878033453,7.5500025088410325,0.5270352000259337,0.7854192715333532,0.00498805319809217,32.402279803311124,-213.16583222701314,0.05
SPOT,2026-03-11,0.043836,16,495.0,0.933504,530.260009765625,43.91375337375945,7.570000199144829,0.4891959176182081,0.7716922211969655,0.0055678378016174816,33.571772275540596,-205.59101637205217,0.05
SPOT,2026-03-11,0.043836,16,500.0,0.942934,530.260009765625,39.354700079146824,8.000000001411081,0.46247993726117653,0.7510777704103674,0.006174892622405112,35.19874478718611,-203.6246636493652,0.05
SPOT,2026-03-11,0.043836,16,505.0,0.952363,530.260009765625,36.41564678547263,10.049999804615766,0.47738327607160064,0.7123423023023807,0.006434051739077706,37.85790862034598,-223.2076538906184,0.05
SPOT,2026-03-11,0.043836,16,510.0,0.961792,530.260009765625,32.10659388294465,10.729999998966719,0.45165687702193047,0.6852478594478706,0.007082091730165795,39.42530339130007,-219.67042629283787,0.05
SPOT,2026-03-11,0.043836,16,515.0,0.971222,530.260009765625,30.29754079645886,13.910000009359806,0.48409710282353474,0.6407273684676617,0.006956162416935068,41.50563535835244,-244.65574696688395,0.05
SPOT,2026-03-11,0.043836,16,520.0,0.980651,530.260009765625,20.198487725094253,8.800000034874131,0.3139892797612512,0.6418552272643705,0.01071304534146891,41.4603183807574,-164.49523544485692,0.05
SPOT,2026-03-11,0.043836,16,525.0,0.99008,530.260009765625,22.159434525659663,15.74999993231836,0.42676310201067086,0.5717294158922755,0.008283696542902633,43.57284461188124,-226.15272963294353,0.05
SPOT,2026-03-11,0.043836,16,530.0,0.99951,530.260009765625,18.430381512215945,17.010000015753576,0.40053756016059017,0.5294609264620713,0.008947012007244381,44.16987165978515,-214.91194775539492,0.05
SPOT,2026-03-11,0.043836,16,535.0,1.008939,530.260009765625,20.899999226068957,24.46867082648555,0.509688299996169,0.4962106132120963,0.007049906782641328,44.28869749431586,-269.58922887053836,0.05
SPOT,2026-03-11,0.043836,16,537.5,1.013654,530.260009765625,23.29999999957849,29.363198148434435,0.5890143336661929,0.48782095647471124,0.0060978863816799735,44.27005492383086,-309.19451504938485,0.05
SPOT,2026-03-11,0.043836,16,540.0,1.018368,530.260009765625,18.87999981646101,27.437724513756393,0.5132673260429221,0.46205820751151616,0.006969376700060314,44.09023633447204,-269.43087334736157,0.05
SPOT,2026-03-11,0.043836,16,545.0,1.027798,530.260009765625,17.50000365752581,31.0467814517001,0.5277299067704209,0.4312987241814397,0.006707980079194207,43.632323439972375,-273.20127069947307,0.05
SPOT,2026-03-11,0.043836,16,547.5,1.032512,530.260009765625,18.175000000121514,34.21630434273527,0.5651654569652216,0.4235952825910537,0.00624120246149345,43.4759169112751,-290.58598673329294,0.05
SPOT,2026-03-11,0.043836,16,550.0,1.037227,530.260009765625,14.150000043305255,32.685830934358364,0.4928345772673201,0.38920417396553264,0.007008292217903063,42.571430268318124,-248.92227003292376,0.05
SPOT,2026-03-11,0.043836,16,555.0,1.046656,530.260009765625,13.499995848538191,37.02487983647029,0.5173214148461527,0.3644373600760192,0.0065412011846127036,41.708333025677824,-255.0955798593769,0.05
SPOT,2026-03-11,0.043836,16,560.0,1.056086,530.260009765625,23.14000001341904,51.65393709823002,0.78367346056471,0.40625628730425856,0.004458167757806163,43.06221998867747,-394.53758625911547,0.05
SPOT,2026-03-11,0.043836,16,565.0,1.065515,530.260009765625,10.91999698231811,44.422987164007964,0.5268115490122178,0.30842752805724094,0.00601863012801634,39.080293002108405,-242.46264053057146,0.05
SPOT,2026-03-11,0.043836,16,570.0,1.074944,530.260009765625,8.530000054162372,47.02204333273119,0.4969517245229492,0.26713748766816203,0.005961003872936693,36.51223981198687,-213.62047563134678,0.05
SPOT,2026-03-11,0.043836,16,575.0,1.084374,530.260009765625,7.059999988510228,50.54109636395788,0.48630954308303914,0.23480199987260536,0.00568914353216992,34.100798772088915,-195.02835280071338,0.05
SPOT,2026-03-11,0.043836,16,580.0,1.093803,530.260009765625,5.0000001813095025,53.470149653635985,0.4509572786851033,0.18964526678790533,0.0054139891798302055,30.092457351275524,-159.56558462840567,0.05
SPOT,2026-03-11,0.043836,16,585.0,1.103232,530.260009765625,11.600000032881297,65.05920260208677,0.674733795188931,0.2711648300331744,0.00442345522326674,36.78738925392041,-289.73184919856857,0.05
SPOT,2026-03-11,0.043836,16,590.0,1.112662,530.260009765625,15.400000000143308,73.84825566622771,0.8067282425120402,0.2964577464834218,0.0038611494846945956,38.392708029146604,-360.36985574836996,0.05
SPOT,2026-03-11,0.043836,16,595.0,1.122091,530.260009765625,9.689999985587889,73.12730874855106,0.6798600472158216,0.23493002754108627,0.004070717881610466,34.11107405027856,-270.2637652874338,0.05
SPOT,2026-03-11,0.043836,16,600.0,1.13152,530.260009765625,3.4000029073611415,71.82636476720324,0.491951594863055,0.1299014531147557,0.003871240841674716,23.473477480249556,-134.99133837691795,0.05
SPOT,2026-03-11,0.043836,16,605.0,1.14095,530.260009765625,5.789999985835024,79.2054149425561,0.60824649105507,0.16990248587181728,0.003746024568350974,28.083750285128026,-199.0548914668229,0.05
SPOT,2026-03-11,0.043836,16,610.0,1.150379,530.260009765625,3.499994699225951,81.9044627528258,0.5419274013434086,0.12330170553205139,0.0033888979774252767,22.636249621711286,-143.01689331226495,0.05
SPOT,2026-03-11,0.043836,16,615.0,1.159808,530.260009765625,7.800000124138322,91.19352127461718,0.7272095973752929,0.18856406130265863,0.0033455223752135474,29.986681706556784,-253.340961437335,0.05
SPOT,2026-03-11,0.043836,16,620.0,1.169238,530.260009765625,4.240000110549445,92.62257435790707,0.618626779721069,0.13019561383157818,0.003083356654271171,23.510255463559712,-169.13321618512967,0.05
SPOT,2026-03-11,0.043836,16,625.0,1.178667,530.260009765625,4.020000625286457,97.39162796952303,0.631009286624984,0.12269662700537359,0.0029004546346545887,22.55831709828675,-165.41440778082358,0.05
SPOT,2026-03-11,0.043836,16,630.0,1.188096,530.260009765625,3.499999983610877,101.86068042472641,0.6282831128911723,0.10976131836851427,0.002691566774543265,20.843248895502732,-152.10520732812017,0.05
SPOT,2026-03-11,0.043836,16,635.0,1.197526,530.260009765625,2.359999990755057,105.70973352874944,0.5881626040479835,0.08311309655248028,0.002343227697137038,16.987003233082678,-116.04679071486635,0.05
SPOT,2026-03-11,0.043836,16,640.0,1.206955,530.260009765625,2.629998113375393,110.96878474824871,0.6231189175942227,0.08695107198081564,0.0022878941170960633,17.57161694325282,-127.06322545421207,0.05
SPOT,2026-03-11,0.043836,16,650.0,1.225814,530.260009765625,2.0399996921943924,120.35689252082545,0.6241748017543408,0.0699866926391275,0.0019373141365665828,14.904285073098693,-107.86452288740837,0.05
SPOT,2026-03-11,0.043836,16,655.0,1.235243,530.260009765625,0.7999997476669876,124.10594567317696,0.5357176065617634,0.03530666452107327,0.001308523001109418,8.640167264823349,-53.692077829510595,0.05
SPOT,2026-03-11,0.043836,16,660.0,1.244672,530.260009765625,1.3600002516561283,129.65499927404505,0.6074507289693266,0.050490316967368616,0.0015412507635719356,11.539559518601019,-81.22519829111023,0.05
SPOT,2026-03-11,0.060274,22,300.0,0.56576,530.260009765625,231.21275833139038,0.04999996609205937,0.8165293155373534,0.9984447271748546,4.7445994846802584e-05,0.6565667817830331,-19.35837078392242,0.05
SPOT,2026-03-11,0.060274,22,310.0,0.584619,530.260009765625,221.5028499508067,0.30999996551923914,0.9426329499930493,0.9928227976729738,0.00016234071978701896,2.5934486361551774,-35.52721883494811,0.05
SPOT,2026-03-11,0.060274,22,320.0,0.603478,530.260009765625,211.55294221838608,0.3300006131095188,0.8993902405774882,0.9920526938150285,0.0001861257497973762,2.83701869908568,-36.89121984362492,0.05
SPOT,2026-03-11,0.060274,22,330.0,0.622336,530.260009765625,201.53303322262076,0.2799999973551053,0.832282298843375,0.9926159872270192,0.00018852845186302368,2.6592252548203064,-34.60029307248185,0.05
SPOT,2026-03-11,0.060274,22,340.0,0.641195,530.260009765625,191.43312511484868,0.15000026959393153,0.7281321041637531,0.9952338570803079,0.00014616946097291962,1.8037418955315645,-27.709917422596014,0.05
SPOT,2026-03-11,0.060274,22,350.0,0.660054,530.260009765625,181.77321646873742,0.4600000034935192,0.7904760321216205,0.9878776194153502,0.00030619837544890665,4.102033056443966,-44.001438235727285,0.05
SPOT,2026-03-11,0.060274,22,360.0,0.678912,530.260009765625,171.58330808237884,0.2399999971458442,0.6807430568752654,0.9922134290339193,0.00024152705561889968,2.786484136127282,-33.46286929247356,0.05
SPOT,2026-03-11,0.060274,22,370.0,0.697771,530.260009765625,161.99339912022077,0.6199994149986878,0.72861469772719,0.9829144811807424,0.00044638393994551255,5.512061520156536,-51.27628986807095,0.05
SPOT,2026-03-11,0.060274,22,375.0,0.7072,530.260009765625,158.878445515998,2.490000000781322,0.908976866197794,0.953279113869939,0.0008255410191485528,12.71742118806788,-113.22450835936777,0.05
SPOT,2026-03-11,0.060274,22,380.0,0.71663,530.260009765625,151.5134911933219,0.10999986811066265,0.5421015991755498,0.9952391073633053,0.00019613688665039437,1.8019699033076673,-26.9145215089273,0.05
SPOT,2026-03-11,0.060274,22,385.0,0.726059,530.260009765625,150.61853642021345,4.199999285007664,0.9638298288711806,0.931083696350317,0.0010573034347590691,17.27060586645847,-155.2404106822549,0.05
SPOT,2026-03-11,0.060274,22,390.0,0.735488,530.260009765625,142.02358276895694,0.5899998237566138,0.6307151349885238,0.9812800329615419,0.0005574593077704908,5.958733895611714,-50.09200416064701,0.05
SPOT,2026-03-11,0.060274,22,395.0,0.744918,530.260009765625,139.73862875298408,3.2899999977892094,0.8499097783178854,0.9370011457636163,0.0011184392926063575,16.109898692537453,-131.43681575367907,0.05
SPOT,2026-03-11,0.060274,22,400.0,0.754347,530.260009765625,132.92367456405634,1.4599999988669197,0.6877330257106946,0.961792755392682,0.0009272352472998308,10.807304292782067,-80.51012646477791,0.05
SPOT,2026-03-11,0.060274,22,405.0,0.763776,530.260009765625,129.8487203404141,3.369999965230136,0.7974180003970611,0.9318589655610274,0.0012668463751709736,17.120543811954388,-131.46539304343568,0.05
SPOT,2026-03-11,0.060274,22,410.0,0.773206,530.260009765625,123.74376618520154,2.2500000000229647,0.699036740385824,0.9454332564355052,0.0012147841638139544,14.391520853024518,-102.33303104836315,0.05
SPOT,2026-03-11,0.060274,22,415.0,0.782635,530.260009765625,118.95881203003813,2.4500000348650133,0.6859365644158031,0.9403207649190473,0.0013284161681714442,15.442786739152282,-106.85464360507223,0.05
SPOT,2026-03-11,0.060274,22,420.0,0.792064,530.260009765625,119.88385825215931,8.360000446991648,0.9299901007363223,0.8745884408684425,0.001704209646746905,26.860179608857294,-224.4117462150565,0.05
SPOT,2026-03-11,0.060274,22,425.0,0.801494,530.260009765625,108.43890361672442,1.900000001562205,0.5972905912922855,0.9455181009604737,0.00141996941195918,14.373820933385531,-90.86594081927609,0.05
SPOT,2026-03-11,0.060274,22,430.0,0.810923,530.260009765625,103.48395066997864,1.9300012448218808,0.5741813556724134,0.9427884580363556,0.001535206732352003,14.939068544323758,-90.97816103478687,0.05
SPOT,2026-03-11,0.060274,22,435.0,0.820352,530.260009765625,99.90899520779993,3.339999972648627,0.6284274269141787,0.9162319846046414,0.0018813405109349922,20.036880386817042,-123.75069321479431,0.05
SPOT,2026-03-11,0.060274,22,440.0,0.829782,530.260009765625,94.69404063451509,3.109999589369181,0.589767775860643,0.9164989760631626,0.001999861082874555,19.988878862136925,-117.35786234522942,0.05
SPOT,2026-03-11,0.060274,22,445.0,0.839211,530.260009765625,89.08908607429692,2.4899992191564593,0.5312958585536621,0.9239585808820948,0.0020682353504920216,18.622756073845515,-102.11928976519447,0.05
SPOT,2026-03-11,0.060274,22,450.0,0.84864,530.260009765625,90.60413266522266,8.990000000087662,0.7537969054926467,0.8402897329852062,0.0024765096912262156,31.637484791648788,-215.58037089342716,0.05
SPOT,2026-03-11,0.060274,22,455.0,0.85807,530.260009765625,79.2791784754366,2.6500000003070454,0.4877021125241096,0.9136294225382404,0.0024804279066915273,20.501649900613096,-103.20284289906832,0.05
SPOT,2026-03-11,0.060274,22,460.0,0.867499,530.260009765625,75.29422524337423,3.650000958250132,0.5055701033167554,0.8909355872680892,0.0028394938237765056,24.329314917002502,-121.89220084169762,0.05
SPOT,2026-03-11,0.060274,22,465.0,0.876928,530.260009765625,71.60926965015705,4.949999555038403,0.526683058421677,0.8651216303576985,0.0031646461728802016,28.247633927848472,-142.7725484087188,0.05
SPOT,2026-03-11,0.060274,22,470.0,0.886358,530.260009765625,66.84431589464407,5.169999989530822,0.505031996352547,0.8552562781170426,0.003462560818870674,29.63629243289865,-143.49355148673285,0.05
SPOT,2026-03-11,0.060274,22,475.0,0.895787,530.260009765625,61.18936149506095,4.499999779953157,0.45322187502120986,0.8580915424559272,0.0038071824010858543,29.243012826759294,-129.63552666354812,0.05
SPOT,2026-03-11,0.060274,22,480.0,0.905216,530.260009765625,57.69440752581005,5.99000000070771,0.47123770502344314,0.8275780727693012,0.004162430378579828,33.24256924664394,-149.00641417381587,0.05
SPOT,2026-03-11,0.060274,22,485.0,0.914646,530.260009765625,54.119453318435944,7.3999999833390575,0.4803520604390915,0.7998422748194741,0.004479105860324488,36.46351673820703,-163.79783162871863,0.05
SPOT,2026-03-11,0.060274,22,490.0,0.924075,530.260009765625,50.59449925188778,8.860000106796349,0.48600258658225454,0.772377278095969,0.004771394310084865,39.29990099609881,-176.39028102582978,0.05
SPOT,2026-03-11,0.060274,22,495.0,0.933504,530.260009765625,46.64954495526831,9.900000000182331,0.4775192117636822,0.7489738811657408,0.0051229466904641925,41.458945618509425,-181.75385641999733,0.05
SPOT,2026-03-11,0.060274,22,500.0,0.942934,530.260009765625,41.104597555666714,9.340006790586187,0.42926857989332345,0.7385363267783428,0.005821111744521851,42.34894593966941,-168.32924860283774,0.05
SPOT,2026-03-11,0.060274,22,505.0,0.952363,530.260009765625,38.029636548005726,11.249999972930596,0.4370067576992828,0.7042510621715593,0.006071937716402907,44.9700145614602,-179.79426087954366,0.05
SPOT,2026-03-11,0.060274,22,510.0,0.961792,530.260009765625,31.28468237051112,9.489999985441443,0.3612399651886985,0.6976261156564896,0.007419727763848812,45.42462283636145,-153.05361033157394,0.05
SPOT,2026-03-11,0.060274,22,515.0,0.971222,530.260009765625,31.43972820038971,14.630000005325542,0.4310861210488867,0.6395662759660063,0.006669151072186608,48.72391349809344,-189.6242447669174,0.05
SPOT,2026-03-11,0.060274,22,520.0,0.980651,530.260009765625,26.324776791139357,14.500002786080586,0.38676589981886833,0.612172306518237,0.007608028621209105,49.868680999431525,-174.91290916358946,0.05
SPOT,2026-03-11,0.060274,22,525.0,0.99008,530.260009765625,40.73982124898447,33.900001433931095,0.7222649836546291,0.5642988465061396,0.004187641776863291,51.259415689144674,-320.045891297006,0.05
SPOT,2026-03-11,0.060274,22,530.0,0.99951,530.260009765625,25.054866348538667,23.200000723490803,0.46541437678261954,0.5349817692454232,0.006559074649798429,51.735653072290766,-212.67346966475168,0.05
SPOT,2026-03-11,0.060274,22,535.0,1.008939,530.260009765625,26.600000225165104,29.730088790122636,0.5405789888892865,0.5087804260330688,0.005667505049638065,51.92286461075434,-244.9995120999405,0.05
SPOT,2026-03-11,0.060274,22,540.0,1.018368,530.260009765625,20.539999967384688,28.65504272234773,0.4661830776564867,0.4699177887012947,0.006554849936909533,51.787724102924905,-211.70544469022,0.05
SPOT,2026-03-11,0.060274,22,545.0,1.027798,530.260009765625,22.549998696730967,35.649995641699434,0.5448581892072836,0.4540013692438779,0.005586928118592121,51.58983439927189,-244.0875628983836,0.05
SPOT,2026-03-11,0.060274,22,550.0,1.037227,530.260009765625,18.800000000355368,36.88495113532929,0.509266395925163,0.4185045158405096,0.005891438735247485,50.848009100286184,-224.96811843468484,0.05
SPOT,2026-03-11,0.060274,22,555.0,1.046656,530.260009765625,26.00000000007543,49.069905325054776,0.6864270618662597,0.4331164392949633,0.004401498720467584,51.20384145473751,-301.74938438480297,0.05
SPOT,2026-03-11,0.060274,22,560.0,1.056086,530.260009765625,27.510000000602986,55.56485951558773,0.7512105626932891,0.4257011320054608,0.004008430776396608,51.0321236166551,-327.9245838340528,0.05
SPOT,2026-03-11,0.060274,22,565.0,1.065515,530.260009765625,29.00000000291746,62.03981370790768,0.8146195161279082,0.4198675508829126,0.0036857052607009787,50.88420343563834,-353.5390347444312,0.05
SPOT,2026-03-11,0.060274,22,570.0,1.074944,530.260009765625,10.65000000006063,48.67476789505622,0.46952830597229644,0.29351061270797574,0.005631598189588414,44.81268926378686,-181.79256333104829,0.05
SPOT,2026-03-11,0.060274,22,575.0,1.084374,530.260009765625,19.519999996013468,62.5297220810146,0.6882144251416931,0.35305118613308517,0.00414718963650357,48.371018636791575,-284.53708187036904,0.05
SPOT,2026-03-11,0.060274,22,580.0,1.093803,530.260009765625,8.54000490978494,56.53468118479145,0.4744048501682951,0.2464488929682826,0.005106293368602626,41.05465909428588,-167.6737636846225,0.05
SPOT,2026-03-11,0.060274,22,585.0,1.103232,530.260009765625,7.439999191203512,60.41962965621542,0.4718518556889946,0.2223908168390426,0.004850147721745304,38.78539340309024,-157.3390284570116,0.05
SPOT,2026-03-11,0.060274,22,590.0,1.112662,530.260009765625,5.300008287898521,63.26459294291601,0.4367221747402717,0.18036908710020427,0.004621289899597706,34.203931225700806,-128.43143343422457,0.05
SPOT,2026-03-11,0.060274,22,595.0,1.122091,530.260009765625,5.960002119689719,68.90954096471262,0.47819729790943344,0.18490496181752558,0.004286442165171801,34.73854732907982,-142.4074762622806,0.05
SPOT,2026-03-11,0.060274,22,600.0,1.13152,530.260009765625,10.549999989620645,78.48449302464905,0.6228793403639024,0.2382813916315895,0.0038187374172255458,40.31171643203145,-214.08340463374014,0.05
SPOT,2026-03-11,0.060274,22,605.0,1.14095,530.260009765625,9.349996925629284,82.26944415066305,0.6158381705376801,0.21869506059694915,0.003680644403187354,38.414751846913354,-201.57857449660247,0.05
SPOT,2026-03-11,0.060274,22,610.0,1.150379,530.260009765625,9.400007084901446,87.30440849994068,0.6398474898037494,0.21357518911305595,0.0034942637702473725,37.89131898091767,-206.3130379976775,0.05
SPOT,2026-03-11,0.060274,22,615.0,1.159808,530.260009765625,7.500001225242386,90.38935683028706,0.6094373630735789,0.18514968289385064,0.00336613769795076,34.767104354995205,-180.30105370651353,0.05
SPOT,2026-03-11,0.060274,22,620.0,1.169238,530.260009765625,2.7900000001444667,90.66430979519453,0.4685136835968226,0.10105016070042444,0.002899392291105336,23.021670131344756,-92.01414588412848,0.05
SPOT,2026-03-11,0.060274,22,625.0,1.178667,530.260009765625,5.850000125440559,98.70926411049618,0.5999397415937125,0.1534013521820201,0.003030137094718399,30.808991124663383,-157.1039808813997,0.05
SPOT,2026-03-11,0.060274,22,630.0,1.188096,530.260009765625,7.219999969876241,105.06421814493717,0.6627563888257456,0.16868563833916556,0.0029183751727352007,32.77952169833155,-184.32876380635872,0.05
SPOT,2026-03-11,0.060274,22,635.0,1.197526,530.260009765625,6.439994207138767,109.26916657220522,0.6578478881397605,0.15465128486855417,0.002778281329861558,30.974854329102364,-172.8126111224763,0.05
SPOT,2026-03-11,0.060274,22,640.0,1.206955,530.260009765625,2.499999454952757,110.31412601002467,0.5232878484402685,0.0843405785330193,0.002270925987069268,20.13961654144634,-89.53539596482356,0.05
SPOT,2026-03-11,0.060274,22,645.0,1.216384,530.260009765625,1.2200001848530846,114.01908092993051,0.4628477625425889,0.050451883748328215,0.0017239765616705034,13.523125953666298,-53.19911343276062,0.05
SPOT,2026-03-11,0.060274,22,650.0,1.225814,530.260009765625,3.799999573878523,121.58403450896128,0.6156847543284522,0.10538038886423023,0.002274591661649668,23.733916479868878,-123.82219682416019,0.05
SPOT,2026-03-11,0.060274,22,660.0,1.244672,530.260009765625,2.230000044232213,129.98394335932585,0.5720806697273401,0.07123143633863935,0.0018271831439721428,17.715235127876603,-85.84770468061403,0.05
SPOT,2026-03-11,0.082192,30,350.0,0.660054,530.260009765625,182.14541446164225,0.4500000134887614,0.6763921675647894,0.9881047708464092,0.0003014531899418991,4.7122095494109635,-36.479769804977394,0.05
SPOT,2026-03-11,0.082192,30,360.0,0.678912,530.260009765625,172.04642601090939,0.31000000039796305,0.6041251069149159,0.9905194171095733,0.0002769900904234923,3.8672055673566024,-31.87166601471707,0.05
SPOT,2026-03-11,0.082192,30,395.0,0.744918,530.260009765625,140.0799648132878,3.1999983345235137,0.7251299419502191,0.938250358648589,0.0011051905145116534,18.520773834076387,-99.57080387864212,0.05
SPOT,2026-03-11,0.082192,30,400.0,0.754347,530.260009765625,132.78047204238368,0.8799997824403931,0.538046443548386,0.9732772075973863,0.0007555146520075262,9.394394584477194,-49.91441743390805,0.05
SPOT,2026-03-11,0.082192,30,415.0,0.782635,530.260009765625,121.10199339830808,4.140003794827862,0.6715641971648327,0.917825407712432,0.0014859761182954348,23.062453385985645,-112.49737360252045,0.05
SPOT,2026-03-11,0.082192,30,420.0,0.792064,530.260009765625,114.23249536937357,2.2499999847144068,0.5557375888602422,0.9416274823183732,0.0013799280049647056,17.722800233134098,-79.16987160228396,0.05
SPOT,2026-03-11,0.082192,30,425.0,0.801494,530.260009765625,113.26300622693651,6.260005061098354,0.701713220274446,0.8889466195049134,0.0017747793774360572,28.78128457541265,-140.76575646751854,0.05
SPOT,2026-03-11,0.082192,30,430.0,0.810923,530.260009765625,105.54350630978547,3.519999362768317,0.5717352516371856,0.9170744876232853,0.0017574307500135484,23.220915213184792,-99.80086715548093,0.05
SPOT,2026-03-11,0.082192,30,435.0,0.820352,530.260009765625,99.67401057812503,2.629997849928941,0.5083030498092712,0.9278447416470034,0.0017785266651616346,20.892443558074252,-84.2193786288646,0.05
SPOT,2026-03-11,0.082192,30,440.0,0.829782,530.260009765625,95.80451846972755,3.7399999603524634,0.5332269080711979,0.9072326477041295,0.0020487824507572027,25.247247858235117,-101.16018117733068,0.05
SPOT,2026-03-11,0.082192,30,445.0,0.839211,530.260009765625,91.65502444393456,4.570000153380477,0.5400244063732139,0.8918063355321951,0.002263370990584677,28.24719153017762,-111.85792868380477,0.05
SPOT,2026-03-11,0.082192,30,450.0,0.84864,530.260009765625,85.08553007200982,2.980000000276789,0.4560317775763996,0.9118308989004484,0.002306850501502273,24.31200062356459,-87.3672861340601,0.05
SPOT,2026-03-11,0.082192,30,455.0,0.85807,530.260009765625,103.69999983695766,26.573963984045633,1.0198586965260266,0.7529400935846777,0.0020367671484282516,48.00511631306889,-312.60818278723855,0.05
SPOT,2026-03-11,0.082192,30,460.0,0.867499,530.260009765625,78.22653919578295,6.0799975616919255,0.5126082860523601,0.8573865665659278,0.0028922503412063157,34.263178142549,-125.66573005090135,0.05
SPOT,2026-03-11,0.082192,30,465.0,0.876928,530.260009765625,73.08705542006192,5.920008004791953,0.48213292547226005,0.8529048329537727,0.0031398091767761505,34.98454151433297,-121.56750950677514,0.05
SPOT,2026-03-11,0.082192,30,470.0,0.886358,530.260009765625,70.27755044209744,8.089997245648476,0.513479648537703,0.8214735739610327,0.0033442014050070377,39.68458120328583,-142.22730266459476,0.05
SPOT,2026-03-11,0.082192,30,475.0,0.895787,530.260009765625,65.20805848034337,7.999999502715411,0.48368650393325724,0.8139665031253545,0.0036427642712385405,40.71938210401528,-138.1340694350893,0.05
SPOT,2026-03-11,0.082192,30,480.0,0.905216,530.260009765625,61.52856783638276,9.300003077575866,0.4864404309025817,0.7919645051527859,0.003875780226955637,43.57074125318216,-146.85456199881696,0.05
SPOT,2026-03-11,0.082192,30,485.0,0.914646,530.260009765625,56.89907073104382,9.650000191057927,0.4655248359948719,0.7781672921391882,0.004203834463302584,45.22666906693803,-145.86593393478103,0.05
SPOT,2026-03-11,0.082192,30,490.0,0.924075,530.260009765625,54.209580316089045,11.940003994924155,0.4844975953071782,0.7477780065230388,0.0043347100576426765,48.535311420669835,-160.1664131336308,0.05
SPOT,2026-03-11,0.082192,30,495.0,0.933504,530.260009765625,46.29008210599585,9.00000000365202,0.3933354520475257,0.758980472143826,0.005210982369521953,47.36841325213035,-131.15104264565798,0.05
SPOT,2026-03-11,0.082192,30,500.0,0.942934,530.260009765625,45.22058783426667,12.909999950743838,0.44134629680300863,0.7123062619710745,0.005082733494614476,51.8421455297605,-155.81307547934975,0.05
SPOT,2026-03-11,0.082192,30,505.0,0.952363,530.260009765625,42.34108880356001,15.009995138858187,0.4482502588306097,0.6829780690796692,0.005227297739708248,54.15068164362822,-163.65184056969593,0.05
SPOT,2026-03-11,0.082192,30,510.0,0.961792,530.260009765625,38.98159948292823,16.630000037047466,0.4435078130116228,0.6562612030904127,0.005457137123008395,55.93353694671818,-166.3593842157294,0.05
SPOT,2026-03-11,0.082192,30,515.0,0.971222,530.260009765625,31.672105235751815,14.300000008691995,0.367293787625564,0.6439309774014246,0.006674652279805271,56.656320971010175,-142.08015161757214,0.05
SPOT,2026-03-11,0.082192,30,520.0,0.980651,530.260009765625,28.09259762065858,15.69998661241982,0.3559631586982408,0.611317436660465,0.007083387696028897,58.27096440478601,-140.98565529432315,0.05
SPOT,2026-03-11,0.082192,30,525.0,0.99008,530.260009765625,30.063116788061677,22.649999998643978,0.43516453723439935,0.5695497327144479,0.00593862674676725,59.72355727938444,-171.70055934213133,0.05
SPOT,2026-03-11,0.082192,30,530.0,0.99951,530.260009765625,27.82362524435723,25.390002673760478,0.43972013735275345,0.5396380067412223,0.005938542740661861,60.347930663715104,-174.34479366646036,0.05
SPOT,2026-03-11,0.082192,30,535.0,1.008939,530.260009765625,30.180005845206097,32.7258774934304,0.5175822318711185,0.5167166066864017,0.00506577789814765,60.59428218133368,-202.97939386421447,0.05
SPOT,2026-03-11,0.082192,30,540.0,1.018368,530.260009765625,47.350007225336896,54.87537309238223,0.8374195068935657,0.5244570150532252,0.003127856370895012,60.53353226709365,-319.91352324653667,0.05
SPOT,2026-03-11,0.082192,30,545.0,1.027798,530.260009765625,22.399999390653193,34.904859476519505,0.4601210104865196,0.45591045705581645,0.005668548678604233,60.27678589258203,-179.68646597312852,0.05
SPOT,2026-03-11,0.082192,30,550.0,1.037227,530.260009765625,24.099993136059965,41.584347440747365,0.5210216550649883,0.4433435082375916,0.004985881205383975,60.0349069790694,-200.83291045201304,0.05
SPOT,2026-03-11,0.082192,30,555.0,1.046656,530.260009765625,22.460000000400157,44.92384852390859,0.5247351744177788,0.42051144427710707,0.004901511427287055,59.43966290940849,-199.76568492238334,0.05
SPOT,2026-03-11,0.082192,30,560.0,1.056086,530.260009765625,35.309990165647406,62.753332907976755,0.769725877140641,0.4529048624834997,0.0033855610076500317,60.224454174145436,-292.2433189534928,0.05
SPOT,2026-03-11,0.082192,30,565.0,1.065515,530.260009765625,26.7500000064384,59.172836967588864,0.6560945330047208,0.4123615688011421,0.0039029169960290923,59.178216908728864,-245.79001204425714,0.05
SPOT,2026-03-11,0.082192,30,570.0,1.074944,530.260009765625,14.899999947286432,52.30233112725796,0.4777375014311453,0.3339013222795202,0.005009827687169738,55.31186009121617,-168.85707078014772,0.05
SPOT,2026-03-11,0.082192,30,575.0,1.084374,530.260009765625,21.37998655421714,63.761811953009556,0.6188042530193405,0.36514965403089306,0.003996212565689395,57.14891798782749,-223.7431741246929,0.05
SPOT,2026-03-11,0.082192,30,580.0,1.093803,530.260009765625,11.00000000932178,58.361319626935256,0.4531280228608624,0.2763904079248265,0.004855928697131031,50.850984260373366,-146.95014193359464,0.05
SPOT,2026-03-11,0.082192,30,585.0,1.103232,530.260009765625,10.65000022384433,62.99081406027892,0.46875025838336287,0.26327389487137065,0.004581194176803201,49.627952897848004,-147.96496833416447,0.05
SPOT,2026-03-11,0.082192,30,590.0,1.112662,530.260009765625,10.70000125291351,68.02030930816898,0.4916828245496182,0.255364644920078,0.004299223312215088,48.851868911036185,-152.35486764460467,0.05
SPOT,2026-03-11,0.082192,30,595.0,1.122091,530.260009765625,18.499992730894093,80.79979500497063,0.665105905426206,0.3130477832625643,0.0035040234653037875,53.85970259578416,-225.2944744814285,0.05
SPOT,2026-03-11,0.082192,30,600.0,1.13152,530.260009765625,7.350000006229308,74.6292964991269,0.459604870321497,0.20026413238289031,0.004010105385506518,42.59381589599039,-124.03141486353547,0.05
SPOT,2026-03-11,0.082192,30,605.0,1.14095,530.260009765625,7.3100001153410545,79.56879082705962,0.4777674686199064,0.19373930534909917,0.0037810830259315037,41.748312934933985,-126.10919051450978,0.05
SPOT,2026-03-11,0.082192,30,610.0,1.150379,530.260009765625,5.829999204729887,83.06828413526955,0.45902518020016053,0.16664451902555377,0.0035801742277172177,37.97928749141245,-110.18022940215818,0.05
SPOT,2026-03-11,0.082192,30,615.0,1.159808,530.260009765625,9.99998921255657,92.21776836191725,0.5780348715874812,0.21565075164980546,0.0033309656301310836,44.49695904785055,-161.68571257947943,0.05
SPOT,2026-03-11,0.082192,30,620.0,1.169238,530.260009765625,9.000000014541627,96.19727338272332,0.5737660845340764,0.19953736221631846,0.0032052063670728013,42.50079084905638,-153.18553434112198,0.05
SPOT,2026-03-11,0.082192,30,630.0,1.188096,530.260009765625,3.2300000004374496,100.38626180626125,0.4455671889094528,0.10506640721938165,0.002685725697056799,27.655467101447,-77.58520217330258,0.05
SPOT,2026-03-11,0.082192,30,640.0,1.206955,530.260009765625,5.200000993562199,112.31525123702795,0.5412367952525012,0.13389373624800588,0.002623934454848918,32.82059404106982,-111.35251289536421,0.05
SPOT,2026-03-11,0.082192,30,645.0,1.216384,530.260009765625,3.2599946098614936,115.35473907214828,0.49079741587185366,0.09807987647753968,0.002319042153483787,26.303712654119515,-80.97197345651878,0.05
SPOT,2026-03-11,0.082192,30,650.0,1.225814,530.260009765625,5.000006566228635,122.07424524733642,0.5657321594632996,0.1252961551194724,0.0023975191456534002,31.34578081169386,-110.94965066124978,0.05
SPOT,2026-03-11,0.082192,30,655.0,1.235243,530.260009765625,2.779997746023419,124.8337306459523,0.4995206613953918,0.08457359833868477,0.002041455302280235,23.56673797205208,-73.71674124403046,0.05
SPOT,2026-03-11,0.082192,30,660.0,1.244672,530.260009765625,3.0499991376170996,130.08322625636697,0.524424528900371,0.08798541912755031,0.0020028863324431418,24.27422878940087,-79.62109690365955,0.05
SPOT,2026-03-11,0.10137,37,270.0,0.509184,530.260009765625,261.9050406517972,0.2799999826393105,0.8866895351113672,0.9946123949338094,0.0001032285487843302,2.608903499929725,-24.685040832625056,0.05
SPOT,2026-03-11,0.10137,37,280.0,0.528043,530.260009765625,251.8955972109453,0.21999984165654496,0.8190460027846737,0.9953199064449678,9.858514884858516e-05,2.3014757447669707,-23.091844006090465,0.05
SPOT,2026-03-11,0.10137,37,290.0,0.546902,530.260009765625,241.80615392934288,0.07999985992330494,0.6972995197154002,0.997828515851424,5.8030035308493086e-05,1.1533438693611229,-18.331911259263926,0.05
SPOT,2026-03-11,0.10137,37,300.0,0.56576,530.260009765625,232.166710931639,0.3900001620885405,0.79249563995384,0.9918836417945007,0.0001659220503331561,3.7478965754774944,-29.339745779908196,0.05
SPOT,2026-03-11,0.10137,37,310.0,0.584619,530.260009765625,222.16726747451895,0.34000000483763415,0.7380423004798535,0.9923133823415641,0.00016984005693546889,3.5727941218291517,-28.20704067327971,0.05
SPOT,2026-03-11,0.10137,37,320.0,0.603478,530.260009765625,212.31782420110443,0.4400000312922998,0.7231756029842229,0.9901131653269859,0.0002161374006830347,4.45512917921849,-31.52649133722889,0.05
SPOT,2026-03-11,0.10137,37,330.0,0.622336,530.260009765625,202.18838073094918,0.2599998610061789,0.638303939597254,0.9930583780107157,0.00017949910122274328,3.2657009592987754,-26.501241907940177,0.05
SPOT,2026-03-11,0.10137,37,340.0,0.641195,530.260009765625,192.82893757477666,0.8500000047027925,0.7121099144060894,0.9819539852557263,0.0003690166301722189,7.489961433465611,-42.70109508858474,0.05
SPOT,2026-03-11,0.10137,37,350.0,0.660054,530.260009765625,182.4294942702142,0.40000000000952696,0.6003499304130007,0.9891479688698033,0.0002823817042513645,4.8320078391949535,-31.41227726076211,0.05
SPOT,2026-03-11,0.10137,37,360.0,0.678912,530.260009765625,173.42005245291534,1.340001482579794,0.6836731309446569,0.9720127528284378,0.0005564412527797391,10.843124449342737,-53.66484746972668,0.05
SPOT,2026-03-11,0.10137,37,370.0,0.697771,530.260009765625,163.59060777324925,1.4600001027828853,0.6529683284973682,0.9685083584369918,0.0006425245613591124,11.95827292630232,-56.012806810496556,0.05
SPOT,2026-03-11,0.10137,37,380.0,0.71663,530.260009765625,152.97116421232909,0.7899998417318557,0.5493696173351967,0.9783793634275708,0.0005576356234985055,8.731759349787145,-41.95191165154534,0.05
SPOT,2026-03-11,0.10137,37,390.0,0.735488,530.260009765625,143.49172106352404,1.2599999927959402,0.556801649559686,0.9678589138121911,0.0007663106454580505,12.161635490051305,-51.88680950813173,0.05
SPOT,2026-03-11,0.10137,37,400.0,0.754347,530.260009765625,133.71227725611124,1.4299994852523241,0.531331295474036,0.9625394785711822,0.0009106667137752997,13.791498927496328,-54.978345423643816,0.05
SPOT,2026-03-11,0.10137,37,410.0,0.773206,530.260009765625,124.60283446000619,2.269999989016412,0.5435329627909143,0.9454355435068486,0.0012046733979382105,18.663015551925895,-68.87060900912421,0.05
SPOT,2026-03-11,0.10137,37,420.0,0.792064,530.260009765625,114.88339027149556,2.4999991003749074,0.5144258399306133,0.937744780978471,0.0014117355753676102,20.69963773295713,-71.64091254358115,0.05
SPOT,2026-03-11,0.10137,37,430.0,0.810923,530.260009765625,105.89394787129743,3.460000000045966,0.5142436844240442,0.9181724431077878,0.0017418281527869668,25.530591863111084,-83.80644624431964,0.05
SPOT,2026-03-11,0.10137,37,440.0,0.829782,530.260009765625,96.93450720266941,4.450002631287077,0.5063988783439703,0.8978429239297073,0.0020849344160388016,30.09343368654431,-94.12450868933922,0.05
SPOT,2026-03-11,0.10137,37,450.0,0.84864,530.260009765625,88.58506078639016,6.049999514877015,0.5094717765830568,0.8695215787397379,0.0024657177450453697,35.805529574997365,-108.60134555489107,0.05
SPOT,2026-03-11,0.10137,37,460.0,0.867499,530.260009765625,80.21561798024726,7.630000008603247,0.5029204301448932,0.8412029053838578,0.0028515085029305123,40.875262984435444,-119.6880695405861,0.05
SPOT,2026-03-11,0.10137,37,470.0,0.886358,530.260009765625,71.30617420884482,8.669999537069941,0.47766241278454835,0.8166293722415725,0.00329185689163075,44.81760300249145,-123.67794300031882,0.05
SPOT,2026-03-11,0.10137,37,480.0,0.905216,530.260009765625,64.13673140001771,11.450000028112015,0.4838396318484112,0.7752824319671909,0.003668939840565148,50.597451212593995,-138.0993626167179,0.05
SPOT,2026-03-11,0.10137,37,490.0,0.924075,530.260009765625,56.237285556087215,13.499997484050652,0.46755361807907,0.7385609273228821,0.004120909824643638,54.917548703743016,-143.4191693307034,0.05
SPOT,2026-03-11,0.10137,37,500.0,0.942934,530.260009765625,49.79783692368903,17.0099921515216,0.47025832852155247,0.6918728153407057,0.004431900349317777,59.403644886819684,-153.64152223782284,0.05
SPOT,2026-03-11,0.10137,37,510.0,0.961792,530.260009765625,42.78840147461642,19.950000002318177,0.4556332316821256,0.6465471160317369,0.004832251348767407,62.75546016051735,-156.03785809555765,0.05
SPOT,2026-03-11,0.10137,37,520.0,0.980651,530.260009765625,34.70895747867769,21.819999306248633,0.41801323584239236,0.5992616089900366,0.0054770742568748965,65.25672479580375,-148.70052900803253,0.05
SPOT,2026-03-11,0.10137,37,530.0,0.99951,530.260009765625,30.099521251925466,27.16000637936554,0.4262254258446746,0.5433257489765703,0.00551132710518941,66.95486700297961,-153.66131905237293,0.05
SPOT,2026-03-11,0.10137,37,540.0,1.018368,530.260009765625,28.59999999992064,35.609928427229875,0.47218989338695344,0.49513789973276284,0.005004005953505264,67.34744365768823,-168.55280107767982,0.05
SPOT,2026-03-11,0.10137,37,550.0,1.037227,530.260009765625,26.94999874966493,43.909370476843264,0.5087635697532532,0.45487117341913325,0.004614877019752782,66.92105033084238,-178.64698953189034,0.05
SPOT,2026-03-11,0.10137,37,560.0,1.056086,530.260009765625,19.120000055571296,46.028815082618735,0.44524781536059316,0.3903890964022073,0.005105591981036114,64.79395837473483,-151.69194672567582,0.05
SPOT,2026-03-11,0.10137,37,570.0,1.074944,530.260009765625,19.39999314077403,56.25825146769063,0.49954191244909946,0.36580126396662804,0.004460139866578135,63.50486846229309,-165.20173748908286,0.05
SPOT,2026-03-11,0.10137,37,580.0,1.093803,530.260009765625,14.029993220108139,60.83769484689401,0.4579792497840086,0.30599715139122263,0.004536836120384853,59.22233189960677,-141.19179058286622,0.05
SPOT,2026-03-11,0.10137,37,590.0,1.112662,530.260009765625,16.799992701706827,73.55713762836183,0.5471849836935548,0.3097453968306966,0.0038175749780648164,59.539935061136994,-168.0677642003487,0.05
SPOT,2026-03-11,0.10137,37,600.0,1.13152,530.260009765625,8.999998646815882,75.70658687334003,0.4455935050862625,0.22234823479815252,0.0039599054905468285,50.29331744622143,-115.98278237403149,0.05
SPOT,2026-03-11,0.10137,37,610.0,1.150379,530.260009765625,7.200001688161663,83.85603321455494,0.4426676727206054,0.1873907957317753,0.0036002394892342866,45.42509132044964,-103.79072598716184,0.05
SPOT,2026-03-11,0.10137,37,620.0,1.169238,530.260009765625,13.199999991573478,99.80547481783583,0.5983799233524025,0.24233397940085666,0.003093482684626004,52.76079292837361,-161.48682143351755,0.05
SPOT,2026-03-11,0.10137,37,630.0,1.188096,530.260009765625,4.910004920752428,101.464923046884,0.44912548534948077,0.13602433196674968,0.0028782946441458803,36.84593313752567,-84.98501259995268,0.05
SPOT,2026-03-11,0.10137,37,640.0,1.206955,530.260009765625,4.199996091575727,110.70435751757645,0.4570280594796692,0.11798930075796993,0.002561826679988682,33.37176828897483,-78.1468937383278,0.05
SPOT,2026-03-11,0.10137,37,650.0,1.225814,530.260009765625,2.769999977048421,119.2238047029183,0.4355059124828908,0.08651990104809332,0.002144660573859975,26.621911419208086,-59.34202293665511,0.05
SPOT,2026-03-11,0.10137,37,660.0,1.244672,530.260009765625,4.599998052022471,131.00324607776145,0.5224801475235169,0.11466515089332235,0.0021959224215697673,32.701930940837194,-87.08619893860961,0.05
SPOT,2026-03-11,0.10137,37,670.0,1.263531,530.260009765625,1.870001454043301,138.22269277965142,0.4442499844398403,0.060909334698860895,0.0016070758840597942,20.349344114379207,-46.111544137821525,0.05
SPOT,2026-03-11,0.10137,37,680.0,1.28239,530.260009765625,3.719999386700323,150.02213401217762,0.5433735075077794,0.09310111826129286,0.0018151908961714326,28.11301184823029,-77.62956619920696,0.05
SPOT,2026-03-11,0.10137,37,690.0,1.301248,530.260009765625,1.6099999859884484,157.86157791133496,0.4736289369913119,0.05079368922703326,0.001306103027764485,17.632028336265424,-42.457127916569334,0.05
SPOT,2026-03-11,0.10137,37,700.0,1.320107,530.260009765625,2.60000001188898,168.80102123710458,0.5443440313649393,0.06857494696090785,0.0014380505835021643,22.3117810027974,-61.5939243390688,0.05
SPOT,2026-03-11,0.10137,37,710.0,1.338966,530.260009765625,1.4199999540392376,177.57046447912398,0.5025068877147512,0.04337625557250644,0.0010846664491493585,15.535485724932562,-39.584998633175424,0.05
SPOT,2026-03-11,0.10137,37,720.0,1.357824,530.260009765625,1.1199986092713488,187.2199064342252,0.5006515506916211,0.035344935080093266,0.0009215666205770901,13.150701265011513,-33.3558358650158,0.05
SPOT,2026-03-11,0.10137,37,730.0,1.376683,530.260009765625,10.9999994781313,207.0493506029543,0.8720629459666519,0.16004482914387663,0.001652918672312937,41.085249623367844,-180.41701453974065,0.05
SPOT,2026-03-11,0.10137,37,740.0,1.395542,530.260009765625,0.7400002666996048,206.73879469139183,0.5028368440209877,0.024415992455657013,0.0006749401570390896,9.67339608613792,-24.602382895824224,0.05
SPOT,2026-03-11,0.10137,37,750.0,1.4144,530.260009765625,0.9999997528918332,216.9482374774533,0.5446459801648832,0.029820835649598348,0.0007363113453090952,11.430425711968075,-31.447672635640224,0.05
SPOT,2026-03-11,0.10137,37,760.0,1.433259,530.260009765625,0.2599998155486265,226.1576808399792,0.4657179754333854,0.010191667753853923,0.00034463580694231026,4.574777844329774,-10.766036574834615,0.05
SPOT,2026-03-11,0.10137,37,770.0,1.452118,530.260009765625,0.18999964234965416,236.03712396664935,0.46295255798485957,0.00770412795873195,0.00027130308711623076,3.579957197720752,-8.369528145792716,0.05
SPOT,2026-03-11,0.10137,37,780.0,1.470976,530.260009765625,0.9000002680994736,246.69656789226826,0.5854091875463467,0.02557694563117858,0.0006027633970973416,10.057568901623128,-29.674263888029813,0.05
SPOT,2026-03-11,0.10137,37,790.0,1.489835,530.260009765625,7.579992327945426,263.3260032519835,0.913850953326286,0.11366121635363674,0.0012476457023297177,32.497747108616565,-149.11835796153557,0.05
SPOT,2026-03-11,0.10137,37,800.0,1.508694,530.260009765625,0.5999988859903027,266.2954531098975,0.5820269548884047,0.017898588954437085,0.00044834477999047595,7.437754278993038,-21.796914516724698,0.05
SPOT,2026-03-11,0.10137,37,810.0,1.527552,530.260009765625,3.6750036150917964,279.3199011388681,0.809471873908733,0.06741232693326123,0.0009543595569230467,22.01914243092156,-89.5186193245053,0.05
SPOT,2026-03-11,0.10137,37,820.0,1.546411,530.260009765625,0.15999998192703657,285.7543408055725,0.5208114269593485,0.005942975043267224,0.0001917438257662996,2.8463513206173756,-7.461464572954688,0.05
SPOT,2026-03-11,0.10137,37,830.0,1.56527,530.260009765625,2.9400000017949495,298.4837841253095,0.8084246114100716,0.055649788801080645,0.0008226466172098228,18.95568370006441,-76.91422731907188,0.05
SPOT,2026-03-11,0.10137,37,840.0,1.584129,530.260009765625,0.040000034073473856,305.5332274574572,0.4779174858382434,0.0017846004658018894,7.084846844292941e-05,0.9650948487319361,-2.320329055250133,0.05
SPOT,2026-03-11,0.10137,37,860.0,1.621846,530.260009765625,0.13999998640006917,325.53211400952216,0.562614847760667,0.004916083630306531,0.00014995379819190123,2.4046688100873745,-6.796439688144776,0.05
SPOT,2026-03-11,0.10137,37,880.0,1.659563,530.260009765625,1.7099986986142781,347.00099932147464,0.8094106611661048,0.03459982247978631,0.0005601425652654749,12.922725133330703,-52.424059978026,0.05
SPOT,2026-03-11,0.10137,37,900.0,1.697281,530.260009765625,1.5600000000708967,366.7498872226696,0.8260068398930576,0.031384431691016824,0.0005064933821791723,11.924605751844915,-49.33759759637966,0.05
SPOT,2026-03-11,0.10137,37,920.0,1.734998,530.260009765625,0.3400000010213926,385.42877382335837,0.6949697556386897,0.009219810423834409,0.00021158657870524948,4.191221678128884,-14.59449742604272,0.05
SPOT,2026-03-11,0.10137,37,940.0,1.772715,530.260009765625,1.3250000053832487,406.31266042745847,0.8589633568655208,0.026302880417111634,0.00042053338248664913,10.29583856293595,-44.25230800572434,0.05
SPOT,2026-03-11,0.120548,44,360.0,0.678912,530.260009765625,200.10000000376974,27.676653419065644,1.4715221623844483,0.8473743671207333,0.000870619803779108,43.42430856950224,-277.50051476902763,0.05
SPOT,2026-03-11,0.120548,44,380.0,0.71663,530.260009765625,181.000000000458,28.456468036916135,1.3525401960447876,0.8307579873276396,0.0010133243398150551,46.455401527233235,-273.5891963495352,0.05
SPOT,2026-03-11,0.120548,44,400.0,0.754347,530.260009765625,134.9437135963367,2.2799962539571084,0.5380898029925466,0.9489325072407577,0.0010587515204166292,19.31018222315832,-61.50928773546292,0.05
SPOT,2026-03-11,0.120548,44,410.0,0.773206,530.260009765625,150.00000000006662,27.27618996826817,1.1340189504463773,0.8066005954457518,0.0013139585148870083,50.50559928356012,-251.443605870568,0.05
SPOT,2026-03-11,0.120548,44,445.0,0.839211,530.260009765625,94.12413280572088,6.189998360956395,0.4941340710440288,0.8734088101477836,0.00228284560925039,38.2348071256472,-96.81399439589765,0.05
SPOT,2026-03-11,0.120548,44,450.0,0.84864,530.260009765625,89.74418077804216,6.77999998856825,0.48739821686408846,0.8621575227233464,0.0024543382502593375,40.54673743915796,-100.34025045860798,0.05
SPOT,2026-03-11,0.120548,44,460.0,0.867499,530.260009765625,81.42427347899428,8.4000000001015,0.48021624046513645,0.8344826888686132,0.002813414281075949,45.793948778101345,-109.2660880835951,0.05
SPOT,2026-03-11,0.120548,44,470.0,0.886358,530.260009765625,74.30936777977166,11.225001611460016,0.490689981225044,0.796348088238551,0.003132769490932599,52.10425545821671,-123.44320191305033,0.05
SPOT,2026-03-11,0.120548,44,475.0,0.895787,530.260009765625,81.49999998894486,23.385587475923785,0.6766785600792801,0.7295819785494819,0.002656118453316333,60.92105541532518,-186.2542005448443,0.05
SPOT,2026-03-11,0.120548,44,480.0,0.905216,530.260009765625,65.99445885867016,12.850000000939644,0.4710780146094534,0.7665321428061473,0.0035304508380611054,56.37162669658401,-127.16804191032143,0.05
SPOT,2026-03-11,0.120548,44,485.0,0.914646,530.260009765625,63.924504239255896,15.74999903681595,0.4950269636806344,0.7389462608728647,0.003566490527095681,59.8421919764211,-139.26565039564233,0.05
SPOT,2026-03-11,0.120548,44,490.0,0.924075,530.260009765625,58.35455125909863,15.149999711949249,0.4585418660994771,0.7302062644473708,0.003915152883736552,60.85065854337009,-132.174500806504,0.05
SPOT,2026-03-11,0.120548,44,495.0,0.933504,530.260009765625,53.224597855615286,14.989999963756475,0.4293176796463139,0.7178926773562593,0.004274348519698821,62.199410263094855,-127.13029161108072,0.05
SPOT,2026-03-11,0.120548,44,500.0,0.942934,530.260009765625,53.41464460558569,20.150000369017448,0.4820428778647085,0.6811012618518844,0.004023725425198258,65.74331075334743,-146.83332371347961,0.05
SPOT,2026-03-11,0.120548,44,505.0,0.952363,530.260009765625,47.59469065097272,19.300000069695045,0.4403683623331482,0.6682550621315,0.004476273375603649,66.81443112664603,-137.3761325928998,0.05
SPOT,2026-03-11,0.120548,44,510.0,0.961792,530.260009765625,70.49999999646553,47.17526307047842,0.8115563713975601,0.6181147918441224,0.002552171174569808,70.20467834651512,-249.18006317725826,0.05
SPOT,2026-03-11,0.120548,44,520.0,0.980651,530.260009765625,41.10482958275736,27.71999996735144,0.4692907158915856,0.5942051602830396,0.004488077681180965,71.39041240067593,-152.65963700180936,0.05
SPOT,2026-03-11,0.120548,44,525.0,0.99008,530.260009765625,35.73987553918471,27.3249995790693,0.4306972869280978,0.5721075862216921,0.004948763546008374,72.24476830118991,-142.44042426834167,0.05
SPOT,2026-03-11,0.120548,44,530.0,0.99951,530.260009765625,36.32491002600764,32.87998772118283,0.4728104615815261,0.5484650705352422,0.00454918508606367,72.90515657807398,-155.69869858698863,0.05
SPOT,2026-03-11,0.120548,44,540.0,1.018368,530.260009765625,34.17500809201499,40.66999309777134,0.5058493331370041,0.5073792697318646,0.004282977558362355,73.43524423482828,-165.8197237352193,0.05
SPOT,2026-03-11,0.120548,44,545.0,1.027798,530.260009765625,36.74999992240916,48.214938583456046,0.5698345058042886,0.4963316098648177,0.0038025433977085655,73.4447042388692,-184.9096295540616,0.05
SPOT,2026-03-11,0.120548,44,550.0,1.037227,530.260009765625,28.374999682978796,44.80989199931628,0.4832272002786623,0.4609500051000892,0.004462751445198911,73.09566718627069,-157.30767149349185,0.05
SPOT,2026-03-11,0.120548,44,555.0,1.046656,530.260009765625,45.909999997407596,67.31484596903556,0.7490602487569106,0.49117425517918095,0.002892132861362509,73.42983520716284,-238.8659837068056,0.05
SPOT,2026-03-11,0.120548,44,560.0,1.056086,530.260009765625,25.070000000375757,51.4447996272944,0.4890528257047018,0.420357606552635,0.004342245797581234,71.97931993369957,-155.898450281692,0.05
SPOT,2026-03-11,0.120548,44,565.0,1.065515,530.260009765625,32.15000000007598,63.4947532822851,0.6114559517841996,0.4347192506599766,0.0034963041670331273,72.46227209945701,-193.6935862229865,0.05
SPOT,2026-03-11,0.120548,44,570.0,1.074944,530.260009765625,31.350000001379556,67.6647069388793,0.6242008469113078,0.42180041669738516,0.0034045903123440355,72.0322159980694,-196.10817345237703,0.05
SPOT,2026-03-11,0.120548,44,575.0,1.084374,530.260009765625,18.724999998106938,60.00966059089717,0.46761693844145824,0.35174460327865165,0.004310160763679361,68.31581696601393,-140.89132881042048,0.05
SPOT,2026-03-11,0.120548,44,590.0,1.112662,530.260009765625,25.550004687815715,81.74452624647773,0.629696727063897,0.3626422661808487,0.003235156679021114,69.0501008858885,-188.6829982540664,0.05
SPOT,2026-03-11,0.120548,44,600.0,1.13152,530.260009765625,22.99999975354882,89.13442862279197,0.6319070923297744,0.33504836939700566,0.0031316860782630135,67.07628702619972,-183.53862903847252,0.05
SPOT,2026-03-11,0.120548,44,610.0,1.150379,530.260009765625,15.250000098396924,91.32433627822115,0.5479133417024727,0.2710604810089216,0.003284222076785491,60.99327522193476,-145.03714570137288,0.05
SPOT,2026-03-11,0.120548,44,650.0,1.225814,530.260009765625,8.599999906020471,124.43396532816928,0.5481247199809762,0.17283055246764717,0.0025342419540492346,47.08309768598372,-111.19435372283263,0.05
SPOT,2026-03-11,0.120548,44,655.0,1.235243,530.260009765625,9.860008472502727,130.66392754994206,0.5879921341706971,0.18319374395876908,0.002450776205939423,48.84417005092135,-123.48669202853738,0.05
SPOT,2026-03-11,0.178082,65,270.0,0.509184,530.260009765625,263.39344782408745,0.7400000000629348,0.7650029460592644,0.9886876653088598,0.00017334567574447382,6.640096073331842,-27.305619286876503,0.05
SPOT,2026-03-11,0.178082,65,280.0,0.528043,530.260009765625,253.02209362541817,0.279999947378883,0.6394575516113982,0.9943670605214637,0.00011235353932355392,3.597466195012059,-20.171440661784853,0.05
SPOT,2026-03-11,0.178082,65,290.0,0.546902,530.260009765625,245.3707361526059,2.53999662055179,0.8535797140829149,0.9699598226755195,0.00035662807085417984,15.242557874943827,-49.978157985865074,0.05
SPOT,2026-03-11,0.178082,65,300.0,0.56576,530.260009765625,234.89938559913014,1.9800002130612597,0.7746966506507654,0.9733801232167577,0.00035533273543384867,13.783678687570202,-44.04327336533455,0.05
SPOT,2026-03-11,0.178082,65,310.0,0.584619,530.260009765625,223.83803109896058,0.8299998588769313,0.6353973550415708,0.9849671704341422,0.00026685282353269824,8.490151660987936,-30.06896633796061,0.05
SPOT,2026-03-11,0.178082,65,320.0,0.603478,530.260009765625,214.13667693773095,1.0399998436324722,0.6244515737467937,0.9813336838104261,0.0003267694356267055,10.217353882945005,-33.225024974088555,0.05
SPOT,2026-03-11,0.178082,65,330.0,0.622336,530.260009765625,204.58532582618295,1.4000028780696994,0.6221594026329536,0.9756727280578261,0.00041030567584872136,12.78225380911304,-37.96719736928998,0.05
SPOT,2026-03-11,0.178082,65,340.0,0.641195,530.260009765625,196.49396865585084,3.2199998537227543,0.693779342525157,0.9549406397879473,0.0006112067005049288,21.23282176988588,-56.85345853560663,0.05
SPOT,2026-03-11,0.178082,65,350.0,0.660054,530.260009765625,185.48261469861393,2.1200000424710765,0.6015322971058998,0.9639561815180494,0.0005880535226518355,17.71226287897077,-46.197792548906456,0.05
SPOT,2026-03-11,0.178082,65,360.0,0.678912,530.260009765625,180.90126051187008,7.450000001712397,0.7669561414961563,0.9171073103226854,0.0008897689983119149,34.17008368558543,-88.85127101314846,0.05
SPOT,2026-03-11,0.178082,65,370.0,0.697771,530.260009765625,170.19990641953177,6.660000055359319,0.7028720971344607,0.9179752971408242,0.0009632293177184115,33.90035442440523,-82.72889049478951,0.05
SPOT,2026-03-11,0.178082,65,380.0,0.71663,530.260009765625,164.18856089531636,10.560008677129133,0.7634746084416032,0.8893175520569704,0.0011055347944766334,42.263480241408224,-105.96512034309107,0.05
SPOT,2026-03-11,0.178082,65,390.0,0.735488,530.260009765625,148.26719363916789,4.549995566965833,0.5625268013177371,0.9265249284767418,0.001107059117802226,31.18259652253735,-66.40145690446293,0.05
SPOT,2026-03-11,0.178082,65,400.0,0.754347,530.260009765625,139.33585170136212,5.530007775145293,0.5557927815637715,0.9126344437115863,0.0012771430286810034,35.54272180165064,-72.6941286996614,0.05
SPOT,2026-03-11,0.178082,65,410.0,0.773206,530.260009765625,130.2444899730852,6.350000192853543,0.5410168463669791,0.8996831407406134,0.001453001609960391,39.36181602862784,-77.13202147345532,0.05
SPOT,2026-03-11,0.178082,65,420.0,0.792064,530.260009765625,121.63313452654802,7.649998892301596,0.5347872674093241,0.8820374184268858,0.0016515288084543004,44.224757030501635,-83.7080747939292,0.05
SPOT,2026-03-11,0.178082,65,430.0,0.810923,530.260009765625,114.17178149818568,10.100000009924429,0.5475797024383983,0.8556664379606815,0.0018543567867908973,50.84390313875064,-95.1469080225958,0.05
SPOT,2026-03-11,0.178082,65,440.0,0.829782,530.260009765625,105.09042037819444,10.929993035918415,0.5235688916479775,0.8402033583488541,0.002075051305058476,54.400252658769276,-96.99126946449091,0.05
SPOT,2026-03-11,0.178082,65,450.0,0.84864,530.260009765625,96.24907317757669,11.99999998128584,0.5023000337439459,0.8218016853790505,0.0023198132578066055,58.346455292060796,-99.26221066257897,0.05
SPOT,2026-03-11,0.178082,65,460.0,0.867499,530.260009765625,91.13771905121644,16.800000000910813,0.5372747687176539,0.7821742164206603,0.0024487930204347462,65.878965043166,-115.55946545261176,0.05
SPOT,2026-03-11,0.178082,65,470.0,0.886358,530.260009765625,82.77636092753602,18.349996023215624,0.5160316171990621,0.7592028089688396,0.002697070542651717,69.68942166982976,-116.96000264906937,0.05
SPOT,2026-03-11,0.178082,65,480.0,0.905216,530.260009765625,76.56501075395744,22.049999995622215,0.5216792038376353,0.72669880352209,0.0028496243291315343,74.43708842455604,-124.46781191983693,0.05
SPOT,2026-03-11,0.178082,65,490.0,0.924075,530.260009765625,68.9236553864834,24.31999877413341,0.5039942732581745,0.6982840090889656,0.0030909218213056745,78.0031004816642,-125.4465547183518,0.05
SPOT,2026-03-11,0.178082,65,500.0,0.942934,530.260009765625,60.562302471361136,25.870000004996314,0.47458118922620574,0.6693045500738259,0.003413054632498723,81.10581701179557,-122.78886987839935,0.05
SPOT,2026-03-11,0.178082,65,510.0,0.961792,530.260009765625,55.59094563580862,30.80999731542903,0.4831617465093229,0.6318214978369714,0.0034866134266906233,84.35184454688077,-128.40107758642276,0.05
SPOT,2026-03-11,0.178082,65,520.0,0.980651,530.260009765625,51.7695874604683,36.899993286073936,0.5001124489617229,0.5949486012300177,0.00346341868863654,86.73031116144259,-134.96878960242012,0.05
SPOT,2026-03-11,0.178082,65,530.0,0.99951,530.260009765625,40.91824003015981,35.9600000017507,0.43264279250728654,0.5567535504136205,0.004079030508034726,88.36589281801595,-120.05580530925212,0.05
SPOT,2026-03-11,0.178082,65,540.0,1.018368,530.260009765625,43.65000000517213,48.60311412274814,0.5148442409705424,0.5262464342971209,0.003455364295641865,89.07748436058581,-140.5335326266386,0.05
SPOT,2026-03-11,0.178082,65,550.0,1.037227,530.260009765625,37.69999146571996,52.56445972928117,0.4951732346371075,0.4889013191991238,0.003599031718069391,89.23620225825465,-135.14180522918602,0.05
SPOT,2026-03-11,0.178082,65,560.0,1.056086,530.260009765625,35.499999578069975,60.27582198761638,0.5139118300817517,0.4593266157122864,0.0034510984800155205,88.80638886411235,-138.54242408313618,0.05
SPOT,2026-03-11,0.178082,65,570.0,1.074944,530.260009765625,32.650000000073106,67.33717655560474,0.5220302675040155,0.42956279874003744,0.0033618221903346014,87.87567357273126,-138.55590565064597,0.05
SPOT,2026-03-11,0.178082,65,580.0,1.093803,530.260009765625,34.60000000203806,79.19853070355487,0.5822019881009913,0.4184534763463603,0.002998028004315952,87.39923122088256,-152.2310899455388,0.05
SPOT,2026-03-11,0.178082,65,590.0,1.112662,530.260009765625,23.77001410311064,78.27989895061262,0.4911061492279348,0.35624032770050684,0.003391910711289227,83.40998182354782,-123.26843441476836,0.05
SPOT,2026-03-11,0.178082,65,600.0,1.13152,530.260009765625,20.299999206321303,84.72123819980857,0.4810956235976489,0.3215932634844349,0.00332874092826009,80.18804866692584,-115.8268911349367,0.05
SPOT,2026-03-11,0.178082,65,610.0,1.150379,530.260009765625,18.000000000182496,92.33259313965493,0.4820943883650876,0.29352521996827563,0.003190994349499521,77.0293715382371,-111.14708915897748,0.05
SPOT,2026-03-11,0.178082,65,620.0,1.169238,530.260009765625,26.169999300054855,110.41394658551258,0.6147395211387032,0.33045086022668435,0.002634111447227426,81.08182649831298,-147.3999297461394,0.05
SPOT,2026-03-11,0.178082,65,630.0,1.188096,530.260009765625,18.50000004623044,112.65530147767322,0.5450087270374077,0.2756973881900892,0.0027394182699662095,74.75840854562205,-120.7811384702291,0.05
SPOT,2026-03-11,0.178082,65,640.0,1.206955,530.260009765625,18.250000524003937,122.31665610143193,0.568218298661894,0.2651911381062102,0.002576996004008553,73.32080149097287,-123.09321039482361,0.05
SPOT,2026-03-11,0.178082,65,650.0,1.225814,530.260009765625,10.910000058842499,124.88800978225572,0.48531883844455875,0.19814398687416002,0.002563498848504217,62.29576441889247,-89.59371800352832,0.05
SPOT,2026-03-11,0.178082,65,660.0,1.244672,530.260009765625,10.620003162267096,134.50936703166553,0.5034259933268215,0.18885574135504624,0.002399965403401813,60.497699448827575,-89.98753043726259,0.05
SPOT,2026-03-11,0.178082,65,670.0,1.263531,530.260009765625,12.450000065148288,146.2507180805319,0.5555047170971081,0.19971949350169627,0.0022503263006779435,62.593824849667776,-102.299395427598,0.05
SPOT,2026-03-11,0.178082,65,680.0,1.28239,530.260009765625,7.000003044552642,150.71207520592145,0.4800794589565805,0.13952291085009338,0.002067091181199511,49.69022938949821,-70.3273964733413,0.05
SPOT,2026-03-11,0.178082,65,690.0,1.301248,530.260009765625,11.27999997734787,164.90342628470194,0.5791508530049015,0.17910102768571223,0.00201839605417132,58.53240002024402,-99.3627181821862,0.05
SPOT,2026-03-11,0.178082,65,700.0,1.320107,530.260009765625,6.9399964058277845,170.47477685916704,0.5174109296092068,0.13094422078386597,0.0018362929030637022,47.57467139838943,-72.23790943270443,0.05
SPOT,2026-03-11,0.178082,65,710.0,1.338966,530.260009765625,1.4999998160973647,174.94613441542185,0.37890017123898573,0.045521442552012896,0.001128363897100795,21.40780926954165,-23.906288870877155,0.05
SPOT,2026-03-11,0.178082,65,720.0,1.357824,530.260009765625,0.5799996303812947,183.93748837569092,0.3367180357168018,0.02174512126490193,0.0006897624099383279,11.629583071950929,-11.542143693736023,0.05
SPOT,2026-03-11,0.178082,65,730.0,1.376683,530.260009765625,1.7000000189796154,194.96884291027447,0.41749521706324755,0.046884823434549174,0.0010486122219239978,21.921217083476066,-26.854066567687976,0.05
SPOT,2026-03-11,0.178082,65,740.0,1.395542,530.260009765625,4.599998788027982,207.78019582530806,0.5312858578965223,0.09098456250395698,0.001377024767809861,36.63264274966397,-56.82671870337896,0.05
SPOT,2026-03-11,0.178082,65,750.0,1.4144,530.260009765625,3.999999791065001,217.0915509743303,0.5299696512393113,0.08096549652908525,0.0012650222038999826,33.569694728943645,-51.89806582725302,0.05
SPOT,2026-03-11,0.178082,65,760.0,1.433259,530.260009765625,2.0499994731487234,225.05290480239933,0.475672519945391,0.04962912454733839,0.0009632129755673665,22.941860257542263,-31.853136687723378,0.05
SPOT,2026-03-11,0.178082,65,770.0,1.452118,530.260009765625,2.229998642935488,235.14425811817114,0.4972526857342294,0.0515184675866089,0.0009492464533284752,23.63493236281338,-34.25190739346227,0.05
SPOT,2026-03-11,0.178082,65,780.0,1.470976,530.260009765625,1.4999986261433733,244.32561224736423,0.4758215142953099,0.03776404752313212,0.0007723006040514473,18.400460518062694,-25.50852497460553,0.05
SPOT,2026-03-11,0.178082,65,790.0,1.489835,530.260009765625,1.6999991989603451,254.43696696616644,0.4992583118741824,0.04052544338972279,0.00077956827763875,19.48846823186414,-28.307678901321943,0.05
SPOT,2026-03-11,0.178082,65,800.0,1.508694,530.260009765625,0.9000000013175207,263.54832191450885,0.46199125689387505,0.024635812838184293,0.0005584312429140257,12.918191191328843,-17.36473359179019,0.05
SPOT,2026-03-11,0.178082,65,810.0,1.527552,530.260009765625,0.7950000052090562,273.35467606438556,0.4650551885648495,0.021937162178502893,0.0005031372042923869,11.716264553944074,-15.840170082171971,0.05
SPOT,2026-03-11,0.178082,65,820.0,1.546411,530.260009765625,0.9600000004317248,283.4310302055934,0.4898355889869595,0.024851923097339197,0.0005305606514414887,13.013185377515917,-18.508031997324277,0.05
SPOT,2026-03-11,0.178082,65,830.0,1.56527,530.260009765625,1.7299995747995567,294.11238392594646,0.5505059121461865,0.038014644088977284,0.000671138769082143,18.500035323150808,-29.5159843709556,0.05
SPOT,2026-03-11,0.178082,65,840.0,1.584129,530.260009765625,0.7999999978485377,303.0937384949807,0.4989160279842099,0.020802797158433334,0.00044840129321636755,11.201922294956558,-16.20322749958392,0.05
SPOT,2026-03-11,0.178082,65,850.0,1.602987,530.260009765625,1.0299992764408685,313.2350919195583,0.528852449224735,0.024831007918168304,0.0004910708868789564,13.003999703208306,-19.915897937061448,0.05
SPOT,2026-03-11,0.178082,65,860.0,1.621846,530.260009765625,0.5499999976161272,322.66644678671867,0.4944103174825061,0.014976854145386255,0.00034185120927365917,8.462971704147503,-12.11747282130379,0.05
SPOT,2026-03-11,0.178082,65,870.0,1.640705,530.260009765625,2.0600041623110954,334.0878050973988,0.6147823097211755,0.04054256159898147,0.0006332963577887382,19.495150656231736,-34.62286565744795,0.05
SPOT,2026-03-11,0.178082,65,880.0,1.659563,530.260009765625,4.350004311665359,346.28915939273827,0.7199235374115941,0.06861987414998304,0.0008207763288041903,29.58757956406409,-61.407896651037376,0.05
SPOT,2026-03-11,0.178082,65,890.0,1.678422,530.260009765625,2.4049999084528295,354.25550913551103,0.6546254599330222,0.04416965784303227,0.0006374415103561933,20.894475634930302,-39.454592000999085,0.05
SPOT,2026-03-11,0.178082,65,900.0,1.697281,530.260009765625,3.3799965037558586,365.1418598767991,0.7083611991130249,0.05586058799002342,0.0007104572456172284,25.199443811340387,-51.43020509332558,0.05
SPOT,2026-03-11,0.178082,65,910.0,1.716139,530.260009765625,2.5600039466593074,374.23322146568785,0.6843245546027781,0.04504196729496486,0.0006194587683519531,21.226225380821578,-41.84968934058661,0.05
SPOT,2026-03-11,0.178082,65,920.0,1.734998,530.260009765625,1.9499999966366168,383.5345716616504,0.6638600330694459,0.03632798965946066,0.0005362801651989537,17.826517131714738,-34.0927714861263,0.05
SPOT,2026-03-11,0.178082,65,930.0,1.753857,530.260009765625,0.22000015714157684,391.7159259681406,0.5047792287914854,0.006402701010264351,0.00015944436308872249,4.030035659305738,-5.870382319607345,0.05
SPOT,2026-03-11,0.178082,65,940.0,1.772715,530.260009765625,1.134999734455656,402.54227969143983,0.6299471236581359,0.02344931721349996,0.00039290517762165207,12.393389311280133,-22.485120859631593,0.05
SPOT,2026-03-11,0.178082,65,950.0,1.791574,530.260009765625,10.674997847068056,421.9936319500374,0.9765679784008708,0.11756636392832204,0.0009022578853899829,44.11958403055763,-123.55488055174744,0.05
SPOT,2026-03-11,0.271233,99,270.0,0.509184,530.260009765625,266.6369364909249,2.739999983490236,0.7775987421247952,0.9714546184126638,0.00030404188983523025,18.030553290523734,-38.270266709699825,0.05
SPOT,2026-03-11,0.271233,99,280.0,0.528043,530.260009765625,256.2316350587993,2.1999975609272724,0.7109591855479681,0.974196570058536,0.0003056679915091745,16.57351837182289,-34.73865460694055,0.05
SPOT,2026-03-11,0.271233,99,290.0,0.546902,530.260009765625,246.80633848859787,2.6400000002884667,0.7015046656925784,0.9693706852494536,0.00035732033799776053,19.11649999728714,-38.081641799794795,0.05
SPOT,2026-03-11,0.271233,99,300.0,0.56576,530.260009765625,235.90103946856942,1.5999999898226065,0.6082673284436999,0.9772075202637294,0.00032191942374577403,14.933505037288318,-30.858603876688743,0.05
SPOT,2026-03-11,0.271233,99,310.0,0.584619,530.260009765625,226.57574107818652,2.1400006090023,0.6099620484351627,0.9707093617581628,0.000395994773755252,18.42096382104162,-35.120622756888714,0.05
SPOT,2026-03-11,0.271233,99,320.0,0.603478,530.260009765625,217.27044146128492,2.700000001663284,0.6067579919051276,0.9640038139367562,0.0004718772122514522,21.835572924747034,-39.118604237100925,0.05
SPOT,2026-03-11,0.271233,99,330.0,0.622336,530.260009765625,207.45514245010548,2.750000000046498,0.5781953566249785,0.9616874113194233,0.0005210795088244316,22.977283134934623,-39.61514765314804,0.05
SPOT,2026-03-11,0.271233,99,340.0,0.641195,530.260009765625,198.5898434211657,3.7499999806693154,0.5865393893510185,0.9507338000173526,0.0006292567294904916,28.14784381292467,-45.712081105638134,0.05
SPOT,2026-03-11,0.271233,99,350.0,0.660054,530.260009765625,188.72454419124495,3.749999760311141,0.5557121163367049,0.9481308203236779,0.0006919705280997156,29.326318350716257,-45.74399755520855,0.05
SPOT,2026-03-11,0.271233,99,360.0,0.678912,530.260009765625,179.50924398694684,4.399998565575629,0.5460441820737681,0.9396282378139096,0.0007937938833860729,33.05640444090636,-49.211365989780106,0.05
SPOT,2026-03-11,0.271233,99,370.0,0.697771,530.260009765625,170.46394012066293,5.219993708854361,0.5386214332226837,0.9294189500006909,0.0009084255955545943,37.31582730940509,-53.169867368940416,0.05
SPOT,2026-03-11,0.271233,99,380.0,0.71663,530.260009765625,161.65863764664346,6.2799902443974815,0.5341796603543594,0.9170547956401989,0.0010356343438474276,42.190422342795806,-57.776911550175264,0.05
SPOT,2026-03-11,0.271233,99,390.0,0.735488,530.260009765625,152.87334843533688,7.360000042653496,0.5268741491329805,0.9042656036962349,0.0011682323778769352,46.9414186276694,-61.92335070526511,0.05
SPOT,2026-03-11,0.271233,99,400.0,0.754347,530.260009765625,144.39804858455494,8.74999920143415,0.5228580557373971,0.8889956075390043,0.0013107685713695935,52.267280538363934,-66.72809192406947,0.05
SPOT,2026-03-11,0.271233,99,410.0,0.773206,530.260009765625,135.78275310013095,10.000002726572802,0.5131777106121762,0.8742596898790314,0.001458547808365284,57.083229446984014,-70.39138248374577,0.05
SPOT,2026-03-11,0.271233,99,420.0,0.792064,530.260009765625,128.20744065761704,12.289989293621488,0.5178500452184011,0.853022636969989,0.0016083321134325165,63.518441432890185,-76.84195460510408,0.05
SPOT,2026-03-11,0.271233,99,430.0,0.810923,530.260009765625,119.0521521316395,12.99999977720654,0.4948825234536132,0.8400481596522589,0.0017799811619023471,67.17962949804995,-77.60645313670015,0.05
SPOT,2026-03-11,0.271233,99,440.0,0.829782,530.260009765625,111.75685397787566,15.57000063300535,0.4970405961664966,0.8166435394406755,0.001933893247955074,73.30682999252066,-83.23206890212862,0.05
SPOT,2026-03-11,0.271233,99,450.0,0.84864,530.260009765625,106.17156152005174,19.850007184744015,0.5168028193733354,0.786615007856579,0.002038334802371983,80.33789995232547,-92.08422589639628,0.05
SPOT,2026-03-11,0.271233,99,460.0,0.867499,530.260009765625,97.04625300380883,20.589997678063696,0.4889538786819362,0.7699760289085288,0.002248888575097819,83.86020405043506,-91.14982376454127,0.05
SPOT,2026-03-11,0.271233,99,470.0,0.886358,530.260009765625,89.9909563047911,23.399999988608556,0.4840059842807657,0.744863256266577,0.002403059978911083,88.70241072220232,-94.39225260494909,0.05
SPOT,2026-03-11,0.271233,99,480.0,0.905216,530.260009765625,85.43565764607348,28.710000339453586,0.503000715782947,0.7132438029074544,0.0024512087962667113,94.03055308261348,-101.82816738061523,0.05
SPOT,2026-03-11,0.271233,99,490.0,0.924075,530.260009765625,78.15035829991535,31.29000000285805,0.4893497404660394,0.6881005597727043,0.002617536821989775,97.68598122706368,-102.45706473210018,0.05
SPOT,2026-03-11,0.271233,99,500.0,0.942934,530.260009765625,73.99505666996708,36.99999738247237,0.5045766455863588,0.6578502335407272,0.0026358626776812784,101.4308365026236,-108.0881206444918,0.05
SPOT,2026-03-11,0.271233,99,520.0,0.980651,530.260009765625,61.41448455071259,44.15002328234311,0.48416659748094326,0.6015446153964719,0.0028865166433471377,106.5832530560809,-108.0067082921928,0.05
SPOT,2026-03-11,0.271233,99,540.0,1.018368,530.260009765625,50.8000000089107,53.26613675966644,0.47229946721038685,0.5414641011200553,0.0030421340678229995,109.57611193583952,-107.2186149440746,0.05
SPOT,2026-03-11,0.271233,99,560.0,1.056086,530.260009765625,42.000000002320974,64.19673477220186,0.4666478560199875,0.48116908759015126,0.003092264099894224,110.04895790289149,-105.32516678873189,0.05
SPOT,2026-03-11,0.271233,99,580.0,1.093803,530.260009765625,34.95001838904864,76.87735117805482,0.4668589721193126,0.42410071195873145,0.00303814296748947,108.17178528936708,-102.59190115956908,0.05
SPOT,2026-03-11,0.271233,99,590.0,1.112662,530.260009765625,33.10000000742838,84.89263180599715,0.47904738543350694,0.40175978691465414,0.0029236837535055334,106.81418957410597,-103.3236567120068,0.05
SPOT,2026-03-11,0.271233,99,600.0,1.13152,530.260009765625,28.709997264194044,90.36792807232541,0.46511421110171186,0.36956815214570726,0.002938404381630529,104.22964370567492,-97.73014005091996,0.05
SPOT,2026-03-11,0.271233,99,610.0,1.150379,530.260009765625,28.999981439510066,100.52321125720403,0.4940637252032735,0.35826902022955087,0.0027374088891451757,103.14370389920083,-101.98939542212199,0.05
SPOT,2026-03-11,0.271233,99,620.0,1.169238,530.260009765625,23.1899989683333,104.57852779558982,0.4611938983145859,0.3176092905739596,0.0027989648560362303,98.44668108680857,-90.9587407250963,0.05
SPOT,2026-03-11,0.271233,99,630.0,1.188096,530.260009765625,21.849976771140632,113.10380460795977,0.4706327726984422,0.29968972033426833,0.0026739285596288176,95.97365778863846,-90.11806003948116,0.05
SPOT,2026-03-11,0.271233,99,640.0,1.206955,530.260009765625,20.400000003479647,121.51912684986138,0.47744472839512103,0.28176348482029673,0.0025608208055342093,93.24431723104345,-88.51826316746092,0.05
SPOT,2026-03-11,0.271233,99,650.0,1.225814,530.260009765625,24.13000000021475,135.1144258561592,0.5384921854784712,0.2954884181311971,0.0023219553449620066,95.35716912295135,-101.2864613254522,0.05
SPOT,2026-03-11,0.271233,99,660.0,1.244672,530.260009765625,16.49999319758406,137.34971806309113,0.4750672853222881,0.24005825751464066,0.002369875774213273,85.86195783282649,-80.73373390415395,0.05
SPOT,2026-03-11,0.271233,99,670.0,1.263531,530.260009765625,20.280001482158497,150.9950253572281,0.5377297646254374,0.25888247921921925,0.002179434874686349,89.37746929834967,-94.44691192053502,0.05
SPOT,2026-03-11,0.271233,99,680.0,1.28239,530.260009765625,17.79999994534272,158.38032282997494,0.5283909391595112,0.23669653971722016,0.0021143225175943832,85.20138958243538,-88.37629014549076,0.05
SPOT,2026-03-11,0.271233,99,690.0,1.301248,530.260009765625,19.249999973616042,169.69562186781081,0.5637598258051246,0.24075735421897249,0.002000204842649282,85.998065058753,-94.79455224846409,0.05
SPOT,2026-03-11,0.271233,99,700.0,1.320107,530.260009765625,17.209993477790846,177.5209143815482,0.5573851269154082,0.2221879488892478,0.0019345184105968695,82.23341465927035,-89.52544036839448,0.05
SPOT,2026-03-11,0.271233,99,720.0,1.357824,530.260009765625,12.999998426480062,193.0415173493626,0.5366213054035878,0.18240394195198167,0.0017854376473390532,73.06891869013234,-76.46776054815531,0.05
SPOT,2026-03-11,0.271233,99,740.0,1.395542,530.260009765625,9.09000258416279,208.86211952617066,0.5090975638971463,0.14156893854534752,0.0015951541797728044,61.93323511214289,-61.422511039637406,0.05
SPOT,2026-03-11,0.271233,99,760.0,1.433259,530.260009765625,9.200006286830956,228.70272124796406,0.5390677170682641,0.13709998249946143,0.0014739485111184816,60.59624572501058,-63.39159898128422,0.05
SPOT,2026-03-11,0.271233,99,780.0,1.470976,530.260009765625,3.709999996801095,242.94331297705935,0.4541383567917057,0.07267954815563858,0.0011019119582905607,38.16411198328901,-33.691464477436405,0.05
SPOT,2026-03-11,0.271233,99,800.0,1.508694,530.260009765625,3.15000016654146,262.11391116592483,0.4613090704261767,0.06237194613469099,0.0009638331757730207,33.90891908409951,-30.332074292484275,0.05
SPOT,2026-03-11,0.271233,99,820.0,1.546411,530.260009765625,2.29999979832834,280.9945088168371,0.45489029501385275,0.048014232512983764,0.0007948431727776157,27.57453520409607,-24.28091443903019,0.05
SPOT,2026-03-11,0.271233,99,840.0,1.584129,530.260009765625,3.1299999671794794,301.5551070048134,0.5032472712816305,0.05792249407383746,0.0008337712135024414,31.999884189995374,-31.065597377825,0.05
SPOT,2026-03-11,0.271233,99,860.0,1.621846,530.260009765625,1.6000047172070389,319.75570977396615,0.46477207498357337,0.034325695598697976,0.0005924783160510587,21.000641819322283,-18.822939746989967,0.05
SPOT,2026-03-11,0.271233,99,880.0,1.659563,530.260009765625,0.2499999038859726,338.13630297977033,0.37580868316403665,0.007739129091670848,0.00020513525663840473,5.879321379546287,-4.265755767101598,0.05
SPOT,2026-03-11,0.271233,99,900.0,1.697281,530.260009765625,0.49999775740790664,358.1168988524174,0.42411043613961924,0.013098253902558582,0.00028768149515629707,9.304884092120389,-7.597016217406858,0.05
SPOT,2026-03-11,0.271233,99,920.0,1.734998,530.260009765625,0.49999904274114915,377.8474981568759,0.4392868873198577,0.012715941972253404,0.00027071810279413885,9.069547479962464,-7.656625944205564,0.05
SPOT,2026-03-11,0.271233,99,940.0,1.772715,530.260009765625,0.8999999901101514,397.97809712337005,0.4905277785562535,0.01968858976221515,0.0003526959109083904,13.194231876912614,-12.407963676854425,0.05
SPOT,2026-03-11,0.350685,128,270.0,0.509184,530.260009765625,266.8329941333987,1.8800019849942373,0.6406736954352293,0.9780426521966779,0.00026046116920347255,16.45412283643463,-27.61938757814601,0.05
SPOT,2026-03-11,0.350685,128,280.0,0.528043,530.260009765625,257.8968063154418,2.7700000047121307,0.6570132821682206,0.970005744929361,0.0003297510676359034,21.362654458896447,-32.83454324849119,0.05
SPOT,2026-03-11,0.350685,128,290.0,0.546902,530.260009765625,246.72062016380357,1.4199996907487957,0.5539400607411192,0.9801649183833723,0.00027640545479603045,15.097472247080473,-25.57502555759248,0.05
SPOT,2026-03-11,0.350685,128,300.0,0.56576,530.260009765625,239.0344307197737,3.559996084393731,0.6284866589334851,0.9611002540981134,0.0004268521093367867,26.452599172381635,-37.23369391939806,0.05
SPOT,2026-03-11,0.350685,128,310.0,0.584619,530.260009765625,229.60825316243415,3.960004364729002,0.6126163714398081,0.9563099422549108,0.000481140895144207,29.06402287241033,-39.26040566920578,0.05
SPOT,2026-03-11,0.350685,128,320.0,0.603478,530.260009765625,221.2020711980993,5.380008238069024,0.6263566902876117,0.9445697251784919,0.0005690782591688921,35.147025062645966,-45.37124127679836,0.05
SPOT,2026-03-11,0.350685,128,330.0,0.622336,530.260009765625,210.445876667795,4.449999545439539,0.5692449118832738,0.9481839156863562,0.0005936048384023225,33.31896066233665,-41.65919905801914,0.05
SPOT,2026-03-11,0.350685,128,340.0,0.641195,530.260009765625,200.41968924081567,4.249997956135019,0.5347556188761546,0.9470724563624224,0.0006426275105128698,33.88515887487265,-40.92430222839483,0.05
SPOT,2026-03-11,0.350685,128,350.0,0.660054,530.260009765625,191.3435010447228,4.999995597717032,0.527483024669315,0.9384956932363647,0.0007332467230254195,38.13761012682283,-43.99752035096443,0.05
SPOT,2026-03-11,0.350685,128,360.0,0.678912,530.260009765625,183.66732266449384,7.15000305516287,0.5493982139224967,0.9202683541108907,0.0008595557537585544,46.56462943358562,-51.69079258168597,0.05
SPOT,2026-03-11,0.350685,128,370.0,0.697771,530.260009765625,172.98113370963716,6.289999937981065,0.5019894861093493,0.9219306278380434,0.0009258382064971046,45.8273322279511,-48.593958541675136,0.05
SPOT,2026-03-11,0.350685,128,380.0,0.71663,530.260009765625,168.41494978409992,11.550001850118633,0.5707507982764461,0.8862237115848552,0.0010748039230581126,60.488195218274235,-64.29892597089182,0.05
SPOT,2026-03-11,0.350685,128,390.0,0.735488,530.260009765625,156.33876175749822,9.299999661191748,0.5025696749586978,0.8925121238636361,0.0011718749793166294,58.07275339021616,-57.45852437493542,0.05
SPOT,2026-03-11,0.350685,128,400.0,0.754347,530.260009765625,147.96257692003041,10.750000661398815,0.4969366359180407,0.8779231079087042,0.0012975149838733218,63.5782037261381,-60.92486263501199,0.05
SPOT,2026-03-11,0.350685,128,410.0,0.773206,530.260009765625,139.47639042108148,12.09000000012469,0.4873684285907001,0.8635162616893703,0.001429365907424437,68.69034029539513,-63.652183919143354,0.05
SPOT,2026-03-11,0.350685,128,420.0,0.792064,530.260009765625,131.2602044202241,13.69999983694214,0.479708011130508,0.8471673886645572,0.0015672205302880843,74.13135520756695,-66.60072359680962,0.05
SPOT,2026-03-11,0.350685,128,430.0,0.810923,530.260009765625,124.98401890432996,17.250000158722855,0.4940994229933169,0.8218669688848028,0.0016801701824890676,81.85825379555126,-73.20827218409009,0.05
SPOT,2026-03-11,0.350685,128,440.0,0.829782,530.260009765625,117.6078329082319,19.70000000029961,0.4909415444623448,0.8016377751999162,0.001807052417314275,87.47730423676204,-76.60537888965568,0.05
SPOT,2026-03-11,0.350685,128,450.0,0.84864,530.260009765625,109.43164287942744,21.349995809170025,0.4766842648829676,0.7836717480727969,0.0019590170738174677,92.07969955503026,-77.88764370532496,0.05
SPOT,2026-03-11,0.350685,128,460.0,0.867499,530.260009765625,102.87546121186296,24.61999997928035,0.47780825357711065,0.7598423979202652,0.0020727056137173215,97.65312083918236,-81.52812216762175,0.05
SPOT,2026-03-11,0.350685,128,470.0,0.886358,530.260009765625,94.44926296496118,26.019987570053388,0.4578394521371079,0.7405928918238407,0.0022535225198207663,101.73490216429217,-81.32327472849214,0.05
SPOT,2026-03-11,0.350685,128,480.0,0.905216,530.260009765625,108.32308894150083,49.71999938426791,0.6418896993309688,0.6908151266758541,0.001748291186397347,110.65448742443819,-114.16978326883579,0.05
SPOT,2026-03-11,0.350685,128,490.0,0.924075,530.260009765625,84.92688190300322,36.149978183445114,0.48114229383629353,0.6847895572583976,0.0023519148438395803,111.58093174700024,-90.45440946197198,0.05
SPOT,2026-03-11,0.350685,128,500.0,0.942934,530.260009765625,77.45071786350906,38.49999998162576,0.46431377885818076,0.66091129809579,0.0025105080715760453,114.93916824492814,-89.7410706545264,0.05
SPOT,2026-03-11,0.350685,128,510.0,0.961792,530.260009765625,70.97453207127711,41.85000002706869,0.45451808381651665,0.6347494337838924,0.0026341864846373456,118.05721677165005,-89.78658107292907,0.05
SPOT,2026-03-11,0.350685,128,520.0,0.980651,530.260009765625,59.928346232909234,40.630000026375626,0.40497008160999876,0.6081485273527417,0.003021189687463984,120.64123914908991,-82.7855254740697,0.05
SPOT,2026-03-11,0.350685,128,530.0,0.99951,530.260009765625,61.47216058842258,52.00000021956379,0.45737212007476946,0.580031313716786,0.0027216657667991726,122.74373511364904,-92.3474978630866,0.05
SPOT,2026-03-11,0.350685,128,540.0,1.018368,530.260009765625,58.25000000426701,58.604025473083084,0.46773138038597967,0.5541219757068943,0.002691193338767436,124.11842708908617,-94.5513595728409,0.05
SPOT,2026-03-11,0.350685,128,550.0,1.037227,530.260009765625,69.14000064546948,79.32021195196046,0.5890233980620555,0.5477139662028616,0.002141455321137186,124.37595280950259,-115.5177688312052,0.05
SPOT,2026-03-11,0.350685,128,560.0,1.056086,530.260009765625,49.249999998294214,69.25639714245995,0.46147556617941976,0.5004464341805483,0.002753047182427459,125.27292617721972,-93.23081313638671,0.05
SPOT,2026-03-11,0.350685,128,570.0,1.074944,530.260009765625,54.50000000880692,84.3325829906475,0.5332784467333069,0.493848456347838,0.0023820834526614835,125.25811154577555,-105.60695778394701,0.05
SPOT,2026-03-11,0.350685,128,580.0,1.093803,530.260009765625,44.85000000082434,84.50876882033981,0.48427845222079297,0.45695428053258696,0.0026081317856858927,124.5430605152995,-95.86661582899097,0.05
SPOT,2026-03-11,0.350685,128,590.0,1.112662,530.260009765625,45.39999975612932,94.88495441331952,0.5153516128131878,0.44442541499460714,0.002441279954684724,124.0555163835809,-100.66639818283961,0.05
SPOT,2026-03-11,0.350685,128,600.0,1.13152,530.260009765625,45.61998956044519,104.93113005531029,0.5425202581634788,0.4327458853670025,0.0023084275794172703,123.48865777255222,-104.7127476681268,0.05
SPOT,2026-03-11,0.350685,128,610.0,1.150379,530.260009765625,41.990000001380196,111.12732633392011,0.5371615250673022,0.4105115640759929,0.0023053889937021134,122.10795831679306,-102.30380519712382,0.05
SPOT,2026-03-11,0.350685,128,620.0,1.169238,530.260009765625,32.05999492999558,111.02350710021028,0.4773388196439833,0.3632625478167223,0.0025036469322945545,117.84053215646706,-88.2281768139213,0.05
SPOT,2026-03-11,0.350685,128,630.0,1.188096,530.260009765625,29.23999999116006,118.02969799904963,0.4745602319108098,0.34076187443733097,0.002460935936423986,115.15598274076599,-85.48935491766127,0.05
SPOT,2026-03-11,0.350685,128,640.0,1.206955,530.260009765625,20.990000000112587,119.605883845677,0.4205705953307382,0.2876295710492923,0.0025819497153988526,107.07338714710664,-70.78208754530938,0.05
SPOT,2026-03-11,0.350685,128,650.0,1.225814,530.260009765625,27.999998670138353,136.44206835337752,0.5037635323474884,0.31754917439457125,0.002253368059753438,111.93185877186369,-87.41497766724622,0.05
SPOT,2026-03-11,0.350685,128,660.0,1.244672,530.260009765625,14.339999826875754,132.60825534778985,0.39082509161334394,0.22536134847529138,0.0024460171876167776,94.26203229032004,-57.783740328229044,0.05
SPOT,2026-03-11,0.350685,128,670.0,1.263531,530.260009765625,20.000000445831603,148.0944418044205,0.46557430265634253,0.25883178081477964,0.002213541014865313,101.6181843790577,-73.31728052782343,0.05
SPOT,2026-03-11,0.350685,128,680.0,1.28239,530.260009765625,24.60000000962063,162.52062720588435,0.5271617052939717,0.2794469215754096,0.002031590970069499,105.60269076055467,-85.55178304313621,0.05
SPOT,2026-03-11,0.350685,128,690.0,1.301248,530.260009765625,16.749999420036758,164.49681245397528,0.46540911188492046,0.22542405707925495,0.0020543548946843153,94.27688162925287,-67.698627964715,0.05
SPOT,2026-03-11,0.350685,128,700.0,1.320107,530.260009765625,13.750000022595458,171.32299889420892,0.4477674333700538,0.19804475568802665,0.0019793751144233,87.39276208844474,-60.35640899626851,0.05
SPOT,2026-03-11,0.350685,128,710.0,1.338966,530.260009765625,16.31001322255844,183.7091979318467,0.4913414514461767,0.21259285146327733,0.0018814260167647732,91.15183287196078,-68.67697356051644,0.05
SPOT,2026-03-11,0.350685,128,720.0,1.357824,530.260009765625,15.250000017103574,192.47537056406668,0.49414915649370267,0.20071694437345267,0.0018081192726373471,88.10082795580566,-66.63042361745238,0.05
SPOT,2026-03-11,0.350685,128,730.0,1.376683,530.260009765625,14.230002793008452,201.2815591776464,0.49648972588306195,0.189256747141331,0.0017363985922063693,85.0069720863721,-64.48148759869818,0.05
SPOT,2026-03-11,0.350685,128,740.0,1.395542,530.260009765625,9.92000010279682,206.79774232510965,0.455527035573636,0.1501911859293889,0.0016313943923891032,73.27705028790488,-51.07813728163529,0.05
SPOT,2026-03-11,0.350685,128,750.0,1.4144,530.260009765625,11.829981089577672,218.53390914956526,0.49371951682464355,0.16362444330428094,0.0015924816176698766,77.52639316599743,-58.32029730442142,0.05
SPOT,2026-03-11,0.350685,128,760.0,1.433259,530.260009765625,5.625000210415607,222.155114108078,0.4132184915025915,0.10080685333068806,0.001360481333700231,55.432847929273464,-35.05021322455328,0.05
SPOT,2026-03-11,0.350685,128,770.0,1.452118,530.260009765625,10.600000650689225,236.95630038602656,0.5023302490865899,0.14771328920881233,0.0014630417021606913,72.46710176231696,-55.288206487241816,0.05
SPOT,2026-03-11,0.350685,128,780.0,1.470976,530.260009765625,9.499992747727461,245.6824783207395,0.49863377921338503,0.13567848092787,0.0013914256799423788,68.41267409433921,-51.75973475096995,0.05
SPOT,2026-03-11,0.350685,128,800.0,1.508694,530.260009765625,7.200000000329794,263.03485724869154,0.48506402724793063,0.10991103412284514,0.0012337903241002915,59.011313890155236,-43.366012444294974,0.05
SPOT,2026-03-11,0.350685,128,820.0,1.546411,530.260009765625,5.199999992344537,280.6872289160559,0.46888113614771637,0.08565164479338977,0.0010629397323239822,49.14351972419606,-34.86440287147625,0.05
SPOT,2026-03-11,0.350685,128,840.0,1.584129,530.260009765625,1.299997142141775,296.4395977412029,0.37657277031339,0.03054847680958638,0.0005841191395809306,21.689283542085423,-12.39013372107047,0.05
SPOT,2026-03-11,0.350685,128,860.0,1.621846,530.260009765625,1.069999994667448,315.86197226907825,0.3810766852002485,0.02545263017710759,0.0004958130384443276,18.630528645166457,-10.7438878480035,0.05
SPOT,2026-03-11,0.350685,128,880.0,1.659563,530.260009765625,2.369995213899017,336.8143391636595,0.45097785660573997,0.04479423654578505,0.0006668725234506438,29.65465653103456,-20.13694862765337,0.05
SPOT,2026-03-11,0.350685,128,900.0,1.697281,530.260009765625,1.3600000000622412,355.45671562517236,0.426317144143628,0.028728893039240644,0.0004903242385040559,20.61156729605331,-13.222120970337494,0.05
SPOT,2026-03-11,0.446575,163,270.0,0.509184,530.260009765625,269.42196760092224,3.200000000350542,0.6319930557631789,0.9687095156927218,0.0003146121858355127,24.96665369574335,-29.87869132575139,0.05
SPOT,2026-03-11,0.446575,163,280.0,0.528043,530.260009765625,261.3727760800328,4.929995226314929,0.6622718322876059,0.9567923708767416,0.00039087960969900885,32.50512129204652,-36.40136704511234,0.05
SPOT,2026-03-11,0.446575,163,290.0,0.546902,530.260009765625,250.9235912433092,4.259997136445179,0.6116243393149832,0.9586738554689506,0.000408272600275444,31.355049112415635,-34.34289417068798,0.05
SPOT,2026-03-11,0.446575,163,300.0,0.56576,530.260009765625,241.93440716484406,5.049999804833874,0.6065223309397699,0.9518470652164661,0.0004656586298437323,35.46393662646431,-37.22251352467529,0.05
SPOT,2026-03-11,0.446575,163,310.0,0.584619,530.260009765625,234.41522773864148,7.310007125485072,0.6342056667532247,0.9371361467631324,0.0005497267471614925,43.77735088126628,-44.210815194770525,0.05
SPOT,2026-03-11,0.446575,163,320.0,0.603478,530.260009765625,225.47603433200283,8.15000046570026,0.6227561126910305,0.9299352922414036,0.000608873007474395,47.61208621511316,-46.579462621888354,0.05
SPOT,2026-03-11,0.446575,163,330.0,0.622336,530.260009765625,225.74684612571332,18.19999900626459,0.7646681384934358,0.8901503051371149,0.0006932735414696331,66.56563993748188,-69.30317559850677,0.05
SPOT,2026-03-11,0.446575,163,340.0,0.641195,530.260009765625,210.66766246763115,12.900002095036257,0.649050062592432,0.9019918185030988,0.0007519116917456192,61.27982620472666,-57.91300182233087,0.05
SPOT,2026-03-11,0.446575,163,350.0,0.660054,530.260009765625,199.3484736066327,11.359999980891587,0.5934786661449312,0.903557257414481,0.0008126596925269032,60.56006356857961,-54.2293989099447,0.05
SPOT,2026-03-11,0.446575,163,360.0,0.678912,530.260009765625,197.85930129862612,19.650014419738852,0.6838583969218576,0.8696561308485485,0.0008745697209154164,75.09881981006468,-70.66511750414003,0.05
SPOT,2026-03-11,0.446575,163,370.0,0.697771,530.260009765625,178.93010008859682,10.499999956563386,0.5224584434977817,0.8978225197681127,0.0009629495569701973,63.17245880030535,-51.81089746286767,0.05
SPOT,2026-03-11,0.446575,163,380.0,0.71663,530.260009765625,176.65089386222826,17.999980477048666,0.5988158397120056,0.8618185228098258,0.0010396452751141616,78.17195164970634,-66.42749453952436,0.05
SPOT,2026-03-11,0.446575,163,390.0,0.735488,530.260009765625,175.57172663839378,26.70000000006803,0.6703641424772008,0.8313780001809938,0.0010597330454118062,89.20305823274279,-80.2160826985486,0.05
SPOT,2026-03-11,0.446575,163,400.0,0.754347,530.260009765625,155.34252297581025,16.249983084338282,0.5173040613320632,0.8538078145594112,0.0012502486575068563,81.21098458987977,-61.906481579107236,0.05
SPOT,2026-03-11,0.446575,163,410.0,0.773206,530.260009765625,146.21335550545103,16.9000023608329,0.49636174422650803,0.8434158781109569,0.0013638885077054913,85.00601608716909,-62.29226892147324,0.05
SPOT,2026-03-11,0.446575,163,420.0,0.792064,530.260009765625,139.08416640871775,19.550000010953454,0.497431960966048,0.8250152677696561,0.0014623363778967946,91.33841287171688,-65.7895007927351,0.05
SPOT,2026-03-11,0.446575,163,430.0,0.810923,530.260009765625,137.96497953080882,28.209999879898362,0.5562777982624643,0.7909502935074842,0.0014581735791257273,101.85291030823689,-77.50889486322401,0.05
SPOT,2026-03-11,0.446575,163,440.0,0.829782,530.260009765625,124.44579236125549,24.469999457198867,0.4886650222768653,0.7890268902022888,0.0016688867444618813,102.40251199026402,-70.72414978096948,0.05
SPOT,2026-03-11,0.446575,163,450.0,0.84864,530.260009765625,117.14660615060353,26.949999993400695,0.4817943196398575,0.7703737173677574,0.0017769581235843894,107.50071664659677,-72.55694623690461,0.05
SPOT,2026-03-11,0.446575,163,460.0,0.867499,530.260009765625,113.0374188300674,32.6199994197184,0.5015747687924387,0.7448199650881037,0.0018073488591364764,113.82827694218066,-78.01912387619204,0.05
SPOT,2026-03-11,0.446575,163,470.0,0.886358,530.260009765625,107.29823266539933,36.660000001904166,0.5038466697698456,0.7233928889316559,0.0018742544174151483,118.5767182062722,-80.70623527950312,0.05
SPOT,2026-03-11,0.446575,163,480.0,0.905216,530.260009765625,95.2090459169616,34.35000000032028,0.45199223037515507,0.710427625660176,0.0021357192529279224,121.2125598629222,-75.41654016226173,0.05
SPOT,2026-03-11,0.446575,163,490.0,0.924075,530.260009765625,95.90985918879045,44.83000001900291,0.5030067392690425,0.6806099113278872,0.0020047192714637272,126.61928592232567,-84.55927028699551,0.05
SPOT,2026-03-11,0.446575,163,500.0,0.942934,530.260009765625,81.30067249262913,40.00000006969543,0.43112304357424913,0.6647663012226661,0.0023853757420519233,129.13100345854053,-75.89133650089659,0.05
SPOT,2026-03-11,0.446575,163,510.0,0.961792,530.260009765625,84.67148570444328,53.15000002836342,0.4963300506598201,0.6370606747367646,0.0021330912915697425,132.93902959483592,-86.53195950531445,0.05
SPOT,2026-03-11,0.446575,163,520.0,0.980651,530.260009765625,78.09229951047834,56.350000581252345,0.48355875738850906,0.6145258840899708,0.0022316150573927058,135.50054028018164,-85.7493610170991,0.05
SPOT,2026-03-11,0.446575,163,530.0,0.99951,530.260009765625,70.26311317419788,58.30000099182564,0.4604633450559372,0.5901820840372025,0.002382260491623286,137.73896120633378,-83.14558802073174,0.05
SPOT,2026-03-11,0.446575,163,540.0,1.018368,530.260009765625,81.13000006012521,78.94607462460681,0.5707505551507194,0.5798564715864525,0.001932896093905572,138.52473943354516,-99.83877250589565,0.05
SPOT,2026-03-11,0.446575,163,550.0,1.037227,530.260009765625,76.00000067230124,83.59526198363665,0.5633744501002996,0.5598011214298444,0.0019758797978174235,139.7752117750283,-99.20829823435574,0.05
SPOT,2026-03-11,0.446575,163,560.0,1.056086,530.260009765625,63.10000163767285,80.47444969586212,0.4996404340478723,0.528056603681004,0.002247710988282362,141.01669651087346,-89.73199024748536,0.05
SPOT,2026-03-11,0.446575,163,570.0,1.074944,530.260009765625,54.04999994700813,81.20363475205124,0.46231513361311755,0.4971389474724196,0.0024351434053444523,141.3628013276304,-83.65075028259278,0.05
SPOT,2026-03-11,0.446575,163,580.0,1.093803,530.260009765625,55.26000023591476,92.19282178781168,0.4961887551009974,0.48513540097293256,0.002267385136635996,141.2682951733802,-88.58082125777453,0.05
SPOT,2026-03-11,0.446575,163,590.0,1.112662,530.260009765625,49.630000236168456,96.34200853491927,0.48026314363894873,0.45914548545246653,0.002331896632206003,140.62451751936646,-85.308149905746,0.05
SPOT,2026-03-11,0.446575,163,600.0,1.13152,530.260009765625,46.080000000324446,102.57119504592907,0.4777026564671817,0.4374249961147377,0.0023277132807213684,139.6238572732972,-83.97142750016693,0.05
SPOT,2026-03-11,0.446575,163,610.0,1.150379,530.260009765625,42.82998814672348,109.10036993918186,0.47595371686748544,0.4163580151044908,0.0023132435764452223,138.24791128016216,-82.56874022582852,0.05
SPOT,2026-03-11,0.446575,163,620.0,1.169238,530.260009765625,44.65001236546547,120.69958090477769,0.5098372261829704,0.4117610174642878,0.0021539820813063623,137.89423813619482,-87.3986905905292,0.05
SPOT,2026-03-11,0.446575,163,630.0,1.188096,530.260009765625,41.350000012667124,127.17875529883315,0.5056070093022659,0.39162844364730576,0.002144024513864776,136.11792608774806,-85.3712506243849,0.05
SPOT,2026-03-11,0.446575,163,640.0,1.206955,530.260009765625,15.650000079764013,111.2579421127839,0.32207107844815214,0.25379312126389236,0.002806634119012609,113.50369998300857,-46.87587100107382,0.05
SPOT,2026-03-11,0.446575,163,650.0,1.225814,530.260009765625,23.44999304271954,128.83712182259325,0.40458050275707536,0.29622096265617903,0.0024112709239989187,122.49643508069713,-62.16979365816022,0.05
SPOT,2026-03-11,0.446575,163,660.0,1.244672,530.260009765625,30.04999981342067,145.21631534014818,0.4742154704829103,0.32212834206549984,0.0021340194640377726,127.07104022556959,-74.50604715361146,0.05
SPOT,2026-03-11,0.446575,163,680.0,1.28239,530.260009765625,27.949983135117066,162.6746721555523,0.48977744949229335,0.2987290787820815,0.001999513096752339,122.96896828840626,-73.95525442317916,0.05
SPOT,2026-03-11,0.446575,163,700.0,1.320107,530.260009765625,24.700000026839604,178.98306254098236,0.49278527045715353,0.2706470064991021,0.001895781678141702,117.30554206875195,-70.66260223615316,0.05
SPOT,2026-03-11,0.446575,163,720.0,1.357824,530.260009765625,21.600010213043404,195.44144622089385,0.49355067317984774,0.2435867480472506,0.001791890391471683,111.04926289371173,-66.74349124613711,0.05
SPOT,2026-03-11,0.446575,163,740.0,1.395542,530.260009765625,19.89999934329707,213.2998088448552,0.5039944780836842,0.2251673152168004,0.0016800239920065137,106.31970255718488,-64.96982495982607,0.05
SPOT,2026-03-11,0.446575,163,760.0,1.433259,530.260009765625,17.600000002797188,230.558182998063,0.5062236877616763,0.2035864025784891,0.0015774019859012781,100.26684218439264,-61.347347350777234,0.05
SPOT,2026-03-11,0.523288,191,270.0,0.509184,530.260009765625,270.5327730426771,3.2999965640475466,0.5903267535632186,0.96822536705441,0.0003151260847267813,27.371277847550047,-27.582845378672417,0.05
SPOT,2026-03-11,0.523288,191,280.0,0.528043,530.260009765625,261.9910270464755,4.499999948845812,0.6022889385989552,0.9593834204823852,0.0003776647676345635,33.46798859212068,-31.596924031488417,0.05
SPOT,2026-03-11,0.523288,191,290.0,0.546902,530.260009765625,254.34927749462625,6.599999777996345,0.6297098960181338,0.9463032155780176,0.0004518864561050797,41.868567011193164,-37.56361093397186,0.05
SPOT,2026-03-11,0.523288,191,300.0,0.56576,530.260009765625,246.5575285751766,8.550000239546591,0.6435616224302143,0.9347912034039763,0.0005149092248867162,48.75723445535463,-42.4381122941703,0.05
SPOT,2026-03-11,0.523288,191,310.0,0.584619,530.260009765625,232.61577292001732,4.349993965387114,0.5189322572798812,0.9542335215465654,0.0004827003572707647,36.85585933198165,-31.943355991237556,0.05
SPOT,2026-03-11,0.523288,191,320.0,0.603478,530.260009765625,226.4740318349016,7.9500022612712655,0.5747533782024239,0.9313001034689757,0.0006002884907224048,50.76446377398822,-41.24645057971456,0.05
SPOT,2026-03-11,0.523288,191,330.0,0.622336,530.260009765625,218.28228019295273,9.500000000322188,0.5761565373607256,0.9205984749249337,0.0006688761017108647,56.70278982058936,-44.70951042918469,0.05
SPOT,2026-03-11,0.523288,191,340.0,0.641195,530.260009765625,208.97052306178915,9.929992250158477,0.5562011569750389,0.9147771952945296,0.000730794233781881,59.80606846005226,-45.58882236597649,0.05
SPOT,2026-03-11,0.523288,191,350.0,0.660054,530.260009765625,198.39878143090579,9.100000000274918,0.5158150560284245,0.9146649518073724,0.0007887897070254591,59.865071165093916,-43.83566836947479,0.05
SPOT,2026-03-11,0.523288,191,360.0,0.678912,530.260009765625,190.79704796703322,11.240015917402161,0.5232329307162253,0.8999963478282773,0.0008744407314781391,67.31993717254903,-47.978198667052794,0.05
SPOT,2026-03-11,0.523288,191,370.0,0.697771,530.260009765625,182.91528267080753,13.10000000217633,0.5229441023028399,0.8867840186908466,0.0009569294809345755,73.629772340589,-51.156256033568425,0.05
SPOT,2026-03-11,0.523288,191,380.0,0.71663,530.260009765625,174.57353021046697,14.499996922835578,0.5144331564727654,0.8752865563507433,0.0010415348620453015,78.83535308342542,-53.228489128448295,0.05
SPOT,2026-03-11,0.523288,191,390.0,0.735488,530.260009765625,167.131799457544,16.800015550912462,0.5153222609491115,0.8600884858493003,0.0011255248596462146,85.33992347668453,-56.46738214010323,0.05
SPOT,2026-03-11,0.523288,191,400.0,0.754347,530.260009765625,158.09003610885298,17.500001583221263,0.4961160579165046,0.8503292258130764,0.0012234124013758183,89.30472067619867,-56.97407235005272,0.05
SPOT,2026-03-11,0.523288,191,410.0,0.773206,530.260009765625,150.64828516106735,19.80000001643549,0.49371036214361724,0.834479658234303,0.0013134486143372647,95.4121281585315,-59.60176330279457,0.05
SPOT,2026-03-11,0.523288,191,420.0,0.792064,530.260009765625,143.4065529097498,22.30001714611774,0.49140501325378894,0.8178279943112504,0.0014025831652649267,101.41132532030484,-62.12903507653162,0.05
SPOT,2026-03-11,0.523288,191,430.0,0.810923,530.260009765625,144.10476481180643,32.73997842917424,0.5594819313212177,0.7837297527417628,0.0013661671925817027,112.4626133037042,-73.69444885086375,0.05
SPOT,2026-03-11,0.523288,191,440.0,0.829782,530.260009765625,131.37306298468872,29.750025983056332,0.5031760135895409,0.7783129487091676,0.001540811514145054,114.074270205619,-68.9117697890054,0.05
SPOT,2026-03-11,0.523288,191,450.0,0.84864,530.260009765625,124.98128671615649,33.09999909552397,0.5022565329009278,0.7597169161768089,0.0016146470615312526,119.3222556702167,-71.15663416059424,0.05
SPOT,2026-03-11,0.523288,191,460.0,0.867499,530.260009765625,118.13953824864467,36.000000009011956,0.4959823637064965,0.7416656823024234,0.0016992841398528176,124.0082251359784,-72.52552507471465,0.05
SPOT,2026-03-11,0.523288,191,470.0,0.886358,530.260009765625,109.59778885873789,37.20000000010498,0.4751475356149189,0.7253978670419624,0.0018294563507857764,127.89948240082533,-71.81923433043066,0.05
SPOT,2026-03-11,0.523288,191,480.0,0.905216,530.260009765625,102.55603944413718,39.89999996650414,0.4652764744973797,0.7060534402473059,0.0019300799278886567,132.13097574197164,-72.3333210251054,0.05
SPOT,2026-03-11,0.523288,191,490.0,0.924075,530.260009765625,99.41429090793713,46.50000081130389,0.48288831995461257,0.6828231299055673,0.0019234677375073183,136.66265726010184,-76.18892399710289,0.05
SPOT,2026-03-11,0.523288,191,500.0,0.942934,530.260009765625,103.17254057293866,59.99999985730528,0.5470243593399456,0.6600010876262946,0.0017462297615616024,140.5485293601916,-85.80193571294961,0.05
SPOT,2026-03-11,0.523288,191,520.0,0.980651,530.260009765625,82.8390435795078,59.1500016258741,0.4726715706634601,0.6196746231411898,0.0021005876074255345,146.0893425919032,-78.26675324552659,0.05
SPOT,2026-03-11,0.523288,191,540.0,1.018368,530.260009765625,86.05000000064982,81.8444568090157,0.5543453750169133,0.5872045118927575,0.001831159531837876,149.35675324077874,-90.37667462593922,0.05
SPOT,2026-03-11,0.523288,191,550.0,1.037227,530.260009765625,79.47000017655623,85.00620636592203,0.5378011621800878,0.566638055990064,0.0019068365692498004,150.88756929044925,-88.58600854074017,0.05
SPOT,2026-03-11,0.523288,191,560.0,1.056086,530.260009765625,64.30000277047958,79.57795834084521,0.46396013790282475,0.5331448368916318,0.002233921634945061,152.49895116856032,-78.52499054666322,0.05
SPOT,2026-03-11,0.523288,191,580.0,1.093803,530.260009765625,57.649999890787456,92.4114542231527,0.4689151746469351,0.4929841686996619,0.002217632039978175,153.00373359431936,-78.74088728029422,0.05
SPOT,2026-03-11,0.523288,191,590.0,1.112662,530.260009765625,55.260001360040064,99.76320507340517,0.4756702239672413,0.4752156910425551,0.002182256562337276,152.7319962632164,-79.2533386690333,0.05
SPOT,2026-03-11,0.523288,191,600.0,1.13152,530.260009765625,51.42000127078026,105.66495436514526,0.4717724628652787,0.4543184259380955,0.00219007328249528,152.02306650746732,-78.00290014009961,0.05
SPOT,2026-03-11,0.523288,191,610.0,1.150379,530.260009765625,47.73000009678461,111.7167025721493,0.46768960586294017,0.43345556379359285,0.0021927788018212065,150.8935916365489,-76.53646151182943,0.05
SPOT,2026-03-11,0.523288,191,620.0,1.169238,530.260009765625,44.14999809824076,117.87844995460534,0.46316390595990586,0.41252957363123627,0.0021913232133719397,149.33424166482789,-74.81804921730915,0.05
SPOT,2026-03-11,0.523288,191,630.0,1.188096,530.260009765625,49.76999908034156,133.240200317706,0.5193036709275624,0.4202225921758909,0.0019625840677677817,149.95740462130112,-83.06072101672596,0.05
SPOT,2026-03-11,0.523288,191,640.0,1.206955,530.260009765625,21.599998838050197,114.81194945641448,0.3401752666319326,0.2963146524874787,0.002649648898945625,132.620089800374,-49.88257058192235,0.05
SPOT,2026-03-11,0.523288,191,650.0,1.225814,530.260009765625,34.99999588924055,137.9536958886046,0.45342305686678447,0.353095294072572,0.0021364275011491528,142.53122378994573,-69.36249094706913,0.05
SPOT,2026-03-11,0.523288,191,660.0,1.244672,530.260009765625,33.15002641295493,145.84547579331888,0.45643717025748565,0.33777091908193557,0.002087509182566816,140.193427135805,-68.43961052361747,0.05
SPOT,2026-03-11,0.523288,191,670.0,1.263531,530.260009765625,29.999999820383664,152.43719858174745,0.4491020920748561,0.3166710024241749,0.0020667726873318014,136.5702314970127,-65.50035260890463,0.05
SPOT,2026-03-11,0.523288,191,680.0,1.28239,530.260009765625,20.25000005348717,152.4289481958508,0.38897757275948286,0.25775930552635246,0.002164241765983267,123.86499504555903,-51.85801020783189,0.05
SPOT,2026-03-11,0.523288,191,690.0,1.301248,530.260009765625,27.899984404807213,169.82068192817064,0.4625662851284877,0.2940990883581537,0.001941853965696605,132.1626674363957,-64.81582138725567,0.05
SPOT,2026-03-11,0.523288,191,700.0,1.320107,530.260009765625,24.350000006795383,176.01244691115863,0.4488847198756452,0.2701659135326173,0.001920888535654549,126.8689193157322,-60.36052561331988,0.05
SPOT,2026-03-11,0.523288,191,720.0,1.357824,530.260009765625,21.3000035256142,192.4459491919771,0.4500096025251676,0.24305591196902987,0.0018133701843547842,120.06778684348124,-57.00624818782574,0.05
SPOT,2026-03-11,0.523288,191,740.0,1.395542,530.260009765625,22.0500141907269,212.67945861908947,0.4806104077324982,0.2389960060879247,0.0016824296626107528,118.97298054397166,-59.869008975370875,0.05
SPOT,2026-03-11,0.523288,191,760.0,1.433259,530.260009765625,21.179999795211202,231.2929429855734,0.496342967639109,0.2265911207033126,0.0015815559068543018,115.50071568780623,-59.725333844291434,0.05
SPOT,2026-03-11,0.523288,191,780.0,1.470976,530.260009765625,19.99998476634721,249.59642671870915,0.5079079079064924,0.21317071530835802,0.0014923198473221204,111.52317971424856,-58.77451668337514,0.05
SPOT,2026-03-11,0.523288,191,800.0,1.508694,530.260009765625,12.400000001034414,261.47994071539597,0.45383670290477796,0.1565342466465081,0.0013777283229686,91.99865027734226,-43.424467168842774,0.05
SPOT,2026-03-11,0.523288,191,820.0,1.546411,530.260009765625,6.010007776198158,274.5734472525594,0.390937875723895,0.0955064638702317,0.0011315337846497188,65.08689111655113,-26.544227447924946,0.05
SPOT,2026-03-11,0.523288,191,840.0,1.584129,530.260009765625,3.75999991768316,291.8069381560441,0.36774633673607304,0.06707439382736806,0.000921005469105766,49.834352305171315,-19.10117114696227,0.05
SPOT,2026-03-11,0.523288,191,860.0,1.621846,530.260009765625,5.089997521480953,312.6204345218416,0.4078047575959992,0.08030719072757858,0.0009531451578964341,57.191249868022865,-24.15962000671044,0.05
SPOT,2026-03-11,0.523288,191,880.0,1.659563,530.260009765625,4.0499976369092465,331.06393339926944,0.40309913422242566,0.0665937002190895,0.00083556838936909,49.557811657669355,-20.650793964383535,0.05
SPOT,2026-03-11,0.523288,191,900.0,1.697281,530.260009765625,2.499999642294096,348.9974341666541,0.38091576920969195,0.045785046827166755,0.0006578106845083177,36.86787692454558,-14.507479692822717,0.05
SPOT,2026-03-11,0.523288,191,920.0,1.734998,530.260009765625,3.8299999741779835,369.8109332605376,0.42618917469658535,0.06078378013282716,0.000736113602402561,46.15996927625346,-20.217444978975685,0.05
SPOT,2026-03-11,0.523288,191,940.0,1.772715,530.260009765625,6.450007579916715,391.9144396282759,0.4890343682782605,0.08573127297314043,0.0008348769151058995,60.07310610716567,-30.020916793006194,0.05
SPOT,2026-03-11,0.772603,282,270.0,0.509184,530.260009765625,276.89124823855,6.399991030312833,0.5717502213019773,0.952656027241134,0.0003704975485718194,46.01778121595399,-28.44050687232366,0.05
SPOT,2026-03-11,0.772603,282,280.0,0.528043,530.260009765625,267.0701922988417,6.200000000137379,0.5426309420916159,0.9513735923568852,0.0003988208384589127,47.01282964655182,-28.37978878876789,0.05
SPOT,2026-03-11,0.772603,282,290.0,0.546902,530.260009765625,259.3991313644458,8.15000397527433,0.5562109415693888,0.9403651821107071,0.0004573113609699432,55.25677235145668,-31.85213001185951,0.05
SPOT,2026-03-11,0.772603,282,300.0,0.56576,530.260009765625,249.32805423200372,7.699991752365179,0.5238432634420704,0.9395667851223688,0.0004906513267782085,55.83523337499255,-31.373148350492734,0.05
SPOT,2026-03-11,0.772603,282,310.0,0.584619,530.260009765625,244.20700275709893,12.20000518699328,0.5706396638180389,0.9189458184111426,0.0005645184833524329,69.98002866804222,-37.99707163141302,0.05
SPOT,2026-03-11,0.772603,282,320.0,0.603478,530.260009765625,233.1359324156313,10.749999755058468,0.5250768875031765,0.9205454796025639,0.00060433077291589,68.93370264035235,-36.17401499405167,0.05
SPOT,2026-03-11,0.772603,282,330.0,0.622336,530.260009765625,229.16486738868898,16.399999637649103,0.5743125332235512,0.8976801636859607,0.0006666778793879051,83.17605806377875,-43.2563204024288,0.05
SPOT,2026-03-11,0.772603,282,340.0,0.641195,530.260009765625,219.99380279954383,16.84999995803679,0.5541403770575248,0.8916357992400938,0.0007202407432877973,86.70247121824626,-43.733422463755865,0.05
SPOT,2026-03-11,0.772603,282,350.0,0.660054,530.260009765625,213.1227385540867,19.60000062211259,0.5592352923405026,0.8789003532299422,0.0007724065161869768,93.83708212980271,-46.60733285899443,0.05
SPOT,2026-03-11,0.772603,282,360.0,0.678912,530.260009765625,207.40167302408165,23.500000001640387,0.5732552200769508,0.8637163530280939,0.0008178945915731885,101.85429552354488,-50.31651657238819,0.05
SPOT,2026-03-11,0.772603,282,370.0,0.697771,530.260009765625,200.33059207062266,26.049983957714232,0.5714099925967158,0.8518813373792413,0.0008681113038997696,107.75991422664363,-52.41852926270501,0.05
SPOT,2026-03-11,0.772603,282,380.0,0.71663,530.260009765625,186.65954320477732,22.000000001401816,0.5082708879244672,0.8544369432022603,0.0009646229153384691,106.50912208895575,-48.35520002165609,0.05
SPOT,2026-03-11,0.772603,282,390.0,0.735488,530.260009765625,178.18849790350816,23.15001960966555,0.4944165965339897,0.8444976103002354,0.0010362612191918035,111.30028618469841,-49.0932914948377,0.05
SPOT,2026-03-11,0.772603,282,400.0,0.754347,530.260009765625,172.81741317353186,27.399999789222136,0.5066124410972567,0.8270219935177923,0.0010836509217029779,119.2612207065014,-52.387053619707565,0.05
SPOT,2026-03-11,0.772603,282,410.0,0.773206,530.260009765625,172.2963478395822,36.499999364805376,0.5538609288483582,0.802643404960206,0.0010758376023864455,129.44385671951804,-59.06331222593185,0.05
SPOT,2026-03-11,0.772603,282,420.0,0.792064,530.260009765625,156.44526875082647,30.26998518558247,0.4799937436053783,0.8037352155491315,0.0012372371607348187,129.00974807937922,-53.56201492849553,0.05
SPOT,2026-03-11,0.772603,282,430.0,0.810923,530.260009765625,149.93421832715597,33.379999671444864,0.4786075802025209,0.7882493169743521,0.001298265829322565,134.982415032019,-55.211215533857,0.05
SPOT,2026-03-11,0.772603,282,440.0,0.829782,530.260009765625,143.49315374706407,36.56000000088585,0.4764323088129471,0.7725292271332442,0.0013589583866102635,140.6505251646152,-56.67410489482584,0.05
SPOT,2026-03-11,0.772603,282,450.0,0.84864,530.260009765625,145.5620971995532,48.25000836290786,0.5307717335938967,0.7478865004730069,0.0012902724270130676,148.77268384020635,-63.653415947115,0.05
SPOT,2026-03-11,0.772603,282,460.0,0.867499,530.260009765625,154.89104046994038,67.20001654282794,0.6267888201197095,0.7269400672835254,0.0011381826767484695,154.97698498155412,-74.39283900597857,0.05
SPOT,2026-03-11,0.772603,282,470.0,0.886358,530.260009765625,139.2199873900895,61.15002837250995,0.5590151781384981,0.7155968695271208,0.0013017130016829772,158.0785113014976,-69.20031725615307,0.05
SPOT,2026-03-11,0.772603,282,480.0,0.905216,530.260009765625,119.05893067077966,50.610036562732944,0.4652141346534534,0.7062470375024629,0.0015881563701227533,160.5018923531015,-61.09399494014076,0.05
SPOT,2026-03-11,0.772603,282,490.0,0.924075,530.260009765625,118.28784032093665,59.46001112242283,0.4922225628672688,0.6872675345771478,0.0015436321975853117,165.0590498572425,-64.88641051162514,0.05
SPOT,2026-03-11,0.772603,282,500.0,0.942934,530.260009765625,108.01676529841262,58.81000100943169,0.4605708227246282,0.6711112523570604,0.00168474759775035,168.5641684443501,-62.635321001375026,0.05
SPOT,2026-03-11,0.772603,282,520.0,0.980651,530.260009765625,100.09465790568481,70.13002343576966,0.4698091019937653,0.6358308877113156,0.001715237893816696,175.05712192019666,-65.07796605868248,0.05
SPOT,2026-03-11,0.772603,282,540.0,1.018368,530.260009765625,95.55000366341389,84.82749901256454,0.49329408833925587,0.6040759731175136,0.00167576455278904,179.57790692603916,-68.56713014109114,0.05
SPOT,2026-03-11,0.772603,282,550.0,1.037227,530.260009765625,89.80000331017291,88.69856356885634,0.48410601702671235,0.5861474918723054,0.001726697974933488,181.58955112059442,-67.9417288018391,0.05
SPOT,2026-03-11,0.772603,282,560.0,1.056086,530.260009765625,104.40000253814219,112.9196277063586,0.5858560836231332,0.5896033625410986,0.0014239985363312193,181.23183250863946,-79.12519780316251,0.05
SPOT,2026-03-11,0.772603,282,580.0,1.093803,530.260009765625,73.40002302708385,101.16177801436595,0.45686677275632326,0.5293803830228955,0.0018684161883841472,185.4373404072916,-65.19322384414068,0.05
SPOT,2026-03-11,0.772603,282,590.0,1.112662,530.260009765625,70.85001144711538,108.2328313439304,0.4619626714349402,0.5140617804288995,0.0018516815075565497,185.82629511848944,-65.64241589767505,0.05
SPOT,2026-03-11,0.772603,282,600.0,1.13152,530.260009765625,65.59999537244869,112.60388017879654,0.45171835359912577,0.49386368670480413,0.0018946280078291843,185.9198175365923,-64.16476365675044,0.05
SPOT,2026-03-11,0.772603,282,610.0,1.150379,530.260009765625,63.200008612398534,119.82495832827931,0.45601719291671283,0.47897987148359655,0.0018743834846726684,185.68364838730253,-64.33768902147024,0.05
SPOT,2026-03-11,0.772603,282,620.0,1.169238,530.260009765625,73.9999925071802,140.24600713259383,0.5306742202400149,0.4923598481220001,0.0016126325702129822,185.9077146825632,-73.20074135857016,0.05
SPOT,2026-03-11,0.772603,282,630.0,1.188096,530.260009765625,70.10001704819157,145.9670965831382,0.5256060475896721,0.47669660329997887,0.001625702032367254,185.6245000825301,-72.27435914674476,0.05
SPOT,2026-03-11,0.772603,282,640.0,1.206955,530.260009765625,54.180033451697,139.66817789617642,0.45463949125465347,0.4308445903397621,0.0018543196479886368,183.14107197996506,-62.59883006992965,0.05
SPOT,2026-03-11,0.772603,282,650.0,1.225814,530.260009765625,58.21003394744321,153.31924330145546,0.49127288158418064,0.43402428296254747,0.0017184093785552973,183.39328115840306,-66.90368712966401,0.05
SPOT,2026-03-11,0.772603,282,660.0,1.244672,530.260009765625,39.84996483276575,144.58023909631095,0.4034059299542488,0.3703123278974684,0.0020086586884003935,176.02826984785335,-53.781194607370864,0.05
SPOT,2026-03-11,0.772603,282,670.0,1.263531,530.260009765625,23.199999676948124,137.55133885002613,0.31753333282245716,0.28770111027929657,0.0023042459661370357,158.94693306081794,-39.13075680303929,0.05
SPOT,2026-03-11,0.772603,282,680.0,1.28239,530.260009765625,24.79999962473906,148.77240370735,0.33959450696300025,0.28958503419382026,0.002161188449529011,159.43633016388043,-41.47757527441558,0.05
SPOT,2026-03-11,0.772603,282,690.0,1.301248,530.260009765625,20.300000000558413,153.8934689927022,0.3221037790774125,0.2571786961350567,0.0021484134834843945,150.3307016149621,-37.14056788919309,0.05
SPOT,2026-03-11,0.772603,282,700.0,1.320107,530.260009765625,38.49999741886106,181.71453132053784,0.446098513945957,0.3395553369709062,0.0017613764100480151,170.69348561530413,-56.356585287464384,0.05
SPOT,2026-03-11,0.772603,282,720.0,1.357824,530.260009765625,42.499996980874755,204.95666070161718,0.49264803571069943,0.34433446933040246,0.0016034212887884405,171.60043949384163,-61.71461687210989,0.05
SPOT,2026-03-11,0.772603,282,740.0,1.395542,530.260009765625,36.34999991029423,218.04879345010244,0.4780133426450588,0.3116427152559238,0.0015871225020612902,164.81034291812045,-57.42959262595251,0.05
SPOT,2026-03-11,0.772603,282,760.0,1.433259,530.260009765625,19.019993714520638,219.96091707339463,0.38413538787112483,0.21686497580863384,0.0016401656311028521,136.86929169055566,-38.824208783863,0.05
SPOT,2026-03-11,0.772603,282,780.0,1.470976,530.260009765625,20.849972695813463,241.03302587375322,0.4155846667677242,0.22121485616957082,0.0015334606261976577,138.4414501463094,-42.056547077102636,0.05
SPOT,2026-03-11,0.772603,282,800.0,1.508694,530.260009765625,28.77000007160234,268.1951830686079,0.48823999304917814,0.2566590211176505,0.0014158696019645884,150.1725665994358,-52.81646439851037,0.05
SPOT,2026-03-11,0.772603,282,820.0,1.546411,530.260009765625,10.400005322815502,269.0673181388869,0.36248044297985965,0.13836720349074672,0.0013069554822979477,102.91516379194903,-27.29077763891446,0.05
SPOT,2026-03-11,0.772603,282,840.0,1.584129,530.260009765625,8.150000074674736,286.0594427098117,0.3536295268293165,0.11500931754217131,0.0011777157871774263,90.47383749312438,-23.347221565796414,0.05
SPOT,2026-03-11,0.772603,282,860.0,1.621846,530.260009765625,6.950018358030832,304.10159081223355,0.3532450855610608,0.10067070750988039,0.0010711457972322372,82.19751942401858,-21.112525695869923,0.05
SPOT,2026-03-11,0.772603,282,880.0,1.659563,530.260009765625,7.1100150963854105,323.50371736965394,0.36813181580335297,0.09951918867232112,0.0010192330305268758,81.50998952256919,-21.70210023791092,0.05
SPOT,2026-03-11,0.772603,282,900.0,1.697281,530.260009765625,11.54999985557125,347.1858319479056,0.4297116114630134,0.13360743163503952,0.0010763665656847948,100.47806968909089,-30.90713272587292,0.05
SPOT,2026-03-11,0.772603,282,920.0,1.734998,530.260009765625,8.500000287361438,363.37796219876157,0.40966333218058243,0.10695461159156877,0.0009651025742013212,85.88840981372556,-25.18133701383688,0.05
SPOT,2026-03-11,0.772603,282,940.0,1.772715,530.260009765625,7.55000517606463,381.6700969065305,0.4101209755896754,0.09667074815787274,0.0008956214593227866,79.79404245330359,-23.364080706783053,0.05
SPOT,2026-03-11,0.849315,310,270.0,0.509184,530.260009765625,278.8857220474784,7.399999953901386,0.5679174356999117,0.9487035282316635,0.0003792757657915542,51.43833191236983,-28.406505243687633,0.05
SPOT,2026-03-11,0.849315,310,280.0,0.528043,530.260009765625,268.30149486204436,6.4000056452098875,0.5240767668049449,0.9506895042378855,0.0003982708680206118,49.844819548622944,-27.169132083931103,0.05
SPOT,2026-03-11,0.849315,310,290.0,0.546902,530.260009765625,269.5172560216996,17.199999681607665,0.66576402769275,0.9130182435244618,0.0004866090048068092,77.36544849838833,-41.05373775099555,0.05
SPOT,2026-03-11,0.849315,310,300.0,0.56576,530.260009765625,251.73302347471002,9.000000011360612,0.5237613917301294,0.9343947568769916,0.0004989590676623044,62.40867782090423,-31.43026137853135,0.05
SPOT,2026-03-11,0.849315,310,310.0,0.584619,530.260009765625,245.49879147156915,12.350000884962185,0.5491912606006423,0.9188779387397645,0.0005598021619357588,73.4183752453597,-35.82447564727283,0.05
SPOT,2026-03-11,0.849315,310,320.0,0.603478,530.260009765625,234.6545576907205,11.089999980856078,0.5083037927256502,0.9196932044266032,0.0006002362299200361,72.86049815077827,-34.45411890594884,0.05
SPOT,2026-03-11,0.849315,310,330.0,0.622336,530.260009765625,226.19032499296884,12.21000015984697,0.5001933226392438,0.9117276953073865,0.0006548399044375872,78.22032328971919,-35.89655355304353,0.05
SPOT,2026-03-11,0.849315,310,340.0,0.641195,530.260009765625,219.64609129367483,15.249999337295492,0.5136929699126771,0.897095357402254,0.0007138444845040347,87.56968972412687,-39.28486235170901,0.05
SPOT,2026-03-11,0.849315,310,350.0,0.660054,530.260009765625,211.3618411625887,16.54998208295183,0.5047207238958719,0.8881982188108126,0.0007712946885200308,92.96469702511162,-40.60367767094908,0.05
SPOT,2026-03-11,0.849315,310,360.0,0.678912,530.260009765625,203.75762687328904,18.530000670394713,0.5019549083807949,0.8770272563509731,0.000829661366855916,99.45168674490846,-42.453284252446736,0.05
SPOT,2026-03-11,0.849315,310,370.0,0.697771,530.260009765625,195.69339336678286,20.050000040631062,0.4934738475499076,0.866944732589726,0.0008914140937061505,105.04858770416735,-43.71859891017621,0.05
SPOT,2026-03-11,0.849315,310,380.0,0.71663,530.260009765625,188.35916044963693,22.30000000022767,0.49087302908444486,0.8546534026148237,0.0009516837670303014,111.55997607240386,-45.48025988646251,0.05
SPOT,2026-03-11,0.849315,310,390.0,0.735488,530.260009765625,180.974923056644,24.499995483977216,0.48657047991008207,0.8423191893176684,0.0010135326730197625,117.76875684800811,-47.01837614475744,0.05
SPOT,2026-03-11,0.849315,310,400.0,0.754347,530.260009765625,173.89069459195673,26.999999896032477,0.48362551959161537,0.8291019563678774,0.0010743487988633775,124.07980214298603,-48.614829643632596,0.05
SPOT,2026-03-11,0.849315,310,410.0,0.773206,530.260009765625,168.75645421477708,31.44999239559536,0.49441372071961714,0.8120620258846281,0.001115632059175052,131.7219285779778,-51.432171750860775,0.05
SPOT,2026-03-11,0.849315,310,420.0,0.792064,530.260009765625,160.37222819122604,32.649999248786855,0.47916852242861024,0.8009031105339859,0.0011923518852723616,136.4392437889996,-51.70403582753246,0.05
SPOT,2026-03-11,0.849315,310,430.0,0.810923,530.260009765625,154.5379960669511,36.4000000012544,0.48172092360522556,0.7851537433340698,0.0012406989895214283,142.72778276907806,-53.56659171086852,0.05
SPOT,2026-03-11,0.849315,310,440.0,0.829782,530.260009765625,148.3537631901546,39.80000000120043,0.4804405039160589,0.7699610239964136,0.0012934475517522724,148.40038145550042,-54.96984888994548,0.05
SPOT,2026-03-11,0.849315,310,450.0,0.84864,530.260009765625,141.1395355648645,42.17000525265286,0.47132383099397557,0.7557783507605798,0.0013625321520632572,153.36022555840015,-55.53428161222081,0.05
SPOT,2026-03-11,0.849315,310,460.0,0.867499,530.260009765625,138.2552749084432,48.869977472974085,0.4888755765990292,0.7372909278652671,0.0013649756225567627,159.3565125371806,-58.49875685163948,0.05
SPOT,2026-03-11,0.849315,310,470.0,0.886358,530.260009765625,125.55104075613599,45.74997619740935,0.4441835805647667,0.7267828724138257,0.001532280513938312,162.5351736738724,-55.49380587904405,0.05
SPOT,2026-03-11,0.849315,310,480.0,0.905216,530.260009765625,125.16680845786587,54.94997677588174,0.47425539726350013,0.7066191172196877,0.001484987202909554,168.18279803064786,-59.43267820264704,0.05
SPOT,2026-03-11,0.849315,310,490.0,0.924075,530.260009765625,119.02262227312693,58.39002346788533,0.4682442730283427,0.6904600210562792,0.0015407904587203646,172.29101722040528,-59.84876635739917,0.05
SPOT,2026-03-11,0.849315,310,500.0,0.942934,530.260009765625,115.4483559000704,64.39998997157136,0.4760716626438521,0.6736764363931909,0.001549619117017181,176.1748366143709,-61.464934109451406,0.05
SPOT,2026-03-11,0.849315,310,520.0,0.980651,530.260009765625,104.63993983424228,72.76003965922826,0.4679646617691251,0.6403544511353862,0.0016354006541485775,182.76111802441227,-62.095554504892576,0.05
SPOT,2026-03-11,0.849315,310,540.0,1.018368,530.260009765625,107.6800029876014,94.96856856607235,0.5306448795870348,0.615671884547427,0.0014733179016052837,186.70116332972506,-69.26396360343944,0.05
SPOT,2026-03-11,0.849315,310,550.0,1.037227,530.260009765625,91.6000032074096,88.47280166262317,0.46672862721663366,0.5904940825196522,0.0017039356818886475,189.91716442989656,-63.25886452057941,0.05
SPOT,2026-03-11,0.849315,310,560.0,1.056086,530.260009765625,105.67001183085182,112.12704316280787,0.5612493551739883,0.5929804384509443,0.0014148703664494337,189.63525764654742,-73.09613057300002,0.05
SPOT,2026-03-11,0.849315,310,580.0,1.093803,530.260009765625,88.03995672155645,113.66545380699756,0.507174988971752,0.5527963488931413,0.001595524353501355,193.24481330149533,-67.95310116121946,0.05
SPOT,2026-03-11,0.849315,310,590.0,1.112662,530.260009765625,59.99999629871752,95.2097262609011,0.3809533206726033,0.4969765947522428,0.0021429031345671424,194.94894264168897,-53.897716976736575,0.05
SPOT,2026-03-11,0.849315,310,600.0,1.13152,530.260009765625,69.79000000003097,114.58396283895718,0.4484536206194047,0.5041571630123914,0.0018203112827724574,194.94395645739087,-61.344175445058106,0.05
SPOT,2026-03-11,0.849315,310,610.0,1.150379,530.260009765625,74.93999908918434,129.31819480485296,0.49140214675233956,0.5043330928958996,0.0016612083603411998,194.94304160332166,-66.02007977000514,0.05
SPOT,2026-03-11,0.849315,310,620.0,1.169238,530.260009765625,65.65001624915155,129.6124448415627,0.4595896996414931,0.4772287806047367,0.0017734063191000636,194.63687298931566,-62.0321729011513,0.05
SPOT,2026-03-11,0.849315,310,630.0,1.188096,530.260009765625,71.55000779471763,145.09666926387138,0.5051450453256531,0.48155961738633213,0.0016143823257299486,194.74623586524356,-67.10446109769562,0.05
SPOT,2026-03-11,0.849315,310,640.0,1.206955,530.260009765625,59.59998670889195,142.73088105478814,0.45825350723665326,0.44682509510583035,0.0017656315632812477,193.22017082684877,-60.99327889838242,0.05
SPOT,2026-03-11,0.849315,310,650.0,1.225814,530.260009765625,55.49998101415488,148.21510823679364,0.45101844043611755,0.42863375209591636,0.0017810181534908206,191.82677495819206,-59.5230060530178,0.05
SPOT,2026-03-11,0.849315,310,660.0,1.244672,530.260009765625,53.549953666453376,155.8493137658346,0.4543477115999753,0.4160765028550155,0.0017568892666503114,190.62476221335106,-59.34203954545859,0.05
SPOT,2026-03-11,0.849315,310,670.0,1.263531,530.260009765625,58.279961766525275,170.163554742649,0.4922260978752576,0.42261157557725765,0.0016272217359054723,191.2748867229156,-63.71800807340483,0.05
SPOT,2026-03-11,0.849315,310,680.0,1.28239,530.260009765625,58.27003741676364,179.73786326963,0.5049126407749995,0.41659752653221943,0.0015813901467472977,190.67855516355027,-64.8103690080083,0.05
SPOT,2026-03-11,0.849315,310,690.0,1.301248,530.260009765625,24.84999962895303,155.90205835856182,0.3324371674986214,0.28511688244508737,0.0020902223470700204,165.93906557905512,-38.79256893710265,0.05
SPOT,2026-03-11,0.849315,310,700.0,1.320107,530.260009765625,56.87000434164773,197.50629594799898,0.5218710718796759,0.40181231176284216,0.0015166908402407637,189.01961236157743,-65.88234933949181,0.05
SPOT,2026-03-11,0.849315,310,720.0,1.357824,530.260009765625,43.17999974751058,202.98475710734692,0.47065036555167655,0.3481050964872276,0.001607257565514054,180.64687759969212,-57.12330161704318,0.05
SPOT,2026-03-11,0.849315,310,740.0,1.395542,530.260009765625,22.74000002141034,201.71322313473172,0.3703982897845379,0.2478477930385674,0.001747556145502242,154.5776465188601,-39.14093544221462,0.05
SPOT,2026-03-11,0.849315,310,760.0,1.433259,530.260009765625,24.35000003728028,222.49168890408674,0.39943791450402694,0.2487577615842395,0.0016236759592942276,154.8799594732088,-41.798296465084384,0.05
SPOT,2026-03-11,0.849315,310,780.0,1.470976,530.260009765625,32.04997214033189,249.3601267606233,0.46582838584266795,0.27913958492554775,0.0014765429906616646,164.25501034939893,-50.84324210769598,0.05
SPOT,2026-03-11,0.849315,310,800.0,1.508694,530.260009765625,32.55000000014499,269.0286203739215,0.4866104662678438,0.27488297681299273,0.00140289061486832,163.02410924760852,-52.36236250178764,0.05
SPOT,2026-03-11,0.849315,310,820.0,1.546411,530.260009765625,29.770000039527346,285.4170861667889,0.4861679956141586,0.2564994691263003,0.00135573026854828,157.4005474797187,-50.36196517245007,0.05
SPOT,2026-03-11,0.849315,310,840.0,1.584129,530.260009765625,20.349993206790785,295.1655450875374,0.43835199049123036,0.20280213593761548,0.0013178751103646736,137.95702462727485,-39.960867286345675,0.05
SPOT,2026-03-11,0.849315,310,860.0,1.621846,530.260009765625,19.250000001602245,313.2340176358338,0.4449577297318863,0.1919734057214364,0.0012559277126907031,133.4535034546741,-39.08555921166992,0.05
SPOT,2026-03-11,0.849315,310,880.0,1.659563,530.260009765625,13.300000003661182,326.45248339137777,0.41075904438046795,0.14993911112146446,0.0011612447473505544,113.90885272359219,-30.855526684732528,0.05
SPOT,2026-03-11,0.849315,310,900.0,1.697281,530.260009765625,17.51002664955446,349.83097579075616,0.4591105751761477,0.17401569546377293,0.0011448401556264209,125.51878618871832,-37.6637507165118,0.05
SPOT,2026-03-11,0.849315,310,920.0,1.734998,530.260009765625,12.269994940355112,363.7594098350419,0.4268370417024973,0.13651529480551866,0.001048893802564314,106.91538421088184,-29.871959206313058,0.05
SPOT,2026-03-11,0.849315,310,940.0,1.772715,530.260009765625,9.520000200902764,380.17788084907454,0.41130502360013466,0.11336534039069451,0.0009559065970495797,93.89145151961493,-25.264460757573058,0.05
SPOT,2026-03-11,1.021918,373,300.0,0.56576,530.260009765625,259.40372436444767,14.199980285503727,0.5524672101276039,0.9178269496638822,0.000512262931522864,81.31921092167187,-33.34547666045036,0.05
SPOT,2026-03-11,1.021918,373,320.0,0.603478,530.260009765625,240.28998639553794,14.089993362372695,0.5053292457480891,0.9105430827744054,0.0005968092136893539,86.6570042241033,-33.552287898428204,0.05
SPOT,2026-03-11,1.021918,373,350.0,0.660054,530.260009765625,217.6943665035691,20.00000003907195,0.4996778294048952,0.8802339908419407,0.0007458188456067063,107.08216709089659,-38.632421157545295,0.05
SPOT,2026-03-11,1.021918,373,360.0,0.678912,530.260009765625,213.49248647184157,25.299995530233844,0.5240586430667591,0.8626573879427328,0.000782048060162046,117.76250884845601,-42.392424448026425,0.05
SPOT,2026-03-11,1.021918,373,370.0,0.697771,530.260009765625,203.14061076458938,24.449995345871002,0.49416174061505913,0.858238452227015,0.0008474180954531488,120.32630206247747,-41.690125625817,0.05
SPOT,2026-03-11,1.021918,373,380.0,0.71663,530.260009765625,195.53873968310347,26.34999978727444,0.4872227092290986,0.8476726196688031,0.0009019365977889063,126.2691480603392,-42.798261066411385,0.05
SPOT,2026-03-11,1.021918,373,390.0,0.735488,530.260009765625,188.9868975312906,29.30003315835097,0.4875468132241093,0.834833711639519,0.000950450587433655,133.1495134633533,-44.446755420207985,0.05
SPOT,2026-03-11,1.021918,373,400.0,0.754347,530.260009765625,182.4349880273165,32.24999917726626,0.4865821564848203,0.8219773799302182,0.0009990615623778247,139.68254766026106,-45.92598589511985,0.05
SPOT,2026-03-11,1.021918,373,420.0,0.792064,530.260009765625,176.23120146809535,45.04996366382386,0.5263401747103548,0.7881990487092443,0.0010266138980646426,155.26278713421223,-52.070117875914164,0.05
SPOT,2026-03-11,1.021918,373,480.0,0.905216,530.260009765625,137.1400192282281,62.97003456129278,0.4859464969962175,0.7096450296141721,0.0013148483391770855,183.5937261729565,-55.60943435290203,0.05
SPOT,2026-03-11,1.021918,373,490.0,0.924075,530.260009765625,128.68808681458793,64.01997767054195,0.4670359113553913,0.695512098955593,0.0013981128174692752,187.62305846742643,-54.879364749606985,0.05
SPOT,2026-03-11,1.021918,373,500.0,0.942934,530.260009765625,126.88624137594698,71.72000775479034,0.4827838400549876,0.6805062894506252,0.0013809346479825518,191.56650213034413,-56.94875876287343,0.05
SPOT,2026-03-11,1.021918,373,520.0,0.980651,530.260009765625,113.73248247063484,77.56999989525701,0.46211453843695494,0.6497991927053138,0.001495594877550495,198.58997414306089,-56.4430165295663,0.05
SPOT,2026-03-11,1.021918,373,540.0,1.018368,530.260009765625,110.73001759816333,93.57128606856423,0.48943052931212633,0.623188997335629,0.001447539507213263,203.57066712311328,-59.73450108997628,0.05
SPOT,2026-03-11,1.021918,373,550.0,1.037227,530.260009765625,108.20001242148172,100.54315641477194,0.49657477383471343,0.6102492039335989,0.0014411461540061446,205.62996370515464,-60.72984277654473,0.05
SPOT,2026-03-11,1.021918,373,580.0,1.093803,530.260009765625,107.0500163835166,127.89878694547491,0.544242857263547,0.581210806806916,0.0013390462245953115,209.40257876792782,-65.81791650808998,0.05
SPOT,2026-03-11,1.021918,373,600.0,1.13152,530.260009765625,66.49999844938512,106.3525200571222,0.38541446831285847,0.5035158997476303,0.0019309379875128165,213.84054801795008,-50.34950692848418,0.05
SPOT,2026-03-11,1.021918,373,650.0,1.225814,530.260009765625,60.23999998902505,147.601899211209,0.4265132983342684,0.4450668101089943,0.0017283718133659504,211.81829606551068,-52.99088743550965,0.05
SPOT,2026-03-11,1.021918,373,670.0,1.263531,530.260009765625,68.58434972239999,174.9499999903627,0.49064006592733483,0.45200690968110646,0.0015058867860461415,212.29953883907814,-59.519145955501955,0.05
SPOT,2026-03-11,1.021918,373,700.0,1.320107,530.260009765625,60.24999997358617,195.1212768102169,0.4854562145805002,0.41433584047465444,0.0014975931515631247,208.89960981133825,-57.591069236668275,0.05
SPOT,2026-03-11,1.021918,373,720.0,1.357824,530.260009765625,32.999993949650616,186.87502183206016,0.370516680299029,0.31101912134343734,0.001778835533923497,189.3813808768171,-40.92804854432137,0.05
SPOT,2026-03-11,1.021918,373,740.0,1.395542,530.260009765625,49.69999967136317,222.5787785995514,0.47508394331704895,0.3641314103725089,0.0014747908360535978,201.32351356361613,-53.96631088572068,0.05
SPOT,2026-03-11,1.268493,463,270.0,0.509184,530.260009765625,292.2029058373813,15.349999879762919,0.5850058573312389,0.9264830248170799,0.0003990334946451185,83.25981539401829,-29.152652173433978,0.05
SPOT,2026-03-11,1.268493,463,280.0,0.528043,530.260009765625,281.86745644767575,14.399998779242765,0.5501379972723583,0.9254594709863249,0.0004288304484392035,84.14399619202895,-28.68971199722243,0.05
SPOT,2026-03-11,1.268493,463,290.0,0.546902,530.260009765625,277.5820095127919,19.500000133544347,0.5831068350853031,0.9105030763456712,0.0004643764226459164,96.57932623251648,-32.45908511389983,0.05
SPOT,2026-03-11,1.268493,463,300.0,0.56576,530.260009765625,270.84656109131043,22.150000001248316,0.5856511448494863,0.9013850041351602,0.0004966753660241572,103.74746519268459,-34.30569877162995,0.05
SPOT,2026-03-11,1.268493,463,310.0,0.584619,530.260009765625,259.31111283608334,20.000000035206654,0.5417562260855506,0.901263107118158,0.0005374033654300357,103.84131291064224,-33.10424197510475,0.05
SPOT,2026-03-11,1.268493,463,320.0,0.603478,530.260009765625,254.62565727181124,24.699992760119983,0.5620956206445226,0.8877198523419434,0.0005684303802981311,113.96024135202735,-36.05390712075575,0.05
SPOT,2026-03-11,1.268493,463,330.0,0.622336,530.260009765625,258.64018549604293,38.09996927353711,0.6471808568700816,0.8647984372734915,0.0005623187006549636,129.79981306400657,-43.10810193965092,0.05
SPOT,2026-03-11,1.268493,463,340.0,0.641195,530.260009765625,234.10475128747026,22.94998335414988,0.5026915803295398,0.8810143239974408,0.0006623423203256772,118.7544776963069,-35.18372173243877,0.05
SPOT,2026-03-11,1.268493,463,350.0,0.660054,530.260009765625,234.51931840130396,32.74999875716901,0.5580083584495651,0.8590763553269747,0.0006708802210148321,133.52161293942618,-40.41871106981136,0.05
SPOT,2026-03-11,1.268493,463,360.0,0.678912,530.260009765625,241.8838712776699,49.49999992272035,0.6524526089969483,0.8366381458877763,0.0006329468418794137,147.29299291818546,-47.96785274683492,0.05
SPOT,2026-03-11,1.268493,463,370.0,0.697771,530.260009765625,218.42843421058188,35.4300111448178,0.5320243075264137,0.8427970906874103,0.000756965297262625,143.63931407672194,-41.545857114240846,0.05
SPOT,2026-03-11,1.268493,463,380.0,0.71663,530.260009765625,221.16297468474235,47.54999990816373,0.5899158221973341,0.8235964589914107,0.0007353875258321714,154.72916465478332,-46.75645159444704,0.05
SPOT,2026-03-11,1.268493,463,390.0,0.735488,530.260009765625,208.5775264355328,44.34999994813961,0.5459833758609194,0.8186442538057621,0.0008085276284905513,157.44909254562515,-45.16036864143574,0.05
SPOT,2026-03-11,1.268493,463,400.0,0.754347,530.260009765625,201.05207806487314,46.209999866665385,0.5348300359854382,0.809068467513484,0.0008521377846251518,162.55169015575055,-45.66626019416414,0.05
SPOT,2026-03-11,1.268493,463,410.0,0.773206,530.260009765625,219.5066299072889,74.04999999826651,0.6755177741372584,0.7886782578556166,0.0007170094374254076,172.75376855546918,-55.933662323272344,0.05
SPOT,2026-03-11,1.268493,463,420.0,0.792064,530.260009765625,180.0711814547388,43.999999834901814,0.4774611478112218,0.7939817045729027,0.0009993488235877832,170.18489883679814,-44.076098070801955,0.05
SPOT,2026-03-11,1.268493,463,430.0,0.810923,530.260009765625,200.4457333284507,73.75999999779918,0.6225419776329075,0.7703333305640561,0.0008160491499559703,181.19693001354156,-54.86482667050936,0.05
SPOT,2026-03-11,1.268493,463,440.0,0.829782,530.260009765625,169.15028481917986,51.849999777713776,0.4787611704975096,0.7683050274480947,0.0010663491305062305,182.0892121244389,-46.275078040806775,0.05
SPOT,2026-03-11,1.268493,463,450.0,0.84864,530.260009765625,165.30483667235333,57.389999920072626,0.48671009076348554,0.7546461878575049,0.0010823492547364466,187.8899930502609,-47.788593327600026,0.05
SPOT,2026-03-11,1.268493,463,460.0,0.867499,530.260009765625,168.67938846202648,70.14999999893126,0.5307462707923536,0.7398142437293346,0.0010237037428419732,193.788106838689,-51.721865275240695,0.05
SPOT,2026-03-11,1.268493,463,470.0,0.886358,530.260009765625,153.6439263373882,64.49998616347835,0.47902343919056095,0.7293721246271573,0.00115711693461096,197.69691467388043,-48.983974862362764,0.05
SPOT,2026-03-11,1.268493,463,480.0,0.905216,530.260009765625,174.50849186713242,94.74999998240804,0.6064281457966367,0.7190974679368795,0.0009309117599797038,201.35097825424447,-58.469908269589325,0.05
SPOT,2026-03-11,1.268493,463,490.0,0.924075,530.260009765625,145.31299973619988,74.93995614066097,0.4853048446029223,0.7032583094539162,0.001193683518094949,206.6187365670273,-50.90432166483295,0.05
SPOT,2026-03-11,1.268493,463,500.0,0.942934,530.260009765625,139.48759530510648,78.49999999875297,0.4793701621041721,0.690144086677075,0.0012320509539258974,210.65197979945486,-51.126650376756,0.05
SPOT,2026-03-11,1.268493,463,520.0,0.980651,530.260009765625,150.61669872635605,108.3999999983734,0.5713091266830851,0.6738828102931218,0.0010563418953184384,215.24919904307131,-58.808227094137884,0.05
SPOT,2026-03-11,1.268493,463,540.0,1.018368,530.260009765625,130.0000120505945,106.5542099009827,0.5132027295878224,0.643281108834257,0.001216752043455502,222.71882125158737,-55.60873081474664,0.05
SPOT,2026-03-11,1.268493,463,550.0,1.037227,530.260009765625,124.37003363109338,110.309679770667,0.5053096038310524,0.6299718481376476,0.0012511708637436116,225.49662817400485,-55.397709324775406,0.05
SPOT,2026-03-11,1.268493,463,560.0,1.056086,530.260009765625,96.2000056638685,91.52510009262755,0.3989572507930223,0.5965298960442507,0.0016251104812758613,231.24648035553932,-47.37077869832348,0.05
SPOT,2026-03-11,1.268493,463,580.0,1.093803,530.260009765625,89.12500966074529,103.22100066787516,0.40108514861356626,0.5666246663866258,0.0016422047203291162,234.92528092931047,-47.70720957714501,0.05
SPOT,2026-03-11,1.268493,463,590.0,1.112662,530.260009765625,65.7999999991639,89.28143929547923,0.31780193298804693,0.5230892013609912,0.0020984199909565206,237.8563920337277,-40.37433997909581,0.05
SPOT,2026-03-11,1.268493,463,600.0,1.13152,530.260009765625,109.39999999980196,142.2668875853027,0.5168335049118661,0.5744582176847121,0.0012699106055846967,234.09367938762128,-57.45005131958976,0.05
SPOT,2026-03-11,1.268493,463,610.0,1.150379,530.260009765625,77.19999998655081,119.45233586123697,0.394384440254161,0.5197361271820289,0.001691708284469169,237.96392625825086,-46.9121869786447,0.05
SPOT,2026-03-11,1.268493,463,620.0,1.169238,530.260009765625,73.39998785348882,125.03777201736045,0.3918202669295938,0.5040175553817734,0.001704779475521428,238.24345675504128,-46.48809865487622,0.05
SPOT,2026-03-11,1.268493,463,630.0,1.188096,530.260009765625,46.59999996156867,107.6232324146257,0.2916912549221132,0.4335652324368892,0.002258268590986349,234.94428247452072,-36.17795031409025,0.05
SPOT,2026-03-11,1.268493,463,640.0,1.206955,530.260009765625,105.999999992363,176.40868073460547,0.5541465421604843,0.5447063384626407,0.0011978821742164758,236.7579698459636,-60.85615445738872,0.05
SPOT,2026-03-11,1.268493,463,650.0,1.225814,530.260009765625,89.15005378472875,168.94418281615668,0.49513615282995466,0.5109523051613925,0.0013486174879157363,238.16574756562528,-55.57148431502251,0.05
SPOT,2026-03-11,1.268493,463,660.0,1.244672,530.260009765625,62.64999997282814,151.8295772934415,0.3952129202394069,0.44960117864997157,0.0016767250630894842,236.35177468678248,-45.60676698682083,0.05
SPOT,2026-03-11,1.268493,463,670.0,1.263531,530.260009765625,51.14999977586808,149.71502538566688,0.35720616183967785,0.4119200812470932,0.0018243054073096723,232.4247458947391,-41.08900326611112,0.05
SPOT,2026-03-11,1.268493,463,680.0,1.28239,530.260009765625,39.74999984766802,147.70047374665228,0.31788506251287135,0.3674745047385862,0.0019843509598359258,224.9854764631023,-35.9460921428835,0.05
SPOT,2026-03-11,1.268493,463,690.0,1.301248,530.260009765625,77.14999999386157,194.48592218203123,0.48880564838781526,0.46500203162604287,0.0013613363555581841,237.33814088008444,-54.199459460777504,0.05
SPOT,2026-03-11,1.268493,463,700.0,1.320107,530.260009765625,74.5499999628502,201.27137044020526,0.4880266365698982,0.4542083181721586,0.0013597530232806675,236.6842925578203,-53.84463088975243,0.05
SPOT,2026-03-11,1.268493,463,720.0,1.357824,530.260009765625,40.800053182961165,186.29232023868713,0.36081028804573395,0.34699037641037933,0.0017134905437590612,220.50909251506937,-38.520564864670106,0.05
SPOT,2026-03-11,1.268493,463,740.0,1.395542,530.260009765625,57.57999971520252,221.84316334929935,0.4531422740775203,0.39220502146906167,0.001420006554459372,229.50428913506948,-48.51230176021647,0.05
SPOT,2026-03-11,1.268493,463,760.0,1.433259,530.260009765625,42.44999996633561,225.4840601788033,0.4026547674358285,0.3346486838890315,0.0015143671202887607,217.4852933766013,-41.26796073423551,0.05
SPOT,2026-03-11,1.268493,463,780.0,1.470976,530.260009765625,31.7999999888261,233.6049567796647,0.36772790427316904,0.2837954060986967,0.0015427727862889218,202.34591151744112,-35.263648802474385,0.05
SPOT,2026-03-11,1.268493,463,800.0,1.508694,530.260009765625,47.95000005819671,268.5258534274061,0.459274592913388,0.33951734177997767,0.001335137358371884,218.70778713449465,-46.19713577233124,0.05
SPOT,2026-03-11,1.268493,463,820.0,1.546411,530.260009765625,44.64999981969295,283.9967497672731,0.458748940751313,0.3218117754665376,0.0013083534662013242,214.07504368337308,-45.009679925497174,0.05
SPOT,2026-03-11,1.268493,463,840.0,1.584129,530.260009765625,43.0199933004735,301.13763982642456,0.4651106883367277,0.3102308886705692,0.0012704926648383114,210.76299400069243,-44.71374625342015,0.05
SPOT,2026-03-11,1.268493,463,860.0,1.621846,530.260009765625,12.1499989714615,289.0385420757834,0.30679072270624025,0.14843635074536543,0.0012636812832373624,138.27563230730692,-20.049282104609148,0.05
SPOT,2026-03-11,1.268493,463,880.0,1.659563,530.260009765625,12.449993283479628,308.10943296617245,0.31998038009417956,0.14699558709271882,0.0012037037520086205,137.3753594298609,-20.60142313385852,0.05
SPOT,2026-03-11,1.268493,463,900.0,1.697281,530.260009765625,37.799996203383984,352.23033246444766,0.4782969205061278,0.2759311773540598,0.0011700685068224683,199.6065334685575,-43.05749629593217,0.05
SPOT,2026-03-11,1.268493,463,920.0,1.734998,530.260009765625,10.870021369487205,344.0712542089217,0.3287199516883196,0.12884677276198792,0.0010709334628635832,125.56090315061063,-19.14167019388269,0.05
SPOT,2026-03-11,1.268493,463,940.0,1.772715,530.260009765625,10.049974126061151,362.0221035438665,0.3317636387198545,0.11987354428723695,0.0010088657647565331,119.37903059639989,-18.286995754801257,0.05
SPOT,2026-03-11,1.769863,646,280.0,0.528043,530.260009765625,294.4233911728711,20.450007795165845,0.5377614318537014,0.9152788465295992,0.00040918136597064495,109.50221491783174,-26.181388898444034,0.05
SPOT,2026-03-11,1.769863,646,290.0,0.546902,530.260009765625,287.4702880246936,22.64999844655688,0.5359803848577973,0.9077418941576091,0.0004374563350568139,116.6812333022073,-27.361156712151384,0.05
SPOT,2026-03-11,1.769863,646,300.0,0.56576,530.260009765625,286.1171855793051,30.449989800736944,0.5772759676356695,0.8926751816609265,0.00045363605812141994,130.31921354092808,-30.61473792777732,0.05
SPOT,2026-03-11,1.769863,646,310.0,0.584619,530.260009765625,270.0891018383261,23.57499985932651,0.5025546118737988,0.897875506246437,0.0005026731485155602,125.71478421979576,-28.14934648841613,0.05
SPOT,2026-03-11,1.769863,646,320.0,0.603478,530.260009765625,268.5610085213981,31.20000034196704,0.5395190313806587,0.8821525409509245,0.0005189205272314412,139.32370790293788,-31.195943338919484,0.05
SPOT,2026-03-11,1.769863,646,330.0,0.622336,530.260009765625,261.2079143804081,33.00000000054564,0.5313027403200041,0.8748464728139815,0.0005497052427400071,145.3414000634055,-31.94973719040201,0.05
SPOT,2026-03-11,1.769863,646,340.0,0.641195,530.260009765625,261.51481655517176,42.45999597487787,0.5725005303773271,0.8600439987462827,0.0005510009637190765,156.98048130438292,-35.115974717679684,0.05
SPOT,2026-03-11,1.769863,646,350.0,0.660054,530.260009765625,251.10172325294315,41.19999647221778,0.5431514338756973,0.8551287135872365,0.0005944948351066467,160.68910089798476,-34.773798014505466,0.05
SPOT,2026-03-11,1.769863,646,360.0,0.678912,530.260009765625,243.49862767167593,42.749994690519145,0.5318204922215463,0.8475992836761894,0.0006280805851551594,166.2255739265284,-35.27176511476493,0.05
SPOT,2026-03-11,1.769863,646,370.0,0.697771,530.260009765625,231.11553585031683,39.51999666872865,0.4924301834692446,0.844220284413042,0.0006882342860921062,168.6546710552776,-34.289487624758806,0.05
SPOT,2026-03-11,1.769863,646,380.0,0.71663,530.260009765625,235.04243971508674,52.59999433306706,0.5469231207581438,0.8272516993427896,0.0006626428180539786,180.35292202945462,-38.04713536858227,0.05
SPOT,2026-03-11,1.769863,646,390.0,0.735488,530.260009765625,225.41434601470553,52.124994432254425,0.5235854145354987,0.820265646138888,0.0007097652820312169,184.93524909058678,-37.83204086311153,0.05
SPOT,2026-03-11,1.769863,646,400.0,0.754347,530.260009765625,213.83625145620906,49.69999367332656,0.49057835666983424,0.8142996022953766,0.0007731225423848138,188.744421707052,-37.056214577164596,0.05
SPOT,2026-03-11,1.769863,646,410.0,0.773206,530.260009765625,216.93316341482915,61.94999943151515,0.5337518292707498,0.8000754721030972,0.0007433653670467906,197.45089410049127,-40.13917061876198,0.05
SPOT,2026-03-11,1.769863,646,420.0,0.792064,530.260009765625,201.83006809816632,55.999997914420874,0.4837271867846706,0.7943241232093576,0.0008342577867894141,200.82518239277707,-38.41251400009912,0.05
SPOT,2026-03-11,1.769863,646,430.0,0.810923,530.260009765625,208.67692638585453,71.99995000167769,0.5414791129907361,0.7805246975280615,0.000774093135847986,208.5894455683401,-42.1685584691139,0.05
SPOT,2026-03-11,1.769863,646,440.0,0.829782,530.260009765625,200.32385483492916,72.79997225032088,0.5244428904236716,0.771297117863593,0.0008181572385963184,213.5267962360511,-42.06916224101579,0.05
SPOT,2026-03-11,1.769863,646,450.0,0.84864,530.260009765625,195.84578905614558,77.47500027110584,0.5253821478056563,0.7614247040963407,0.0008360584154192857,218.58952119361734,-42.83940955408093,0.05
SPOT,2026-03-11,1.769863,646,460.0,0.867499,530.260009765625,192.0876950937039,82.87000010823277,0.5289829169242085,0.7516199415177426,0.0008486332026592838,223.397892148217,-43.70829116473213,0.05
SPOT,2026-03-11,1.769863,646,470.0,0.886358,530.260009765625,177.6146019882315,77.55000080232884,0.48498504906522616,0.7410962680516784,0.0009460180104933005,228.3206329472372,-42.05062905458892,0.05
SPOT,2026-03-11,1.769863,646,480.0,0.905216,530.260009765625,174.06150665245562,83.14999926612154,0.48914402682131974,0.7305199567710836,0.0009572997065518232,233.0247682874126,-42.866188123135174,0.05
SPOT,2026-03-11,1.769863,646,490.0,0.924075,530.260009765625,179.5584129918541,97.79999940508861,0.5308429556651534,0.7224796644285761,0.0008950329311999193,236.44083142208171,-45.635562824881916,0.05
SPOT,2026-03-11,1.769863,646,500.0,0.942934,530.260009765625,162.60531934991727,89.99999956272035,0.477572065498584,0.7086482841429002,0.001018260900407934,242.00001236068658,-43.30823678502017,0.05
SPOT,2026-03-11,1.769863,646,520.0,0.980651,530.260009765625,153.86913215772194,99.56999996966215,0.4758303331682637,0.6869319511874026,0.0010555095254059805,249.93765186947743,-44.11722735936663,0.05
SPOT,2026-03-11,1.769863,646,540.0,1.018368,530.260009765625,292.99999970470833,257.00705511578565,1.101671363021247,0.7825314127661851,0.0003784648981312067,207.4889967186257,-70.67419872094906,0.05
SPOT,2026-03-11,1.769863,646,550.0,1.037227,530.260009765625,65.95999921864939,39.120148429295284,0.18802009604097575,0.6303289891536633,0.002845821360803799,266.274335502337,-27.557641968671696,0.05
SPOT,2026-03-11,1.769863,646,560.0,1.056086,530.260009765625,92.64995352493787,74.96319653515235,0.30384852924149075,0.6125749893183157,0.0017866023133586149,270.14842196492685,-34.79812533648335,0.05
SPOT,2026-03-11,1.769863,646,580.0,1.093803,530.260009765625,94.5299634631975,95.14939407254906,0.3396633595018726,0.5883699879376498,0.0016239394757894673,274.49595202222383,-37.21290861534249,0.05
SPOT,2026-03-11,1.769863,646,590.0,1.112662,530.260009765625,74.8000021907211,84.57252659964126,0.2818780477959216,0.5551964789094024,0.0019870398800681025,278.7309808464835,-33.17603340885925,0.05
SPOT,2026-03-11,1.769863,646,600.0,1.13152,530.260009765625,98.88000023856284,117.80561844705153,0.3813946552072353,0.5732209010405175,0.001457734978244186,276.67542255926315,-40.06473674312426,0.05
SPOT,2026-03-11,1.769863,646,610.0,1.150379,530.260009765625,137.00000010566524,165.07871211372242,0.5324435643717735,0.6107704248297016,0.0010209197766595066,270.5095509109352,-50.0332484871382,0.05
SPOT,2026-03-11,1.769863,646,620.0,1.169238,530.260009765625,78.14999998709311,115.38180579471896,0.3310044880418341,0.5263420679610707,0.0017047839804743086,280.8152200174662,-36.30681216473104,0.05
SPOT,2026-03-11,1.769863,646,630.0,1.188096,530.260009765625,94.97499998066127,141.35989958785564,0.40228682416809486,0.5441530424554164,0.0013971556686966846,279.70357050105116,-41.46645054394254,0.05
SPOT,2026-03-11,1.769863,646,640.0,1.206955,530.260009765625,81.76999992520172,137.3079933319646,0.3660399000135064,0.5155290357521676,0.0015438096404102658,281.21571156826525,-38.65998659182029,0.05
SPOT,2026-03-11,1.769863,646,650.0,1.225814,530.260009765625,75.22499990731765,139.91608711364916,0.3532343782841901,0.496014432919532,0.001600909293304715,281.41490414605465,-37.47238108303694,0.05
SPOT,2026-03-11,1.769863,646,660.0,1.244672,530.260009765625,58.59995464911708,132.44413565501713,0.3040693849242472,0.45222457104884817,0.0018465008421821318,279.40849765845746,-33.06156865462265,0.05
SPOT,2026-03-11,1.769863,646,670.0,1.263531,530.260009765625,66.74997082491689,149.74724563038546,0.34287486089498803,0.46385752181517204,0.001642587713218839,280.27323017875926,-36.10936711755521,0.05
SPOT,2026-03-11,1.769863,646,680.0,1.28239,530.260009765625,63.15003680859982,155.300405413637,0.3393792584902443,0.4486226206730318,0.0016525117521074498,279.0919163198826,-35.495400182223946,0.05
SPOT,2026-03-11,1.769863,646,690.0,1.301248,530.260009765625,61.10000000107783,162.40346240568357,0.34107058122195977,0.4370585854934256,0.0016374069226289603,277.9190316889543,-35.31164476131519,0.05
SPOT,2026-03-11,1.769863,646,700.0,1.320107,530.260009765625,87.99999756868405,198.45655377285834,0.44593530593253167,0.4910948140081378,0.001267859967742561,281.3588316305506,-44.06603213488975,0.05
SPOT,2026-03-11,1.769863,646,720.0,1.357824,530.260009765625,94.14999908396689,222.91274288727834,0.48482312301931074,0.494195737273769,0.0011663316754713326,281.3991619584739,-46.93730961576285,0.05
SPOT,2026-03-11,1.769863,646,740.0,1.395542,530.260009765625,46.88999241753717,193.95892381998578,0.3298848800066165,0.3675520126362313,0.0016189396981576107,265.77277288676765,-32.16910911440239,0.05
SPOT,2026-03-11,1.769863,646,760.0,1.433259,530.260009765625,61.03999386910823,226.41511287069386,0.397237765415533,0.40151317477239185,0.0013800368737276107,272.8089570821139,-38.208688872885865,0.05
SPOT,2026-03-11,1.769863,646,780.0,1.470976,530.260009765625,64.8099932972226,248.4912998979454,0.4253790668994399,0.4041453386052107,0.0012908974840465648,273.2657944855605,-40.31374309765354,0.05
SPOT,2026-03-11,1.769863,646,800.0,1.508694,530.260009765625,46.04999701993563,248.03749121979558,0.368551885836515,0.3397633656695533,0.00140894674753822,258.4107765323385,-33.611056134153365,0.05
SPOT,2026-03-11,1.769863,646,820.0,1.546411,530.260009765625,52.949993668576866,273.2436754675739,0.40780575969815913,0.3560079438663501,0.0012954091857835684,262.8922189630311,-37.07870039996149,0.05
SPOT,2026-03-11,1.769863,646,840.0,1.584129,530.260009765625,31.449988829324823,270.04985822745897,0.3337171266307081,0.26931396897288384,0.0014027231385134364,232.95276037564204,-27.53006570261454,0.05
SPOT,2026-03-11,1.769863,646,860.0,1.621846,530.260009765625,29.999999953829345,286.90605695110065,0.33854353493112527,0.2572027860941859,0.0013506057970257938,227.5414590559029,-27.081548718399304,0.05
SPOT,2026-03-11,1.769863,646,880.0,1.659563,530.260009765625,38.10999973813193,313.3222443345403,0.38401486213048036,0.28675877967966956,0.0012569096750539698,240.1980661071473,-31.75574430310355,0.05
SPOT,2026-03-11,1.769863,646,900.0,1.697281,530.260009765625,18.139991480381752,311.6584236759272,0.3021717863742166,0.1854301678328245,0.0012540369570839464,188.5739299837642,-20.107087854790276,0.05
SPOT,2026-03-11,1.769863,646,920.0,1.734998,530.260009765625,55.97499926331726,367.79961905799996,0.4767178869420323,0.34010607233433987,0.0010896810443944036,258.5105359628273,-41.03377484127522,0.05
SPOT,2026-03-11,1.769863,646,940.0,1.772715,530.260009765625,36.624999969445895,366.7558073632656,0.40831728241676113,0.2678163342603695,0.0011432347724310385,232.3007394070464,-32.065903623906834,0.05
SPOT,2026-03-11,1.865753,681,270.0,0.509184,530.260009765625,301.5285280952885,17.22000006584136,0.5170888279977047,0.9251838679342392,0.0003772525417201668,102.33620968806983,-23.63408437526899,0.05
SPOT,2026-03-11,1.865753,681,280.0,0.528043,530.260009765625,295.99920114765735,20.799987256587173,0.5296666550941114,0.915174446763967,0.0004049921634138755,112.53335092629268,-25.437544126236357,0.05
SPOT,2026-03-11,1.865753,681,290.0,0.546902,530.260009765625,286.7898884032681,20.69998865057488,0.5083206526954616,0.9116021159007104,0.00043521380943583986,116.057288766406,-25.63959678812469,0.05
SPOT,2026-03-11,1.865753,681,300.0,0.56576,530.260009765625,283.4405796232603,26.45999400894408,0.534909983483342,0.8984135794184688,0.00045820627254791475,128.58009198195347,-28.07951438217551,0.05
SPOT,2026-03-11,1.865753,681,310.0,0.584619,530.260009765625,277.9212729179741,30.050001442034784,0.5410729521742547,0.8891599230776501,0.0004824331954653605,136.93832334561168,-29.534454350564392,0.05
SPOT,2026-03-11,1.865753,681,320.0,0.603478,530.260009765625,271.46195734234027,32.70000000477796,0.5390902910913106,0.8811466190094319,0.000508860034301861,143.9102910860916,-30.579443210748472,0.05
SPOT,2026-03-11,1.865753,681,330.0,0.622336,530.260009765625,265.10264355727975,35.45000035809437,0.537030207313409,0.8729607416650654,0.0005352340659646387,150.79066638299506,-31.591135373381498,0.05
SPOT,2026-03-11,1.865753,681,340.0,0.641195,530.260009765625,274.54332156379246,53.999992502984014,0.6317191680425642,0.8541950336658377,0.000499993745883663,165.69928148548672,-36.97188808110626,0.05
SPOT,2026-03-11,1.865753,681,350.0,0.660054,530.260009765625,249.08401188758566,37.64999696515423,0.510652493738126,0.8595039138256688,0.0006032282147930035,161.5991611715368,-32.4484896057436,0.05
SPOT,2026-03-11,1.865753,681,360.0,0.678912,530.260009765625,244.55469112797056,42.22999034391603,0.5183807021459993,0.8491307897030596,0.0006233884207987333,169.5272648539768,-33.835987698962654,0.05
SPOT,2026-03-11,1.865753,681,370.0,0.697771,530.260009765625,238.91537434977965,45.699987704102114,0.5184229134072187,0.8398871048266261,0.0006482808287231181,176.31098243552677,-34.81726379705734,0.05
SPOT,2026-03-11,1.865753,681,380.0,0.71663,530.260009765625,241.95606903229475,57.84999652499414,0.5647654068707358,0.8260226699888524,0.0006278276965891371,186.0118261649525,-37.955517873883345,0.05
SPOT,2026-03-11,1.865753,681,390.0,0.735488,530.260009765625,223.94674774992873,48.94998938100508,0.4968139466188318,0.8236834302073162,0.0007197703602035816,187.59434217768805,-35.61734905950118,0.05
SPOT,2026-03-11,1.865753,681,400.0,0.754347,530.260009765625,223.95744162690306,58.06999739635637,0.5245117136948184,0.81108629868376,0.0007117879963100884,195.85643704341265,-37.836623325710015,0.05
SPOT,2026-03-11,1.865753,681,410.0,0.773206,530.260009765625,220.97813010163873,64.20000000946902,0.5349664035835057,0.8009502858685272,0.0007204626960212374,202.19481107179067,-39.17428960771189,0.05
SPOT,2026-03-11,1.865753,681,420.0,0.792064,530.260009765625,205.52881414092514,57.85999818713236,0.48402257553524436,0.7951051085635849,0.0008102076288770352,205.72825616214314,-37.48967991859585,0.05
SPOT,2026-03-11,1.865753,681,430.0,0.810923,530.260009765625,202.0995018201378,63.540000004722,0.4918162512035268,0.784281825059937,0.0008218396597700136,212.04203759084996,-38.63603719736639,0.05
SPOT,2026-03-11,1.865753,681,440.0,0.829782,530.260009765625,210.05019225707727,80.60000458003839,0.5507553112835821,0.7728250888850074,0.0007559293161086109,218.4096790771648,-42.223787175357245,0.05
SPOT,2026-03-11,1.865753,681,450.0,0.84864,530.260009765625,191.79083832853482,71.44996478987298,0.48907130419434325,0.7640336432004593,0.000869480157211121,223.08165377228968,-39.90556063526357,0.05
SPOT,2026-03-11,1.865753,681,460.0,0.867499,530.260009765625,195.83155816846568,84.59999876818074,0.5272732756860813,0.7539568028746879,0.0008250367158036594,228.2133438822068,-42.44531929561128,0.05
SPOT,2026-03-11,1.865753,681,470.0,0.886358,530.260009765625,180.15224640187145,78.03000113996353,0.47880664040823145,0.7434758393515613,0.0009288135913549648,233.30321582470071,-40.64036126269745,0.05
SPOT,2026-03-11,1.865753,681,480.0,0.905216,530.260009765625,178.16292988294683,85.14999875941584,0.4893362936714815,0.7332766152481572,0.0009271975617832359,238.01904456176632,-41.74617222470275,0.05
SPOT,2026-03-11,1.865753,681,490.0,0.924075,530.260009765625,168.60361611814741,84.69999913299341,0.4678042329310034,0.7220895958746101,0.0009898777215291386,242.9280676552791,-41.16951058845316,0.05
SPOT,2026-03-11,1.865753,681,500.0,0.942934,530.260009765625,169.394302414957,94.5999995681799,0.48846960855121013,0.7127683487056509,0.0009631550352801849,246.8117014529146,-42.736580258290076,0.05
SPOT,2026-03-11,1.865753,681,520.0,0.980651,530.260009765625,157.54567453733185,100.96999996730864,0.47388064423654536,0.6907402614057662,0.0010267922560897598,255.26046336056885,-42.85297423395303,0.05
SPOT,2026-03-11,1.865753,681,540.0,1.018368,530.260009765625,162.50000003672608,124.14295374345681,0.5228090503776386,0.678032565325058,0.0009468064482345169,259.67868457078174,-46.234397092415705,0.05
SPOT,2026-03-11,1.865753,681,550.0,1.037227,530.260009765625,151.92000005275497,122.6722678978627,0.4963313128402646,0.6637299802503119,0.0010149159010640627,264.2613993070728,-45.15113602398278,0.05
SPOT,2026-03-11,1.865753,681,560.0,1.056086,530.260009765625,147.42000006521064,127.28158204869527,0.4929267774701943,0.6532670475312548,0.001033893716846934,267.3562281772382,-45.266449177660434,0.05
SPOT,2026-03-11,1.865753,681,570.0,1.074944,530.260009765625,144.00000000220513,132.97089612406677,0.4932499845631493,0.6435889162045165,0.0010435399782880656,270.02760868596295,-45.557127098834464,0.05
SPOT,2026-03-11,1.865753,681,580.0,1.093803,530.260009765625,138.05000022372425,136.13021048396286,0.48396161628757267,0.6315700631020676,0.0010756375776715748,273.09194017466376,-45.26125726138599,0.05
SPOT,2026-03-11,1.865753,681,590.0,1.112662,530.260009765625,77.20000259948173,84.38952699809727,0.2792427041419593,0.5617486989431714,0.0019488033549079841,285.48405183834177,-32.397489653458344,0.05
SPOT,2026-03-11,1.865753,681,600.0,1.13152,530.260009765625,107.4499590889545,123.74879762594708,0.3982715353888647,0.585644079920189,0.0013509844303761388,282.26797701006655,-40.28173574397815,0.05
SPOT,2026-03-11,1.865753,681,610.0,1.150379,530.260009765625,104.20000300560105,129.60815568097053,0.398562559021449,0.5738683225804433,0.0013582084989805585,283.98469884380825,-40.337400428585994,0.05
SPOT,2026-03-11,1.865753,681,620.0,1.169238,530.260009765625,64.49996972468244,99.01743653842885,0.27173723018068413,0.5062555198405035,0.0020267096146469724,288.9167165034554,-31.236958857665964,0.05
SPOT,2026-03-11,1.865753,681,630.0,1.188096,530.260009765625,84.6499999738983,128.27678092602162,0.3526676799120663,0.5305801501862892,0.0015572201331880572,288.1029261157887,-37.06360845123378,0.05
SPOT,2026-03-11,1.865753,681,640.0,1.206955,530.260009765625,111.21999999178894,163.95609508228932,0.45584287259978484,0.5631851737880839,0.0011931244907110528,285.3204678579445,-44.22562975218496,0.05
SPOT,2026-03-11,1.865753,681,650.0,1.225814,530.260009765625,91.99999985462799,153.84540908350527,0.3990122510316254,0.5279435670928971,0.0013770215178463862,288.2431235538211,-40.219377027348564,0.05
SPOT,2026-03-11,1.865753,681,660.0,1.244672,530.260009765625,110.9999998848904,181.95472325214462,0.47493144040044266,0.5520223461819738,0.0011498723102813077,286.4920237113044,-45.54934095828651,0.05
SPOT,2026-03-11,1.865753,681,670.0,1.263531,530.260009765625,49.770000001518866,129.83403750715001,0.27160557925884166,0.423265259125373,0.001990310982222934,283.5904649707997,-29.375260851741736,0.05
SPOT,2026-03-11,1.865753,681,680.0,1.28239,530.260009765625,115.8499995888067,205.02335123281478,0.5104679786007738,0.5500171835399014,0.001070518728725556,286.6782682225408,-48.00752714815224,0.05
SPOT,2026-03-11,1.865753,681,690.0,1.301248,530.260009765625,96.21999946821592,194.50266525060107,0.4512139899355529,0.5128735115478601,0.0012200715975423078,288.80178430090393,-43.7087415103765,0.05
SPOT,2026-03-11,1.865753,681,700.0,1.320107,530.260009765625,68.4000000005502,175.7919799213123,0.36343184278243634,0.45093508052325254,0.0015040762954632375,286.76413980659555,-36.46516860144043,0.05
SPOT,2026-03-11,1.865753,681,710.0,1.338966,530.260009765625,77.20006769270975,193.70136175184876,0.40245898655510065,0.4655654236136653,0.001363485773819289,287.8751907083732,-39.53210449752114,0.05
SPOT,2026-03-11,1.865753,681,720.0,1.357824,530.260009765625,74.47500000085572,200.0856081983717,0.4011599156104124,0.4546174075185779,0.0013641254257800452,287.08059221784544,-39.19244925954657,0.05
SPOT,2026-03-11,1.865753,681,730.0,1.376683,530.260009765625,69.50000000536826,204.21992234126128,0.3917212105889193,0.43818301286137423,0.0013891881366952926,285.47636112433844,-38.11090781955771,0.05
SPOT,2026-03-11,1.865753,681,740.0,1.395542,530.260009765625,70.15000000912337,213.97923648339327,0.4017124070543283,0.43524885918632733,0.0013530304593886277,285.13781497380654,-38.72853828784727,0.05
SPOT,2026-03-11,1.865753,681,750.0,1.4144,530.260009765625,37.499994907172436,190.4385455198193,0.29085956000164614,0.3302524250188425,0.001719573131560583,262.38318034614315,-27.33295034762378,0.05
SPOT,2026-03-11,1.865753,681,760.0,1.433259,530.260009765625,39.32999440566732,201.3778591566911,0.30474723077251625,0.33269526831063323,0.0016460339073709437,263.15434400257135,-28.34571743611126,0.05
SPOT,2026-03-11,1.865753,681,770.0,1.452118,530.260009765625,38.04999720979046,209.20717609919132,0.3066110545542974,0.3232864566314264,0.0016171542060391141,260.1185005883381,-28.04225288685258,0.05
SPOT,2026-03-11,1.865753,681,780.0,1.470976,530.260009765625,51.83998596434239,232.10647899212017,0.3649515453143949,0.3677591688030869,0.001425546216585869,272.928260444014,-33.851527843718586,0.05
SPOT,2026-03-11,1.865753,681,790.0,1.489835,530.260009765625,79.10000002527073,268.4758071914254,0.46900642950217203,0.43787027203717904,0.0011601271899382454,285.44103031297703,-43.53082789077891,0.05
SPOT,2026-03-11,1.865753,681,800.0,1.508694,530.260009765625,77.19999665876699,275.6851179632986,0.46904823714163946,0.4301731511777345,0.0011562594598045301,284.5147624992198,-43.30852103422838,0.05
SPOT,2026-03-11,1.865753,681,810.0,1.527552,530.260009765625,47.14999280913449,254.74442825204312,0.3669472797958116,0.34144052535820546,0.0013808559081181894,265.81778417935294,-32.83498555502326,0.05
SPOT,2026-03-11,1.865753,681,820.0,1.546411,530.260009765625,37.50000001494618,254.20374959623177,0.33585603910348566,0.30239145068528317,0.0014344311277806252,252.7346927123638,-28.889810248688768,0.05
SPOT,2026-03-11,1.865753,681,840.0,1.584129,530.260009765625,49.99999378064874,284.9223716386882,0.3957947631331494,0.3416145508228029,0.0012804601464354913,265.8692484489239,-34.75753875110366,0.05
SPOT,2026-03-11,1.865753,681,860.0,1.621846,530.260009765625,49.62499680470398,302.7660029394974,0.40588515419924054,0.3347816905901563,0.0012389263930449364,263.80357093297977,-35.0893788638607,0.05
SPOT,2026-03-11,1.865753,681,880.0,1.659563,530.260009765625,35.239998817060254,306.59963322860756,0.36006628221206755,0.27613499766664873,0.001282037785250091,242.16717647207764,-28.92673401026017,0.05
SPOT,2026-03-11,1.865753,681,900.0,1.697281,530.260009765625,61.99998683069856,351.5782495189998,0.4740152839927678,0.36344948653286907,0.0010932375176174963,271.855967685033,-41.07014409182052,0.05
SPOT,2026-03-11,1.865753,681,920.0,1.734998,530.260009765625,45.930000000259255,353.7268909653144,0.42349217996808874,0.3078186853966497,0.0011466142979028211,254.73859352873035,-34.775216660948175,0.05
SPOT,2026-03-11,1.865753,681,940.0,1.772715,530.260009765625,40.59999916616893,366.615518407978,0.41196949326318194,0.28424985389230745,0.0011363520187838505,245.5895840479083,-32.620139625153854,0.05
